Job_ID,Date,Customer_ID,Customer_Name,Customer_Type,Service,Channel,County,City,Base_Price_Jan_Jun,Final_Price,Tip,Total_Amount,Duration_Minutes,Payment_Method,Discount_Code,Rating
1,2025-04-13,CUST0947,Emma Davis,New,Basic Wash,Instagram,Sarasota,Venice,40,40.0,10.0,50.0,60,Cash,No Discount,4.0
2,2025-12-15,CUST0632,Liam Anderson,New,Full Detail,Referral,Sarasota,North Port,150,160.0,20.0,180.0,175,Cash,SUMMER10,4.0
3,2025-09-28,CUST0045,Alex Martinez,New,Interior Detail,Youtube,Sarasota,Sarasota,90,94.0,15.0,109.0,37,Venmo,VIP ,5.0
4,2025-04-17,CUST0811,Ava Johnson,New,Premium Wash,TikTok,Charlotte,Punta Gorda,70,68.0,20.0,88.0,90,Cash,No Discount,4.0
5,2025-03-13,CUST0522,Emma Davis,New,Interior Detail,Facebook,Sarasota,Sarasota,90,85.0,15.0,100.0,150,Cash,No Discount,5.0
6,2025-07-08,CUST0007,Sofia Wilson,New,Premium Wash,Instagram,Sarasota,Sarasota,70,79.0,5.0,84.0,106,Venmo,No Discount,4.0
7,2025-01-21,CUST0447,Ava Anderson,New,Ceramic Coating,TikTok,Charlotte,Port Charlotte,350,345.0,5.0,350.0,116,Cash,No Discount,5.0
8,2025-04-13,CUST1185,Liam Brown,New,Full Detail,Referral,Sarasota,North Port,150,150.0,10.0,160.0,161,Cash App,VIP ,No Feedback
9,2025-05-02,CUST0150,John Anderson,New,Ceramic Coating,Facebook,Charlotte,Punta Gorda,350,350.0,20.0,370.0,174,Card,SUMMER10,No Feedback
10,2025-08-03,CUST0093,Alex Garcia,New,Premium Wash,Youtube,Charlotte,Port Charlotte,70,77.0,5.0,82.0,98,Zelle,No Discount,No Feedback
11,2025-11-27,CUST0868,Lewis Brown,New,Full Detail,Youtube,Sarasota,Venice,150,170.0,0.0,170.0,39,Card,No Discount,5.0
12,2025-03-29,CUST0706,Emma Johnson,New,Interior Detail,Youtube,Sarasota,Venice,90,92.0,0.0,92.0,106,Venmo,VIP ,4.0
13,2025-04-10,CUST0131,Emma Martinez,New,Full Detail,Instagram,Sarasota,Venice,150,145.0,15.0,160.0,90,Cash App,SUMMER10,5.0
14,2025-12-26,CUST1109,Emma Johnson,New,Interior Detail,Youtube,Charlotte,Punta Gorda,90,101.0,10.0,111.0,44,Zelle,SUMMER10,3.0
15,2025-06-01,CUST0124,John Miller,New,Basic Wash,TikTok,Charlotte,Punta Gorda,40,45.0,20.0,65.0,38,Zelle,SUMMER10,No Feedback
16,2025-05-11,CUST0142,Sofia Garcia,New,Basic Wash,Referral,Charlotte,Port Charlotte,40,40.0,5.0,45.0,95,Venmo,No Discount,5.0
17,2025-05-30,CUST0967,Noah Johnson,New,Full Detail,Youtube,Charlotte,Punta Gorda,150,155.0,5.0,160.0,135,Cash App,No Discount,No Feedback
18,2025-11-05,CUST0065,John Davis,New,Premium Wash,Instagram,Sarasota,Sarasota,70,82.0,20.0,102.0,143,Cash App,No Discount,5.0
19,2025-09-15,CUST0588,Lewis Brown,New,Interior Detail,TikTok,Sarasota,Sarasota,90,99.0,20.0,119.0,152,Zelle,No Discount,5.0
20,2025-12-10,CUST0838,Sofia Johnson,New,Basic Wash,TikTok,Sarasota,Venice,40,39.0,20.0,59.0,172,Card,No Discount,3.0
21,2025-10-21,CUST0369,Olivia Johnson,New,Basic Wash,Facebook,Sarasota,Sarasota,40,39.0,10.0,49.0,164,Cash App,No Discount,4.0
22,2025-07-11,CUST0278,Noah Brown,New,Interior Detail,Youtube,Sarasota,Venice,90,104.0,10.0,114.0,78,Card,No Discount,5.0
23,2025-10-04,CUST0861,Noah Taylor,New,Full Detail,TikTok,Charlotte,Port Charlotte,150,170.0,20.0,190.0,84,Cash,No Discount,4.0
24,2025-06-10,CUST0767,Lewis Davis,New,Basic Wash,Youtube,Sarasota,Venice,40,40.0,15.0,55.0,159,Card,No Discount,4.0
25,2025-11-10,CUST0784,Lewis Johnson,New,Basic Wash,Referral,Charlotte,Port Charlotte,40,44.0,10.0,54.0,165,Cash,No Discount,5.0
26,2025-01-22,CUST0919,Olivia Brown,New,Ceramic Coating,Facebook,Charlotte,Punta Gorda,350,350.0,0.0,350.0,141,Venmo,VIP ,4.0
27,2025-09-10,CUST0774,Emma Anderson,New,Full Detail,TikTok,Charlotte,Port Charlotte,150,160.0,0.0,160.0,156,Cash,SUMMER10,4.0
28,2025-08-24,CUST0770,John Anderson,New,Ceramic Coating,Youtube,Sarasota,North Port,350,390.0,0.0,390.0,179,Card,SUMMER10,3.0
29,2025-12-11,CUST0165,John Johnson,New,Full Detail,Other,Sarasota,North Port,150,165.0,5.0,170.0,57,Venmo,VIP ,5.0
30,2025-02-18,CUST1105,John Garcia,New,Interior Detail,Youtube,Sarasota,Venice,90,95.0,0.0,95.0,175,Venmo,No Discount,5.0
31,2025-02-28,CUST0273,Noah Garcia,New,Basic Wash,Youtube,Charlotte,Port Charlotte,40,35.0,0.0,35.0,83,Venmo,VIP ,4.0
32,2025-06-19,CUST0713,Olivia Davis,New,Basic Wash,Youtube,Charlotte,Port Charlotte,40,40.0,0.0,40.0,161,Card,NEWCUSTOMER,4.0
33,2025-07-07,CUST0243,Alex Wilson,New,Full Detail,TikTok,Charlotte,Punta Gorda,150,170.0,20.0,190.0,87,Cash App,VIP ,No Feedback
34,2025-09-28,CUST0366,John Anderson,New,Premium Wash,Youtube,Charlotte,Punta Gorda,70,79.0,5.0,84.0,139,Cash,NEWCUSTOMER,3.0
35,2025-09-07,CUST1101,Olivia Brown,New,Ceramic Coating,Youtube,Sarasota,North Port,350,380.0,20.0,400.0,59,Venmo,SUMMER10,No Feedback
36,2025-06-24,CUST0805,Ava Garcia,New,Interior Detail,Youtube,Charlotte,Port Charlotte,90,88.0,0.0,88.0,84,Cash,SUMMER10,5.0
37,2025-02-20,CUST1084,Noah Garcia,New,Interior Detail,Referral,Charlotte,Port Charlotte,90,92.0,20.0,112.0,122,Card,No Discount,No Feedback
38,2025-12-30,CUST0261,Lewis Wilson,New,Full Detail,Referral,Sarasota,Venice,150,170.0,0.0,170.0,167,Cash,SUMMER10,5.0
39,2025-02-24,CUST0457,Emma Smith,New,Premium Wash,Referral,Charlotte,Port Charlotte,70,70.0,10.0,80.0,175,Cash App,VIP ,5.0
40,2025-09-01,CUST0008,John Anderson,New,Full Detail,Facebook,Sarasota,Venice,150,167.0,0.0,167.0,154,Cash,NEWCUSTOMER,No Feedback
41,2025-11-16,CUST0047,Lewis Miller,New,Full Detail,Youtube,Sarasota,Venice,150,170.0,0.0,170.0,141,Card,SUMMER10,5.0
42,2025-05-11,CUST0612,Emma Wilson,New,Interior Detail,Instagram,Sarasota,North Port,90,95.0,10.0,105.0,129,Zelle,No Discount,No Feedback
43,2025-11-03,CUST0949,John Smith,New,Full Detail,TikTok,Charlotte,Punta Gorda,150,165.0,0.0,165.0,90,Card,No Discount,3.0
44,2025-05-15,CUST1116,Emma Martinez,New,Basic Wash,Instagram,Sarasota,North Port,40,42.0,10.0,52.0,87,Venmo,NEWCUSTOMER,4.0
45,2025-01-21,CUST0869,Mary Anderson,New,Full Detail,Youtube,Sarasota,Sarasota,150,145.0,15.0,160.0,57,Zelle,No Discount,3.0
46,2025-11-25,CUST1090,Mary Miller,New,Basic Wash,Facebook,Charlotte,Port Charlotte,40,42.0,5.0,47.0,123,Cash,No Discount,5.0
47,2025-06-16,CUST0777,Alex Davis,New,Premium Wash,Instagram,Sarasota,Sarasota,70,68.0,10.0,78.0,165,Cash,SUMMER10,5.0
48,2025-10-01,CUST0471,Noah Smith,New,Basic Wash,TikTok,Charlotte,Punta Gorda,40,44.0,10.0,54.0,110,Venmo,No Discount,5.0
49,2025-03-30,CUST0507,Emma Martinez,New,Full Detail,Referral,Charlotte,Port Charlotte,150,150.0,5.0,155.0,171,Venmo,No Discount,No Feedback
50,2025-11-12,CUST0944,Mary Smith,New,Interior Detail,Youtube,Charlotte,Port Charlotte,90,104.0,0.0,104.0,133,Card,SUMMER10,4.0
51,2025-01-14,CUST0709,Lewis Miller,New,Premium Wash,Referral,Sarasota,Sarasota,70,65.0,15.0,80.0,37,Cash App,SUMMER10,3.0
52,2025-08-30,CUST0318,Olivia Martinez,New,Full Detail,Youtube,Charlotte,Port Charlotte,150,165.0,20.0,185.0,176,Venmo,VIP ,5.0
53,2025-09-22,CUST0565,Liam Miller,New,Ceramic Coating,Instagram,Charlotte,Punta Gorda,350,390.0,20.0,410.0,65,Card,NEWCUSTOMER,4.0
54,2025-12-12,CUST0387,Mary Martinez,New,Full Detail,Referral,Sarasota,Venice,150,163.0,0.0,163.0,151,Zelle,SUMMER10,4.0
55,2025-02-22,CUST0232,Olivia Wilson,New,Full Detail,TikTok,Sarasota,Sarasota,150,148.0,15.0,163.0,66,Cash App,NEWCUSTOMER,5.0
56,2025-12-06,CUST0066,Ava Garcia,New,Ceramic Coating,Referral,Sarasota,North Port,350,385.0,0.0,385.0,58,Zelle,No Discount,4.0
57,2025-04-02,CUST0859,Olivia Smith,New,Basic Wash,Instagram,Sarasota,North Port,40,40.0,0.0,40.0,102,Zelle,No Discount,5.0
58,2025-09-21,CUST0033,Olivia Brown,New,Premium Wash,TikTok,Sarasota,North Port,70,79.0,10.0,89.0,147,Card,No Discount,No Feedback
59,2025-02-04,CUST0493,John Taylor,New,Interior Detail,Facebook,Charlotte,Port Charlotte,90,95.0,0.0,95.0,52,Venmo,VIP ,No Feedback
60,2025-07-25,CUST0423,Mary Anderson,New,Ceramic Coating,Facebook,Sarasota,Venice,350,383.0,15.0,398.0,151,Cash,No Discount,5.0
61,2025-03-22,CUST0138,Noah Brown,New,Ceramic Coating,Facebook,Sarasota,Sarasota,350,345.0,0.0,345.0,155,Cash,NEWCUSTOMER,4.0
62,2025-02-19,CUST0207,John Taylor,New,Premium Wash,Instagram,Charlotte,Port Charlotte,70,70.0,20.0,90.0,134,Card,No Discount,5.0
63,2025-12-26,CUST0069,Sofia Wilson,New,Basic Wash,Facebook,Charlotte,Port Charlotte,40,42.0,15.0,57.0,91,Venmo,NEWCUSTOMER,3.0
64,2025-01-02,CUST0915,Mary Miller,New,Basic Wash,Youtube,Charlotte,Punta Gorda,40,40.0,15.0,55.0,171,Cash App,No Discount,No Feedback
65,2025-02-23,CUST0100,John Smith,New,Premium Wash,Facebook,Sarasota,Sarasota,70,72.0,15.0,87.0,138,Venmo,NEWCUSTOMER,4.0
66,2025-04-16,CUST0502,Lewis Smith,New,Interior Detail,Referral,Charlotte,Punta Gorda,90,95.0,15.0,110.0,84,Cash App,NEWCUSTOMER,3.0
67,2025-09-17,CUST0091,Emma Garcia,New,Premium Wash,Referral,Sarasota,Venice,70,79.0,5.0,84.0,159,Cash,No Discount,No Feedback
68,2025-11-06,CUST0824,Alex Davis,New,Ceramic Coating,Facebook,Sarasota,Venice,350,385.0,0.0,385.0,31,Cash App,VIP ,No Feedback
69,2025-07-10,CUST0899,Noah Brown,New,Basic Wash,Other,Charlotte,Port Charlotte,40,44.0,15.0,59.0,126,Cash,No Discount,4.0
70,2025-08-06,CUST0480,Sofia Wilson,New,Premium Wash,Unknown,Charlotte,Port Charlotte,70,72.0,20.0,92.0,107,Cash,No Discount,5.0
71,2025-02-13,CUST1106,Liam Miller,New,Interior Detail,Youtube,Sarasota,North Port,90,92.0,10.0,102.0,158,Cash App,NEWCUSTOMER,5.0
72,2025-06-11,CUST0445,John Anderson,New,Ceramic Coating,TikTok,Sarasota,North Port,350,355.0,0.0,355.0,100,Card,VIP ,No Feedback
73,2025-07-21,CUST0116,Olivia Wilson,New,Full Detail,Instagram,Charlotte,Port Charlotte,150,165.0,5.0,185.0,61,Zelle,No Discount,3.0
74,2025-09-27,CUST0287,Mary Miller,New,Ceramic Coating,Facebook,Charlotte,Port Charlotte,350,380.0,20.0,400.0,87,Card,No Discount,4.0
75,2025-12-17,CUST1032,Emma Smith,New,Interior Detail,TikTok,Sarasota,Sarasota,90,97.0,10.0,107.0,57,Zelle,No Discount,5.0
76,2025-10-31,CUST0593,Alex Smith,New,Basic Wash,Youtube,Sarasota,Sarasota,40,44.0,20.0,64.0,110,Cash,No Discount,5.0
77,2025-09-28,CUST0480,Olivia Davis,Returning,Premium Wash,Youtube,Charlotte,Port Charlotte,70,79.0,10.0,89.0,32,Zelle,No Discount,4.0
78,2025-08-03,CUST1180,Liam Garcia,New,Ceramic Coating,TikTok,Charlotte,Punta Gorda,350,383.0,0.0,383.0,176,Cash,SUMMER10,No Feedback
79,2025-09-09,CUST0654,Olivia Garcia,New,Interior Detail,Youtube,Charlotte,Punta Gorda,90,101.0,0.0,101.0,168,Card,No Discount,5.0
80,2025-07-09,CUST1183,Sofia Johnson,New,Full Detail,Referral,Sarasota,Sarasota,150,165.0,0.0,165.0,80,Card,VIP ,No Feedback
81,2025-10-23,CUST0657,John Wilson,New,Full Detail,Referral,Charlotte,Punta Gorda,150,165.0,0.0,165.0,71,Cash,VIP ,4.0
82,2025-08-01,CUST0486,John Johnson,New,Premium Wash,TikTok,Sarasota,Sarasota,70,77.0,0.0,77.0,77,Cash,NEWCUSTOMER,4.0
83,2025-07-27,CUST0619,Alex Martinez,New,Interior Detail,Facebook,Sarasota,Sarasota,90,97.0,5.0,102.0,86,Card,No Discount,No Feedback
84,2025-08-25,CUST0294,Emma Martinez,New,Interior Detail,TikTok,Charlotte,Punta Gorda,90,97.0,10.0,107.0,108,Card,NEWCUSTOMER,5.0
85,2025-12-04,CUST1068,Emma Taylor,New,Premium Wash,Facebook,Charlotte,Port Charlotte,70,79.0,20.0,99.0,126,Cash App,No Discount,4.0
86,2025-02-22,CUST0453,Mary Wilson,New,Premium Wash,Referral,Charlotte,Punta Gorda,70,72.0,10.0,82.0,179,Zelle,No Discount,5.0
87,2025-10-07,CUST0847,Olivia Garcia,New,Ceramic Coating,Referral,Sarasota,Venice,350,390.0,20.0,410.0,153,Cash,VIP ,4.0
88,2025-08-05,CUST0616,Lewis Anderson,New,Full Detail,Youtube,Charlotte,Punta Gorda,150,165.0,0.0,165.0,176,Card,No Discount,4.0
89,2025-09-09,CUST0564,Noah Smith,New,Full Detail,Instagram,Charlotte,Punta Gorda,150,165.0,5.0,170.0,157,Cash,No Discount,4.0
90,2025-07-07,CUST0125,John Anderson,New,Premium Wash,Instagram,Sarasota,Sarasota,70,72.0,0.0,72.0,60,Card,No Discount,4.0
91,2025-02-10,CUST1141,Emma Davis,New,Ceramic Coating,Facebook,Sarasota,North Port,350,350.0,5.0,355.0,32,Venmo,NEWCUSTOMER,4.0
92,2025-06-06,CUST0359,Olivia Wilson,New,Full Detail,TikTok,Charlotte,Punta Gorda,150,148.0,15.0,163.0,162,Venmo,No Discount,3.0
93,2025-01-15,CUST0875,John Wilson,New,Premium Wash,Instagram,Charlotte,Punta Gorda,70,72.0,5.0,77.0,62,Venmo,No Discount,No Feedback
94,2025-10-28,CUST1139,Ava Taylor,New,Ceramic Coating,Facebook,Sarasota,Sarasota,350,380.0,0.0,380.0,65,Zelle,SUMMER10,4.0
95,2025-03-06,CUST1016,Liam Brown,New,Interior Detail,TikTok,Sarasota,Venice,90,85.0,0.0,85.0,73,Venmo,VIP ,No Feedback
96,2025-12-11,CUST0097,Alex Martinez,New,Full Detail,Youtube,Sarasota,Sarasota,150,160.0,15.0,175.0,124,Cash,No Discount,5.0
97,2025-11-23,CUST0706,Ava Garcia,Returning,Interior Detail,Youtube,Sarasota,Venice,90,99.0,0.0,99.0,151,Card,NEWCUSTOMER,3.0
98,2025-01-09,CUST0781,Olivia Taylor,New,Ceramic Coating,Referral,Sarasota,Sarasota,350,350.0,10.0,360.0,175,Cash App,No Discount,4.0
99,2025-12-10,CUST1075,Noah Wilson,New,Full Detail,Youtube,Sarasota,North Port,150,163.0,15.0,178.0,75,Cash App,No Discount,No Feedback
100,2025-05-09,CUST0653,Liam Johnson,New,Basic Wash,Instagram,Sarasota,Sarasota,40,45.0,10.0,55.0,85,Cash,No Discount,4.0
101,2025-05-16,CUST0853,John Smith,New,Full Detail,Youtube,Sarasota,Venice,150,150.0,0.0,150.0,132,Cash,VIP ,4.0
102,2025-03-04,CUST0837,John Taylor,New,Premium Wash,Other,Charlotte,Punta Gorda,70,70.0,0.0,70.0,101,Card,No Discount,5.0
103,2025-05-19,CUST0306,Sofia Wilson,New,Premium Wash,Facebook,Charlotte,Port Charlotte,70,75.0,20.0,95.0,38,Cash,VIP ,3.0
104,2025-03-22,CUST0615,Sofia Miller,New,Basic Wash,Youtube,Sarasota,Sarasota,40,40.0,0.0,40.0,81,Cash,SUMMER10,4.0
105,2025-06-12,CUST0771,Emma Martinez,New,Premium Wash,Referral,Sarasota,Sarasota,70,65.0,15.0,80.0,136,Cash App,No Discount,5.0
106,2025-10-16,CUST0377,Sofia Wilson,New,Full Detail,Youtube,Charlotte,Punta Gorda,150,170.0,0.0,170.0,110,Cash,VIP ,4.0
107,2025-09-18,CUST1102,Ava Martinez,New,Ceramic Coating,Referral,Charlotte,Port Charlotte,350,387.0,5.0,392.0,73,Cash App,SUMMER10,5.0
108,2025-08-19,CUST0970,Olivia Davis,New,Basic Wash,Facebook,Charlotte,Punta Gorda,40,44.0,15.0,59.0,34,Cash App,VIP ,3.0
109,2025-02-10,CUST0494,Emma Wilson,New,Premium Wash,Referral,Sarasota,Venice,70,72.0,0.0,72.0,50,Card,No Discount,5.0
110,2025-01-28,CUST0462,Lewis Smith,New,Interior Detail,TikTok,Sarasota,North Port,90,90.0,15.0,105.0,40,Venmo,VIP ,4.0
111,2025-05-15,CUST0616,Olivia Smith,Returning,Ceramic Coating,Youtube,Charlotte,Punta Gorda,350,350.0,5.0,355.0,163,Venmo,SUMMER10,5.0
112,2025-07-20,CUST0296,Olivia Garcia,New,Premium Wash,TikTok,Charlotte,Port Charlotte,70,79.0,10.0,89.0,50,Cash App,No Discount,No Feedback
113,2025-11-24,CUST0949,Olivia Wilson,Returning,Basic Wash,Other,Charlotte,Punta Gorda,40,44.0,10.0,54.0,131,Zelle,NEWCUSTOMER,5.0
114,2025-09-25,CUST0119,Alex Garcia,New,Ceramic Coating,Facebook,Charlotte,Punta Gorda,350,387.0,15.0,402.0,69,Cash,No Discount,No Feedback
115,2025-02-02,CUST1152,Emma Wilson,New,Basic Wash,TikTok,Sarasota,North Port,40,35.0,20.0,55.0,158,Cash,SUMMER10,No Feedback
116,2025-02-17,CUST0846,Lewis Martinez,New,Full Detail,Youtube,Charlotte,Port Charlotte,150,152.0,0.0,152.0,71,Cash App,SUMMER10,4.0
117,2025-03-03,CUST0854,Olivia Brown,New,Basic Wash,TikTok,Sarasota,Sarasota,40,45.0,5.0,50.0,67,Card,NEWCUSTOMER,3.0
118,2025-08-04,CUST1142,Lewis Garcia,New,Ceramic Coating,Instagram,Sarasota,Sarasota,350,383.0,0.0,383.0,138,Zelle,VIP ,4.0
119,2025-10-20,CUST1086,Lewis Smith,New,Premium Wash,Instagram,Charlotte,Punta Gorda,70,77.0,20.0,97.0,83,Venmo,SUMMER10,4.0
120,2025-04-09,CUST0275,Mary Wilson,New,Premium Wash,TikTok,Charlotte,Punta Gorda,70,68.0,0.0,68.0,154,Venmo,No Discount,3.0
121,2025-06-21,CUST0796,Mary Garcia,New,Premium Wash,Youtube,Charlotte,Punta Gorda,70,65.0,0.0,65.0,105,Card,No Discount,4.0
122,2025-12-26,CUST0498,Ava Anderson,New,Basic Wash,Youtube,Charlotte,Port Charlotte,40,42.0,0.0,42.0,163,Cash,SUMMER10,4.0
123,2025-08-02,CUST0523,Mary Smith,New,Full Detail,Unknown,Sarasota,North Port,150,165.0,5.0,170.0,44,Venmo,VIP ,4.0
124,2025-04-02,CUST0417,Sofia Smith,New,Interior Detail,TikTok,Charlotte,Port Charlotte,90,90.0,15.0,105.0,151,Venmo,No Discount,4.0
125,2025-08-15,CUST0677,Mary Davis,New,Interior Detail,Referral,Sarasota,Sarasota,90,99.0,20.0,119.0,151,Zelle,No Discount,No Feedback
126,2025-04-11,CUST0162,Olivia Johnson,New,Interior Detail,Referral,Charlotte,Punta Gorda,90,95.0,10.0,105.0,170,Cash App,NEWCUSTOMER,5.0
127,2025-05-11,CUST0922,Lewis Wilson,New,Interior Detail,Youtube,Sarasota,North Port,90,90.0,0.0,90.0,101,Cash,VIP ,No Feedback
128,2025-09-14,CUST0760,Noah Anderson,New,Basic Wash,Facebook,Sarasota,Venice,40,49.0,10.0,59.0,117,Venmo,No Discount,No Feedback
129,2025-01-05,CUST0190,Ava Smith,New,Ceramic Coating,Instagram,Sarasota,Venice,350,350.0,5.0,355.0,62,Cash,NEWCUSTOMER,4.0
130,2025-08-06,CUST1097,Emma Brown,New,Basic Wash,Referral,Charlotte,Port Charlotte,40,44.0,15.0,59.0,32,Venmo,No Discount,4.0
131,2025-09-12,CUST0391,Ava Wilson,New,Interior Detail,Referral,Sarasota,North Port,90,101.0,5.0,106.0,61,Venmo,No Discount,No Feedback
132,2025-12-25,CUST0106,Lewis Brown,New,Basic Wash,TikTok,Sarasota,Venice,40,42.0,20.0,62.0,154,Zelle,SUMMER10,4.0
133,2025-10-10,CUST0550,Ava Smith,New,Ceramic Coating,Instagram,Charlotte,Port Charlotte,350,385.0,0.0,385.0,54,Card,SUMMER10,4.0
134,2025-07-26,CUST0773,Alex Davis,New,Basic Wash,Instagram,Sarasota,North Port,40,44.0,0.0,44.0,177,Cash App,No Discount,No Feedback
135,2025-01-15,CUST0081,Mary Miller,New,Premium Wash,Youtube,Sarasota,Venice,70,75.0,0.0,75.0,133,Cash,No Discount,5.0
136,2025-12-12,CUST0150,Mary Johnson,Returning,Full Detail,Facebook,Charlotte,Punta Gorda,150,165.0,5.0,170.0,143,Cash,SUMMER10,5.0
137,2025-02-11,CUST0386,Noah Garcia,New,Ceramic Coating,Youtube,Sarasota,Sarasota,350,348.0,10.0,358.0,128,Card,No Discount,No Feedback
138,2025-06-28,CUST1145,Mary Miller,New,Basic Wash,Youtube,Sarasota,North Port,40,42.0,15.0,57.0,179,Cash,No Discount,No Feedback
139,2025-03-04,CUST0445,Mary Anderson,Returning,Basic Wash,TikTok,Sarasota,North Port,40,42.0,0.0,42.0,95,Card,NEWCUSTOMER,5.0
140,2025-12-18,CUST0982,Emma Anderson,New,Ceramic Coating,TikTok,Charlotte,Punta Gorda,350,385.0,15.0,400.0,65,Zelle,NEWCUSTOMER,4.0
141,2025-08-19,CUST0428,Emma Garcia,New,Premium Wash,Instagram,Charlotte,Port Charlotte,70,79.0,0.0,79.0,171,Cash App,NEWCUSTOMER,3.0
142,2025-08-29,CUST0682,Lewis Miller,New,Premium Wash,Instagram,Sarasota,North Port,70,79.0,0.0,79.0,82,Card,NEWCUSTOMER,No Feedback
143,2025-02-21,CUST0621,Liam Johnson,New,Ceramic Coating,Facebook,Charlotte,Punta Gorda,350,348.0,5.0,353.0,49,Zelle,SUMMER10,5.0
144,2025-04-06,CUST0032,Mary Brown,New,Basic Wash,TikTok,Sarasota,North Port,40,40.0,10.0,50.0,86,Cash App,No Discount,5.0
145,2025-08-10,CUST0434,Emma Anderson,New,Basic Wash,Facebook,Sarasota,North Port,40,42.0,10.0,52.0,111,Zelle,SUMMER10,5.0
146,2025-08-19,CUST0390,Ava Davis,New,Basic Wash,Referral,Charlotte,Punta Gorda,40,49.0,20.0,69.0,124,Cash,No Discount,5.0
147,2025-08-25,CUST0241,Emma Johnson,New,Interior Detail,Facebook,Charlotte,Punta Gorda,90,104.0,5.0,109.0,52,Cash,No Discount,4.0
148,2025-05-23,CUST0981,Olivia Wilson,New,Full Detail,Facebook,Sarasota,Venice,150,155.0,20.0,175.0,160,Cash App,VIP ,5.0
149,2025-06-20,CUST0497,John Taylor,New,Interior Detail,Facebook,Sarasota,Sarasota,90,88.0,20.0,108.0,165,Card,VIP ,3.0
150,2025-01-29,CUST0419,Mary Martinez,New,Full Detail,Referral,Charlotte,Port Charlotte,150,150.0,5.0,150.0,127,Card,NEWCUSTOMER,4.0
151,2025-02-05,CUST0813,Ava Wilson,New,Premium Wash,Unknown,Sarasota,North Port,70,70.0,0.0,70.0,161,Card,No Discount,4.0
152,2025-01-13,CUST0491,Mary Anderson,New,Basic Wash,Youtube,Charlotte,Port Charlotte,40,35.0,10.0,45.0,140,Card,SUMMER10,5.0
153,2025-06-09,CUST1131,Olivia Brown,New,Premium Wash,Facebook,Charlotte,Port Charlotte,70,72.0,0.0,72.0,98,Card,VIP ,4.0
154,2025-11-23,CUST0659,Lewis Johnson,New,Basic Wash,TikTok,Charlotte,Punta Gorda,40,42.0,10.0,52.0,80,Cash,NEWCUSTOMER,No Feedback
155,2025-07-06,CUST0580,Alex Martinez,New,Premium Wash,Referral,Sarasota,North Port,70,72.0,0.0,72.0,57,Cash,VIP ,5.0
156,2025-08-31,CUST0780,Liam Brown,New,Basic Wash,TikTok,Charlotte,Punta Gorda,40,44.0,15.0,59.0,93,Card,No Discount,5.0
157,2025-03-27,CUST0955,Alex Miller,New,Ceramic Coating,Facebook,Sarasota,Sarasota,350,348.0,15.0,363.0,78,Card,SUMMER10,No Feedback
158,2025-10-11,CUST1093,John Anderson,New,Premium Wash,TikTok,Sarasota,Sarasota,70,75.0,10.0,85.0,116,Cash App,No Discount,4.0
159,2025-03-07,CUST0736,Olivia Garcia,New,Basic Wash,Instagram,Charlotte,Port Charlotte,40,35.0,0.0,35.0,112,Cash,SUMMER10,4.0
160,2025-06-19,CUST0632,Liam Taylor,Returning,Interior Detail,Referral,Sarasota,North Port,90,90.0,20.0,110.0,122,Card,VIP ,3.0
161,2025-02-14,CUST0536,Liam Taylor,New,Premium Wash,Instagram,Sarasota,North Port,70,75.0,0.0,75.0,144,Card,VIP ,5.0
162,2025-03-03,CUST0737,Olivia Davis,New,Interior Detail,Instagram,Charlotte,Port Charlotte,90,90.0,10.0,100.0,60,Zelle,No Discount,5.0
163,2025-05-14,CUST1051,Alex Wilson,New,Full Detail,TikTok,Charlotte,Punta Gorda,150,150.0,15.0,165.0,166,Cash,NEWCUSTOMER,5.0
164,2025-10-11,CUST1019,Sofia Garcia,New,Ceramic Coating,Youtube,Sarasota,Venice,350,390.0,5.0,395.0,164,Card,NEWCUSTOMER,4.0
165,2025-01-28,CUST0955,Mary Smith,Returning,Interior Detail,Facebook,Sarasota,Sarasota,90,85.0,0.0,85.0,93,Card,VIP ,3.0
166,2025-04-18,CUST0202,Emma Miller,New,Interior Detail,Facebook,Sarasota,Venice,90,90.0,20.0,110.0,44,Card,No Discount,5.0
167,2025-02-13,CUST0962,Sofia Martinez,New,Interior Detail,Facebook,Sarasota,North Port,90,95.0,0.0,95.0,171,Card,NEWCUSTOMER,4.0
168,2025-12-06,CUST0656,Alex Miller,New,Basic Wash,Facebook,Sarasota,North Port,40,44.0,10.0,54.0,76,Cash,VIP ,5.0
169,2025-10-13,CUST0417,Noah Johnson,Returning,Basic Wash,TikTok,Charlotte,Port Charlotte,40,44.0,10.0,54.0,92,Zelle,No Discount,No Feedback
170,2025-11-27,CUST0760,Ava Smith,Returning,Premium Wash,Facebook,Sarasota,Venice,70,75.0,5.0,80.0,51,Venmo,No Discount,5.0
171,2025-05-08,CUST0641,John Anderson,New,Interior Detail,Instagram,Sarasota,Sarasota,90,90.0,0.0,90.0,152,Card,VIP ,5.0
172,2025-12-14,CUST0848,Alex Martinez,New,Premium Wash,TikTok,Sarasota,Sarasota,70,72.0,10.0,82.0,88,Card,No Discount,4.0
173,2025-08-19,CUST0094,Emma Johnson,New,Basic Wash,Referral,Charlotte,Port Charlotte,40,44.0,0.0,44.0,121,Cash,No Discount,3.0
174,2025-07-09,CUST1153,Olivia Martinez,New,Ceramic Coating,Facebook,Sarasota,Sarasota,350,385.0,0.0,385.0,119,Venmo,VIP ,4.0
175,2025-08-13,CUST0454,Lewis Brown,New,Full Detail,Instagram,Sarasota,North Port,150,160.0,15.0,175.0,58,Card,No Discount,4.0
176,2025-10-10,CUST0299,Liam Wilson,New,Premium Wash,TikTok,Charlotte,Punta Gorda,70,82.0,10.0,92.0,92,Zelle,SUMMER10,4.0
177,2025-05-01,CUST0034,John Martinez,New,Basic Wash,Facebook,Sarasota,North Port,40,38.0,0.0,38.0,122,Cash,No Discount,5.0
178,2025-04-26,CUST0535,John Brown,New,Ceramic Coating,Youtube,Sarasota,Sarasota,350,350.0,0.0,350.0,92,Cash App,VIP ,5.0
179,2025-08-21,CUST1134,Alex Johnson,New,Ceramic Coating,Youtube,Sarasota,North Port,350,383.0,0.0,383.0,37,Cash,No Discount,4.0
180,2025-09-16,CUST1197,John Garcia,New,Full Detail,Other,Sarasota,Venice,150,165.0,10.0,175.0,116,Card,No Discount,No Feedback
181,2025-12-25,CUST1187,Lewis Miller,New,Ceramic Coating,Instagram,Sarasota,Sarasota,350,390.0,15.0,405.0,96,Card,No Discount,3.0
182,2025-07-17,CUST0856,Olivia Martinez,New,Ceramic Coating,Instagram,Sarasota,North Port,350,387.0,20.0,407.0,49,Cash App,SUMMER10,4.0
183,2025-05-17,CUST0605,Liam Johnson,New,Interior Detail,Facebook,Charlotte,Port Charlotte,90,85.0,5.0,90.0,91,Card,NEWCUSTOMER,5.0
184,2025-11-14,CUST0313,Mary Garcia,New,Ceramic Coating,Facebook,Sarasota,Sarasota,350,385.0,0.0,385.0,41,Card,No Discount,4.0
185,2025-06-14,CUST0402,Alex Smith,New,Full Detail,Youtube,Charlotte,Port Charlotte,150,155.0,0.0,155.0,158,Venmo,SUMMER10,3.0
186,2025-08-13,CUST0676,Liam Anderson,New,Premium Wash,Youtube,Sarasota,Venice,70,82.0,20.0,102.0,66,Zelle,VIP ,5.0
187,2025-11-03,CUST0472,Mary Brown,New,Full Detail,Instagram,Charlotte,Punta Gorda,150,163.0,15.0,178.0,83,Cash App,SUMMER10,3.0
188,2025-08-22,CUST0778,Alex Johnson,New,Basic Wash,Referral,Charlotte,Punta Gorda,40,44.0,0.0,44.0,110,Zelle,No Discount,4.0
189,2025-06-21,CUST1167,Emma Garcia,New,Premium Wash,Referral,Charlotte,Punta Gorda,70,65.0,10.0,75.0,175,Cash,NEWCUSTOMER,5.0
190,2025-06-01,CUST0504,John Miller,New,Interior Detail,TikTok,Charlotte,Punta Gorda,90,95.0,15.0,110.0,40,Venmo,NEWCUSTOMER,No Feedback
191,2025-11-11,CUST1023,Olivia Johnson,New,Interior Detail,Instagram,Sarasota,Sarasota,90,99.0,20.0,119.0,149,Card,VIP ,3.0
192,2025-06-09,CUST1128,Olivia Smith,New,Premium Wash,Youtube,Charlotte,Port Charlotte,70,75.0,0.0,75.0,151,Card,SUMMER10,4.0
193,2025-04-06,CUST0692,Noah Garcia,New,Full Detail,TikTok,Charlotte,Punta Gorda,150,148.0,0.0,148.0,43,Cash App,No Discount,5.0
194,2025-08-21,CUST0528,Lewis Brown,New,Premium Wash,TikTok,Charlotte,Punta Gorda,70,72.0,10.0,82.0,53,Card,SUMMER10,4.0
195,2025-06-29,CUST1001,Ava Taylor,New,Ceramic Coating,Referral,Sarasota,North Port,350,352.0,0.0,352.0,80,Card,VIP ,No Feedback
196,2025-04-23,CUST1005,Lewis Anderson,New,Full Detail,Referral,Sarasota,North Port,150,150.0,20.0,170.0,59,Cash,SUMMER10,4.0
197,2025-11-14,CUST0944,Noah Miller,Returning,Full Detail,Other,Charlotte,Port Charlotte,150,170.0,0.0,170.0,169,Card,No Discount,3.0
198,2025-02-21,CUST0345,Emma Martinez,New,Full Detail,Instagram,Charlotte,Punta Gorda,150,155.0,10.0,165.0,146,Cash,NEWCUSTOMER,4.0
199,2025-09-25,CUST0722,Ava Johnson,New,Full Detail,Youtube,Sarasota,Sarasota,150,165.0,20.0,185.0,141,Venmo,No Discount,4.0
200,2025-10-22,CUST0347,Noah Miller,New,Ceramic Coating,TikTok,Charlotte,Port Charlotte,350,387.0,20.0,407.0,38,Venmo,SUMMER10,4.0
201,2025-04-23,CUST0287,Lewis Garcia,Returning,Basic Wash,Facebook,Charlotte,Port Charlotte,40,40.0,15.0,55.0,87,Venmo,SUMMER10,4.0
202,2025-04-11,CUST1120,Liam Davis,New,Interior Detail,Youtube,Charlotte,Punta Gorda,90,88.0,10.0,98.0,176,Zelle,VIP ,5.0
203,2025-04-23,CUST1001,Mary Brown,Returning,Interior Detail,Referral,Sarasota,North Port,90,92.0,10.0,102.0,70,Cash,VIP ,5.0
204,2025-03-22,CUST0377,Ava Brown,Returning,Basic Wash,Unknown,Charlotte,Punta Gorda,40,35.0,0.0,35.0,141,Zelle,VIP ,No Feedback
205,2025-07-06,CUST1111,Liam Miller,New,Premium Wash,Instagram,Charlotte,Punta Gorda,70,75.0,5.0,80.0,86,Venmo,SUMMER10,5.0
206,2025-04-23,CUST0121,Lewis Garcia,New,Basic Wash,TikTok,Sarasota,Venice,40,40.0,0.0,40.0,61,Cash,No Discount,5.0
207,2025-01-02,CUST1074,Olivia Brown,New,Premium Wash,TikTok,Sarasota,Sarasota,70,75.0,10.0,85.0,137,Card,No Discount,4.0
208,2025-05-10,CUST0070,Ava Smith,New,Premium Wash,Instagram,Sarasota,North Port,70,72.0,0.0,72.0,95,Cash,NEWCUSTOMER,5.0
209,2025-08-08,CUST0153,Emma Anderson,New,Interior Detail,TikTok,Charlotte,Punta Gorda,90,99.0,0.0,99.0,153,Card,SUMMER10,5.0
210,2025-02-23,CUST0100,Alex Miller,Returning,Full Detail,Facebook,Sarasota,Sarasota,150,145.0,15.0,160.0,179,Cash,SUMMER10,4.0
211,2025-12-09,CUST0014,John Anderson,New,Interior Detail,Youtube,Sarasota,Sarasota,90,104.0,10.0,114.0,46,Zelle,SUMMER10,5.0
212,2025-08-12,CUST0845,Sofia Martinez,New,Full Detail,Instagram,Sarasota,Venice,150,163.0,0.0,163.0,121,Card,No Discount,5.0
213,2025-08-13,CUST0282,Mary Anderson,New,Full Detail,Instagram,Sarasota,North Port,150,165.0,15.0,180.0,84,Cash App,NEWCUSTOMER,5.0
214,2025-05-06,CUST0474,John Garcia,New,Premium Wash,Instagram,Sarasota,Venice,70,68.0,10.0,78.0,42,Cash,No Discount,4.0
215,2025-10-05,CUST0140,Liam Anderson,New,Full Detail,Instagram,Sarasota,North Port,150,150.0,10.0,160.0,63,Card,VIP ,5.0
216,2025-02-22,CUST0310,Olivia Wilson,New,Full Detail,Referral,Sarasota,Sarasota,150,152.0,10.0,162.0,42,Cash,No Discount,4.0
217,2025-06-21,CUST0019,Emma Anderson,New,Premium Wash,Instagram,Charlotte,Port Charlotte,70,68.0,0.0,68.0,52,Cash App,No Discount,No Feedback
218,2025-08-06,CUST0448,Olivia Johnson,New,Interior Detail,Instagram,Charlotte,Punta Gorda,90,104.0,0.0,104.0,73,Card,No Discount,3.0
219,2025-06-09,CUST1036,Sofia Johnson,New,Full Detail,Referral,Sarasota,North Port,150,150.0,20.0,170.0,112,Venmo,No Discount,4.0
220,2025-07-17,CUST0934,Sofia Wilson,New,Full Detail,TikTok,Sarasota,Sarasota,150,160.0,0.0,160.0,84,Card,SUMMER10,No Feedback
221,2025-09-04,CUST0765,Emma Davis,New,Premium Wash,TikTok,Charlotte,Punta Gorda,70,79.0,0.0,79.0,57,Venmo,NEWCUSTOMER,5.0
222,2025-11-20,CUST0124,Sofia Smith,Returning,Premium Wash,TikTok,Charlotte,Punta Gorda,70,77.0,20.0,97.0,57,Card,No Discount,5.0
223,2025-07-22,CUST0990,Olivia Garcia,New,Ceramic Coating,Facebook,Charlotte,Punta Gorda,350,385.0,5.0,390.0,160,Cash,No Discount,5.0
224,2025-07-03,CUST1000,Sofia Johnson,New,Ceramic Coating,Instagram,Sarasota,Sarasota,350,385.0,20.0,405.0,57,Cash,No Discount,5.0
225,2025-05-03,CUST0033,Lewis Wilson,Returning,Full Detail,TikTok,Sarasota,North Port,150,150.0,0.0,150.0,55,Card,No Discount,No Feedback
226,2025-09-12,CUST0014,Mary Brown,Returning,Interior Detail,Youtube,Sarasota,Sarasota,90,104.0,0.0,104.0,91,Card,SUMMER10,4.0
227,2025-10-21,CUST1090,Olivia Miller,Returning,Ceramic Coating,Facebook,Charlotte,Port Charlotte,350,385.0,15.0,400.0,151,Cash,No Discount,5.0
228,2025-10-07,CUST1130,Emma Anderson,New,Basic Wash,Instagram,Charlotte,Punta Gorda,40,44.0,10.0,54.0,115,Cash App,SUMMER10,4.0
229,2025-11-21,CUST0843,John Brown,New,Basic Wash,Instagram,Charlotte,Punta Gorda,40,44.0,20.0,64.0,162,Venmo,No Discount,No Feedback
230,2025-04-08,CUST0025,Liam Wilson,New,Premium Wash,Instagram,Charlotte,Punta Gorda,70,70.0,5.0,75.0,57,Card,No Discount,No Feedback
231,2025-07-17,CUST0035,Emma Garcia,New,Ceramic Coating,Youtube,Sarasota,Venice,350,380.0,10.0,390.0,140,Cash,SUMMER10,3.0
232,2025-08-28,CUST1085,John Miller,New,Interior Detail,Facebook,Sarasota,Venice,90,94.0,0.0,94.0,105,Venmo,NEWCUSTOMER,4.0
233,2025-05-24,CUST0563,Lewis Brown,New,Ceramic Coating,TikTok,Sarasota,North Port,350,355.0,0.0,355.0,173,Card,SUMMER10,5.0
234,2025-04-07,CUST1098,Lewis Brown,New,Full Detail,Youtube,Sarasota,Venice,150,145.0,5.0,150.0,96,Cash,VIP ,3.0
235,2025-07-20,CUST0588,Liam Brown,Returning,Basic Wash,TikTok,Sarasota,Sarasota,40,44.0,20.0,64.0,175,Venmo,SUMMER10,4.0
236,2025-05-04,CUST0036,John Davis,New,Full Detail,Youtube,Sarasota,Sarasota,150,150.0,0.0,150.0,148,Venmo,No Discount,3.0
237,2025-07-06,CUST1029,John Wilson,New,Basic Wash,Facebook,Charlotte,Port Charlotte,40,44.0,10.0,54.0,62,Cash,No Discount,No Feedback
238,2025-11-22,CUST0882,John Miller,New,Basic Wash,Instagram,Charlotte,Punta Gorda,40,39.0,20.0,59.0,179,Card,NEWCUSTOMER,3.0
239,2025-12-15,CUST0368,John Brown,New,Full Detail,Instagram,Charlotte,Punta Gorda,150,167.0,0.0,167.0,81,Cash,NEWCUSTOMER,5.0
240,2025-09-16,CUST0220,Ava Wilson,New,Full Detail,Facebook,Charlotte,Punta Gorda,150,163.0,15.0,178.0,90,Zelle,No Discount,4.0
241,2025-05-28,CUST0198,Mary Taylor,New,Premium Wash,Facebook,Sarasota,Sarasota,70,70.0,5.0,75.0,152,Card,VIP ,4.0
242,2025-09-09,CUST1074,John Taylor,Returning,Ceramic Coating,TikTok,Sarasota,Sarasota,350,385.0,15.0,400.0,32,Cash,No Discount,4.0
243,2025-12-12,CUST0305,Mary Brown,New,Interior Detail,Youtube,Charlotte,Port Charlotte,90,104.0,10.0,114.0,164,Card,No Discount,3.0
244,2025-05-27,CUST0494,Ava Brown,Returning,Basic Wash,Referral,Sarasota,Venice,40,45.0,10.0,55.0,153,Cash App,NEWCUSTOMER,4.0
245,2025-05-28,CUST0394,Sofia Johnson,New,Basic Wash,Youtube,Sarasota,Venice,40,35.0,20.0,55.0,37,Cash,SUMMER10,5.0
246,2025-12-18,CUST1079,Lewis Johnson,New,Full Detail,TikTok,Sarasota,North Port,150,165.0,0.0,165.0,46,Venmo,VIP ,3.0
247,2025-07-18,CUST0517,Sofia Garcia,New,Premium Wash,Referral,Sarasota,North Port,70,82.0,15.0,97.0,176,Cash,VIP ,5.0
248,2025-11-04,CUST0726,Noah Taylor,New,Premium Wash,Youtube,Sarasota,Venice,70,72.0,0.0,72.0,65,Venmo,No Discount,4.0
249,2025-05-08,CUST0548,Alex Johnson,New,Ceramic Coating,TikTok,Sarasota,North Port,350,350.0,15.0,365.0,121,Cash,VIP ,3.0
250,2025-02-08,CUST0813,Emma Johnson,Returning,Basic Wash,Youtube,Sarasota,North Port,40,38.0,5.0,43.0,104,Card,No Discount,4.0
251,2025-12-04,CUST0162,John Martinez,Returning,Ceramic Coating,Referral,Charlotte,Punta Gorda,350,385.0,20.0,405.0,97,Card,No Discount,5.0
252,2025-12-26,CUST0765,John Martinez,Returning,Premium Wash,TikTok,Charlotte,Punta Gorda,70,77.0,15.0,92.0,48,Cash,NEWCUSTOMER,3.0
253,2025-05-09,CUST0832,Lewis Miller,New,Ceramic Coating,Facebook,Sarasota,North Port,350,348.0,10.0,358.0,119,Cash,No Discount,4.0
254,2025-09-24,CUST0941,Noah Anderson,New,Full Detail,Youtube,Charlotte,Port Charlotte,150,165.0,10.0,175.0,62,Cash,SUMMER10,No Feedback
255,2025-05-31,CUST1158,Liam Taylor,New,Ceramic Coating,Referral,Sarasota,North Port,350,345.0,10.0,355.0,88,Venmo,No Discount,No Feedback
256,2025-10-25,CUST0499,Mary Johnson,New,Interior Detail,Youtube,Charlotte,Punta Gorda,90,97.0,10.0,107.0,131,Card,NEWCUSTOMER,No Feedback
257,2025-04-09,CUST0463,Emma Anderson,New,Ceramic Coating,Youtube,Sarasota,Sarasota,350,350.0,15.0,365.0,92,Cash,No Discount,4.0
258,2025-09-20,CUST0615,Emma Brown,Returning,Interior Detail,Unknown,Sarasota,Sarasota,90,104.0,0.0,104.0,171,Card,VIP ,5.0
259,2025-09-09,CUST0166,Ava Davis,New,Full Detail,Facebook,Sarasota,North Port,150,165.0,0.0,165.0,51,Cash,SUMMER10,4.0
260,2025-05-24,CUST0065,Sofia Smith,Returning,Basic Wash,Instagram,Sarasota,Sarasota,40,42.0,5.0,47.0,116,Cash App,NEWCUSTOMER,3.0
261,2025-12-12,CUST0192,Ava Anderson,New,Ceramic Coating,Youtube,Charlotte,Punta Gorda,350,385.0,15.0,400.0,138,Card,SUMMER10,No Feedback
262,2025-04-22,CUST0831,John Taylor,New,Ceramic Coating,Facebook,Charlotte,Punta Gorda,350,350.0,15.0,365.0,116,Card,No Discount,4.0
263,2025-03-01,CUST0777,John Wilson,Returning,Premium Wash,Instagram,Sarasota,Sarasota,70,70.0,0.0,70.0,148,Card,SUMMER10,4.0
264,2025-01-02,CUST0773,Olivia Brown,Returning,Full Detail,Instagram,Sarasota,North Port,150,148.0,5.0,153.0,96,Cash App,No Discount,4.0
265,2025-10-31,CUST1132,Lewis Garcia,New,Basic Wash,TikTok,Charlotte,Port Charlotte,40,46.0,0.0,46.0,88,Cash App,No Discount,No Feedback
266,2025-09-11,CUST0975,Mary Davis,New,Interior Detail,Referral,Sarasota,Sarasota,90,101.0,20.0,121.0,125,Card,No Discount,4.0
267,2025-05-20,CUST0115,Ava Smith,New,Premium Wash,Instagram,Sarasota,Sarasota,70,70.0,5.0,75.0,41,Zelle,No Discount,5.0
268,2025-02-06,CUST0020,Ava Anderson,New,Premium Wash,Instagram,Sarasota,North Port,70,70.0,0.0,70.0,50,Cash App,NEWCUSTOMER,5.0
269,2025-06-09,CUST0351,Lewis Miller,New,Full Detail,Facebook,Charlotte,Punta Gorda,150,150.0,0.0,150.0,98,Card,No Discount,3.0
270,2025-01-09,CUST0170,Olivia Taylor,New,Interior Detail,Referral,Sarasota,North Port,90,92.0,0.0,92.0,159,Cash,SUMMER10,4.0
271,2025-08-21,CUST1024,Mary Johnson,New,Ceramic Coating,Youtube,Charlotte,Port Charlotte,350,385.0,5.0,390.0,103,Cash,NEWCUSTOMER,4.0
272,2025-04-09,CUST0889,Mary Brown,New,Full Detail,Youtube,Sarasota,North Port,150,150.0,20.0,170.0,171,Venmo,SUMMER10,4.0
273,2025-05-27,CUST0679,Emma Taylor,New,Ceramic Coating,Referral,Sarasota,North Port,350,348.0,0.0,348.0,105,Zelle,No Discount,4.0
274,2025-10-31,CUST1159,Ava Anderson,New,Interior Detail,Instagram,Charlotte,Port Charlotte,90,99.0,20.0,119.0,64,Card,No Discount,5.0
275,2025-07-27,CUST0196,Ava Anderson,New,Premium Wash,Youtube,Sarasota,Sarasota,70,77.0,5.0,82.0,156,Zelle,NEWCUSTOMER,5.0
276,2025-05-11,CUST1082,Emma Johnson,New,Full Detail,Referral,Charlotte,Port Charlotte,150,152.0,15.0,167.0,101,Card,No Discount,3.0
277,2025-06-01,CUST0088,Sofia Anderson,New,Premium Wash,Other,Sarasota,North Port,70,75.0,0.0,75.0,101,Venmo,No Discount,5.0
278,2025-02-23,CUST0471,Liam Brown,Returning,Interior Detail,TikTok,Charlotte,Punta Gorda,90,92.0,20.0,112.0,139,Card,No Discount,4.0
279,2025-04-30,CUST0433,Mary Martinez,New,Basic Wash,TikTok,Sarasota,Sarasota,40,40.0,20.0,60.0,50,Zelle,No Discount,5.0
280,2025-06-10,CUST1161,Liam Smith,New,Basic Wash,Facebook,Charlotte,Port Charlotte,40,45.0,5.0,50.0,163,Cash App,No Discount,5.0
281,2025-04-26,CUST0974,Mary Anderson,New,Full Detail,TikTok,Charlotte,Port Charlotte,150,150.0,0.0,150.0,63,Cash App,No Discount,No Feedback
282,2025-03-16,CUST0556,Lewis Miller,New,Interior Detail,TikTok,Sarasota,North Port,90,90.0,20.0,110.0,165,Cash App,SUMMER10,5.0
283,2025-04-23,CUST0096,Noah Johnson,New,Full Detail,Facebook,Sarasota,Sarasota,150,150.0,0.0,150.0,113,Cash,No Discount,No Feedback
284,2025-04-14,CUST0153,Sofia Davis,Returning,Premium Wash,TikTok,Charlotte,Punta Gorda,70,65.0,5.0,70.0,104,Zelle,No Discount,3.0
285,2025-12-06,CUST0575,Noah Miller,New,Interior Detail,Instagram,Sarasota,North Port,90,104.0,5.0,109.0,41,Card,NEWCUSTOMER,4.0
286,2025-09-11,CUST1113,Mary Smith,New,Full Detail,TikTok,Sarasota,North Port,150,160.0,5.0,165.0,115,Card,No Discount,3.0
287,2025-08-15,CUST1155,Sofia Smith,New,Interior Detail,Referral,Sarasota,Venice,90,99.0,15.0,114.0,85,Venmo,No Discount,No Feedback
288,2025-04-22,CUST0068,Noah Brown,New,Basic Wash,Youtube,Charlotte,Port Charlotte,40,40.0,10.0,50.0,61,Card,No Discount,No Feedback
289,2025-04-09,CUST0368,Ava Garcia,Returning,Basic Wash,Instagram,Charlotte,Punta Gorda,40,45.0,10.0,55.0,180,Cash,NEWCUSTOMER,5.0
290,2025-06-02,CUST0645,Olivia Garcia,New,Basic Wash,TikTok,Charlotte,Punta Gorda,40,38.0,15.0,53.0,134,Zelle,NEWCUSTOMER,4.0
291,2025-12-15,CUST0033,Emma Wilson,Returning,Ceramic Coating,TikTok,Sarasota,North Port,350,380.0,0.0,380.0,131,Cash,VIP ,4.0
292,2025-12-04,CUST0425,Olivia Anderson,New,Premium Wash,Facebook,Sarasota,Venice,70,72.0,10.0,82.0,66,Venmo,NEWCUSTOMER,3.0
293,2025-07-13,CUST0296,Liam Wilson,Returning,Basic Wash,TikTok,Charlotte,Port Charlotte,40,44.0,15.0,59.0,83,Cash App,No Discount,4.0
294,2025-06-11,CUST0816,Mary Brown,New,Full Detail,Facebook,Sarasota,Venice,150,163.0,0.0,163.0,33,Cash,No Discount,3.0
295,2025-06-12,CUST0158,Lewis Anderson,New,Interior Detail,TikTok,Sarasota,Venice,90,85.0,5.0,90.0,141,Zelle,No Discount,No Feedback
296,2025-07-27,CUST0613,Alex Brown,New,Interior Detail,Other,Charlotte,Port Charlotte,90,99.0,0.0,99.0,148,Cash App,SUMMER10,4.0
297,2025-06-18,CUST0333,Ava Wilson,New,Ceramic Coating,Instagram,Sarasota,Venice,350,350.0,0.0,350.0,114,Card,No Discount,5.0
298,2025-06-10,CUST1155,Noah Garcia,Returning,Ceramic Coating,Referral,Sarasota,Venice,350,355.0,5.0,360.0,108,Zelle,VIP ,3.0
299,2025-03-09,CUST0493,Ava Taylor,Returning,Ceramic Coating,Facebook,Charlotte,Port Charlotte,350,355.0,5.0,360.0,128,Venmo,VIP ,3.0
300,2025-10-16,CUST1161,Emma Johnson,Returning,Premium Wash,Facebook,Charlotte,Port Charlotte,70,75.0,10.0,85.0,72,Card,NEWCUSTOMER,5.0
301,2025-10-04,CUST0797,Liam Johnson,New,Full Detail,Instagram,Sarasota,North Port,150,165.0,15.0,180.0,109,Venmo,No Discount,4.0
302,2025-10-31,CUST1108,Alex Smith,New,Basic Wash,Youtube,Charlotte,Port Charlotte,40,46.0,20.0,66.0,141,Venmo,SUMMER10,4.0
303,2025-05-15,CUST0680,Emma Anderson,New,Premium Wash,Instagram,Charlotte,Port Charlotte,70,75.0,0.0,75.0,32,Cash,NEWCUSTOMER,4.0
304,2025-07-14,CUST0787,Lewis Garcia,New,Full Detail,Instagram,Sarasota,North Port,150,165.0,20.0,185.0,41,Cash,NEWCUSTOMER,No Feedback
305,2025-05-08,CUST0287,Alex Brown,Returning,Basic Wash,Facebook,Charlotte,Port Charlotte,40,35.0,0.0,35.0,124,Cash,SUMMER10,3.0
306,2025-02-02,CUST0161,Emma Brown,New,Ceramic Coating,Instagram,Charlotte,Port Charlotte,350,355.0,5.0,360.0,34,Cash App,No Discount,No Feedback
307,2025-06-25,CUST1026,Olivia Smith,New,Premium Wash,Facebook,Sarasota,Venice,70,75.0,0.0,75.0,98,Zelle,No Discount,5.0
308,2025-01-22,CUST0709,Ava Wilson,Returning,Interior Detail,Referral,Sarasota,Sarasota,90,90.0,20.0,110.0,175,Cash,No Discount,5.0
309,2025-08-26,CUST0110,Sofia Brown,New,Full Detail,TikTok,Charlotte,Port Charlotte,150,160.0,5.0,165.0,93,Cash,SUMMER10,No Feedback
310,2025-06-07,CUST0201,Olivia Martinez,New,Interior Detail,Facebook,Sarasota,Venice,90,90.0,5.0,95.0,142,Card,No Discount,5.0
311,2025-02-07,CUST0896,Emma Garcia,New,Ceramic Coating,Youtube,Sarasota,Venice,350,352.0,20.0,372.0,83,Card,VIP ,4.0
312,2025-08-18,CUST0476,Alex Wilson,New,Basic Wash,Referral,Charlotte,Port Charlotte,40,39.0,20.0,59.0,162,Cash,NEWCUSTOMER,No Feedback
313,2025-12-31,CUST0156,Mary Brown,New,Premium Wash,Facebook,Sarasota,North Port,70,77.0,5.0,82.0,151,Card,No Discount,4.0
314,2025-02-20,CUST0698,Ava Martinez,New,Full Detail,Youtube,Sarasota,North Port,150,148.0,20.0,168.0,94,Cash App,SUMMER10,4.0
315,2025-09-21,CUST0813,Alex Garcia,Returning,Ceramic Coating,Youtube,Sarasota,North Port,350,385.0,0.0,385.0,37,Cash App,NEWCUSTOMER,3.0
316,2025-10-10,CUST0669,Olivia Smith,New,Premium Wash,Instagram,Sarasota,North Port,70,77.0,10.0,87.0,147,Card,No Discount,5.0
317,2025-01-27,CUST0061,Olivia Anderson,New,Basic Wash,Instagram,Charlotte,Port Charlotte,40,40.0,5.0,45.0,70,Cash,VIP ,5.0
318,2025-08-14,CUST0560,Noah Taylor,New,Premium Wash,Unknown,Sarasota,North Port,70,77.0,5.0,82.0,113,Zelle,No Discount,No Feedback
319,2025-10-04,CUST0923,Ava Taylor,New,Interior Detail,Youtube,Charlotte,Port Charlotte,90,99.0,15.0,114.0,117,Cash,VIP ,5.0
320,2025-10-13,CUST1005,John Garcia,Returning,Interior Detail,Referral,Sarasota,North Port,90,99.0,20.0,119.0,129,Card,No Discount,4.0
321,2025-04-07,CUST0468,Liam Davis,New,Basic Wash,TikTok,Sarasota,Sarasota,40,38.0,0.0,38.0,111,Cash,No Discount,3.0
322,2025-10-11,CUST0729,Liam Martinez,New,Ceramic Coating,Instagram,Sarasota,Sarasota,350,385.0,20.0,405.0,151,Venmo,No Discount,4.0
323,2025-11-13,CUST1133,Olivia Davis,New,Interior Detail,Facebook,Sarasota,North Port,90,97.0,15.0,112.0,161,Cash,No Discount,No Feedback
324,2025-10-31,CUST0769,Noah Smith,New,Ceramic Coating,TikTok,Charlotte,Port Charlotte,350,385.0,5.0,390.0,75,Card,No Discount,4.0
325,2025-05-27,CUST0885,Noah Garcia,New,Premium Wash,Referral,Charlotte,Punta Gorda,70,75.0,20.0,95.0,67,Cash,VIP ,4.0
326,2025-01-04,CUST0381,Mary Davis,New,Interior Detail,Referral,Sarasota,North Port,90,85.0,15.0,100.0,67,Cash App,No Discount,No Feedback
327,2025-02-04,CUST1200,Lewis Taylor,New,Full Detail,Instagram,Charlotte,Punta Gorda,150,145.0,15.0,160.0,79,Zelle,No Discount,4.0
328,2025-07-11,CUST0779,Alex Garcia,New,Interior Detail,Referral,Charlotte,Port Charlotte,90,101.0,15.0,116.0,41,Cash,SUMMER10,4.0
329,2025-02-18,CUST0176,Sofia Johnson,New,Premium Wash,Referral,Sarasota,Venice,70,68.0,20.0,88.0,34,Card,VIP ,4.0
330,2025-01-17,CUST0605,Alex Wilson,Returning,Interior Detail,Facebook,Charlotte,Port Charlotte,90,90.0,5.0,95.0,111,Cash,No Discount,4.0
331,2025-06-21,CUST0505,Liam Martinez,New,Ceramic Coating,TikTok,Sarasota,North Port,350,350.0,0.0,350.0,51,Card,No Discount,No Feedback
332,2025-08-08,CUST0151,Liam Brown,New,Interior Detail,Referral,Sarasota,Sarasota,90,101.0,0.0,101.0,155,Zelle,No Discount,4.0
333,2025-06-07,CUST0169,Ava Garcia,New,Ceramic Coating,Facebook,Charlotte,Port Charlotte,350,350.0,0.0,350.0,120,Venmo,No Discount,4.0
334,2025-02-15,CUST0549,Alex Brown,New,Full Detail,TikTok,Sarasota,North Port,150,150.0,5.0,155.0,148,Card,No Discount,4.0
335,2025-01-06,CUST0316,Alex Taylor,New,Full Detail,TikTok,Sarasota,North Port,150,148.0,15.0,163.0,37,Zelle,No Discount,5.0
336,2025-04-09,CUST0779,Sofia Brown,Returning,Interior Detail,Referral,Charlotte,Port Charlotte,90,85.0,15.0,100.0,129,Card,VIP ,3.0
337,2025-08-21,CUST0316,Ava Wilson,Returning,Ceramic Coating,TikTok,Sarasota,North Port,350,385.0,0.0,385.0,147,Venmo,No Discount,No Feedback
338,2025-02-06,CUST0798,Noah Anderson,New,Basic Wash,Instagram,Sarasota,North Port,40,35.0,20.0,55.0,38,Venmo,SUMMER10,No Feedback
339,2025-10-07,CUST0649,John Martinez,New,Full Detail,Instagram,Sarasota,Sarasota,150,165.0,5.0,170.0,45,Cash App,NEWCUSTOMER,4.0
340,2025-12-15,CUST0739,Alex Miller,New,Premium Wash,Referral,Charlotte,Port Charlotte,70,77.0,20.0,97.0,135,Card,No Discount,4.0
341,2025-10-29,CUST0219,Ava Garcia,New,Full Detail,Instagram,Sarasota,North Port,150,165.0,20.0,185.0,145,Cash,No Discount,4.0
342,2025-06-30,CUST0188,Olivia Garcia,New,Ceramic Coating,TikTok,Charlotte,Punta Gorda,350,355.0,10.0,365.0,108,Cash App,VIP ,No Feedback
343,2025-04-05,CUST0011,Liam Anderson,New,Ceramic Coating,Facebook,Charlotte,Punta Gorda,350,345.0,5.0,350.0,96,Cash,NEWCUSTOMER,No Feedback
344,2025-04-09,CUST0632,Noah Smith,Returning,Premium Wash,Referral,Sarasota,North Port,70,72.0,0.0,72.0,153,Cash,No Discount,4.0
345,2025-07-07,CUST0911,Sofia Miller,New,Full Detail,TikTok,Charlotte,Port Charlotte,150,167.0,20.0,187.0,33,Cash App,No Discount,3.0
346,2025-04-26,CUST0738,Sofia Garcia,New,Basic Wash,Instagram,Sarasota,North Port,40,40.0,15.0,55.0,175,Card,VIP ,5.0
347,2025-07-10,CUST0553,Alex Anderson,New,Basic Wash,TikTok,Sarasota,North Port,40,49.0,20.0,69.0,78,Cash,No Discount,5.0
348,2025-09-10,CUST0210,Olivia Miller,New,Premium Wash,TikTok,Sarasota,North Port,70,77.0,10.0,87.0,59,Zelle,NEWCUSTOMER,5.0
349,2025-06-10,CUST0272,Noah Taylor,New,Ceramic Coating,Referral,Charlotte,Punta Gorda,350,355.0,0.0,355.0,146,Cash,VIP ,4.0
350,2025-09-13,CUST0179,Mary Brown,New,Ceramic Coating,Youtube,Sarasota,Venice,350,387.0,20.0,407.0,109,Cash,No Discount,4.0
351,2025-11-19,CUST0384,Mary Miller,New,Interior Detail,Youtube,Sarasota,Venice,90,104.0,0.0,104.0,167,Card,NEWCUSTOMER,5.0
352,2025-05-08,CUST0883,Ava Brown,New,Premium Wash,Youtube,Sarasota,Sarasota,70,68.0,0.0,68.0,131,Zelle,SUMMER10,5.0
353,2025-01-18,CUST0920,Emma Martinez,New,Interior Detail,Youtube,Sarasota,North Port,90,88.0,5.0,93.0,108,Card,SUMMER10,No Feedback
354,2025-08-10,CUST1141,Sofia Garcia,Returning,Full Detail,Facebook,Sarasota,North Port,150,165.0,20.0,185.0,34,Venmo,No Discount,5.0
355,2025-08-11,CUST1137,Olivia Taylor,New,Basic Wash,Referral,Sarasota,Sarasota,40,39.0,0.0,39.0,92,Cash,VIP ,4.0
356,2025-02-23,CUST1050,Lewis Johnson,New,Interior Detail,TikTok,Charlotte,Punta Gorda,90,90.0,5.0,95.0,167,Card,VIP ,4.0
357,2025-02-27,CUST0836,Lewis Anderson,New,Full Detail,Youtube,Charlotte,Port Charlotte,150,148.0,15.0,163.0,113,Venmo,No Discount,3.0
358,2025-11-19,CUST0212,Olivia Miller,New,Full Detail,Facebook,Sarasota,Sarasota,150,170.0,0.0,170.0,84,Card,No Discount,4.0
359,2025-12-26,CUST0054,Liam Martinez,New,Full Detail,Referral,Charlotte,Port Charlotte,150,165.0,15.0,180.0,42,Zelle,SUMMER10,5.0
360,2025-06-23,CUST0184,Liam Brown,New,Basic Wash,Instagram,Sarasota,Sarasota,40,42.0,15.0,57.0,53,Venmo,No Discount,5.0
361,2025-10-07,CUST0725,Mary Brown,New,Full Detail,Instagram,Sarasota,Venice,150,170.0,20.0,190.0,68,Zelle,No Discount,4.0
362,2025-04-24,CUST1136,Alex Garcia,New,Basic Wash,Referral,Sarasota,Venice,40,35.0,5.0,40.0,87,Zelle,VIP ,4.0
363,2025-10-15,CUST0191,Mary Smith,New,Premium Wash,Referral,Sarasota,Sarasota,70,75.0,5.0,80.0,82,Zelle,No Discount,5.0
364,2025-12-08,CUST0665,Emma Smith,New,Premium Wash,TikTok,Charlotte,Port Charlotte,70,77.0,0.0,77.0,99,Cash,No Discount,5.0
365,2025-05-31,CUST0789,Mary Brown,New,Premium Wash,Facebook,Sarasota,Sarasota,70,68.0,15.0,83.0,127,Zelle,VIP ,5.0
366,2025-07-05,CUST0026,Olivia Garcia,New,Premium Wash,Youtube,Charlotte,Punta Gorda,70,68.0,15.0,83.0,53,Cash,SUMMER10,4.0
367,2025-06-04,CUST0598,Noah Wilson,New,Interior Detail,Instagram,Charlotte,Port Charlotte,90,88.0,20.0,108.0,51,Card,VIP ,No Feedback
368,2025-09-30,CUST0848,Lewis Martinez,Returning,Basic Wash,TikTok,Sarasota,Sarasota,40,39.0,20.0,59.0,83,Cash,No Discount,No Feedback
369,2025-04-14,CUST0795,Noah Martinez,New,Premium Wash,TikTok,Charlotte,Port Charlotte,70,65.0,0.0,65.0,157,Zelle,No Discount,4.0
370,2025-10-26,CUST0174,Mary Smith,New,Ceramic Coating,Facebook,Sarasota,North Port,350,390.0,0.0,390.0,164,Card,No Discount,5.0
371,2025-09-03,CUST1146,Emma Anderson,New,Interior Detail,TikTok,Charlotte,Punta Gorda,90,99.0,5.0,104.0,150,Zelle,VIP ,5.0
372,2025-06-25,CUST0498,Noah Garcia,Returning,Premium Wash,Youtube,Charlotte,Port Charlotte,70,75.0,20.0,95.0,51,Cash,No Discount,5.0
373,2025-02-08,CUST1172,Alex Taylor,New,Interior Detail,Facebook,Charlotte,Port Charlotte,90,88.0,10.0,98.0,113,Venmo,No Discount,4.0
374,2025-06-19,CUST1068,Olivia Wilson,Returning,Premium Wash,Facebook,Charlotte,Port Charlotte,70,70.0,0.0,70.0,112,Card,VIP ,3.0
375,2025-09-04,CUST0348,Emma Wilson,New,Ceramic Coating,Instagram,Charlotte,Port Charlotte,350,385.0,0.0,385.0,116,Cash,VIP ,4.0
376,2025-01-26,CUST0780,Liam Garcia,Returning,Basic Wash,TikTok,Charlotte,Punta Gorda,40,38.0,0.0,38.0,147,Venmo,No Discount,5.0
377,2025-12-21,CUST0348,Emma Anderson,Returning,Premium Wash,Instagram,Charlotte,Port Charlotte,70,82.0,0.0,82.0,86,Venmo,No Discount,5.0
378,2025-11-02,CUST0285,Ava Miller,New,Interior Detail,Referral,Sarasota,Sarasota,90,97.0,20.0,117.0,55,Card,NEWCUSTOMER,5.0
379,2025-01-13,CUST0551,Lewis Smith,New,Full Detail,Youtube,Charlotte,Punta Gorda,150,150.0,0.0,150.0,112,Card,VIP ,No Feedback
380,2025-11-12,CUST0617,Noah Davis,New,Full Detail,Youtube,Sarasota,Sarasota,150,163.0,10.0,173.0,92,Card,No Discount,5.0
381,2025-11-09,CUST0550,Emma Smith,Returning,Premium Wash,Instagram,Charlotte,Port Charlotte,70,77.0,20.0,97.0,66,Cash,NEWCUSTOMER,4.0
382,2025-02-05,CUST1010,Lewis Smith,New,Full Detail,Facebook,Charlotte,Port Charlotte,150,148.0,20.0,168.0,48,Venmo,No Discount,4.0
383,2025-06-22,CUST0299,Ava Martinez,Returning,Ceramic Coating,TikTok,Charlotte,Punta Gorda,350,345.0,20.0,365.0,52,Venmo,VIP ,3.0
384,2025-01-20,CUST0130,Lewis Martinez,New,Interior Detail,Facebook,Charlotte,Port Charlotte,90,95.0,5.0,100.0,160,Cash,No Discount,4.0
385,2025-11-17,CUST0343,Liam Davis,New,Ceramic Coating,Youtube,Charlotte,Punta Gorda,350,387.0,10.0,397.0,174,Zelle,No Discount,3.0
386,2025-09-21,CUST0891,Olivia Wilson,New,Full Detail,Instagram,Sarasota,North Port,150,170.0,5.0,175.0,40,Venmo,NEWCUSTOMER,No Feedback
387,2025-05-22,CUST0566,Olivia Garcia,New,Interior Detail,TikTok,Sarasota,North Port,90,85.0,10.0,95.0,104,Venmo,VIP ,5.0
388,2025-05-23,CUST0863,Emma Davis,New,Premium Wash,Instagram,Sarasota,Sarasota,70,68.0,15.0,83.0,172,Venmo,No Discount,No Feedback
389,2025-04-02,CUST0614,Emma Taylor,New,Basic Wash,TikTok,Sarasota,Venice,40,45.0,20.0,65.0,53,Cash App,No Discount,4.0
390,2025-12-20,CUST0992,Ava Garcia,New,Premium Wash,Youtube,Charlotte,Punta Gorda,70,77.0,0.0,77.0,34,Cash App,VIP ,5.0
391,2025-11-18,CUST0158,Noah Brown,Returning,Interior Detail,TikTok,Sarasota,Venice,90,97.0,15.0,112.0,117,Cash,VIP ,4.0
392,2025-10-15,CUST0740,John Wilson,New,Premium Wash,Referral,Charlotte,Port Charlotte,70,79.0,20.0,99.0,69,Venmo,VIP ,4.0
393,2025-08-03,CUST0516,Liam Taylor,New,Ceramic Coating,Facebook,Charlotte,Punta Gorda,350,385.0,10.0,395.0,142,Cash,No Discount,3.0
394,2025-12-08,CUST0506,Emma Anderson,New,Interior Detail,Youtube,Charlotte,Punta Gorda,90,99.0,5.0,104.0,124,Cash,VIP ,5.0
395,2025-02-20,CUST1016,Emma Anderson,Returning,Ceramic Coating,TikTok,Sarasota,Venice,350,350.0,15.0,365.0,56,Cash,No Discount,5.0
396,2025-06-02,CUST0401,Alex Johnson,New,Ceramic Coating,Instagram,Charlotte,Punta Gorda,350,355.0,5.0,360.0,44,Card,No Discount,4.0
397,2025-07-05,CUST0938,Lewis Martinez,New,Full Detail,Referral,Sarasota,Sarasota,150,163.0,5.0,168.0,145,Zelle,NEWCUSTOMER,3.0
398,2025-03-04,CUST0220,Liam Davis,Returning,Ceramic Coating,Facebook,Charlotte,Punta Gorda,350,345.0,15.0,360.0,48,Card,VIP ,5.0
399,2025-07-09,CUST0278,Noah Davis,Returning,Interior Detail,Youtube,Sarasota,Venice,90,94.0,10.0,104.0,54,Cash App,SUMMER10,3.0
400,2025-05-05,CUST0624,Mary Martinez,New,Interior Detail,Facebook,Charlotte,Punta Gorda,90,90.0,0.0,90.0,81,Venmo,No Discount,4.0
401,2025-05-30,CUST0014,Ava Taylor,Returning,Basic Wash,Youtube,Sarasota,Sarasota,40,40.0,5.0,45.0,128,Venmo,No Discount,5.0
402,2025-11-10,CUST0811,Alex Anderson,Returning,Ceramic Coating,TikTok,Charlotte,Punta Gorda,350,385.0,0.0,385.0,176,Venmo,SUMMER10,4.0
403,2025-02-27,CUST0681,Alex Johnson,New,Interior Detail,Youtube,Charlotte,Port Charlotte,90,95.0,15.0,110.0,76,Card,NEWCUSTOMER,3.0
404,2025-12-08,CUST0779,Alex Miller,Returning,Ceramic Coating,Referral,Charlotte,Port Charlotte,350,380.0,0.0,380.0,116,Card,SUMMER10,4.0
405,2025-11-01,CUST0675,Ava Anderson,New,Ceramic Coating,TikTok,Sarasota,Sarasota,350,380.0,15.0,395.0,112,Cash,NEWCUSTOMER,3.0
406,2025-06-29,CUST0902,Emma Anderson,New,Basic Wash,Facebook,Sarasota,Sarasota,40,40.0,10.0,50.0,36,Zelle,SUMMER10,5.0
407,2025-06-19,CUST0686,Emma Smith,New,Interior Detail,Facebook,Sarasota,Venice,90,92.0,15.0,107.0,176,Cash,No Discount,5.0
408,2025-11-22,CUST0882,Olivia Brown,Returning,Ceramic Coating,Other,Charlotte,Punta Gorda,350,385.0,0.0,385.0,41,Cash App,No Discount,5.0
409,2025-09-28,CUST0279,Alex Davis,New,Interior Detail,Youtube,Charlotte,Punta Gorda,90,94.0,20.0,114.0,91,Card,SUMMER10,4.0
410,2025-02-23,CUST0616,John Davis,Returning,Premium Wash,Other,Charlotte,Punta Gorda,70,75.0,10.0,85.0,99,Cash,No Discount,No Feedback
411,2025-04-11,CUST0657,Mary Johnson,Returning,Premium Wash,Referral,Charlotte,Punta Gorda,70,75.0,0.0,75.0,87,Venmo,SUMMER10,No Feedback
412,2025-09-21,CUST0412,Mary Johnson,New,Ceramic Coating,Instagram,Sarasota,Venice,350,385.0,15.0,400.0,102,Venmo,No Discount,4.0
413,2025-02-22,CUST0982,Mary Miller,Returning,Basic Wash,TikTok,Charlotte,Punta Gorda,40,40.0,0.0,40.0,77,Zelle,No Discount,No Feedback
414,2025-03-01,CUST0644,Emma Garcia,New,Interior Detail,Referral,Sarasota,Sarasota,90,85.0,0.0,85.0,175,Card,SUMMER10,5.0
415,2025-04-18,CUST0364,Mary Miller,New,Interior Detail,Facebook,Sarasota,North Port,90,95.0,0.0,95.0,142,Zelle,No Discount,4.0
416,2025-01-05,CUST0816,Alex Johnson,Returning,Premium Wash,Facebook,Sarasota,Venice,70,75.0,5.0,80.0,112,Card,No Discount,5.0
417,2025-04-13,CUST0654,Noah Garcia,Returning,Basic Wash,Youtube,Charlotte,Punta Gorda,40,45.0,15.0,60.0,151,Zelle,SUMMER10,No Feedback
418,2025-07-15,CUST0597,Lewis Brown,New,Full Detail,Referral,Sarasota,Venice,150,167.0,0.0,167.0,122,Card,No Discount,5.0
419,2025-09-19,CUST1006,Noah Davis,New,Full Detail,Youtube,Charlotte,Port Charlotte,150,163.0,0.0,163.0,120,Cash App,SUMMER10,4.0
420,2025-12-31,CUST1180,Ava Martinez,Returning,Premium Wash,TikTok,Charlotte,Punta Gorda,70,79.0,20.0,99.0,79,Zelle,SUMMER10,No Feedback
421,2025-12-16,CUST0497,Liam Brown,Returning,Full Detail,Facebook,Sarasota,Sarasota,150,160.0,0.0,160.0,81,Cash,NEWCUSTOMER,4.0
422,2025-02-16,CUST0668,Emma Wilson,New,Full Detail,TikTok,Charlotte,Port Charlotte,150,152.0,0.0,152.0,80,Venmo,VIP ,4.0
423,2025-12-21,CUST0771,Emma Johnson,Returning,Basic Wash,Referral,Sarasota,Sarasota,40,39.0,0.0,39.0,35,Card,No Discount,5.0
424,2025-11-07,CUST0575,Mary Anderson,Returning,Full Detail,Instagram,Sarasota,North Port,150,165.0,5.0,170.0,74,Card,No Discount,4.0
425,2025-11-04,CUST0805,John Brown,Returning,Basic Wash,Youtube,Charlotte,Port Charlotte,40,49.0,10.0,59.0,67,Cash,SUMMER10,5.0
426,2025-05-24,CUST0748,Mary Martinez,New,Basic Wash,TikTok,Charlotte,Punta Gorda,40,40.0,5.0,45.0,175,Card,No Discount,4.0
427,2025-09-26,CUST0234,Olivia Smith,New,Interior Detail,Youtube,Sarasota,Sarasota,90,104.0,5.0,109.0,51,Zelle,SUMMER10,3.0
428,2025-05-04,CUST1155,Lewis Wilson,Returning,Premium Wash,Referral,Sarasota,Venice,70,65.0,20.0,85.0,91,Card,No Discount,4.0
429,2025-04-16,CUST0410,Noah Miller,New,Basic Wash,Facebook,Sarasota,Venice,40,45.0,0.0,45.0,176,Cash,SUMMER10,4.0
430,2025-06-07,CUST1118,Olivia Garcia,New,Premium Wash,TikTok,Sarasota,Venice,70,70.0,15.0,85.0,96,Cash,SUMMER10,5.0
431,2025-05-27,CUST0369,Alex Taylor,Returning,Premium Wash,Facebook,Sarasota,Sarasota,70,65.0,5.0,70.0,75,Venmo,No Discount,5.0
432,2025-05-25,CUST1127,John Brown,New,Interior Detail,Instagram,Charlotte,Port Charlotte,90,95.0,15.0,110.0,57,Cash App,No Discount,5.0
433,2025-04-30,CUST0056,Sofia Wilson,New,Interior Detail,Facebook,Charlotte,Punta Gorda,90,95.0,0.0,95.0,165,Cash App,No Discount,4.0
434,2025-11-15,CUST0946,Mary Johnson,New,Interior Detail,Facebook,Sarasota,Sarasota,90,97.0,15.0,112.0,168,Card,No Discount,5.0
435,2025-10-02,CUST0430,Liam Smith,New,Full Detail,TikTok,Sarasota,North Port,150,165.0,20.0,185.0,118,Cash App,No Discount,5.0
436,2025-04-02,CUST0898,Mary Martinez,New,Basic Wash,Facebook,Sarasota,Venice,40,45.0,0.0,45.0,144,Venmo,No Discount,No Feedback
437,2025-02-27,CUST0597,Liam Miller,Returning,Interior Detail,Referral,Sarasota,Venice,90,90.0,10.0,100.0,106,Zelle,No Discount,4.0
438,2025-12-12,CUST0142,Noah Smith,Returning,Full Detail,Referral,Charlotte,Port Charlotte,150,163.0,20.0,183.0,66,Venmo,No Discount,4.0
439,2025-08-17,CUST0838,Noah Wilson,Returning,Ceramic Coating,TikTok,Sarasota,Venice,350,383.0,0.0,383.0,85,Card,No Discount,5.0
440,2025-04-27,CUST1023,John Martinez,Returning,Full Detail,Instagram,Sarasota,Sarasota,150,150.0,10.0,160.0,70,Cash,No Discount,No Feedback
441,2025-11-14,CUST0286,Noah Taylor,New,Premium Wash,Facebook,Sarasota,Venice,70,77.0,20.0,97.0,109,Zelle,No Discount,3.0
442,2025-10-06,CUST0621,Emma Miller,Returning,Full Detail,Facebook,Charlotte,Punta Gorda,150,165.0,0.0,165.0,136,Cash App,SUMMER10,5.0
443,2025-05-07,CUST0496,Ava Wilson,New,Ceramic Coating,Referral,Charlotte,Punta Gorda,350,352.0,0.0,352.0,90,Card,NEWCUSTOMER,4.0
444,2025-05-09,CUST0518,Alex Martinez,New,Basic Wash,Instagram,Charlotte,Port Charlotte,40,40.0,0.0,40.0,129,Cash,No Discount,4.0
445,2025-02-27,CUST0316,Sofia Taylor,Returning,Interior Detail,TikTok,Sarasota,North Port,90,92.0,0.0,92.0,167,Cash,No Discount,No Feedback
446,2025-05-02,CUST0867,John Smith,New,Interior Detail,TikTok,Sarasota,Sarasota,90,90.0,0.0,90.0,82,Cash App,SUMMER10,4.0
447,2025-01-01,CUST0773,Ava Wilson,Returning,Basic Wash,Instagram,Sarasota,North Port,40,40.0,5.0,45.0,146,Card,NEWCUSTOMER,5.0
448,2025-08-27,CUST0152,Noah Brown,New,Ceramic Coating,Referral,Sarasota,Sarasota,350,380.0,20.0,400.0,141,Zelle,No Discount,4.0
449,2025-10-17,CUST0920,Liam Brown,Returning,Basic Wash,Youtube,Sarasota,North Port,40,39.0,0.0,39.0,65,Card,No Discount,5.0
450,2025-04-06,CUST0982,Sofia Wilson,Returning,Full Detail,Unknown,Charlotte,Punta Gorda,150,155.0,15.0,170.0,69,Cash,No Discount,5.0
451,2025-05-06,CUST1193,Alex Anderson,New,Basic Wash,Instagram,Sarasota,Venice,40,35.0,0.0,35.0,86,Card,SUMMER10,5.0
452,2025-04-28,CUST0821,Sofia Taylor,New,Basic Wash,Instagram,Sarasota,North Port,40,38.0,0.0,38.0,180,Cash,No Discount,5.0
453,2025-02-17,CUST1095,Noah Brown,New,Interior Detail,Facebook,Charlotte,Punta Gorda,90,90.0,5.0,95.0,172,Venmo,NEWCUSTOMER,3.0
454,2025-03-30,CUST1038,Mary Miller,New,Premium Wash,Youtube,Charlotte,Port Charlotte,70,68.0,0.0,68.0,58,Venmo,NEWCUSTOMER,4.0
455,2025-08-25,CUST0857,Lewis Smith,New,Ceramic Coating,Instagram,Sarasota,North Port,350,385.0,15.0,400.0,85,Venmo,No Discount,5.0
456,2025-09-29,CUST1114,Sofia Johnson,New,Full Detail,Facebook,Sarasota,North Port,150,165.0,15.0,180.0,173,Cash,No Discount,4.0
457,2025-07-08,CUST0076,Sofia Davis,New,Premium Wash,Facebook,Charlotte,Punta Gorda,70,72.0,5.0,77.0,43,Card,No Discount,5.0
458,2025-07-11,CUST0737,John Johnson,Returning,Basic Wash,Instagram,Charlotte,Port Charlotte,40,49.0,10.0,59.0,37,Cash App,No Discount,5.0
459,2025-03-10,CUST1100,John Smith,New,Premium Wash,Youtube,Charlotte,Punta Gorda,70,65.0,20.0,85.0,131,Cash,SUMMER10,4.0
460,2025-10-05,CUST0175,Lewis Miller,New,Full Detail,Instagram,Sarasota,Sarasota,150,163.0,0.0,163.0,98,Cash App,SUMMER10,No Feedback
461,2025-12-15,CUST0224,Emma Wilson,New,Basic Wash,Youtube,Charlotte,Port Charlotte,40,44.0,0.0,44.0,123,Zelle,No Discount,3.0
462,2025-09-04,CUST0509,Alex Wilson,New,Full Detail,Facebook,Sarasota,Venice,150,165.0,5.0,170.0,149,Zelle,SUMMER10,4.0
463,2025-03-17,CUST0728,Ava Martinez,New,Basic Wash,Youtube,Sarasota,North Port,40,40.0,20.0,60.0,159,Cash App,VIP ,5.0
464,2025-06-03,CUST0341,Mary Taylor,New,Basic Wash,Referral,Sarasota,Sarasota,40,42.0,0.0,42.0,169,Card,NEWCUSTOMER,3.0
465,2025-05-24,CUST0091,Sofia Taylor,Returning,Ceramic Coating,Referral,Sarasota,Venice,350,350.0,20.0,370.0,163,Cash App,SUMMER10,4.0
466,2025-03-27,CUST1154,Lewis Miller,New,Ceramic Coating,Unknown,Sarasota,North Port,350,345.0,0.0,345.0,156,Card,No Discount,5.0
467,2025-07-04,CUST0819,Noah Martinez,New,Basic Wash,Instagram,Charlotte,Punta Gorda,40,39.0,10.0,49.0,94,Cash,No Discount,5.0
468,2025-10-12,CUST0680,John Garcia,Returning,Full Detail,Instagram,Charlotte,Port Charlotte,150,160.0,5.0,165.0,157,Cash,SUMMER10,4.0
469,2025-08-08,CUST0882,Lewis Anderson,Returning,Full Detail,Instagram,Charlotte,Punta Gorda,150,160.0,0.0,160.0,154,Cash,No Discount,4.0
470,2025-03-10,CUST0217,Sofia Taylor,New,Interior Detail,Unknown,Charlotte,Punta Gorda,90,90.0,20.0,110.0,171,Cash,No Discount,4.0
471,2025-02-16,CUST0022,John Garcia,New,Full Detail,Youtube,Sarasota,Sarasota,150,150.0,10.0,160.0,174,Cash,VIP ,3.0
472,2025-04-04,CUST0202,John Davis,Returning,Basic Wash,Facebook,Sarasota,Venice,40,38.0,10.0,48.0,153,Venmo,VIP ,5.0
473,2025-08-26,CUST0530,Alex Brown,New,Full Detail,Unknown,Sarasota,Venice,150,170.0,0.0,170.0,59,Zelle,NEWCUSTOMER,5.0
474,2025-07-23,CUST0455,Liam Davis,New,Full Detail,Referral,Sarasota,Sarasota,150,165.0,5.0,170.0,38,Cash,No Discount,4.0
475,2025-08-06,CUST1046,Sofia Wilson,New,Basic Wash,Instagram,Charlotte,Punta Gorda,40,42.0,15.0,57.0,52,Zelle,No Discount,5.0
476,2025-12-07,CUST1063,Noah Smith,New,Premium Wash,Other,Charlotte,Punta Gorda,70,77.0,20.0,97.0,64,Cash,NEWCUSTOMER,No Feedback
477,2025-02-08,CUST1143,Olivia Wilson,New,Full Detail,Youtube,Charlotte,Punta Gorda,150,148.0,20.0,168.0,78,Cash,No Discount,4.0
478,2025-04-10,CUST1189,Sofia Davis,New,Full Detail,Facebook,Charlotte,Punta Gorda,150,152.0,15.0,167.0,48,Card,No Discount,5.0
479,2025-10-16,CUST1179,Olivia Taylor,New,Full Detail,Referral,Sarasota,North Port,150,165.0,20.0,185.0,87,Cash,VIP ,5.0
480,2025-09-11,CUST0453,John Martinez,Returning,Basic Wash,Referral,Charlotte,Punta Gorda,40,46.0,20.0,66.0,51,Cash,No Discount,5.0
481,2025-08-10,CUST0913,Liam Taylor,New,Ceramic Coating,Youtube,Sarasota,Venice,350,385.0,20.0,405.0,128,Cash App,NEWCUSTOMER,3.0
482,2025-12-23,CUST0767,Emma Miller,Returning,Interior Detail,Youtube,Sarasota,Venice,90,99.0,0.0,99.0,161,Card,No Discount,4.0
483,2025-01-23,CUST0802,Emma Anderson,New,Ceramic Coating,Facebook,Sarasota,North Port,350,348.0,0.0,348.0,105,Card,No Discount,No Feedback
484,2025-09-07,CUST0949,Noah Wilson,Returning,Premium Wash,TikTok,Charlotte,Punta Gorda,70,82.0,5.0,87.0,157,Card,NEWCUSTOMER,5.0
485,2025-01-10,CUST1025,Olivia Anderson,New,Basic Wash,Referral,Charlotte,Port Charlotte,40,35.0,5.0,40.0,78,Venmo,No Discount,4.0
486,2025-09-03,CUST0309,Mary Martinez,New,Full Detail,TikTok,Charlotte,Punta Gorda,150,165.0,0.0,165.0,60,Cash,No Discount,5.0
487,2025-11-21,CUST0707,Lewis Garcia,New,Basic Wash,Youtube,Sarasota,North Port,40,39.0,15.0,54.0,116,Card,No Discount,No Feedback
488,2025-04-10,CUST0051,Liam Taylor,New,Interior Detail,Facebook,Charlotte,Punta Gorda,90,88.0,10.0,98.0,73,Card,No Discount,5.0
489,2025-10-17,CUST0989,Lewis Johnson,New,Full Detail,Instagram,Sarasota,North Port,150,167.0,0.0,167.0,72,Card,VIP ,5.0
490,2025-06-29,CUST0215,John Anderson,New,Full Detail,Instagram,Sarasota,North Port,150,148.0,15.0,163.0,128,Card,VIP ,4.0
491,2025-08-11,CUST0606,Noah Brown,New,Interior Detail,TikTok,Sarasota,North Port,90,97.0,15.0,112.0,49,Card,No Discount,No Feedback
492,2025-09-07,CUST0852,John Davis,New,Ceramic Coating,TikTok,Charlotte,Punta Gorda,350,383.0,10.0,393.0,46,Card,No Discount,No Feedback
493,2025-05-27,CUST0176,Ava Anderson,Returning,Interior Detail,Referral,Sarasota,Venice,90,90.0,0.0,90.0,70,Zelle,No Discount,5.0
494,2025-04-06,CUST0238,Alex Garcia,New,Interior Detail,Youtube,Charlotte,Punta Gorda,90,85.0,5.0,90.0,164,Venmo,SUMMER10,4.0
495,2025-09-14,CUST0291,Olivia Davis,New,Ceramic Coating,Referral,Charlotte,Port Charlotte,350,390.0,5.0,395.0,75,Card,No Discount,3.0
496,2025-11-21,CUST0714,Alex Anderson,New,Full Detail,TikTok,Charlotte,Port Charlotte,150,167.0,20.0,187.0,124,Card,No Discount,5.0
497,2025-01-04,CUST0639,Ava Martinez,New,Basic Wash,Instagram,Sarasota,Venice,40,40.0,0.0,40.0,69,Venmo,No Discount,5.0
498,2025-01-16,CUST0703,Olivia Davis,New,Premium Wash,Instagram,Charlotte,Punta Gorda,70,65.0,10.0,75.0,103,Zelle,VIP ,3.0
499,2025-10-07,CUST0933,Olivia Brown,New,Interior Detail,Facebook,Charlotte,Punta Gorda,90,101.0,0.0,101.0,134,Card,No Discount,3.0
500,2025-12-02,CUST0424,Alex Wilson,New,Full Detail,Youtube,Sarasota,Sarasota,150,163.0,0.0,163.0,34,Venmo,VIP ,4.0
501,2025-09-04,CUST1068,Olivia Brown,Returning,Full Detail,Facebook,Charlotte,Port Charlotte,150,170.0,5.0,175.0,149,Cash,No Discount,5.0
502,2025-09-15,CUST0990,Liam Wilson,Returning,Basic Wash,Other,Charlotte,Punta Gorda,40,46.0,5.0,51.0,105,Venmo,SUMMER10,3.0
503,2025-06-09,CUST0714,Liam Martinez,Returning,Basic Wash,TikTok,Charlotte,Port Charlotte,40,35.0,0.0,35.0,160,Cash,SUMMER10,No Feedback
504,2025-12-06,CUST0976,Liam Taylor,New,Full Detail,Facebook,Sarasota,North Port,150,165.0,0.0,165.0,161,Cash,No Discount,No Feedback
505,2025-06-01,CUST0200,Sofia Smith,New,Basic Wash,TikTok,Charlotte,Punta Gorda,40,42.0,5.0,47.0,128,Card,No Discount,4.0
506,2025-06-27,CUST0898,Lewis Wilson,Returning,Premium Wash,Facebook,Sarasota,Venice,70,65.0,0.0,65.0,46,Card,SUMMER10,5.0
507,2025-06-12,CUST0927,Emma Martinez,New,Full Detail,Instagram,Sarasota,North Port,150,150.0,15.0,165.0,177,Card,VIP ,3.0
508,2025-02-02,CUST0654,Lewis Wilson,Returning,Full Detail,Youtube,Charlotte,Punta Gorda,150,150.0,5.0,155.0,99,Cash,No Discount,3.0
509,2025-06-28,CUST0138,Liam Martinez,Returning,Full Detail,Facebook,Sarasota,Sarasota,150,148.0,20.0,168.0,55,Cash App,SUMMER10,3.0
510,2025-04-11,CUST0615,Noah Wilson,Returning,Basic Wash,Youtube,Sarasota,Sarasota,40,40.0,10.0,50.0,133,Card,No Discount,5.0
511,2025-09-25,CUST0092,Ava Martinez,New,Interior Detail,Youtube,Charlotte,Port Charlotte,90,97.0,5.0,102.0,72,Cash,No Discount,5.0
512,2025-11-19,CUST0236,Alex Garcia,New,Basic Wash,Youtube,Charlotte,Port Charlotte,40,39.0,0.0,39.0,150,Cash App,VIP ,5.0
513,2025-03-06,CUST0047,Noah Wilson,Returning,Basic Wash,Youtube,Sarasota,Venice,40,42.0,0.0,42.0,30,Card,NEWCUSTOMER,5.0
514,2025-06-17,CUST0703,Lewis Smith,Returning,Ceramic Coating,Instagram,Charlotte,Punta Gorda,350,345.0,15.0,360.0,157,Venmo,No Discount,5.0
515,2025-11-26,CUST0224,Sofia Miller,Returning,Full Detail,Youtube,Charlotte,Port Charlotte,150,163.0,20.0,183.0,109,Card,VIP ,4.0
516,2025-02-12,CUST0337,Olivia Davis,New,Interior Detail,TikTok,Charlotte,Port Charlotte,90,90.0,15.0,105.0,111,Cash,VIP ,5.0
517,2025-02-13,CUST0500,John Smith,New,Premium Wash,Youtube,Sarasota,Sarasota,70,70.0,5.0,75.0,79,Cash,No Discount,5.0
518,2025-10-12,CUST1057,Lewis Davis,New,Interior Detail,Youtube,Sarasota,Venice,90,101.0,0.0,101.0,77,Cash,No Discount,5.0
519,2025-01-12,CUST0358,Ava Martinez,New,Basic Wash,TikTok,Sarasota,Venice,40,35.0,20.0,55.0,122,Cash,No Discount,4.0
520,2025-04-05,CUST1131,Ava Taylor,Returning,Interior Detail,Facebook,Charlotte,Port Charlotte,90,92.0,15.0,107.0,130,Cash,VIP ,3.0
521,2025-10-29,CUST0328,Olivia Davis,New,Basic Wash,TikTok,Sarasota,Sarasota,40,44.0,20.0,64.0,180,Zelle,NEWCUSTOMER,5.0
522,2025-09-10,CUST0678,Liam Miller,New,Ceramic Coating,Referral,Charlotte,Punta Gorda,350,385.0,5.0,390.0,131,Card,SUMMER10,5.0
523,2025-08-30,CUST1147,John Wilson,New,Basic Wash,Referral,Charlotte,Port Charlotte,40,46.0,15.0,61.0,108,Card,NEWCUSTOMER,No Feedback
524,2025-02-04,CUST0874,Sofia Wilson,New,Basic Wash,Referral,Charlotte,Punta Gorda,40,45.0,0.0,45.0,139,Cash,No Discount,4.0
525,2025-08-03,CUST0947,Liam Johnson,Returning,Interior Detail,Instagram,Sarasota,Venice,90,94.0,5.0,99.0,103,Card,No Discount,3.0
526,2025-12-03,CUST0475,Olivia Anderson,New,Full Detail,Referral,Sarasota,North Port,150,165.0,15.0,180.0,61,Cash,VIP ,3.0
527,2025-03-31,CUST0830,Alex Martinez,New,Basic Wash,Youtube,Charlotte,Port Charlotte,40,42.0,0.0,42.0,52,Zelle,VIP ,5.0
528,2025-09-21,CUST0378,Sofia Taylor,New,Basic Wash,Youtube,Charlotte,Port Charlotte,40,46.0,0.0,46.0,133,Cash,NEWCUSTOMER,5.0
529,2025-04-03,CUST0382,John Wilson,New,Full Detail,Youtube,Charlotte,Port Charlotte,150,150.0,0.0,150.0,124,Cash,NEWCUSTOMER,5.0
530,2025-03-31,CUST0886,Liam Johnson,New,Basic Wash,Referral,Sarasota,Sarasota,40,38.0,15.0,53.0,54,Card,SUMMER10,3.0
531,2025-04-25,CUST0811,John Johnson,Returning,Premium Wash,TikTok,Charlotte,Punta Gorda,70,70.0,10.0,80.0,167,Card,VIP ,4.0
532,2025-04-15,CUST0060,Lewis Davis,New,Ceramic Coating,TikTok,Charlotte,Punta Gorda,350,350.0,10.0,360.0,49,Cash,No Discount,4.0
533,2025-07-15,CUST0405,Ava Miller,New,Interior Detail,Instagram,Sarasota,North Port,90,99.0,0.0,99.0,111,Venmo,No Discount,5.0
534,2025-11-10,CUST0921,John Garcia,New,Ceramic Coating,Instagram,Sarasota,Sarasota,350,390.0,5.0,390.0,106,Cash,VIP ,4.0
535,2025-04-24,CUST0880,Lewis Brown,New,Full Detail,Facebook,Charlotte,Punta Gorda,150,150.0,15.0,165.0,133,Zelle,No Discount,5.0
536,2025-03-16,CUST0797,John Anderson,Returning,Premium Wash,Instagram,Sarasota,North Port,70,68.0,0.0,68.0,160,Zelle,VIP ,4.0
537,2025-08-05,CUST0010,Ava Garcia,New,Interior Detail,Instagram,Charlotte,Punta Gorda,90,97.0,15.0,112.0,133,Card,NEWCUSTOMER,4.0
538,2025-10-04,CUST0440,Ava Johnson,New,Interior Detail,Instagram,Sarasota,Venice,90,104.0,15.0,119.0,62,Card,No Discount,5.0
539,2025-09-06,CUST0422,Mary Smith,New,Basic Wash,Referral,Sarasota,Sarasota,40,46.0,20.0,66.0,30,Cash,No Discount,5.0
540,2025-06-13,CUST0571,Sofia Davis,New,Full Detail,Instagram,Sarasota,Sarasota,150,155.0,20.0,175.0,81,Card,VIP ,5.0
541,2025-12-23,CUST0129,Sofia Davis,New,Basic Wash,TikTok,Charlotte,Port Charlotte,40,39.0,15.0,54.0,147,Card,No Discount,4.0
542,2025-07-11,CUST1183,Olivia Davis,Returning,Premium Wash,Referral,Sarasota,Sarasota,70,77.0,20.0,97.0,81,Card,SUMMER10,4.0
543,2025-08-15,CUST0209,Liam Garcia,New,Premium Wash,Facebook,Sarasota,Venice,70,72.0,20.0,92.0,98,Cash,No Discount,4.0
544,2025-06-26,CUST1100,Liam Brown,Returning,Interior Detail,Youtube,Charlotte,Punta Gorda,90,88.0,5.0,103.0,172,Cash,NEWCUSTOMER,3.0
545,2025-04-09,CUST0383,Lewis Taylor,New,Interior Detail,Youtube,Sarasota,North Port,90,95.0,5.0,100.0,138,Cash App,SUMMER10,No Feedback
546,2025-02-05,CUST0750,Liam Martinez,New,Basic Wash,Instagram,Charlotte,Port Charlotte,40,40.0,10.0,50.0,121,Card,SUMMER10,5.0
547,2025-04-06,CUST0668,Liam Wilson,Returning,Full Detail,TikTok,Charlotte,Port Charlotte,150,152.0,0.0,152.0,48,Card,No Discount,No Feedback
548,2025-06-01,CUST0404,Mary Johnson,New,Premium Wash,Youtube,Sarasota,Venice,70,65.0,0.0,65.0,117,Venmo,NEWCUSTOMER,3.0
549,2025-05-31,CUST0938,Mary Anderson,Returning,Full Detail,Referral,Sarasota,Sarasota,150,148.0,5.0,153.0,135,Card,NEWCUSTOMER,5.0
550,2025-07-09,CUST0234,Alex Miller,Returning,Ceramic Coating,Youtube,Sarasota,Sarasota,350,380.0,0.0,380.0,100,Cash,VIP ,5.0
551,2025-08-12,CUST0538,Lewis Davis,New,Basic Wash,Youtube,Sarasota,North Port,40,49.0,5.0,54.0,82,Cash App,No Discount,No Feedback
552,2025-02-06,CUST1003,Alex Davis,New,Basic Wash,TikTok,Charlotte,Punta Gorda,40,35.0,0.0,35.0,70,Cash,No Discount,5.0
553,2025-09-25,CUST1081,Liam Taylor,New,Ceramic Coating,Facebook,Sarasota,Sarasota,350,385.0,0.0,385.0,145,Cash,SUMMER10,3.0
554,2025-07-02,CUST0642,Olivia Johnson,New,Premium Wash,TikTok,Charlotte,Port Charlotte,70,77.0,10.0,87.0,105,Cash,VIP ,3.0
555,2025-01-13,CUST0796,Alex Miller,Returning,Basic Wash,Youtube,Charlotte,Punta Gorda,40,42.0,15.0,57.0,76,Zelle,NEWCUSTOMER,5.0
556,2025-10-06,CUST0804,Sofia Brown,New,Premium Wash,Facebook,Sarasota,North Port,70,75.0,10.0,85.0,41,Cash App,VIP ,4.0
557,2025-08-05,CUST0234,John Smith,Returning,Premium Wash,Youtube,Sarasota,Sarasota,70,82.0,5.0,87.0,100,Venmo,VIP ,5.0
558,2025-12-21,CUST0713,Olivia Anderson,Returning,Basic Wash,Youtube,Charlotte,Port Charlotte,40,49.0,10.0,59.0,78,Card,No Discount,5.0
559,2025-12-27,CUST0721,Alex Taylor,New,Interior Detail,TikTok,Charlotte,Punta Gorda,90,99.0,0.0,99.0,70,Zelle,NEWCUSTOMER,3.0
560,2025-10-13,CUST0938,Noah Wilson,Returning,Interior Detail,Referral,Sarasota,Sarasota,90,99.0,0.0,99.0,150,Cash,NEWCUSTOMER,3.0
561,2025-09-30,CUST0354,Noah Brown,New,Full Detail,TikTok,Charlotte,Port Charlotte,150,165.0,0.0,165.0,174,Zelle,No Discount,5.0
562,2025-03-03,CUST0610,Noah Taylor,New,Full Detail,TikTok,Charlotte,Punta Gorda,150,145.0,0.0,145.0,134,Zelle,SUMMER10,5.0
563,2025-03-25,CUST0174,Mary Davis,Returning,Premium Wash,Unknown,Sarasota,North Port,70,65.0,5.0,70.0,45,Venmo,NEWCUSTOMER,5.0
564,2025-08-05,CUST0275,Sofia Davis,Returning,Ceramic Coating,TikTok,Charlotte,Punta Gorda,350,385.0,0.0,385.0,157,Venmo,No Discount,3.0
565,2025-12-08,CUST0642,Lewis Davis,Returning,Premium Wash,TikTok,Charlotte,Port Charlotte,70,79.0,20.0,99.0,176,Card,No Discount,No Feedback
566,2025-07-06,CUST0242,Lewis Davis,New,Interior Detail,Referral,Sarasota,North Port,90,94.0,0.0,94.0,148,Card,No Discount,4.0
567,2025-01-19,CUST0489,Olivia Davis,New,Interior Detail,Facebook,Charlotte,Port Charlotte,90,88.0,20.0,108.0,35,Cash,No Discount,5.0
568,2025-06-26,CUST0626,Liam Brown,New,Interior Detail,Referral,Sarasota,Venice,90,88.0,20.0,108.0,172,Card,VIP ,3.0
569,2025-04-10,CUST0240,Emma Miller,New,Interior Detail,TikTok,Charlotte,Port Charlotte,90,88.0,0.0,88.0,82,Card,NEWCUSTOMER,5.0
570,2025-08-21,CUST0375,Ava Miller,New,Ceramic Coating,Youtube,Sarasota,Venice,350,385.0,15.0,400.0,61,Zelle,No Discount,5.0
571,2025-03-17,CUST0765,Noah Johnson,Returning,Basic Wash,Unknown,Charlotte,Punta Gorda,40,35.0,10.0,45.0,159,Zelle,SUMMER10,4.0
572,2025-09-22,CUST0290,Mary Anderson,New,Basic Wash,TikTok,Sarasota,North Port,40,46.0,5.0,51.0,57,Venmo,NEWCUSTOMER,4.0
573,2025-10-11,CUST1047,Ava Martinez,New,Full Detail,Referral,Sarasota,Venice,150,160.0,10.0,170.0,84,Cash,No Discount,4.0
574,2025-07-25,CUST0796,John Taylor,Returning,Premium Wash,Youtube,Charlotte,Punta Gorda,70,77.0,10.0,87.0,165,Venmo,SUMMER10,4.0
575,2025-08-11,CUST0857,Lewis Smith,Returning,Interior Detail,Instagram,Sarasota,North Port,90,99.0,0.0,99.0,137,Cash App,VIP ,5.0
576,2025-02-21,CUST0283,John Anderson,New,Premium Wash,Facebook,Sarasota,North Port,70,70.0,10.0,80.0,131,Cash,No Discount,4.0
577,2025-12-05,CUST1178,John Davis,New,Interior Detail,Facebook,Charlotte,Port Charlotte,90,99.0,15.0,114.0,131,Cash App,SUMMER10,5.0
578,2025-05-24,CUST0786,Ava Johnson,New,Full Detail,Instagram,Charlotte,Port Charlotte,150,152.0,0.0,152.0,170,Cash App,SUMMER10,4.0
579,2025-03-10,CUST0867,Liam Wilson,Returning,Basic Wash,TikTok,Sarasota,Sarasota,40,38.0,15.0,53.0,107,Card,No Discount,5.0
580,2025-04-09,CUST0381,Emma Wilson,Returning,Ceramic Coating,Referral,Sarasota,North Port,350,355.0,0.0,355.0,61,Cash App,No Discount,5.0
581,2025-01-25,CUST0997,Alex Davis,New,Basic Wash,Referral,Charlotte,Punta Gorda,40,45.0,5.0,50.0,145,Cash App,NEWCUSTOMER,3.0
582,2025-02-22,CUST1101,Emma Taylor,Returning,Basic Wash,Unknown,Sarasota,North Port,40,42.0,0.0,42.0,105,Cash App,NEWCUSTOMER,3.0
583,2025-05-31,CUST0355,Lewis Brown,New,Premium Wash,Referral,Sarasota,North Port,70,68.0,0.0,68.0,57,Cash,NEWCUSTOMER,5.0
584,2025-05-24,CUST1137,Alex Miller,Returning,Full Detail,Referral,Sarasota,Sarasota,150,150.0,20.0,170.0,37,Zelle,VIP ,4.0
585,2025-02-26,CUST0342,Noah Johnson,New,Ceramic Coating,Referral,Sarasota,Sarasota,350,345.0,0.0,345.0,102,Cash App,NEWCUSTOMER,4.0
586,2025-02-08,CUST1003,Noah Taylor,Returning,Full Detail,TikTok,Charlotte,Punta Gorda,150,155.0,0.0,155.0,98,Card,SUMMER10,3.0
587,2025-04-19,CUST0592,Mary Garcia,New,Premium Wash,Referral,Charlotte,Port Charlotte,70,72.0,15.0,87.0,110,Venmo,No Discount,4.0
588,2025-06-30,CUST0288,Liam Davis,New,Premium Wash,Facebook,Sarasota,Venice,70,70.0,0.0,70.0,87,Cash,SUMMER10,5.0
589,2025-02-11,CUST0384,John Taylor,Returning,Basic Wash,Youtube,Sarasota,Venice,40,35.0,10.0,45.0,46,Card,No Discount,3.0
590,2025-07-05,CUST0645,John Martinez,Returning,Ceramic Coating,TikTok,Charlotte,Punta Gorda,350,385.0,20.0,405.0,135,Cash App,No Discount,5.0
591,2025-08-11,CUST0924,Emma Smith,New,Full Detail,Referral,Charlotte,Port Charlotte,150,165.0,15.0,180.0,63,Venmo,No Discount,5.0
592,2025-05-02,CUST0110,Liam Garcia,Returning,Interior Detail,TikTok,Charlotte,Port Charlotte,90,85.0,15.0,100.0,131,Card,No Discount,No Feedback
593,2025-05-13,CUST0736,Olivia Smith,Returning,Full Detail,Instagram,Charlotte,Port Charlotte,150,145.0,15.0,160.0,149,Venmo,No Discount,5.0
594,2025-06-12,CUST0020,Emma Davis,Returning,Premium Wash,Instagram,Sarasota,North Port,70,70.0,15.0,85.0,156,Card,No Discount,3.0
595,2025-08-03,CUST0993,John Johnson,New,Basic Wash,Referral,Sarasota,Sarasota,40,42.0,5.0,47.0,131,Card,No Discount,3.0
596,2025-08-09,CUST0280,Alex Brown,New,Full Detail,TikTok,Sarasota,Venice,150,170.0,20.0,190.0,157,Cash,No Discount,3.0
597,2025-08-23,CUST0400,Olivia Taylor,New,Premium Wash,TikTok,Sarasota,Sarasota,70,79.0,5.0,84.0,169,Card,SUMMER10,No Feedback
598,2025-11-27,CUST0787,Olivia Smith,Returning,Full Detail,Instagram,Sarasota,North Port,150,160.0,0.0,160.0,116,Venmo,VIP ,3.0
599,2025-05-26,CUST1151,John Martinez,New,Full Detail,Youtube,Sarasota,Venice,150,148.0,15.0,163.0,133,Cash,NEWCUSTOMER,5.0
600,2025-08-27,CUST1036,Mary Garcia,Returning,Interior Detail,Referral,Sarasota,North Port,90,94.0,15.0,109.0,115,Zelle,No Discount,4.0
601,2025-03-17,CUST1014,Lewis Miller,New,Ceramic Coating,Facebook,Sarasota,North Port,350,345.0,15.0,360.0,172,Zelle,NEWCUSTOMER,3.0
602,2025-01-09,CUST0838,Noah Taylor,Returning,Ceramic Coating,TikTok,Sarasota,Venice,350,355.0,20.0,375.0,88,Cash App,No Discount,3.0
603,2025-03-15,CUST1008,Liam Anderson,New,Basic Wash,Youtube,Charlotte,Port Charlotte,40,40.0,10.0,50.0,118,Venmo,No Discount,No Feedback
604,2025-09-10,CUST0852,Olivia Garcia,Returning,Ceramic Coating,TikTok,Charlotte,Punta Gorda,350,390.0,0.0,390.0,77,Venmo,No Discount,3.0
605,2025-08-18,CUST0910,Alex Brown,New,Ceramic Coating,Instagram,Sarasota,North Port,350,387.0,15.0,402.0,141,Zelle,NEWCUSTOMER,4.0
606,2025-01-07,CUST1001,John Martinez,Returning,Premium Wash,Referral,Sarasota,North Port,70,70.0,20.0,90.0,43,Cash,VIP ,4.0
607,2025-06-23,CUST0343,Noah Wilson,Returning,Interior Detail,Youtube,Charlotte,Punta Gorda,90,90.0,0.0,90.0,94,Cash,No Discount,3.0
608,2025-05-21,CUST0170,Mary Martinez,Returning,Full Detail,Referral,Sarasota,North Port,150,148.0,15.0,163.0,79,Card,No Discount,3.0
609,2025-06-17,CUST1158,Ava Miller,Returning,Full Detail,Referral,Sarasota,North Port,150,148.0,0.0,148.0,177,Card,No Discount,4.0
610,2025-06-19,CUST0064,Liam Garcia,New,Interior Detail,Youtube,Charlotte,Punta Gorda,90,90.0,20.0,110.0,36,Venmo,NEWCUSTOMER,4.0
611,2025-10-10,CUST0452,Mary Wilson,New,Ceramic Coating,Instagram,Sarasota,Venice,350,380.0,15.0,395.0,161,Cash,No Discount,5.0
612,2025-05-02,CUST0599,Mary Martinez,New,Interior Detail,Youtube,Charlotte,Port Charlotte,90,85.0,5.0,90.0,113,Card,No Discount,4.0
613,2025-07-13,CUST0067,John Taylor,New,Premium Wash,Youtube,Sarasota,Sarasota,70,77.0,5.0,82.0,144,Venmo,No Discount,5.0
614,2025-01-05,CUST0563,Ava Anderson,Returning,Full Detail,Unknown,Sarasota,North Port,150,152.0,0.0,152.0,165,Zelle,No Discount,No Feedback
615,2025-01-29,CUST0461,Noah Davis,New,Full Detail,TikTok,Sarasota,North Port,150,148.0,5.0,153.0,65,Card,NEWCUSTOMER,3.0
616,2025-06-14,CUST1102,Emma Taylor,Returning,Ceramic Coating,Referral,Charlotte,Port Charlotte,350,350.0,15.0,365.0,101,Card,No Discount,No Feedback
617,2025-12-05,CUST0592,John Smith,Returning,Full Detail,Referral,Charlotte,Port Charlotte,150,165.0,0.0,165.0,36,Venmo,No Discount,5.0
618,2025-05-16,CUST0345,Emma Martinez,Returning,Interior Detail,Instagram,Charlotte,Punta Gorda,90,90.0,0.0,90.0,47,Cash,NEWCUSTOMER,5.0
619,2025-12-31,CUST0937,Sofia Davis,New,Full Detail,Youtube,Charlotte,Port Charlotte,150,167.0,0.0,167.0,155,Cash App,SUMMER10,4.0
620,2025-11-17,CUST1159,Sofia Brown,Returning,Interior Detail,Instagram,Charlotte,Port Charlotte,90,99.0,0.0,99.0,83,Zelle,No Discount,3.0
621,2025-12-08,CUST1015,John Johnson,New,Ceramic Coating,Youtube,Sarasota,North Port,350,380.0,10.0,390.0,45,Card,SUMMER10,No Feedback
622,2025-05-25,CUST1126,Emma Wilson,New,Basic Wash,Facebook,Sarasota,Sarasota,40,45.0,0.0,45.0,146,Card,No Discount,5.0
623,2025-11-23,CUST1047,Olivia Davis,Returning,Premium Wash,Referral,Sarasota,Venice,70,79.0,15.0,94.0,53,Zelle,No Discount,No Feedback
624,2025-08-05,CUST0232,Sofia Taylor,Returning,Full Detail,TikTok,Sarasota,Sarasota,150,170.0,0.0,170.0,85,Zelle,No Discount,4.0
625,2025-10-28,CUST1173,Ava Johnson,New,Premium Wash,Referral,Sarasota,North Port,70,72.0,5.0,77.0,139,Card,No Discount,No Feedback
626,2025-05-12,CUST0234,Mary Wilson,Returning,Interior Detail,Youtube,Sarasota,Sarasota,90,92.0,5.0,97.0,108,Cash App,SUMMER10,4.0
627,2025-10-19,CUST0549,Mary Brown,Returning,Interior Detail,TikTok,Sarasota,North Port,90,101.0,15.0,116.0,157,Zelle,NEWCUSTOMER,No Feedback
628,2025-03-11,CUST1113,Emma Brown,Returning,Ceramic Coating,TikTok,Sarasota,North Port,350,350.0,0.0,350.0,58,Zelle,NEWCUSTOMER,4.0
629,2025-09-09,CUST0752,Lewis Anderson,New,Ceramic Coating,Facebook,Sarasota,North Port,350,383.0,0.0,383.0,74,Zelle,VIP ,5.0
630,2025-10-02,CUST1111,Liam Davis,Returning,Ceramic Coating,Instagram,Charlotte,Punta Gorda,350,385.0,0.0,385.0,77,Venmo,No Discount,No Feedback
631,2025-12-30,CUST0086,Alex Miller,New,Interior Detail,Facebook,Sarasota,Venice,90,94.0,0.0,94.0,147,Zelle,No Discount,4.0
632,2025-07-01,CUST0904,Liam Miller,New,Interior Detail,Referral,Charlotte,Port Charlotte,90,97.0,5.0,102.0,152,Zelle,No Discount,No Feedback
633,2025-06-16,CUST1119,Alex Johnson,New,Premium Wash,Facebook,Charlotte,Punta Gorda,70,70.0,20.0,90.0,42,Card,No Discount,5.0
634,2025-04-01,CUST0448,Alex Brown,Returning,Basic Wash,Instagram,Charlotte,Punta Gorda,40,35.0,10.0,45.0,127,Cash,NEWCUSTOMER,5.0
635,2025-07-21,CUST0871,Ava Miller,New,Ceramic Coating,TikTok,Charlotte,Punta Gorda,350,390.0,0.0,390.0,84,Cash,No Discount,4.0
636,2025-12-12,CUST0210,John Anderson,Returning,Interior Detail,TikTok,Sarasota,North Port,90,97.0,0.0,97.0,55,Cash,VIP ,4.0
637,2025-01-19,CUST0507,Emma Davis,Returning,Premium Wash,Referral,Charlotte,Port Charlotte,70,65.0,20.0,85.0,79,Venmo,VIP ,4.0
638,2025-02-08,CUST0610,Alex Garcia,Returning,Basic Wash,TikTok,Charlotte,Punta Gorda,40,35.0,10.0,45.0,88,Cash,No Discount,5.0
639,2025-05-06,CUST0067,Noah Johnson,Returning,Premium Wash,Youtube,Sarasota,Sarasota,70,65.0,10.0,75.0,66,Zelle,No Discount,5.0
640,2025-06-22,CUST0922,Alex Brown,Returning,Full Detail,Youtube,Sarasota,North Port,150,150.0,10.0,160.0,35,Zelle,VIP ,5.0
641,2025-05-21,CUST0539,John Johnson,New,Premium Wash,TikTok,Sarasota,Venice,70,75.0,0.0,75.0,103,Zelle,No Discount,5.0
642,2025-08-30,CUST0714,Emma Martinez,Returning,Ceramic Coating,TikTok,Charlotte,Port Charlotte,350,380.0,10.0,390.0,124,Cash,No Discount,3.0
643,2025-08-08,CUST0179,John Miller,Returning,Ceramic Coating,Youtube,Sarasota,Venice,350,380.0,15.0,395.0,60,Venmo,VIP ,5.0
644,2025-05-06,CUST0900,Emma Wilson,New,Ceramic Coating,Instagram,Sarasota,North Port,350,345.0,0.0,345.0,162,Card,NEWCUSTOMER,No Feedback
645,2025-02-27,CUST0241,Emma Johnson,Returning,Premium Wash,Facebook,Charlotte,Punta Gorda,70,65.0,20.0,85.0,148,Venmo,No Discount,5.0
646,2025-05-28,CUST0486,Liam Anderson,Returning,Basic Wash,Unknown,Sarasota,Sarasota,40,42.0,0.0,42.0,141,Card,SUMMER10,4.0
647,2025-11-13,CUST0430,Lewis Davis,Returning,Premium Wash,TikTok,Sarasota,North Port,70,79.0,0.0,79.0,133,Cash,No Discount,4.0
648,2025-12-27,CUST0719,Emma Taylor,New,Full Detail,TikTok,Sarasota,Sarasota,150,165.0,0.0,165.0,138,Venmo,No Discount,4.0
649,2025-01-01,CUST0877,Ava Garcia,New,Ceramic Coating,Facebook,Sarasota,North Port,350,348.0,15.0,363.0,169,Cash,No Discount,5.0
650,2025-12-14,CUST0340,Olivia Miller,New,Ceramic Coating,Instagram,Sarasota,North Port,350,385.0,15.0,400.0,131,Cash,No Discount,3.0
651,2025-07-09,CUST0286,John Wilson,Returning,Basic Wash,Facebook,Sarasota,Venice,40,42.0,10.0,52.0,85,Zelle,No Discount,4.0
652,2025-07-10,CUST0424,John Johnson,Returning,Ceramic Coating,Youtube,Sarasota,Sarasota,350,387.0,15.0,402.0,59,Venmo,No Discount,4.0
653,2025-11-08,CUST0424,John Garcia,Returning,Basic Wash,Youtube,Sarasota,Sarasota,40,39.0,0.0,39.0,135,Venmo,NEWCUSTOMER,5.0
654,2025-04-27,CUST0122,Liam Anderson,New,Premium Wash,Youtube,Charlotte,Port Charlotte,70,65.0,10.0,75.0,51,Zelle,No Discount,5.0
655,2025-05-14,CUST1168,Emma Anderson,New,Ceramic Coating,Other,Sarasota,North Port,350,348.0,0.0,348.0,71,Cash App,No Discount,4.0
656,2025-02-27,CUST0719,Olivia Johnson,Returning,Ceramic Coating,TikTok,Sarasota,Sarasota,350,345.0,10.0,355.0,137,Venmo,No Discount,4.0
657,2025-02-13,CUST1091,Noah Anderson,New,Ceramic Coating,Facebook,Charlotte,Port Charlotte,350,350.0,15.0,365.0,72,Card,SUMMER10,No Feedback
658,2025-06-22,CUST0576,Lewis Johnson,New,Ceramic Coating,Youtube,Charlotte,Port Charlotte,350,350.0,20.0,370.0,88,Cash,No Discount,5.0
659,2025-06-09,CUST1104,Olivia Taylor,New,Interior Detail,Youtube,Charlotte,Punta Gorda,90,95.0,5.0,100.0,126,Cash App,VIP ,5.0
660,2025-06-22,CUST0345,Ava Davis,Returning,Full Detail,Instagram,Charlotte,Punta Gorda,150,152.0,20.0,172.0,93,Card,SUMMER10,4.0
661,2025-11-13,CUST0663,Liam Brown,New,Ceramic Coating,Instagram,Sarasota,Sarasota,350,383.0,5.0,388.0,134,Zelle,NEWCUSTOMER,3.0
662,2025-10-30,CUST0600,Liam Wilson,New,Premium Wash,Instagram,Sarasota,Venice,70,77.0,10.0,87.0,131,Zelle,No Discount,5.0
663,2025-05-29,CUST0593,Noah Johnson,Returning,Interior Detail,Youtube,Sarasota,Sarasota,90,95.0,0.0,95.0,71,Card,SUMMER10,No Feedback
664,2025-03-21,CUST1173,Lewis Garcia,Returning,Full Detail,Referral,Sarasota,North Port,150,150.0,0.0,150.0,35,Card,No Discount,4.0
665,2025-08-01,CUST0548,Mary Anderson,Returning,Full Detail,TikTok,Sarasota,North Port,150,160.0,20.0,180.0,150,Cash App,No Discount,4.0
666,2025-07-22,CUST1054,Mary Wilson,New,Full Detail,Facebook,Sarasota,Sarasota,150,167.0,0.0,167.0,67,Cash,NEWCUSTOMER,4.0
667,2025-09-09,CUST0196,Ava Davis,Returning,Ceramic Coating,Youtube,Sarasota,Sarasota,350,385.0,15.0,400.0,167,Zelle,NEWCUSTOMER,5.0
668,2025-08-17,CUST0278,Ava Brown,Returning,Interior Detail,Youtube,Sarasota,Venice,90,104.0,0.0,104.0,42,Zelle,VIP ,5.0
669,2025-06-13,CUST0843,Noah Smith,Returning,Interior Detail,Instagram,Charlotte,Punta Gorda,90,85.0,10.0,95.0,48,Venmo,NEWCUSTOMER,5.0
670,2025-08-15,CUST0122,Emma Taylor,Returning,Basic Wash,Youtube,Charlotte,Port Charlotte,40,46.0,5.0,51.0,178,Cash,SUMMER10,4.0
671,2025-05-27,CUST0568,Lewis Anderson,New,Basic Wash,Other,Sarasota,Venice,40,40.0,10.0,50.0,126,Cash,SUMMER10,No Feedback
672,2025-01-20,CUST0260,John Taylor,New,Interior Detail,TikTok,Charlotte,Port Charlotte,90,90.0,5.0,95.0,143,Venmo,No Discount,3.0
673,2025-02-16,CUST0272,Alex Davis,Returning,Interior Detail,Referral,Charlotte,Punta Gorda,90,90.0,0.0,90.0,127,Cash App,No Discount,No Feedback
674,2025-08-21,CUST0512,Lewis Brown,New,Premium Wash,Instagram,Sarasota,North Port,70,75.0,0.0,75.0,60,Cash,SUMMER10,5.0
675,2025-11-01,CUST0300,Liam Garcia,New,Interior Detail,Referral,Charlotte,Punta Gorda,90,104.0,0.0,104.0,55,Venmo,NEWCUSTOMER,4.0
676,2025-01-14,CUST0660,Sofia Johnson,New,Full Detail,Referral,Sarasota,North Port,150,155.0,15.0,170.0,156,Zelle,NEWCUSTOMER,5.0
677,2025-05-23,CUST0507,Mary Brown,Returning,Interior Detail,Referral,Charlotte,Port Charlotte,90,88.0,0.0,88.0,138,Card,NEWCUSTOMER,5.0
678,2025-01-01,CUST0805,Emma Garcia,Returning,Full Detail,Youtube,Charlotte,Port Charlotte,150,152.0,20.0,172.0,119,Card,No Discount,5.0
679,2025-02-23,CUST1003,Emma Garcia,Returning,Basic Wash,TikTok,Charlotte,Punta Gorda,40,35.0,5.0,40.0,139,Cash,No Discount,4.0
680,2025-09-16,CUST0292,Mary Wilson,New,Interior Detail,TikTok,Sarasota,Sarasota,90,101.0,20.0,121.0,155,Venmo,SUMMER10,3.0
681,2025-05-24,CUST1183,John Anderson,Returning,Premium Wash,Referral,Sarasota,Sarasota,70,65.0,5.0,70.0,151,Venmo,No Discount,No Feedback
682,2025-01-12,CUST0551,Lewis Taylor,Returning,Interior Detail,Youtube,Charlotte,Punta Gorda,90,95.0,15.0,110.0,169,Card,No Discount,5.0
683,2025-11-26,CUST0849,Mary Davis,New,Full Detail,Facebook,Charlotte,Port Charlotte,150,165.0,5.0,170.0,159,Card,No Discount,3.0
684,2025-08-12,CUST0769,Liam Johnson,Returning,Basic Wash,TikTok,Charlotte,Port Charlotte,40,44.0,10.0,54.0,85,Cash App,VIP ,No Feedback
685,2025-09-29,CUST0926,Ava Davis,New,Ceramic Coating,Youtube,Charlotte,Port Charlotte,350,390.0,15.0,405.0,128,Zelle,NEWCUSTOMER,3.0
686,2025-12-24,CUST0155,Alex Garcia,New,Full Detail,Youtube,Sarasota,North Port,150,160.0,10.0,170.0,100,Card,No Discount,No Feedback
687,2025-06-05,CUST0191,Alex Anderson,Returning,Premium Wash,Referral,Sarasota,Sarasota,70,72.0,15.0,87.0,87,Card,NEWCUSTOMER,4.0
688,2025-01-08,CUST0826,John Taylor,New,Ceramic Coating,Facebook,Charlotte,Port Charlotte,350,348.0,5.0,363.0,74,Card,No Discount,3.0
689,2025-05-02,CUST1056,John Anderson,New,Full Detail,Youtube,Charlotte,Punta Gorda,150,150.0,0.0,150.0,127,Zelle,VIP ,5.0
690,2025-12-14,CUST0570,Sofia Anderson,New,Interior Detail,Youtube,Sarasota,Venice,90,99.0,5.0,104.0,53,Card,VIP ,5.0
691,2025-06-13,CUST0756,Ava Martinez,New,Premium Wash,Facebook,Sarasota,North Port,70,68.0,5.0,73.0,110,Venmo,No Discount,4.0
692,2025-03-31,CUST0932,Mary Martinez,New,Interior Detail,Facebook,Sarasota,Sarasota,90,95.0,10.0,105.0,180,Cash App,No Discount,4.0
693,2025-05-16,CUST1000,Lewis Smith,Returning,Interior Detail,Instagram,Sarasota,Sarasota,90,85.0,20.0,105.0,53,Zelle,No Discount,5.0
694,2025-07-05,CUST0671,Liam Miller,New,Interior Detail,Youtube,Sarasota,North Port,90,101.0,10.0,111.0,79,Zelle,No Discount,4.0
695,2025-11-12,CUST1192,Ava Johnson,New,Ceramic Coating,Referral,Charlotte,Port Charlotte,350,385.0,15.0,400.0,172,Zelle,VIP ,3.0
696,2025-06-27,CUST0006,Ava Miller,New,Basic Wash,TikTok,Sarasota,Sarasota,40,42.0,10.0,52.0,146,Cash,No Discount,5.0
697,2025-01-28,CUST0191,John Taylor,Returning,Full Detail,Referral,Sarasota,Sarasota,150,145.0,0.0,145.0,107,Card,No Discount,3.0
698,2025-08-08,CUST0939,Alex Johnson,New,Premium Wash,Referral,Sarasota,Venice,70,77.0,10.0,87.0,105,Zelle,VIP ,3.0
699,2025-12-23,CUST0734,Emma Anderson,New,Premium Wash,Referral,Sarasota,North Port,70,75.0,15.0,90.0,66,Cash,SUMMER10,4.0
700,2025-02-10,CUST0130,John Martinez,Returning,Ceramic Coating,Facebook,Charlotte,Port Charlotte,350,350.0,5.0,355.0,105,Venmo,NEWCUSTOMER,4.0
701,2025-08-16,CUST1095,Emma Davis,Returning,Basic Wash,Facebook,Charlotte,Punta Gorda,40,39.0,0.0,39.0,132,Cash,SUMMER10,No Feedback
702,2025-07-11,CUST0815,Liam Anderson,New,Interior Detail,Youtube,Charlotte,Port Charlotte,90,94.0,0.0,94.0,44,Card,VIP ,4.0
703,2025-05-25,CUST0447,Liam Smith,Returning,Basic Wash,TikTok,Charlotte,Port Charlotte,40,40.0,0.0,40.0,46,Cash,NEWCUSTOMER,4.0
704,2025-07-20,CUST0880,Emma Miller,Returning,Premium Wash,Facebook,Charlotte,Punta Gorda,70,77.0,20.0,97.0,50,Cash,NEWCUSTOMER,5.0
705,2025-07-31,CUST0434,Lewis Anderson,Returning,Interior Detail,Facebook,Sarasota,North Port,90,104.0,15.0,119.0,52,Card,VIP ,3.0
706,2025-08-08,CUST1014,Mary Davis,Returning,Interior Detail,Facebook,Sarasota,North Port,90,97.0,5.0,102.0,95,Cash,NEWCUSTOMER,4.0
707,2025-08-28,CUST0550,Emma Anderson,Returning,Basic Wash,Instagram,Charlotte,Port Charlotte,40,44.0,0.0,44.0,115,Zelle,SUMMER10,5.0
708,2025-02-15,CUST0662,Noah Anderson,New,Interior Detail,Referral,Charlotte,Port Charlotte,90,92.0,5.0,97.0,91,Cash,No Discount,5.0
709,2025-02-04,CUST0581,Lewis Brown,New,Interior Detail,Facebook,Sarasota,North Port,90,92.0,0.0,92.0,158,Venmo,No Discount,3.0
710,2025-09-10,CUST0692,John Davis,Returning,Interior Detail,TikTok,Charlotte,Punta Gorda,90,94.0,10.0,104.0,144,Cash,NEWCUSTOMER,4.0
711,2025-03-23,CUST1121,Olivia Garcia,New,Ceramic Coating,Youtube,Sarasota,Venice,350,350.0,0.0,350.0,113,Cash,VIP ,5.0
712,2025-09-13,CUST1184,Lewis Wilson,New,Basic Wash,Referral,Charlotte,Port Charlotte,40,46.0,0.0,46.0,34,Cash,No Discount,4.0
713,2025-07-16,CUST0268,Alex Brown,New,Basic Wash,Instagram,Charlotte,Punta Gorda,40,49.0,0.0,49.0,75,Card,NEWCUSTOMER,5.0
714,2025-10-30,CUST1160,Emma Taylor,New,Basic Wash,Instagram,Sarasota,Venice,40,44.0,20.0,64.0,84,Cash,VIP ,5.0
715,2025-01-10,CUST0994,Ava Martinez,New,Premium Wash,Referral,Sarasota,Venice,70,70.0,0.0,70.0,170,Cash,No Discount,4.0
716,2025-11-08,CUST0704,Lewis Martinez,New,Basic Wash,Facebook,Charlotte,Port Charlotte,40,42.0,0.0,42.0,178,Cash,No Discount,5.0
717,2025-10-13,CUST0100,Alex Anderson,Returning,Premium Wash,Facebook,Sarasota,Sarasota,70,82.0,15.0,97.0,116,Card,No Discount,3.0
718,2025-08-30,CUST0095,Noah Taylor,New,Ceramic Coating,Instagram,Sarasota,Venice,350,387.0,20.0,407.0,33,Venmo,NEWCUSTOMER,5.0
719,2025-09-08,CUST0204,Sofia Taylor,New,Ceramic Coating,Unknown,Sarasota,North Port,350,385.0,20.0,405.0,62,Card,NEWCUSTOMER,5.0
720,2025-12-31,CUST0942,Emma Smith,New,Interior Detail,Instagram,Charlotte,Punta Gorda,90,99.0,0.0,99.0,32,Cash,No Discount,5.0
721,2025-01-05,CUST0034,Alex Miller,Returning,Basic Wash,Facebook,Sarasota,North Port,40,45.0,20.0,65.0,77,Card,No Discount,3.0
722,2025-04-29,CUST0255,Liam Davis,New,Interior Detail,Youtube,Sarasota,Venice,90,88.0,20.0,108.0,31,Card,No Discount,3.0
723,2025-10-16,CUST0324,Olivia Martinez,New,Full Detail,Instagram,Sarasota,Venice,150,165.0,15.0,180.0,174,Venmo,No Discount,3.0
724,2025-03-06,CUST0904,Alex Wilson,Returning,Full Detail,Referral,Charlotte,Port Charlotte,150,155.0,0.0,155.0,75,Card,NEWCUSTOMER,No Feedback
725,2025-05-26,CUST0935,Liam Smith,New,Basic Wash,Facebook,Sarasota,Sarasota,40,40.0,0.0,40.0,71,Card,SUMMER10,No Feedback
726,2025-08-12,CUST0002,Emma Taylor,New,Ceramic Coating,Youtube,Sarasota,Venice,350,387.0,20.0,407.0,155,Cash,No Discount,5.0
727,2025-08-27,CUST0877,Alex Johnson,Returning,Ceramic Coating,Facebook,Sarasota,North Port,350,390.0,20.0,410.0,148,Zelle,NEWCUSTOMER,4.0
728,2025-06-26,CUST0415,Liam Taylor,New,Basic Wash,Referral,Charlotte,Punta Gorda,40,42.0,15.0,57.0,126,Card,NEWCUSTOMER,5.0
729,2025-09-24,CUST0271,Sofia Taylor,New,Premium Wash,TikTok,Charlotte,Punta Gorda,70,72.0,0.0,72.0,43,Zelle,No Discount,3.0
730,2025-12-07,CUST0619,Liam Johnson,Returning,Interior Detail,Facebook,Sarasota,Sarasota,90,104.0,20.0,124.0,84,Cash,No Discount,5.0
731,2025-10-09,CUST0326,Alex Wilson,New,Basic Wash,Referral,Sarasota,Venice,40,44.0,0.0,44.0,68,Card,No Discount,5.0
732,2025-03-04,CUST0562,Sofia Smith,New,Interior Detail,Youtube,Sarasota,Sarasota,90,85.0,5.0,90.0,134,Venmo,No Discount,4.0
733,2025-08-05,CUST0192,John Brown,Returning,Ceramic Coating,Youtube,Charlotte,Punta Gorda,350,387.0,0.0,387.0,87,Cash,SUMMER10,5.0
734,2025-12-08,CUST0739,John Garcia,Returning,Ceramic Coating,Referral,Charlotte,Port Charlotte,350,390.0,0.0,390.0,165,Venmo,VIP ,5.0
735,2025-11-11,CUST0513,Emma Davis,New,Full Detail,TikTok,Charlotte,Port Charlotte,150,165.0,15.0,180.0,33,Card,SUMMER10,5.0
736,2025-10-10,CUST0169,Emma Smith,Returning,Basic Wash,Facebook,Charlotte,Port Charlotte,40,46.0,10.0,56.0,161,Zelle,No Discount,4.0
737,2025-06-26,CUST0762,Emma Smith,New,Ceramic Coating,Instagram,Sarasota,Venice,350,348.0,15.0,363.0,87,Cash App,NEWCUSTOMER,4.0
738,2025-04-08,CUST0339,Alex Martinez,New,Premium Wash,Referral,Sarasota,Venice,70,70.0,10.0,80.0,85,Zelle,VIP ,No Feedback
739,2025-04-15,CUST0107,Noah Brown,New,Ceramic Coating,Referral,Sarasota,Venice,350,355.0,20.0,375.0,55,Card,VIP ,3.0
740,2025-04-09,CUST0812,Emma Smith,New,Premium Wash,Youtube,Sarasota,Sarasota,70,68.0,10.0,78.0,102,Zelle,No Discount,5.0
741,2025-11-07,CUST0626,Lewis Martinez,Returning,Ceramic Coating,Referral,Sarasota,Venice,350,385.0,0.0,385.0,133,Venmo,VIP ,4.0
742,2025-01-06,CUST0480,Emma Taylor,Returning,Interior Detail,Youtube,Charlotte,Port Charlotte,90,88.0,0.0,88.0,122,Venmo,No Discount,4.0
743,2025-07-16,CUST0880,Emma Smith,Returning,Premium Wash,Facebook,Charlotte,Punta Gorda,70,72.0,5.0,77.0,75,Cash App,No Discount,4.0
744,2025-12-17,CUST0187,Noah Davis,New,Ceramic Coating,TikTok,Charlotte,Punta Gorda,350,383.0,5.0,388.0,112,Venmo,SUMMER10,3.0
745,2025-05-13,CUST0195,John Garcia,New,Interior Detail,Instagram,Sarasota,North Port,90,88.0,0.0,88.0,128,Zelle,NEWCUSTOMER,4.0
746,2025-12-24,CUST0003,Olivia Miller,New,Basic Wash,Facebook,Sarasota,Venice,40,44.0,10.0,54.0,175,Cash App,No Discount,5.0
747,2025-09-16,CUST0438,Liam Garcia,New,Basic Wash,Facebook,Sarasota,North Port,40,44.0,10.0,54.0,170,Card,No Discount,5.0
748,2025-01-23,CUST0977,Olivia Miller,New,Interior Detail,Instagram,Charlotte,Port Charlotte,90,95.0,0.0,95.0,157,Card,VIP ,5.0
749,2025-02-22,CUST0160,Noah Martinez,New,Full Detail,Youtube,Sarasota,Sarasota,150,150.0,15.0,165.0,63,Card,No Discount,4.0
750,2025-06-14,CUST0272,Emma Anderson,Returning,Full Detail,Referral,Charlotte,Punta Gorda,150,152.0,0.0,152.0,46,Cash,No Discount,4.0
751,2025-07-21,CUST0464,Sofia Taylor,New,Basic Wash,Facebook,Sarasota,North Port,40,44.0,15.0,59.0,36,Venmo,No Discount,4.0
752,2025-03-24,CUST1064,Emma Martinez,New,Premium Wash,TikTok,Sarasota,Venice,70,65.0,10.0,75.0,80,Card,NEWCUSTOMER,3.0
753,2025-05-25,CUST0912,Sofia Miller,New,Interior Detail,TikTok,Charlotte,Port Charlotte,90,88.0,15.0,103.0,125,Card,No Discount,4.0
754,2025-03-26,CUST0020,Sofia Martinez,Returning,Interior Detail,Instagram,Sarasota,North Port,90,90.0,20.0,110.0,151,Card,No Discount,No Feedback
755,2025-03-19,CUST0017,Olivia Johnson,New,Basic Wash,Unknown,Sarasota,Venice,40,42.0,10.0,52.0,77,Venmo,No Discount,3.0
756,2025-01-01,CUST0704,Alex Johnson,Returning,Ceramic Coating,Facebook,Charlotte,Port Charlotte,350,348.0,20.0,368.0,172,Cash App,VIP ,3.0
757,2025-02-20,CUST0247,Alex Brown,New,Premium Wash,Referral,Sarasota,North Port,70,68.0,0.0,68.0,83,Cash App,NEWCUSTOMER,No Feedback
758,2025-06-22,CUST0865,Emma Davis,New,Premium Wash,Facebook,Charlotte,Punta Gorda,70,75.0,0.0,75.0,77,Cash,No Discount,No Feedback
759,2025-07-24,CUST0271,Lewis Davis,Returning,Premium Wash,TikTok,Charlotte,Punta Gorda,70,72.0,15.0,87.0,59,Venmo,SUMMER10,5.0
760,2025-09-17,CUST0979,Mary Miller,New,Ceramic Coating,Youtube,Sarasota,Venice,350,385.0,0.0,385.0,68,Card,SUMMER10,No Feedback
761,2025-10-15,CUST0146,Emma Martinez,New,Basic Wash,Facebook,Sarasota,Sarasota,40,44.0,10.0,54.0,100,Zelle,No Discount,5.0
762,2025-02-03,CUST0469,Mary Taylor,New,Interior Detail,Youtube,Sarasota,North Port,90,90.0,0.0,90.0,99,Cash,NEWCUSTOMER,3.0
763,2025-12-14,CUST0785,John Johnson,New,Basic Wash,Referral,Sarasota,Venice,40,44.0,10.0,54.0,73,Venmo,VIP ,5.0
764,2025-04-05,CUST0183,Olivia Davis,New,Ceramic Coating,TikTok,Sarasota,North Port,350,350.0,15.0,365.0,148,Zelle,NEWCUSTOMER,3.0
765,2025-03-13,CUST0210,Olivia Martinez,Returning,Premium Wash,TikTok,Sarasota,North Port,70,70.0,20.0,90.0,129,Zelle,NEWCUSTOMER,5.0
766,2025-02-08,CUST0212,Noah Martinez,Returning,Interior Detail,Facebook,Sarasota,Sarasota,90,88.0,15.0,103.0,59,Card,No Discount,5.0
767,2025-06-03,CUST0642,Olivia Davis,Returning,Ceramic Coating,Unknown,Charlotte,Port Charlotte,350,345.0,0.0,345.0,120,Card,NEWCUSTOMER,4.0
768,2025-09-07,CUST0753,Noah Wilson,New,Full Detail,Facebook,Sarasota,Sarasota,150,165.0,5.0,170.0,108,Card,NEWCUSTOMER,3.0
769,2025-06-11,CUST0613,Noah Miller,Returning,Basic Wash,Facebook,Charlotte,Port Charlotte,40,40.0,0.0,40.0,114,Card,VIP ,5.0
770,2025-04-28,CUST0281,Emma Brown,New,Full Detail,Youtube,Charlotte,Port Charlotte,150,145.0,20.0,165.0,58,Cash App,SUMMER10,3.0
771,2025-09-16,CUST0784,Sofia Davis,Returning,Ceramic Coating,Referral,Charlotte,Port Charlotte,350,383.0,10.0,393.0,148,Card,No Discount,No Feedback
772,2025-11-02,CUST0273,Sofia Garcia,Returning,Interior Detail,Youtube,Charlotte,Port Charlotte,90,99.0,20.0,119.0,135,Venmo,No Discount,4.0
773,2025-09-25,CUST0293,Ava Miller,New,Ceramic Coating,Facebook,Charlotte,Port Charlotte,350,380.0,15.0,395.0,131,Card,VIP ,3.0
774,2025-02-23,CUST0141,Sofia Smith,New,Ceramic Coating,Instagram,Sarasota,Sarasota,350,355.0,0.0,355.0,173,Card,NEWCUSTOMER,5.0
775,2025-08-24,CUST1087,Ava Wilson,New,Basic Wash,Instagram,Sarasota,Venice,40,42.0,0.0,42.0,70,Cash,VIP ,5.0
776,2025-10-08,CUST1154,Alex Brown,Returning,Full Detail,Youtube,Sarasota,North Port,150,165.0,10.0,175.0,116,Card,No Discount,3.0
777,2025-09-08,CUST0018,Mary Miller,New,Basic Wash,Youtube,Sarasota,Sarasota,40,42.0,0.0,42.0,121,Venmo,SUMMER10,5.0
778,2025-11-09,CUST0337,Ava Miller,Returning,Basic Wash,TikTok,Charlotte,Port Charlotte,40,46.0,0.0,46.0,140,Card,VIP ,3.0
779,2025-04-22,CUST0902,Alex Miller,Returning,Ceramic Coating,Facebook,Sarasota,Sarasota,350,350.0,0.0,350.0,42,Card,VIP ,4.0
780,2025-09-12,CUST0720,Ava Davis,New,Basic Wash,Youtube,Charlotte,Punta Gorda,40,44.0,20.0,64.0,89,Cash App,VIP ,4.0
781,2025-10-30,CUST0437,John Brown,New,Premium Wash,Referral,Sarasota,Venice,70,79.0,10.0,89.0,101,Cash,VIP ,3.0
782,2025-07-26,CUST0311,John Brown,New,Basic Wash,Instagram,Charlotte,Port Charlotte,40,42.0,15.0,57.0,88,Venmo,NEWCUSTOMER,4.0
783,2025-08-17,CUST0844,Ava Miller,New,Premium Wash,Instagram,Sarasota,North Port,70,75.0,15.0,90.0,64,Card,No Discount,5.0
784,2025-12-07,CUST0907,Mary Davis,New,Full Detail,Facebook,Sarasota,North Port,150,165.0,0.0,165.0,142,Card,No Discount,No Feedback
785,2025-03-07,CUST0445,Mary Brown,Returning,Premium Wash,TikTok,Sarasota,North Port,70,70.0,0.0,70.0,124,Cash App,NEWCUSTOMER,5.0
786,2025-03-16,CUST0178,Mary Taylor,New,Basic Wash,Referral,Sarasota,Venice,40,38.0,5.0,43.0,168,Venmo,No Discount,4.0
787,2025-04-13,CUST0206,Mary Wilson,New,Full Detail,Youtube,Sarasota,Venice,150,150.0,10.0,160.0,169,Cash App,VIP ,No Feedback
788,2025-07-11,CUST0287,Sofia Anderson,Returning,Basic Wash,Facebook,Charlotte,Port Charlotte,40,44.0,20.0,64.0,122,Card,VIP ,3.0
789,2025-09-09,CUST0253,Lewis Anderson,New,Full Detail,Referral,Sarasota,North Port,150,165.0,5.0,170.0,166,Cash App,No Discount,No Feedback
790,2025-08-14,CUST0787,Olivia Anderson,Returning,Basic Wash,Instagram,Sarasota,North Port,40,39.0,0.0,39.0,42,Card,VIP ,3.0
791,2025-10-21,CUST0720,John Miller,Returning,Full Detail,Youtube,Charlotte,Punta Gorda,150,160.0,5.0,165.0,154,Card,No Discount,No Feedback
792,2025-11-02,CUST0880,Olivia Davis,Returning,Full Detail,Facebook,Charlotte,Punta Gorda,150,160.0,0.0,160.0,74,Card,No Discount,5.0
793,2025-04-08,CUST0645,Noah Miller,Returning,Interior Detail,TikTok,Charlotte,Punta Gorda,90,95.0,15.0,110.0,96,Cash App,VIP ,No Feedback
794,2025-12-04,CUST0287,Ava Martinez,Returning,Ceramic Coating,Facebook,Charlotte,Port Charlotte,350,387.0,15.0,402.0,157,Card,SUMMER10,3.0
795,2025-10-13,CUST0508,Ava Brown,New,Premium Wash,TikTok,Sarasota,North Port,70,82.0,10.0,92.0,144,Cash,VIP ,4.0
796,2025-12-01,CUST0568,Ava Brown,Returning,Full Detail,Youtube,Sarasota,Venice,150,165.0,0.0,165.0,73,Cash,No Discount,4.0
797,2025-12-13,CUST0173,Emma Davis,New,Premium Wash,Youtube,Sarasota,Sarasota,70,79.0,0.0,79.0,103,Cash,No Discount,5.0
798,2025-11-04,CUST0509,John Davis,Returning,Full Detail,Facebook,Sarasota,Venice,150,163.0,20.0,183.0,105,Cash,No Discount,5.0
799,2025-09-06,CUST1134,Liam Miller,Returning,Ceramic Coating,Youtube,Sarasota,North Port,350,380.0,5.0,385.0,41,Venmo,No Discount,3.0
800,2025-06-15,CUST0584,Liam Brown,New,Ceramic Coating,Unknown,Sarasota,Sarasota,350,355.0,20.0,375.0,58,Zelle,SUMMER10,4.0
801,2025-01-12,CUST0055,Lewis Garcia,New,Interior Detail,Youtube,Sarasota,Venice,90,101.0,0.0,101.0,167,Venmo,VIP ,4.0
802,2025-01-30,CUST0618,Lewis Davis,New,Ceramic Coating,TikTok,Sarasota,North Port,350,350.0,20.0,370.0,129,Card,VIP ,4.0
803,2025-09-04,CUST0421,John Garcia,New,Premium Wash,Referral,Sarasota,Sarasota,70,75.0,0.0,75.0,49,Cash,No Discount,5.0
804,2025-04-16,CUST1061,Ava Taylor,New,Basic Wash,Instagram,Sarasota,Sarasota,40,40.0,0.0,40.0,144,Zelle,No Discount,4.0
805,2025-02-20,CUST1044,Alex Smith,New,Full Detail,TikTok,Sarasota,North Port,150,150.0,0.0,150.0,134,Cash,No Discount,No Feedback
806,2025-03-22,CUST0387,Sofia Anderson,Returning,Interior Detail,Referral,Sarasota,Venice,90,88.0,0.0,88.0,99,Cash,No Discount,3.0
807,2025-05-13,CUST0803,Noah Brown,New,Basic Wash,Instagram,Charlotte,Punta Gorda,40,40.0,15.0,55.0,131,Venmo,SUMMER10,No Feedback
808,2025-10-12,CUST0606,Mary Anderson,Returning,Premium Wash,TikTok,Sarasota,North Port,70,75.0,10.0,85.0,153,Cash App,No Discount,No Feedback
809,2025-05-18,CUST0112,Mary Miller,New,Full Detail,Instagram,Charlotte,Port Charlotte,150,152.0,0.0,152.0,108,Cash App,NEWCUSTOMER,5.0
810,2025-07-03,CUST0491,Mary Anderson,Returning,Interior Detail,Youtube,Charlotte,Port Charlotte,90,97.0,20.0,117.0,148,Card,VIP ,3.0
811,2025-11-26,CUST1014,John Anderson,Returning,Full Detail,Facebook,Sarasota,North Port,150,170.0,15.0,185.0,124,Cash,VIP ,5.0
812,2025-09-30,CUST0791,Sofia Anderson,New,Interior Detail,TikTok,Charlotte,Punta Gorda,90,101.0,15.0,116.0,137,Card,No Discount,3.0
813,2025-12-06,CUST0231,Emma Taylor,New,Full Detail,Facebook,Sarasota,North Port,150,167.0,0.0,167.0,128,Card,No Discount,3.0
814,2025-10-03,CUST0494,Lewis Brown,Returning,Full Detail,Referral,Sarasota,Venice,150,155.0,10.0,165.0,32,Venmo,NEWCUSTOMER,No Feedback
815,2025-02-03,CUST1024,Liam Smith,Returning,Ceramic Coating,Youtube,Charlotte,Port Charlotte,350,352.0,10.0,362.0,131,Venmo,NEWCUSTOMER,5.0
816,2025-09-19,CUST0146,Lewis Johnson,Returning,Basic Wash,Facebook,Sarasota,Sarasota,40,46.0,15.0,61.0,79,Cash,No Discount,3.0
817,2025-02-22,CUST1082,Lewis Garcia,Returning,Full Detail,Referral,Charlotte,Port Charlotte,150,150.0,15.0,165.0,179,Cash,NEWCUSTOMER,5.0
818,2025-07-24,CUST0025,Noah Davis,Returning,Premium Wash,Instagram,Charlotte,Punta Gorda,70,77.0,10.0,87.0,65,Zelle,NEWCUSTOMER,5.0
819,2025-05-06,CUST0740,Sofia Smith,Returning,Basic Wash,Referral,Charlotte,Port Charlotte,40,42.0,15.0,57.0,168,Cash,No Discount,3.0
820,2025-08-23,CUST0649,Alex Wilson,Returning,Ceramic Coating,Instagram,Sarasota,Sarasota,350,385.0,0.0,385.0,136,Cash,No Discount,5.0
821,2025-02-12,CUST0271,Mary Anderson,Returning,Premium Wash,TikTok,Charlotte,Punta Gorda,70,65.0,10.0,75.0,121,Venmo,NEWCUSTOMER,4.0
822,2025-08-28,CUST0793,Liam Wilson,New,Full Detail,Facebook,Sarasota,North Port,150,170.0,20.0,190.0,34,Cash,VIP ,5.0
823,2025-04-21,CUST1165,Ava Smith,New,Interior Detail,TikTok,Sarasota,North Port,90,90.0,0.0,90.0,94,Cash,No Discount,3.0
824,2025-09-06,CUST0862,Emma Taylor,New,Full Detail,Referral,Sarasota,Sarasota,150,163.0,0.0,163.0,62,Cash,SUMMER10,4.0
825,2025-05-31,CUST0749,Lewis Wilson,New,Premium Wash,TikTok,Charlotte,Punta Gorda,70,75.0,10.0,85.0,105,Cash,SUMMER10,5.0
826,2025-07-02,CUST1119,Mary Brown,Returning,Ceramic Coating,Facebook,Charlotte,Punta Gorda,350,383.0,5.0,383.0,110,Card,VIP ,4.0
827,2025-12-02,CUST0354,Sofia Brown,Returning,Premium Wash,TikTok,Charlotte,Port Charlotte,70,72.0,20.0,92.0,47,Cash,SUMMER10,4.0
828,2025-04-05,CUST0965,Lewis Brown,New,Ceramic Coating,Facebook,Sarasota,Venice,350,350.0,0.0,350.0,73,Venmo,No Discount,3.0
829,2025-01-08,CUST0150,John Martinez,Returning,Basic Wash,Facebook,Charlotte,Punta Gorda,40,35.0,0.0,35.0,116,Zelle,No Discount,3.0
830,2025-12-26,CUST0035,Mary Martinez,Returning,Full Detail,Youtube,Sarasota,Venice,150,167.0,0.0,167.0,105,Card,VIP ,4.0
831,2025-07-03,CUST0139,Mary Anderson,New,Ceramic Coating,Referral,Charlotte,Punta Gorda,350,387.0,0.0,387.0,37,Cash,No Discount,5.0
832,2025-10-08,CUST0029,Liam Johnson,New,Ceramic Coating,Instagram,Sarasota,Venice,350,385.0,15.0,400.0,159,Venmo,No Discount,5.0
833,2025-07-14,CUST0537,Sofia Martinez,New,Basic Wash,Instagram,Sarasota,North Port,40,44.0,10.0,54.0,108,Card,SUMMER10,4.0
834,2025-12-18,CUST0442,Olivia Wilson,New,Interior Detail,Referral,Sarasota,North Port,90,99.0,10.0,109.0,127,Cash,No Discount,5.0
835,2025-07-14,CUST0082,John Taylor,New,Full Detail,Instagram,Sarasota,Venice,150,170.0,5.0,175.0,140,Zelle,NEWCUSTOMER,4.0
836,2025-06-04,CUST0124,Liam Taylor,Returning,Interior Detail,TikTok,Charlotte,Punta Gorda,90,88.0,20.0,108.0,54,Cash App,NEWCUSTOMER,5.0
837,2025-04-03,CUST0816,Olivia Brown,Returning,Ceramic Coating,Facebook,Sarasota,Venice,350,355.0,15.0,370.0,147,Card,SUMMER10,4.0
838,2025-06-09,CUST1038,Ava Wilson,Returning,Premium Wash,Youtube,Charlotte,Port Charlotte,70,68.0,10.0,78.0,48,Zelle,NEWCUSTOMER,No Feedback
839,2025-03-02,CUST0587,Liam Garcia,New,Basic Wash,Youtube,Sarasota,Sarasota,40,40.0,5.0,45.0,33,Card,No Discount,3.0
840,2025-05-02,CUST1027,Sofia Anderson,New,Basic Wash,Youtube,Charlotte,Punta Gorda,40,38.0,20.0,58.0,85,Card,SUMMER10,5.0
841,2025-02-20,CUST0851,Ava Taylor,New,Interior Detail,TikTok,Sarasota,Sarasota,90,92.0,0.0,92.0,32,Venmo,No Discount,No Feedback
842,2025-10-04,CUST0868,Emma Anderson,Returning,Premium Wash,Youtube,Sarasota,Venice,70,77.0,20.0,97.0,52,Venmo,No Discount,No Feedback
843,2025-01-05,CUST0824,Mary Smith,Returning,Basic Wash,Facebook,Sarasota,Venice,40,35.0,0.0,35.0,177,Venmo,NEWCUSTOMER,3.0
844,2025-04-02,CUST0169,Emma Anderson,Returning,Basic Wash,Facebook,Charlotte,Port Charlotte,40,42.0,20.0,62.0,45,Venmo,NEWCUSTOMER,3.0
845,2025-06-19,CUST1099,Noah Davis,New,Interior Detail,TikTok,Charlotte,Punta Gorda,90,95.0,10.0,105.0,165,Cash,No Discount,5.0
846,2025-11-13,CUST1102,Noah Johnson,Returning,Basic Wash,Referral,Charlotte,Port Charlotte,40,49.0,15.0,64.0,115,Cash App,No Discount,4.0
847,2025-01-22,CUST0313,Lewis Miller,Returning,Interior Detail,Facebook,Sarasota,Sarasota,90,90.0,0.0,90.0,59,Cash App,NEWCUSTOMER,4.0
848,2025-11-22,CUST0569,Emma Miller,New,Full Detail,Facebook,Charlotte,Punta Gorda,150,170.0,10.0,180.0,126,Card,NEWCUSTOMER,5.0
849,2025-01-01,CUST0172,Lewis Davis,New,Interior Detail,Instagram,Charlotte,Punta Gorda,90,95.0,5.0,100.0,82,Cash,No Discount,3.0
850,2025-05-13,CUST0635,Liam Johnson,New,Full Detail,Instagram,Sarasota,North Port,150,150.0,10.0,160.0,83,Cash App,No Discount,5.0
851,2025-08-21,CUST0162,Lewis Taylor,Returning,Ceramic Coating,Referral,Charlotte,Punta Gorda,350,380.0,10.0,390.0,137,Cash App,No Discount,4.0
852,2025-01-12,CUST1048,Olivia Brown,New,Interior Detail,Youtube,Charlotte,Punta Gorda,90,85.0,5.0,90.0,90,Cash,SUMMER10,3.0
853,2025-12-12,CUST0417,Sofia Taylor,Returning,Full Detail,TikTok,Charlotte,Port Charlotte,150,165.0,0.0,165.0,38,Venmo,NEWCUSTOMER,4.0
854,2025-02-15,CUST0319,John Garcia,New,Premium Wash,Youtube,Sarasota,Sarasota,70,70.0,10.0,80.0,102,Card,VIP ,4.0
855,2025-02-03,CUST1099,Emma Garcia,Returning,Premium Wash,TikTok,Charlotte,Punta Gorda,70,72.0,10.0,82.0,62,Cash,No Discount,5.0
856,2025-03-19,CUST0670,Mary Smith,New,Full Detail,TikTok,Sarasota,North Port,150,148.0,5.0,153.0,31,Cash App,VIP ,4.0
857,2025-08-06,CUST0801,Olivia Taylor,New,Ceramic Coating,Youtube,Charlotte,Punta Gorda,350,390.0,0.0,390.0,49,Cash,VIP ,3.0
858,2025-10-28,CUST0136,Alex Brown,New,Full Detail,Unknown,Sarasota,Venice,150,165.0,10.0,175.0,177,Cash,SUMMER10,5.0
859,2025-03-14,CUST0636,Ava Smith,New,Premium Wash,Facebook,Charlotte,Punta Gorda,70,70.0,0.0,70.0,55,Card,No Discount,3.0
860,2025-10-09,CUST0896,Emma Miller,Returning,Basic Wash,Youtube,Sarasota,Venice,40,42.0,0.0,42.0,38,Venmo,SUMMER10,3.0
861,2025-09-06,CUST0489,Olivia Miller,Returning,Ceramic Coating,Facebook,Charlotte,Port Charlotte,350,385.0,0.0,385.0,37,Card,NEWCUSTOMER,5.0
862,2025-02-16,CUST0119,Liam Davis,Returning,Premium Wash,Facebook,Charlotte,Punta Gorda,70,68.0,0.0,68.0,53,Cash,VIP ,5.0
863,2025-05-01,CUST0501,Mary Taylor,New,Interior Detail,Youtube,Sarasota,North Port,90,95.0,0.0,95.0,134,Zelle,No Discount,4.0
864,2025-08-02,CUST0177,Mary Davis,New,Interior Detail,Youtube,Sarasota,North Port,90,97.0,5.0,102.0,77,Card,No Discount,5.0
865,2025-08-27,CUST0890,Olivia Brown,New,Ceramic Coating,Instagram,Sarasota,North Port,350,385.0,20.0,405.0,108,Zelle,No Discount,4.0
866,2025-02-25,CUST0238,John Brown,Returning,Full Detail,Youtube,Charlotte,Punta Gorda,150,152.0,20.0,172.0,106,Card,VIP ,3.0
867,2025-12-16,CUST0929,Lewis Taylor,New,Premium Wash,Youtube,Sarasota,Sarasota,70,77.0,10.0,87.0,168,Cash,No Discount,No Feedback
868,2025-04-17,CUST0113,Olivia Garcia,New,Basic Wash,Youtube,Charlotte,Port Charlotte,40,42.0,5.0,47.0,164,Zelle,VIP ,4.0
869,2025-11-15,CUST0634,Noah Taylor,New,Basic Wash,Instagram,Sarasota,Venice,40,44.0,0.0,44.0,106,Cash App,NEWCUSTOMER,5.0
870,2025-02-17,CUST0360,Liam Davis,New,Interior Detail,Referral,Charlotte,Port Charlotte,90,88.0,15.0,103.0,101,Cash,No Discount,4.0
871,2025-03-02,CUST0245,Olivia Brown,New,Premium Wash,Unknown,Sarasota,Venice,70,65.0,0.0,65.0,72,Card,No Discount,No Feedback
872,2025-12-03,CUST0026,Ava Smith,Returning,Full Detail,Youtube,Charlotte,Punta Gorda,150,165.0,15.0,180.0,91,Zelle,NEWCUSTOMER,5.0
873,2025-01-26,CUST0282,Olivia Miller,Returning,Full Detail,Instagram,Sarasota,North Port,150,152.0,0.0,152.0,68,Cash App,NEWCUSTOMER,5.0
874,2025-10-19,CUST0024,Olivia Garcia,New,Interior Detail,Instagram,Charlotte,Port Charlotte,90,101.0,15.0,116.0,51,Card,No Discount,4.0
875,2025-09-14,CUST0336,Mary Anderson,New,Basic Wash,Youtube,Charlotte,Punta Gorda,40,49.0,10.0,59.0,92,Card,No Discount,5.0
876,2025-01-08,CUST1017,John Johnson,New,Premium Wash,Youtube,Charlotte,Punta Gorda,70,65.0,20.0,85.0,78,Card,No Discount,4.0
877,2025-04-23,CUST0711,Olivia Brown,New,Ceramic Coating,Facebook,Charlotte,Punta Gorda,350,355.0,10.0,365.0,99,Cash,No Discount,4.0
878,2025-12-21,CUST1072,Liam Wilson,New,Ceramic Coating,Referral,Charlotte,Port Charlotte,350,383.0,20.0,403.0,65,Venmo,No Discount,5.0
879,2025-09-10,CUST1060,Sofia Davis,New,Interior Detail,Referral,Sarasota,Sarasota,90,97.0,0.0,97.0,149,Card,No Discount,4.0
880,2025-06-29,CUST0531,Mary Davis,New,Ceramic Coating,Unknown,Sarasota,Venice,350,355.0,0.0,355.0,114,Cash App,No Discount,3.0
881,2025-07-26,CUST0342,Sofia Smith,Returning,Basic Wash,Referral,Sarasota,Sarasota,40,39.0,15.0,54.0,148,Cash,SUMMER10,5.0
882,2025-10-30,CUST0762,Noah Johnson,Returning,Premium Wash,Unknown,Sarasota,Venice,70,75.0,20.0,95.0,175,Cash,No Discount,No Feedback
883,2025-05-07,CUST0260,John Garcia,Returning,Premium Wash,TikTok,Charlotte,Port Charlotte,70,75.0,5.0,80.0,96,Card,No Discount,4.0
884,2025-02-25,CUST0551,Sofia Garcia,Returning,Interior Detail,Youtube,Charlotte,Punta Gorda,90,88.0,5.0,93.0,31,Venmo,No Discount,4.0
885,2025-08-02,CUST0242,Alex Davis,Returning,Basic Wash,Referral,Sarasota,North Port,40,49.0,10.0,59.0,62,Cash,NEWCUSTOMER,No Feedback
886,2025-01-14,CUST0061,Olivia Anderson,Returning,Interior Detail,Instagram,Charlotte,Port Charlotte,90,85.0,10.0,95.0,143,Venmo,NEWCUSTOMER,3.0
887,2025-01-28,CUST0687,Olivia Garcia,New,Basic Wash,TikTok,Sarasota,Venice,40,42.0,15.0,57.0,107,Card,No Discount,3.0
888,2025-03-19,CUST0880,Noah Garcia,Returning,Premium Wash,Unknown,Charlotte,Punta Gorda,70,65.0,0.0,65.0,68,Cash App,No Discount,4.0
889,2025-08-04,CUST0558,Ava Wilson,New,Basic Wash,TikTok,Sarasota,Sarasota,40,39.0,20.0,59.0,55,Zelle,NEWCUSTOMER,No Feedback
890,2025-12-31,CUST1073,Liam Anderson,New,Ceramic Coating,Other,Sarasota,North Port,350,387.0,20.0,407.0,75,Zelle,SUMMER10,5.0
891,2025-06-03,CUST0131,Sofia Garcia,Returning,Premium Wash,Instagram,Sarasota,Venice,70,65.0,5.0,70.0,71,Venmo,VIP ,4.0
892,2025-01-14,CUST0539,Liam Davis,Returning,Premium Wash,TikTok,Sarasota,Venice,70,70.0,0.0,70.0,66,Cash,No Discount,No Feedback
893,2025-07-06,CUST1181,Sofia Garcia,New,Basic Wash,TikTok,Charlotte,Punta Gorda,40,39.0,0.0,39.0,100,Venmo,No Discount,5.0
894,2025-11-08,CUST0158,Ava Smith,Returning,Basic Wash,TikTok,Sarasota,Venice,40,49.0,0.0,49.0,129,Zelle,No Discount,4.0
895,2025-01-07,CUST1017,Sofia Martinez,Returning,Basic Wash,Youtube,Charlotte,Punta Gorda,40,35.0,10.0,45.0,82,Card,VIP ,4.0
896,2025-01-03,CUST0933,Olivia Johnson,Returning,Premium Wash,Facebook,Charlotte,Punta Gorda,70,70.0,20.0,90.0,44,Cash,SUMMER10,5.0
897,2025-04-21,CUST1047,Sofia Wilson,Returning,Interior Detail,Referral,Sarasota,Venice,90,90.0,0.0,90.0,155,Venmo,No Discount,3.0
898,2025-08-26,CUST0738,Alex Garcia,Returning,Interior Detail,Instagram,Sarasota,North Port,90,99.0,0.0,99.0,158,Venmo,No Discount,5.0
899,2025-12-29,CUST0114,Olivia Garcia,New,Full Detail,TikTok,Charlotte,Port Charlotte,150,167.0,15.0,182.0,127,Cash App,SUMMER10,4.0
900,2025-08-27,CUST1024,Mary Davis,Returning,Premium Wash,Youtube,Charlotte,Port Charlotte,70,72.0,0.0,72.0,112,Venmo,No Discount,No Feedback
901,2025-10-01,CUST1161,Mary Taylor,Returning,Interior Detail,Facebook,Charlotte,Port Charlotte,90,97.0,0.0,97.0,102,Venmo,No Discount,No Feedback
902,2025-10-21,CUST0342,John Brown,Returning,Ceramic Coating,Referral,Sarasota,Sarasota,350,380.0,5.0,385.0,33,Card,No Discount,5.0
903,2025-08-15,CUST0754,Liam Johnson,New,Premium Wash,Referral,Sarasota,Sarasota,70,82.0,0.0,82.0,114,Cash,No Discount,4.0
904,2025-01-15,CUST0323,Emma Martinez,New,Basic Wash,Instagram,Sarasota,Sarasota,40,40.0,0.0,40.0,150,Venmo,No Discount,3.0
905,2025-07-11,CUST0523,Emma Garcia,Returning,Ceramic Coating,TikTok,Sarasota,North Port,350,385.0,0.0,385.0,159,Cash,VIP ,4.0
906,2025-04-29,CUST0211,Alex Smith,New,Interior Detail,Youtube,Sarasota,Venice,90,90.0,10.0,100.0,138,Cash,SUMMER10,4.0
907,2025-01-28,CUST1176,John Miller,New,Ceramic Coating,Facebook,Sarasota,Venice,350,355.0,10.0,365.0,88,Cash,No Discount,No Feedback
908,2025-07-21,CUST0237,Alex Taylor,New,Full Detail,Youtube,Charlotte,Port Charlotte,150,170.0,10.0,180.0,76,Card,No Discount,5.0
909,2025-02-08,CUST0468,Alex Smith,Returning,Basic Wash,TikTok,Sarasota,Sarasota,40,40.0,10.0,50.0,136,Cash App,SUMMER10,4.0
910,2025-09-30,CUST1043,Alex Miller,New,Full Detail,Youtube,Sarasota,North Port,150,165.0,5.0,170.0,65,Cash,VIP ,3.0
911,2025-08-19,CUST0006,Emma Martinez,Returning,Ceramic Coating,TikTok,Sarasota,Sarasota,350,390.0,0.0,390.0,89,Card,No Discount,5.0
912,2025-03-27,CUST0091,John Martinez,Returning,Interior Detail,Referral,Sarasota,Venice,90,92.0,10.0,102.0,145,Cash App,VIP ,4.0
913,2025-05-06,CUST0026,John Miller,Returning,Interior Detail,Youtube,Charlotte,Punta Gorda,90,88.0,0.0,88.0,141,Card,No Discount,3.0
914,2025-10-27,CUST0501,Mary Johnson,Returning,Premium Wash,Youtube,Sarasota,North Port,70,82.0,10.0,92.0,67,Venmo,No Discount,5.0
915,2025-01-25,CUST0095,Lewis Anderson,Returning,Ceramic Coating,Instagram,Sarasota,Venice,350,352.0,5.0,352.0,125,Zelle,NEWCUSTOMER,4.0
916,2025-05-25,CUST0967,Ava Anderson,Returning,Premium Wash,Youtube,Charlotte,Punta Gorda,70,65.0,20.0,85.0,76,Cash,No Discount,4.0
917,2025-01-13,CUST0746,Olivia Smith,New,Basic Wash,Instagram,Charlotte,Port Charlotte,40,38.0,10.0,48.0,50,Cash App,No Discount,5.0
918,2025-07-31,CUST0785,Ava Garcia,Returning,Ceramic Coating,Referral,Sarasota,Venice,350,383.0,10.0,393.0,58,Cash,No Discount,5.0
919,2025-01-25,CUST0308,Ava Miller,New,Premium Wash,Referral,Sarasota,Sarasota,70,70.0,5.0,75.0,170,Zelle,No Discount,5.0
920,2025-03-09,CUST0367,Lewis Taylor,New,Full Detail,Youtube,Charlotte,Punta Gorda,150,148.0,20.0,168.0,119,Cash,No Discount,5.0
921,2025-03-08,CUST0073,Ava Taylor,New,Interior Detail,Other,Charlotte,Punta Gorda,90,88.0,10.0,98.0,180,Cash,SUMMER10,4.0
922,2025-08-21,CUST1133,Mary Taylor,Returning,Basic Wash,Facebook,Sarasota,North Port,40,42.0,15.0,57.0,41,Zelle,No Discount,5.0
923,2025-04-19,CUST0859,Ava Miller,Returning,Interior Detail,Instagram,Sarasota,North Port,90,90.0,15.0,105.0,168,Card,No Discount,5.0
924,2025-05-26,CUST0460,Sofia Martinez,New,Interior Detail,TikTok,Sarasota,Sarasota,90,90.0,0.0,90.0,45,Card,VIP ,3.0
925,2025-04-21,CUST0660,Lewis Miller,Returning,Ceramic Coating,Referral,Sarasota,North Port,350,348.0,0.0,348.0,92,Card,NEWCUSTOMER,5.0
926,2025-08-16,CUST0509,Ava Smith,Returning,Premium Wash,Facebook,Sarasota,Venice,70,77.0,0.0,77.0,99,Venmo,No Discount,5.0
927,2025-04-21,CUST0853,Olivia Garcia,Returning,Full Detail,Youtube,Sarasota,Venice,150,150.0,0.0,150.0,80,Card,No Discount,4.0
928,2025-02-03,CUST0656,Alex Davis,Returning,Interior Detail,Facebook,Sarasota,North Port,90,92.0,15.0,107.0,55,Cash,VIP ,5.0
929,2025-04-21,CUST0556,Lewis Davis,Returning,Premium Wash,TikTok,Sarasota,North Port,70,75.0,20.0,95.0,160,Card,VIP ,4.0
930,2025-09-21,CUST0160,Alex Johnson,Returning,Interior Detail,Youtube,Sarasota,Sarasota,90,97.0,0.0,97.0,99,Card,VIP ,5.0
931,2025-08-24,CUST1171,Olivia Taylor,New,Interior Detail,TikTok,Sarasota,North Port,90,97.0,15.0,112.0,42,Cash App,No Discount,4.0
932,2025-03-24,CUST0764,Mary Taylor,New,Interior Detail,Referral,Charlotte,Punta Gorda,90,95.0,20.0,115.0,112,Cash App,No Discount,3.0
933,2025-02-11,CUST0245,Noah Martinez,Returning,Premium Wash,Youtube,Sarasota,Venice,70,68.0,15.0,83.0,180,Card,NEWCUSTOMER,3.0
934,2025-04-11,CUST1029,Liam Anderson,Returning,Interior Detail,Facebook,Charlotte,Port Charlotte,90,95.0,5.0,100.0,158,Venmo,VIP ,No Feedback
935,2025-01-06,CUST0108,Ava Brown,New,Ceramic Coating,Referral,Charlotte,Punta Gorda,350,350.0,10.0,360.0,131,Card,No Discount,5.0
936,2025-06-29,CUST0368,Alex Martinez,Returning,Premium Wash,Instagram,Charlotte,Punta Gorda,70,70.0,0.0,70.0,32,Venmo,VIP ,3.0
937,2025-10-09,CUST0458,Alex Miller,New,Premium Wash,Unknown,Sarasota,Venice,70,82.0,0.0,82.0,33,Cash,No Discount,5.0
938,2025-11-16,CUST1057,John Garcia,Returning,Full Detail,Youtube,Sarasota,Venice,150,160.0,10.0,170.0,64,Venmo,No Discount,4.0
939,2025-08-14,CUST0095,Ava Miller,Returning,Ceramic Coating,Instagram,Sarasota,Venice,350,380.0,20.0,400.0,42,Card,No Discount,5.0
940,2025-11-11,CUST0822,Olivia Wilson,New,Basic Wash,Referral,Sarasota,Venice,40,44.0,15.0,59.0,35,Cash,No Discount,5.0
941,2025-12-31,CUST0142,Emma Smith,Returning,Full Detail,Referral,Charlotte,Port Charlotte,150,165.0,20.0,185.0,85,Zelle,No Discount,3.0
942,2025-08-17,CUST0953,Ava Garcia,New,Premium Wash,Youtube,Charlotte,Port Charlotte,70,75.0,0.0,75.0,135,Cash App,No Discount,5.0
943,2025-10-16,CUST0579,Noah Anderson,New,Premium Wash,Youtube,Charlotte,Punta Gorda,70,77.0,10.0,87.0,75,Cash,SUMMER10,4.0
944,2025-05-30,CUST0637,Emma Johnson,New,Interior Detail,Youtube,Sarasota,Sarasota,90,90.0,10.0,100.0,47,Zelle,SUMMER10,4.0
945,2025-10-04,CUST0671,Lewis Garcia,Returning,Interior Detail,Youtube,Sarasota,North Port,90,101.0,10.0,111.0,86,Venmo,SUMMER10,4.0
946,2025-07-17,CUST0177,Liam Martinez,Returning,Ceramic Coating,Youtube,Sarasota,North Port,350,380.0,5.0,385.0,72,Card,SUMMER10,4.0
947,2025-03-11,CUST1133,Emma Miller,Returning,Basic Wash,Facebook,Sarasota,North Port,40,45.0,0.0,45.0,33,Venmo,No Discount,3.0
948,2025-04-22,CUST0936,Olivia Anderson,New,Ceramic Coating,Facebook,Sarasota,North Port,350,345.0,15.0,360.0,38,Card,VIP ,5.0
949,2025-01-04,CUST0017,Noah Davis,Returning,Interior Detail,Facebook,Sarasota,Venice,90,90.0,10.0,100.0,84,Zelle,SUMMER10,5.0
950,2025-12-16,CUST0756,Lewis Johnson,Returning,Premium Wash,Facebook,Sarasota,North Port,70,77.0,0.0,77.0,171,Card,NEWCUSTOMER,4.0
951,2025-11-27,CUST0411,Olivia Anderson,New,Basic Wash,Referral,Sarasota,North Port,40,46.0,5.0,51.0,108,Cash,No Discount,5.0
952,2025-11-14,CUST0598,John Davis,Returning,Interior Detail,Instagram,Charlotte,Port Charlotte,90,99.0,0.0,99.0,160,Cash App,SUMMER10,5.0
953,2025-12-16,CUST1155,Lewis Johnson,Returning,Premium Wash,Referral,Sarasota,Venice,70,77.0,10.0,87.0,135,Cash,NEWCUSTOMER,3.0
954,2025-04-05,CUST0623,Sofia Garcia,New,Full Detail,Youtube,Sarasota,Venice,150,150.0,15.0,165.0,82,Venmo,No Discount,4.0
955,2025-06-01,CUST0497,Alex Johnson,Returning,Interior Detail,Facebook,Sarasota,Sarasota,90,85.0,15.0,100.0,107,Cash,No Discount,5.0
956,2025-11-07,CUST0951,John Johnson,New,Basic Wash,Unknown,Charlotte,Port Charlotte,40,44.0,0.0,44.0,130,Venmo,No Discount,5.0
957,2025-05-17,CUST0755,Liam Brown,New,Ceramic Coating,Referral,Charlotte,Punta Gorda,350,352.0,20.0,372.0,50,Cash,NEWCUSTOMER,3.0
958,2025-09-04,CUST1011,Alex Davis,New,Ceramic Coating,TikTok,Charlotte,Port Charlotte,350,385.0,15.0,400.0,108,Card,No Discount,4.0
959,2025-08-31,CUST0401,Emma Taylor,Returning,Interior Detail,Instagram,Charlotte,Punta Gorda,90,99.0,0.0,99.0,34,Cash,SUMMER10,4.0
960,2025-01-31,CUST1120,Lewis Miller,Returning,Interior Detail,Youtube,Charlotte,Punta Gorda,90,88.0,15.0,103.0,173,Cash App,No Discount,No Feedback
961,2025-02-09,CUST0503,Sofia Johnson,New,Full Detail,TikTok,Sarasota,Venice,150,155.0,20.0,175.0,126,Cash App,NEWCUSTOMER,4.0
962,2025-08-17,CUST0309,Olivia Smith,Returning,Ceramic Coating,TikTok,Charlotte,Punta Gorda,350,380.0,0.0,380.0,114,Cash,No Discount,5.0
963,2025-02-05,CUST0014,Noah Brown,Returning,Ceramic Coating,Youtube,Sarasota,Sarasota,350,355.0,10.0,365.0,46,Card,NEWCUSTOMER,5.0
964,2025-08-11,CUST0840,Ava Martinez,New,Basic Wash,Other,Sarasota,North Port,40,44.0,15.0,59.0,67,Card,VIP ,3.0
965,2025-01-06,CUST0049,Alex Smith,New,Basic Wash,TikTok,Sarasota,Venice,40,38.0,10.0,48.0,150,Cash,NEWCUSTOMER,4.0
966,2025-11-18,CUST0478,Sofia Martinez,New,Premium Wash,Facebook,Sarasota,North Port,70,82.0,5.0,87.0,97,Cash,VIP ,4.0
967,2025-08-08,CUST1110,Alex Garcia,New,Basic Wash,Youtube,Sarasota,North Port,40,49.0,20.0,69.0,105,Cash App,No Discount,No Feedback
968,2025-03-16,CUST0710,Noah Smith,New,Premium Wash,Instagram,Sarasota,Venice,70,72.0,15.0,87.0,98,Zelle,SUMMER10,4.0
969,2025-01-04,CUST0020,Noah Garcia,Returning,Basic Wash,Instagram,Sarasota,North Port,40,40.0,0.0,40.0,120,Venmo,No Discount,No Feedback
970,2025-12-01,CUST0687,Emma Taylor,Returning,Interior Detail,TikTok,Sarasota,Venice,90,101.0,0.0,101.0,169,Cash,No Discount,5.0
971,2025-05-14,CUST0003,Liam Davis,Returning,Full Detail,Facebook,Sarasota,Venice,150,150.0,15.0,165.0,148,Zelle,No Discount,3.0
972,2025-04-28,CUST0771,Noah Brown,Returning,Basic Wash,Referral,Sarasota,Sarasota,40,40.0,15.0,55.0,77,Cash,NEWCUSTOMER,3.0
973,2025-04-04,CUST0630,Ava Brown,New,Premium Wash,Instagram,Sarasota,North Port,70,70.0,15.0,85.0,126,Cash App,NEWCUSTOMER,3.0
974,2025-03-03,CUST0213,Alex Martinez,New,Ceramic Coating,Facebook,Charlotte,Port Charlotte,350,350.0,10.0,360.0,156,Cash,No Discount,3.0
975,2025-07-13,CUST0421,Sofia Taylor,Returning,Basic Wash,Referral,Sarasota,Sarasota,40,44.0,15.0,59.0,81,Card,No Discount,3.0
976,2025-12-01,CUST1086,Sofia Smith,Returning,Premium Wash,Instagram,Charlotte,Punta Gorda,70,79.0,5.0,84.0,47,Cash App,NEWCUSTOMER,No Feedback
977,2025-07-22,CUST0488,Emma Davis,New,Premium Wash,TikTok,Sarasota,Sarasota,70,72.0,10.0,82.0,168,Card,VIP ,No Feedback
978,2025-01-26,CUST0860,John Taylor,New,Ceramic Coating,TikTok,Sarasota,Venice,350,348.0,5.0,353.0,89,Cash,SUMMER10,5.0
979,2025-06-22,CUST1008,Mary Wilson,Returning,Interior Detail,Youtube,Charlotte,Port Charlotte,90,90.0,0.0,90.0,166,Card,No Discount,5.0
980,2025-10-27,CUST0123,Sofia Garcia,New,Premium Wash,Facebook,Sarasota,Sarasota,70,82.0,0.0,82.0,104,Card,No Discount,4.0
981,2025-05-13,CUST0292,Sofia Brown,Returning,Basic Wash,TikTok,Sarasota,Sarasota,40,35.0,10.0,45.0,157,Cash,No Discount,4.0
982,2025-11-22,CUST0574,Sofia Wilson,New,Ceramic Coating,Youtube,Sarasota,Venice,350,383.0,10.0,393.0,162,Card,No Discount,5.0
983,2025-04-28,CUST0191,Liam Davis,Returning,Full Detail,Unknown,Sarasota,Sarasota,150,150.0,10.0,160.0,36,Venmo,No Discount,No Feedback
984,2025-11-20,CUST0090,Liam Martinez,New,Ceramic Coating,TikTok,Sarasota,Venice,350,380.0,20.0,400.0,150,Cash,VIP ,5.0
985,2025-10-02,CUST0475,Liam Smith,Returning,Basic Wash,Referral,Sarasota,North Port,40,46.0,15.0,61.0,48,Card,NEWCUSTOMER,4.0
986,2025-07-31,CUST1065,Olivia Wilson,New,Interior Detail,Referral,Charlotte,Punta Gorda,90,97.0,10.0,107.0,59,Cash,No Discount,5.0
987,2025-08-13,CUST0846,Mary Anderson,Returning,Premium Wash,Youtube,Charlotte,Port Charlotte,70,79.0,0.0,79.0,169,Cash App,No Discount,5.0
988,2025-01-20,CUST0763,Liam Anderson,New,Interior Detail,TikTok,Charlotte,Port Charlotte,90,95.0,20.0,115.0,35,Card,SUMMER10,4.0
989,2025-04-23,CUST0939,Noah Brown,Returning,Premium Wash,Unknown,Sarasota,Venice,70,75.0,5.0,80.0,90,Cash,No Discount,No Feedback
990,2025-05-20,CUST0174,Liam Wilson,Returning,Full Detail,Facebook,Sarasota,North Port,150,145.0,20.0,165.0,159,Zelle,No Discount,3.0
991,2025-02-16,CUST1190,Alex Davis,New,Premium Wash,Referral,Sarasota,Venice,70,65.0,0.0,65.0,53,Cash,No Discount,No Feedback
992,2025-01-01,CUST0196,Olivia Brown,Returning,Basic Wash,Youtube,Sarasota,Sarasota,40,42.0,0.0,42.0,133,Cash,No Discount,4.0
993,2025-03-31,CUST1036,Mary Wilson,Returning,Basic Wash,Referral,Sarasota,North Port,40,42.0,20.0,62.0,65,Card,SUMMER10,5.0
994,2025-05-22,CUST0274,Emma Taylor,New,Full Detail,Referral,Charlotte,Punta Gorda,150,148.0,0.0,148.0,134,Cash,No Discount,5.0
995,2025-11-16,CUST0808,John Martinez,New,Basic Wash,Referral,Charlotte,Port Charlotte,40,42.0,15.0,57.0,129,Cash,No Discount,4.0
996,2025-02-07,CUST0154,John Miller,New,Interior Detail,Referral,Charlotte,Punta Gorda,90,85.0,15.0,100.0,169,Cash,NEWCUSTOMER,5.0
997,2025-10-20,CUST1163,Ava Wilson,New,Interior Detail,Instagram,Sarasota,North Port,90,97.0,10.0,107.0,81,Zelle,No Discount,4.0
998,2025-05-19,CUST0128,Lewis Martinez,New,Basic Wash,Facebook,Charlotte,Port Charlotte,40,38.0,5.0,43.0,148,Venmo,No Discount,4.0
999,2025-12-22,CUST0891,Liam Smith,Returning,Interior Detail,Instagram,Sarasota,North Port,90,97.0,0.0,97.0,161,Zelle,No Discount,5.0
1000,2025-11-29,CUST0268,Emma Brown,Returning,Full Detail,Unknown,Charlotte,Punta Gorda,150,165.0,0.0,165.0,70,Cash,NEWCUSTOMER,3.0
1001,2025-09-16,CUST0485,Olivia Smith,New,Premium Wash,Unknown,Charlotte,Punta Gorda,70,77.0,10.0,87.0,168,Cash,VIP ,5.0
1002,2025-06-10,CUST0598,Emma Miller,Returning,Interior Detail,Instagram,Charlotte,Port Charlotte,90,92.0,0.0,92.0,123,Cash,No Discount,5.0
1003,2025-06-27,CUST0535,Alex Brown,Returning,Ceramic Coating,Youtube,Sarasota,Sarasota,350,350.0,0.0,350.0,176,Card,No Discount,4.0
1004,2025-01-10,CUST0646,Ava Smith,New,Premium Wash,Facebook,Charlotte,Punta Gorda,70,65.0,20.0,85.0,111,Cash App,SUMMER10,4.0
1005,2025-09-18,CUST0805,Noah Johnson,Returning,Full Detail,Youtube,Charlotte,Port Charlotte,150,167.0,10.0,177.0,84,Card,No Discount,4.0
1006,2025-05-18,CUST0669,Olivia Wilson,Returning,Full Detail,Instagram,Sarasota,North Port,150,145.0,0.0,145.0,77,Cash,NEWCUSTOMER,No Feedback
1007,2025-06-21,CUST0652,Ava Wilson,New,Premium Wash,TikTok,Charlotte,Port Charlotte,70,68.0,0.0,68.0,78,Venmo,VIP ,No Feedback
1008,2025-01-13,CUST0928,Ava Taylor,New,Premium Wash,Referral,Charlotte,Port Charlotte,70,68.0,10.0,78.0,131,Card,No Discount,4.0
1009,2025-06-17,CUST0557,John Taylor,New,Basic Wash,Facebook,Charlotte,Port Charlotte,40,38.0,20.0,58.0,91,Card,VIP ,5.0
1010,2025-05-10,CUST0479,Liam Brown,New,Interior Detail,Referral,Sarasota,Venice,90,90.0,15.0,105.0,48,Cash,VIP ,3.0
1011,2025-03-25,CUST0153,Ava Taylor,Returning,Full Detail,TikTok,Charlotte,Punta Gorda,150,150.0,15.0,165.0,141,Card,NEWCUSTOMER,No Feedback
1012,2025-11-17,CUST0416,Olivia Wilson,New,Premium Wash,Facebook,Charlotte,Punta Gorda,70,77.0,0.0,77.0,68,Card,No Discount,4.0
1013,2025-11-15,CUST0279,Emma Smith,Returning,Basic Wash,Youtube,Charlotte,Punta Gorda,40,44.0,0.0,44.0,30,Cash,No Discount,3.0
1014,2025-04-11,CUST1198,Alex Wilson,New,Full Detail,Referral,Charlotte,Port Charlotte,150,155.0,20.0,175.0,106,Cash,VIP ,5.0
1015,2025-11-25,CUST0224,Noah Miller,Returning,Full Detail,Youtube,Charlotte,Port Charlotte,150,163.0,0.0,163.0,33,Cash App,No Discount,5.0
1016,2025-09-30,CUST0319,Olivia Taylor,Returning,Ceramic Coating,Youtube,Sarasota,Sarasota,350,385.0,5.0,390.0,98,Cash,NEWCUSTOMER,3.0
1017,2025-09-22,CUST0217,Liam Davis,Returning,Ceramic Coating,TikTok,Charlotte,Punta Gorda,350,380.0,15.0,395.0,95,Zelle,VIP ,No Feedback
1018,2025-02-07,CUST0337,Sofia Taylor,Returning,Full Detail,TikTok,Charlotte,Port Charlotte,150,150.0,0.0,150.0,85,Cash,No Discount,5.0
1019,2025-04-04,CUST0921,Sofia Garcia,Returning,Interior Detail,Instagram,Sarasota,Sarasota,90,92.0,15.0,107.0,103,Cash,VIP ,4.0
1020,2025-04-05,CUST0955,Alex Brown,Returning,Ceramic Coating,Facebook,Sarasota,Sarasota,350,355.0,10.0,365.0,107,Cash,VIP ,4.0
1021,2025-11-01,CUST0644,Olivia Smith,Returning,Premium Wash,Referral,Sarasota,Sarasota,70,77.0,20.0,97.0,164,Cash App,NEWCUSTOMER,3.0
1022,2025-03-10,CUST0833,Olivia Taylor,New,Ceramic Coating,TikTok,Sarasota,Venice,350,355.0,10.0,365.0,124,Zelle,No Discount,4.0
1023,2025-11-14,CUST0248,Ava Wilson,New,Premium Wash,TikTok,Charlotte,Port Charlotte,70,82.0,0.0,82.0,168,Card,SUMMER10,5.0
1024,2025-08-24,CUST1098,Olivia Anderson,Returning,Basic Wash,Youtube,Sarasota,Venice,40,44.0,5.0,49.0,112,Card,No Discount,4.0
1025,2025-11-30,CUST0734,John Smith,Returning,Premium Wash,Referral,Sarasota,North Port,70,77.0,10.0,87.0,150,Cash,NEWCUSTOMER,4.0
1026,2025-05-17,CUST0426,Mary Brown,New,Full Detail,Facebook,Charlotte,Punta Gorda,150,150.0,5.0,155.0,120,Card,No Discount,4.0
1027,2025-03-17,CUST0926,John Anderson,Returning,Premium Wash,Youtube,Charlotte,Port Charlotte,70,72.0,15.0,87.0,134,Venmo,No Discount,4.0
1028,2025-02-04,CUST0632,Noah Smith,Returning,Interior Detail,Referral,Sarasota,North Port,90,88.0,15.0,103.0,84,Cash,VIP ,No Feedback
1029,2025-01-01,CUST0949,Noah Johnson,Returning,Premium Wash,TikTok,Charlotte,Punta Gorda,70,70.0,0.0,70.0,178,Cash,NEWCUSTOMER,3.0
1030,2025-10-23,CUST0543,Noah Taylor,New,Ceramic Coating,Facebook,Sarasota,Sarasota,350,385.0,0.0,385.0,58,Zelle,No Discount,4.0
1031,2025-11-16,CUST0246,Sofia Taylor,New,Ceramic Coating,TikTok,Charlotte,Punta Gorda,350,385.0,20.0,405.0,157,Cash App,No Discount,No Feedback
1032,2025-03-01,CUST0186,Emma Anderson,New,Interior Detail,Unknown,Sarasota,Venice,90,88.0,0.0,88.0,41,Venmo,No Discount,5.0
1033,2025-11-16,CUST0323,Olivia Wilson,Returning,Premium Wash,Instagram,Sarasota,Sarasota,70,72.0,20.0,92.0,174,Zelle,SUMMER10,4.0
1034,2025-12-15,CUST0624,Liam Anderson,Returning,Ceramic Coating,Facebook,Charlotte,Punta Gorda,350,390.0,0.0,390.0,70,Card,NEWCUSTOMER,5.0
1035,2025-11-24,CUST0083,John Martinez,New,Premium Wash,Referral,Sarasota,Sarasota,70,82.0,0.0,82.0,86,Zelle,SUMMER10,4.0
1036,2025-09-24,CUST0441,Alex Taylor,New,Premium Wash,Youtube,Charlotte,Punta Gorda,70,82.0,10.0,92.0,30,Cash App,VIP ,4.0
1037,2025-12-27,CUST0672,Emma Martinez,New,Ceramic Coating,Facebook,Charlotte,Port Charlotte,350,383.0,0.0,383.0,105,Card,SUMMER10,4.0
1038,2025-08-17,CUST0304,Ava Smith,New,Full Detail,Instagram,Charlotte,Port Charlotte,150,160.0,15.0,175.0,145,Card,No Discount,3.0
1039,2025-09-27,CUST0187,Liam Garcia,Returning,Ceramic Coating,TikTok,Charlotte,Punta Gorda,350,390.0,0.0,390.0,144,Cash,NEWCUSTOMER,No Feedback
1040,2025-11-12,CUST0509,Sofia Wilson,Returning,Ceramic Coating,Facebook,Sarasota,Venice,350,387.0,10.0,397.0,40,Cash,No Discount,No Feedback
1041,2025-10-13,CUST0729,Lewis Anderson,Returning,Premium Wash,Unknown,Sarasota,Sarasota,70,77.0,0.0,77.0,170,Cash,SUMMER10,3.0
1042,2025-10-18,CUST0812,Ava Smith,Returning,Ceramic Coating,Youtube,Sarasota,Sarasota,350,385.0,0.0,385.0,57,Venmo,No Discount,5.0
1043,2025-08-01,CUST1052,Olivia Smith,New,Basic Wash,Youtube,Charlotte,Punta Gorda,40,46.0,0.0,46.0,64,Cash,VIP ,No Feedback
1044,2025-06-14,CUST0101,Ava Miller,New,Ceramic Coating,Instagram,Sarasota,Sarasota,350,352.0,10.0,362.0,66,Card,VIP ,3.0
1045,2025-01-05,CUST0613,Liam Taylor,Returning,Basic Wash,Facebook,Charlotte,Port Charlotte,40,40.0,5.0,45.0,155,Venmo,NEWCUSTOMER,4.0
1046,2025-12-05,CUST0533,Sofia Johnson,New,Premium Wash,Instagram,Sarasota,Sarasota,70,82.0,0.0,82.0,55,Card,No Discount,No Feedback
1047,2025-03-19,CUST0357,Lewis Garcia,New,Ceramic Coating,Instagram,Sarasota,North Port,350,352.0,15.0,367.0,86,Card,No Discount,4.0
1048,2025-03-03,CUST0064,Noah Anderson,Returning,Premium Wash,Youtube,Charlotte,Punta Gorda,70,68.0,0.0,68.0,112,Cash,No Discount,5.0
1049,2025-05-12,CUST0829,Sofia Garcia,New,Ceramic Coating,TikTok,Charlotte,Punta Gorda,350,350.0,0.0,350.0,167,Card,No Discount,5.0
1050,2025-03-30,CUST0927,Mary Davis,Returning,Full Detail,Instagram,Sarasota,North Port,150,155.0,5.0,160.0,139,Card,NEWCUSTOMER,5.0
1051,2025-08-25,CUST1139,Alex Wilson,Returning,Full Detail,Facebook,Sarasota,Sarasota,150,170.0,15.0,185.0,71,Cash,NEWCUSTOMER,No Feedback
1052,2025-02-11,CUST1127,Alex Garcia,Returning,Interior Detail,Instagram,Charlotte,Port Charlotte,90,95.0,0.0,95.0,71,Cash,VIP ,5.0
1053,2025-03-30,CUST0512,Lewis Davis,Returning,Premium Wash,Instagram,Sarasota,North Port,70,70.0,10.0,80.0,104,Cash App,No Discount,4.0
1054,2025-10-23,CUST0194,John Brown,New,Full Detail,TikTok,Sarasota,Venice,150,160.0,0.0,160.0,143,Cash,NEWCUSTOMER,4.0
1055,2025-11-24,CUST0947,John Taylor,Returning,Interior Detail,Unknown,Sarasota,Venice,90,104.0,10.0,114.0,152,Venmo,NEWCUSTOMER,No Feedback
1056,2025-10-22,CUST0209,Sofia Miller,Returning,Ceramic Coating,Facebook,Sarasota,Venice,350,385.0,20.0,405.0,103,Venmo,No Discount,No Feedback
1057,2025-04-14,CUST0287,Olivia Wilson,Returning,Basic Wash,Facebook,Charlotte,Port Charlotte,40,42.0,10.0,52.0,78,Zelle,VIP ,4.0
1058,2025-01-14,CUST0249,Alex Miller,New,Interior Detail,TikTok,Sarasota,Venice,90,88.0,0.0,88.0,38,Zelle,NEWCUSTOMER,5.0
1059,2025-10-15,CUST0025,Olivia Taylor,Returning,Interior Detail,Instagram,Charlotte,Punta Gorda,90,101.0,0.0,101.0,34,Card,No Discount,4.0
1060,2025-06-28,CUST0127,Noah Garcia,New,Basic Wash,Instagram,Sarasota,Venice,40,40.0,10.0,50.0,107,Venmo,SUMMER10,4.0
1061,2025-05-05,CUST0456,Alex Brown,New,Full Detail,Facebook,Charlotte,Port Charlotte,150,152.0,5.0,157.0,115,Cash App,SUMMER10,3.0
1062,2025-12-19,CUST0268,Sofia Garcia,Returning,Basic Wash,Instagram,Charlotte,Punta Gorda,40,42.0,5.0,47.0,115,Cash App,No Discount,5.0
1063,2025-01-23,CUST0406,Noah Johnson,New,Premium Wash,TikTok,Sarasota,Sarasota,70,65.0,5.0,70.0,94,Cash App,SUMMER10,4.0
1064,2025-03-04,CUST0821,John Garcia,Returning,Ceramic Coating,Instagram,Sarasota,North Port,350,350.0,0.0,350.0,84,Zelle,No Discount,5.0
1065,2025-05-23,CUST0763,Liam Wilson,Returning,Ceramic Coating,TikTok,Charlotte,Port Charlotte,350,345.0,0.0,345.0,45,Cash,No Discount,No Feedback
1066,2025-06-02,CUST0173,Olivia Johnson,Returning,Basic Wash,Youtube,Sarasota,Sarasota,40,40.0,0.0,40.0,170,Zelle,VIP ,3.0
1067,2025-05-25,CUST1193,Sofia Johnson,Returning,Premium Wash,Instagram,Sarasota,Venice,70,70.0,20.0,90.0,178,Card,No Discount,5.0
1068,2025-08-13,CUST0531,Alex Brown,Returning,Interior Detail,Youtube,Sarasota,Venice,90,104.0,20.0,124.0,34,Cash App,No Discount,4.0
1069,2025-11-05,CUST0154,Sofia Anderson,Returning,Basic Wash,Referral,Charlotte,Punta Gorda,40,39.0,10.0,49.0,132,Card,No Discount,5.0
1070,2025-04-14,CUST0045,John Johnson,Returning,Basic Wash,Youtube,Sarasota,Sarasota,40,40.0,0.0,40.0,126,Cash App,NEWCUSTOMER,No Feedback
1071,2025-04-14,CUST0133,Liam Davis,New,Premium Wash,TikTok,Sarasota,North Port,70,75.0,5.0,80.0,74,Venmo,No Discount,5.0
1072,2025-02-08,CUST0405,Ava Wilson,Returning,Premium Wash,Instagram,Sarasota,North Port,70,72.0,5.0,77.0,132,Venmo,No Discount,4.0
1073,2025-07-17,CUST0909,Olivia Miller,New,Premium Wash,Youtube,Sarasota,North Port,70,77.0,20.0,97.0,146,Cash App,NEWCUSTOMER,No Feedback
1074,2025-05-14,CUST0264,Ava Johnson,New,Premium Wash,Facebook,Sarasota,Sarasota,70,70.0,5.0,75.0,133,Cash,SUMMER10,4.0
1075,2025-03-08,CUST0189,Noah Taylor,New,Interior Detail,Instagram,Sarasota,Sarasota,90,90.0,0.0,90.0,124,Card,No Discount,5.0
1076,2025-06-28,CUST0680,Noah Brown,Returning,Interior Detail,Instagram,Charlotte,Port Charlotte,90,88.0,15.0,103.0,173,Venmo,NEWCUSTOMER,No Feedback
1077,2025-02-11,CUST0251,Olivia Johnson,New,Ceramic Coating,Facebook,Sarasota,Sarasota,350,348.0,0.0,348.0,106,Cash App,SUMMER10,4.0
1078,2025-01-15,CUST0088,Noah Miller,Returning,Interior Detail,Facebook,Sarasota,North Port,90,90.0,5.0,95.0,170,Zelle,No Discount,3.0
1079,2025-04-21,CUST0945,Liam Johnson,New,Full Detail,Youtube,Sarasota,North Port,150,145.0,0.0,145.0,120,Cash,NEWCUSTOMER,No Feedback
1080,2025-06-06,CUST0104,Lewis Anderson,New,Full Detail,Instagram,Charlotte,Punta Gorda,150,155.0,0.0,155.0,72,Cash,SUMMER10,5.0
1081,2025-10-16,CUST0345,Lewis Wilson,Returning,Basic Wash,Instagram,Charlotte,Punta Gorda,40,44.0,0.0,44.0,131,Card,No Discount,3.0
1082,2025-08-19,CUST1176,Olivia Brown,Returning,Full Detail,Facebook,Sarasota,Venice,150,163.0,15.0,178.0,78,Zelle,NEWCUSTOMER,5.0
1083,2025-06-06,CUST0888,Lewis Taylor,New,Premium Wash,Instagram,Charlotte,Port Charlotte,70,75.0,20.0,95.0,135,Cash,NEWCUSTOMER,4.0
1084,2025-02-07,CUST0809,Emma Taylor,New,Basic Wash,Youtube,Sarasota,Venice,40,35.0,0.0,35.0,129,Cash,SUMMER10,5.0
1085,2025-04-07,CUST1017,Noah Wilson,Returning,Interior Detail,Youtube,Charlotte,Punta Gorda,90,90.0,10.0,100.0,85,Venmo,No Discount,No Feedback
1086,2025-10-16,CUST0061,Sofia Smith,Returning,Basic Wash,Instagram,Charlotte,Port Charlotte,40,39.0,10.0,49.0,141,Card,NEWCUSTOMER,3.0
1087,2025-09-11,CUST0784,Liam Anderson,Returning,Basic Wash,Referral,Charlotte,Port Charlotte,40,44.0,0.0,44.0,71,Venmo,SUMMER10,5.0
1088,2025-07-15,CUST0874,Liam Martinez,Returning,Interior Detail,Referral,Charlotte,Punta Gorda,90,97.0,0.0,97.0,61,Zelle,No Discount,4.0
1089,2025-03-27,CUST0354,Noah Smith,Returning,Full Detail,TikTok,Charlotte,Port Charlotte,150,152.0,0.0,152.0,55,Card,SUMMER10,3.0
1090,2025-11-18,CUST0725,John Brown,Returning,Basic Wash,Instagram,Sarasota,Venice,40,42.0,10.0,52.0,107,Zelle,VIP ,No Feedback
1091,2025-01-10,CUST0440,Liam Martinez,Returning,Basic Wash,Instagram,Sarasota,Venice,40,42.0,10.0,52.0,84,Cash,No Discount,4.0
1092,2025-01-05,CUST0384,Lewis Brown,Returning,Ceramic Coating,Youtube,Sarasota,Venice,350,345.0,0.0,345.0,127,Cash App,No Discount,3.0
1093,2025-05-03,CUST0564,Noah Johnson,Returning,Ceramic Coating,Instagram,Charlotte,Punta Gorda,350,355.0,20.0,375.0,140,Zelle,No Discount,5.0
1094,2025-11-26,CUST0574,Mary Wilson,Returning,Premium Wash,Youtube,Sarasota,Venice,70,82.0,5.0,87.0,123,Zelle,NEWCUSTOMER,4.0
1095,2025-12-19,CUST0914,Emma Davis,New,Basic Wash,TikTok,Charlotte,Port Charlotte,40,39.0,0.0,39.0,124,Card,VIP ,3.0
1096,2025-04-28,CUST0305,Emma Davis,Returning,Full Detail,Youtube,Charlotte,Port Charlotte,150,148.0,10.0,158.0,129,Cash,No Discount,5.0
1097,2025-10-21,CUST0071,Noah Brown,New,Premium Wash,Unknown,Sarasota,Venice,70,72.0,15.0,87.0,126,Cash,VIP ,No Feedback
1098,2025-08-06,CUST0504,Mary Wilson,Returning,Full Detail,TikTok,Charlotte,Punta Gorda,150,152.0,20.0,172.0,45,Zelle,No Discount,4.0
1099,2025-10-30,CUST0605,Liam Brown,Returning,Premium Wash,Facebook,Charlotte,Port Charlotte,70,79.0,0.0,79.0,67,Cash,NEWCUSTOMER,5.0
1100,2025-08-16,CUST1022,Lewis Wilson,New,Interior Detail,Facebook,Sarasota,Venice,90,94.0,20.0,114.0,39,Venmo,No Discount,3.0
1101,2025-12-31,CUST0844,Liam Taylor,Returning,Premium Wash,Instagram,Sarasota,North Port,70,77.0,0.0,77.0,143,Venmo,No Discount,5.0
1102,2025-04-08,CUST1128,Alex Anderson,Returning,Ceramic Coating,Youtube,Charlotte,Port Charlotte,350,385.0,0.0,385.0,164,Venmo,No Discount,5.0
1103,2025-07-03,CUST0982,Lewis Wilson,Returning,Premium Wash,TikTok,Charlotte,Punta Gorda,70,79.0,20.0,99.0,54,Cash,SUMMER10,4.0
1104,2025-01-15,CUST0125,Liam Smith,Returning,Basic Wash,Instagram,Sarasota,Sarasota,40,40.0,5.0,45.0,86,Card,SUMMER10,4.0
1105,2025-06-06,CUST0180,John Martinez,New,Interior Detail,Youtube,Charlotte,Punta Gorda,90,88.0,15.0,103.0,133,Zelle,No Discount,3.0
1106,2025-05-16,CUST0573,Noah Taylor,New,Premium Wash,Instagram,Charlotte,Punta Gorda,70,72.0,10.0,82.0,30,Cash,VIP ,3.0
1107,2025-09-18,CUST0785,Olivia Garcia,Returning,Interior Detail,Referral,Sarasota,Venice,90,99.0,0.0,99.0,147,Cash,No Discount,5.0
1108,2025-06-06,CUST0282,Liam Garcia,Returning,Premium Wash,Instagram,Sarasota,North Port,70,70.0,20.0,90.0,86,Cash,VIP ,5.0
1109,2025-02-16,CUST0859,Alex Miller,Returning,Premium Wash,Instagram,Sarasota,North Port,70,70.0,15.0,85.0,32,Card,No Discount,4.0
1110,2025-11-20,CUST0409,Emma Anderson,New,Interior Detail,Referral,Sarasota,Sarasota,90,97.0,15.0,112.0,131,Card,SUMMER10,5.0
1111,2025-11-28,CUST1077,Sofia Miller,New,Interior Detail,Referral,Sarasota,North Port,90,97.0,10.0,107.0,124,Cash App,No Discount,5.0
1112,2025-06-22,CUST0511,Lewis Smith,New,Premium Wash,Facebook,Charlotte,Port Charlotte,70,72.0,0.0,72.0,129,Zelle,SUMMER10,5.0
1113,2025-05-10,CUST1114,Mary Davis,Returning,Ceramic Coating,Facebook,Sarasota,North Port,350,348.0,0.0,348.0,63,Zelle,No Discount,4.0
1114,2025-04-05,CUST0040,Sofia Johnson,New,Full Detail,Other,Sarasota,North Port,150,148.0,5.0,153.0,62,Zelle,No Discount,5.0
1115,2025-04-25,CUST0784,Sofia Martinez,Returning,Basic Wash,Referral,Charlotte,Port Charlotte,40,42.0,20.0,62.0,91,Card,SUMMER10,5.0
1116,2025-08-31,CUST0736,Noah Garcia,Returning,Basic Wash,Instagram,Charlotte,Port Charlotte,40,44.0,0.0,44.0,67,Cash,No Discount,4.0
1117,2025-10-19,CUST0983,Sofia Brown,New,Premium Wash,Instagram,Sarasota,Sarasota,70,72.0,5.0,77.0,103,Card,No Discount,No Feedback
1118,2025-10-09,CUST1116,John Johnson,Returning,Full Detail,Instagram,Sarasota,North Port,150,170.0,0.0,170.0,103,Card,No Discount,4.0
1119,2025-10-26,CUST0993,Olivia Davis,Returning,Full Detail,Referral,Sarasota,Sarasota,150,165.0,5.0,170.0,44,Card,No Discount,5.0
1120,2025-10-10,CUST0705,Mary Johnson,New,Ceramic Coating,TikTok,Charlotte,Port Charlotte,350,380.0,0.0,380.0,69,Cash,VIP ,5.0
1121,2025-03-10,CUST1159,Emma Taylor,Returning,Premium Wash,Instagram,Charlotte,Port Charlotte,70,68.0,0.0,68.0,154,Cash,No Discount,3.0
1122,2025-05-28,CUST1029,John Smith,Returning,Interior Detail,Facebook,Charlotte,Port Charlotte,90,88.0,0.0,88.0,109,Card,SUMMER10,5.0
1123,2025-01-11,CUST0659,Ava Anderson,Returning,Premium Wash,TikTok,Charlotte,Punta Gorda,70,68.0,10.0,78.0,96,Cash,NEWCUSTOMER,4.0
1124,2025-09-11,CUST0796,Sofia Anderson,Returning,Full Detail,Youtube,Charlotte,Punta Gorda,150,165.0,0.0,165.0,175,Cash,No Discount,4.0
1125,2025-11-26,CUST0554,Mary Brown,New,Premium Wash,Referral,Sarasota,North Port,70,77.0,0.0,77.0,143,Card,No Discount,4.0
1126,2025-12-26,CUST0369,Liam Wilson,Returning,Full Detail,Facebook,Sarasota,Sarasota,150,167.0,10.0,177.0,150,Card,NEWCUSTOMER,4.0
1127,2025-02-07,CUST0054,Alex Taylor,Returning,Premium Wash,Referral,Charlotte,Port Charlotte,70,70.0,10.0,80.0,31,Card,SUMMER10,3.0
1128,2025-05-14,CUST0654,Sofia Martinez,Returning,Full Detail,Youtube,Charlotte,Punta Gorda,150,155.0,0.0,155.0,156,Cash,NEWCUSTOMER,3.0
1129,2025-07-19,CUST0449,Alex Miller,New,Full Detail,Instagram,Charlotte,Port Charlotte,150,170.0,5.0,170.0,125,Cash,SUMMER10,5.0
1130,2025-01-23,CUST0061,Liam Garcia,Returning,Ceramic Coating,Instagram,Charlotte,Port Charlotte,350,350.0,5.0,355.0,65,Cash App,No Discount,5.0
1131,2025-10-30,CUST0576,Alex Smith,Returning,Premium Wash,Youtube,Charlotte,Port Charlotte,70,75.0,20.0,95.0,143,Cash App,VIP ,No Feedback
1132,2025-12-12,CUST0120,Sofia Smith,New,Premium Wash,TikTok,Sarasota,Venice,70,82.0,15.0,97.0,65,Cash,No Discount,4.0
1133,2025-10-29,CUST0967,Liam Miller,Returning,Ceramic Coating,Unknown,Charlotte,Punta Gorda,350,385.0,10.0,395.0,62,Venmo,No Discount,4.0
1134,2025-12-29,CUST1085,Mary Miller,Returning,Ceramic Coating,Facebook,Sarasota,Venice,350,385.0,20.0,405.0,157,Cash,No Discount,No Feedback
1135,2025-08-06,CUST0733,Mary Miller,New,Full Detail,Facebook,Charlotte,Punta Gorda,150,165.0,20.0,185.0,175,Card,NEWCUSTOMER,5.0
1136,2025-05-21,CUST1197,Mary Wilson,Returning,Basic Wash,TikTok,Sarasota,Venice,40,35.0,5.0,40.0,114,Venmo,NEWCUSTOMER,4.0
1137,2025-04-14,CUST0477,John Garcia,New,Interior Detail,TikTok,Sarasota,Sarasota,90,90.0,0.0,90.0,47,Cash,No Discount,4.0
1138,2025-07-29,CUST0327,Olivia Martinez,New,Interior Detail,Facebook,Sarasota,Venice,90,101.0,10.0,111.0,85,Zelle,No Discount,4.0
1139,2025-04-21,CUST0206,Mary Taylor,Returning,Full Detail,Youtube,Sarasota,Venice,150,150.0,5.0,155.0,170,Card,SUMMER10,5.0
1140,2025-04-14,CUST0508,Noah Davis,Returning,Full Detail,TikTok,Sarasota,North Port,150,145.0,5.0,150.0,57,Cash,No Discount,3.0
1141,2025-11-12,CUST0494,Emma Smith,Returning,Premium Wash,Referral,Sarasota,Venice,70,77.0,10.0,87.0,46,Zelle,No Discount,5.0
1142,2025-06-20,CUST0546,Ava Anderson,New,Premium Wash,TikTok,Charlotte,Punta Gorda,70,70.0,0.0,70.0,91,Card,No Discount,3.0
1143,2025-12-22,CUST1093,Olivia Taylor,Returning,Ceramic Coating,TikTok,Sarasota,Sarasota,350,385.0,10.0,395.0,138,Cash,No Discount,3.0
1144,2025-11-20,CUST0115,John Brown,Returning,Interior Detail,Instagram,Sarasota,Sarasota,90,99.0,20.0,119.0,47,Card,NEWCUSTOMER,4.0
1145,2025-05-13,CUST0450,John Wilson,New,Ceramic Coating,Youtube,Charlotte,Punta Gorda,350,352.0,0.0,352.0,150,Zelle,VIP ,No Feedback
1146,2025-10-20,CUST1180,Olivia Anderson,Returning,Premium Wash,TikTok,Charlotte,Punta Gorda,70,77.0,20.0,97.0,62,Card,No Discount,No Feedback
1147,2025-11-24,CUST0796,Olivia Miller,Returning,Premium Wash,Youtube,Charlotte,Punta Gorda,70,75.0,20.0,95.0,105,Cash,No Discount,4.0
1148,2025-05-07,CUST0727,Olivia Johnson,New,Basic Wash,Facebook,Sarasota,North Port,40,45.0,15.0,60.0,178,Card,VIP ,No Feedback
1149,2025-04-16,CUST0356,John Smith,New,Ceramic Coating,Youtube,Sarasota,Venice,350,348.0,5.0,353.0,79,Cash App,No Discount,4.0
1150,2025-04-02,CUST0361,Alex Johnson,New,Full Detail,Unknown,Sarasota,Sarasota,150,152.0,20.0,172.0,81,Cash,No Discount,5.0
1151,2025-10-14,CUST0485,Ava Johnson,Returning,Full Detail,Instagram,Charlotte,Punta Gorda,150,160.0,5.0,165.0,59,Card,No Discount,4.0
1152,2025-02-20,CUST0652,Sofia Garcia,Returning,Premium Wash,TikTok,Charlotte,Port Charlotte,70,70.0,15.0,85.0,119,Card,NEWCUSTOMER,3.0
1153,2025-01-29,CUST0735,Ava Davis,New,Basic Wash,Instagram,Charlotte,Port Charlotte,40,42.0,0.0,42.0,77,Zelle,No Discount,4.0
1154,2025-10-23,CUST0058,Olivia Brown,New,Premium Wash,Instagram,Sarasota,Sarasota,70,75.0,0.0,75.0,35,Cash,SUMMER10,5.0
1155,2025-10-24,CUST0721,John Smith,Returning,Full Detail,TikTok,Charlotte,Punta Gorda,150,170.0,5.0,175.0,62,Cash App,VIP ,5.0
1156,2025-08-02,CUST1163,Lewis Miller,Returning,Basic Wash,Instagram,Sarasota,North Port,40,46.0,15.0,61.0,36,Cash,No Discount,4.0
1157,2025-09-24,CUST1155,John Smith,Returning,Premium Wash,Referral,Sarasota,Venice,70,77.0,0.0,77.0,81,Cash,NEWCUSTOMER,5.0
1158,2025-09-14,CUST0292,Sofia Martinez,Returning,Ceramic Coating,TikTok,Sarasota,Sarasota,350,380.0,15.0,395.0,74,Card,No Discount,No Feedback
1159,2025-10-29,CUST1154,Mary Miller,Returning,Premium Wash,Youtube,Sarasota,North Port,70,82.0,10.0,92.0,143,Cash,No Discount,4.0
1160,2025-04-11,CUST0386,Lewis Wilson,Returning,Interior Detail,Youtube,Sarasota,Sarasota,90,92.0,10.0,102.0,107,Venmo,No Discount,No Feedback
1161,2025-12-12,CUST1009,Ava Wilson,New,Premium Wash,Instagram,Sarasota,Sarasota,70,72.0,10.0,82.0,140,Zelle,No Discount,5.0
1162,2025-04-20,CUST1111,Mary Davis,Returning,Full Detail,Instagram,Charlotte,Punta Gorda,150,155.0,20.0,175.0,121,Cash,SUMMER10,5.0
1163,2025-07-01,CUST0633,Emma Smith,New,Full Detail,Facebook,Sarasota,Sarasota,150,163.0,15.0,178.0,140,Cash App,VIP ,3.0
1164,2025-11-09,CUST0360,John Taylor,Returning,Full Detail,Referral,Charlotte,Port Charlotte,150,165.0,20.0,185.0,161,Cash App,No Discount,3.0
1165,2025-01-01,CUST1005,Emma Taylor,Returning,Full Detail,Referral,Sarasota,North Port,150,150.0,15.0,165.0,178,Cash,No Discount,5.0
1166,2025-11-15,CUST0078,Liam Smith,New,Basic Wash,Referral,Sarasota,North Port,40,46.0,15.0,61.0,78,Cash,No Discount,4.0
1167,2025-02-24,CUST0185,Alex Taylor,New,Ceramic Coating,Youtube,Sarasota,Venice,350,352.0,15.0,367.0,78,Venmo,SUMMER10,5.0
1168,2025-05-29,CUST0116,Ava Brown,Returning,Basic Wash,Instagram,Charlotte,Port Charlotte,40,45.0,0.0,45.0,122,Card,NEWCUSTOMER,5.0
1169,2025-11-05,CUST0477,Sofia Smith,Returning,Premium Wash,TikTok,Sarasota,Sarasota,70,82.0,0.0,82.0,34,Cash,VIP ,3.0
1170,2025-05-17,CUST0449,Ava Martinez,Returning,Ceramic Coating,Instagram,Charlotte,Port Charlotte,350,345.0,20.0,365.0,132,Card,No Discount,No Feedback
1171,2025-07-21,CUST0041,Lewis Brown,New,Basic Wash,Referral,Sarasota,Venice,40,44.0,0.0,44.0,80,Cash App,VIP ,5.0
1172,2025-11-09,CUST1079,Mary Garcia,Returning,Basic Wash,TikTok,Sarasota,North Port,40,49.0,10.0,59.0,113,Cash,VIP ,No Feedback
1173,2025-04-27,CUST0979,Sofia Garcia,Returning,Premium Wash,Youtube,Sarasota,Venice,70,70.0,5.0,75.0,107,Cash App,No Discount,4.0
1174,2025-06-03,CUST0002,Sofia Martinez,Returning,Interior Detail,Youtube,Sarasota,Venice,90,92.0,5.0,97.0,80,Zelle,SUMMER10,3.0
1175,2025-10-18,CUST0680,Liam Wilson,Returning,Premium Wash,Instagram,Charlotte,Port Charlotte,70,72.0,10.0,82.0,147,Zelle,NEWCUSTOMER,4.0
1176,2025-03-04,CUST0413,Emma Anderson,New,Interior Detail,Instagram,Charlotte,Punta Gorda,90,88.0,15.0,103.0,140,Card,No Discount,No Feedback
1177,2025-09-01,CUST0268,John Wilson,Returning,Full Detail,Instagram,Charlotte,Punta Gorda,150,165.0,20.0,185.0,72,Card,No Discount,5.0
1178,2025-01-25,CUST0698,Emma Smith,Returning,Premium Wash,Youtube,Sarasota,North Port,70,72.0,5.0,77.0,110,Zelle,No Discount,No Feedback
1179,2025-03-31,CUST0364,Liam Johnson,Returning,Interior Detail,Facebook,Sarasota,North Port,90,90.0,20.0,110.0,35,Card,No Discount,5.0
1180,2025-03-16,CUST0663,Mary Johnson,Returning,Full Detail,Instagram,Sarasota,Sarasota,150,152.0,0.0,152.0,114,Card,VIP ,5.0
1181,2025-10-21,CUST0122,Emma Johnson,Returning,Ceramic Coating,Youtube,Charlotte,Port Charlotte,350,385.0,0.0,385.0,127,Cash,NEWCUSTOMER,No Feedback
1182,2025-07-29,CUST0045,Emma Johnson,Returning,Full Detail,Youtube,Sarasota,Sarasota,150,160.0,15.0,175.0,50,Cash,VIP ,5.0
1183,2025-12-13,CUST0303,Noah Wilson,New,Premium Wash,TikTok,Charlotte,Port Charlotte,70,77.0,15.0,92.0,77,Card,SUMMER10,5.0
1184,2025-01-17,CUST0291,Noah Smith,Returning,Premium Wash,Other,Charlotte,Port Charlotte,70,70.0,0.0,70.0,95,Card,NEWCUSTOMER,5.0
1185,2025-05-08,CUST0228,Sofia Taylor,New,Basic Wash,Youtube,Sarasota,Sarasota,40,42.0,0.0,42.0,140,Card,No Discount,5.0
1186,2025-12-30,CUST1078,Mary Brown,New,Premium Wash,Instagram,Charlotte,Punta Gorda,70,82.0,10.0,92.0,137,Card,No Discount,5.0
1187,2025-09-08,CUST0748,Sofia Davis,Returning,Premium Wash,TikTok,Charlotte,Punta Gorda,70,72.0,5.0,77.0,67,Card,No Discount,3.0
1188,2025-06-28,CUST0149,Ava Johnson,New,Full Detail,Instagram,Charlotte,Punta Gorda,150,150.0,0.0,150.0,149,Cash App,No Discount,3.0
1189,2025-07-01,CUST0766,John Brown,New,Premium Wash,Unknown,Sarasota,North Port,70,77.0,0.0,77.0,125,Zelle,SUMMER10,5.0
1190,2025-06-01,CUST0811,Olivia Miller,Returning,Ceramic Coating,TikTok,Charlotte,Punta Gorda,350,348.0,5.0,353.0,129,Zelle,No Discount,5.0
1191,2025-01-25,CUST0207,Ava Johnson,Returning,Premium Wash,Instagram,Charlotte,Port Charlotte,70,65.0,0.0,65.0,170,Cash,No Discount,4.0
1192,2025-06-29,CUST0690,Ava Johnson,New,Basic Wash,Instagram,Sarasota,North Port,40,40.0,5.0,45.0,104,Venmo,No Discount,3.0
1193,2025-07-17,CUST0619,John Miller,Returning,Premium Wash,Facebook,Sarasota,Sarasota,70,79.0,15.0,94.0,156,Card,VIP ,3.0
1194,2025-12-10,CUST0661,Olivia Martinez,New,Interior Detail,TikTok,Charlotte,Punta Gorda,90,94.0,5.0,99.0,82,Cash App,No Discount,4.0
1195,2025-06-10,CUST0280,Mary Miller,Returning,Full Detail,Unknown,Sarasota,Venice,150,148.0,0.0,148.0,48,Card,SUMMER10,4.0
1196,2025-06-26,CUST0323,Sofia Johnson,Returning,Interior Detail,Other,Sarasota,Sarasota,90,88.0,0.0,88.0,74,Cash,NEWCUSTOMER,3.0
1197,2025-10-12,CUST0895,Olivia Anderson,New,Full Detail,Youtube,Charlotte,Punta Gorda,150,163.0,15.0,178.0,127,Cash App,No Discount,5.0
1198,2025-03-04,CUST0998,Noah Miller,New,Basic Wash,Youtube,Charlotte,Punta Gorda,40,40.0,10.0,50.0,32,Zelle,No Discount,5.0
1199,2025-05-30,CUST0650,Mary Taylor,New,Ceramic Coating,TikTok,Charlotte,Port Charlotte,350,350.0,0.0,350.0,50,Venmo,VIP ,3.0
1200,2025-06-03,CUST0357,Mary Miller,Returning,Ceramic Coating,Instagram,Sarasota,North Port,350,348.0,10.0,358.0,146,Cash,VIP ,4.0
1201,2025-06-05,CUST1151,Noah Wilson,Returning,Full Detail,Youtube,Sarasota,Venice,150,145.0,20.0,165.0,64,Card,No Discount,4.0
1202,2025-02-18,CUST0731,Lewis Davis,New,Premium Wash,Facebook,Sarasota,Venice,70,75.0,5.0,75.0,65,Card,No Discount,No Feedback
1203,2025-12-03,CUST0458,Lewis Brown,Returning,Basic Wash,Youtube,Sarasota,Venice,40,44.0,0.0,44.0,136,Cash App,No Discount,No Feedback
1204,2025-03-25,CUST0360,Emma Davis,Returning,Interior Detail,Referral,Charlotte,Port Charlotte,90,90.0,5.0,95.0,36,Zelle,SUMMER10,4.0
1205,2025-12-27,CUST0775,Ava Miller,New,Interior Detail,Instagram,Sarasota,Sarasota,90,101.0,10.0,111.0,86,Cash App,No Discount,No Feedback
1206,2025-06-26,CUST0629,Noah Martinez,New,Basic Wash,Facebook,Charlotte,Punta Gorda,40,45.0,10.0,55.0,72,Card,No Discount,5.0
1207,2025-05-28,CUST0604,Olivia Johnson,New,Premium Wash,Facebook,Charlotte,Punta Gorda,70,68.0,0.0,68.0,161,Card,No Discount,4.0
1208,2025-04-28,CUST0261,Liam Garcia,Returning,Interior Detail,Referral,Sarasota,Venice,90,95.0,15.0,110.0,144,Cash,No Discount,3.0
1209,2025-12-08,CUST0364,Emma Anderson,Returning,Interior Detail,Other,Sarasota,North Port,90,101.0,5.0,106.0,134,Cash,NEWCUSTOMER,4.0
1210,2025-03-04,CUST0004,Mary Brown,New,Full Detail,Instagram,Charlotte,Punta Gorda,150,148.0,10.0,158.0,54,Cash,No Discount,5.0
1211,2025-07-08,CUST1174,Mary Taylor,New,Premium Wash,Instagram,Sarasota,North Port,70,77.0,15.0,92.0,173,Zelle,VIP ,5.0
1212,2025-12-26,CUST0802,Noah Wilson,Returning,Premium Wash,Facebook,Sarasota,North Port,70,82.0,10.0,92.0,33,Card,VIP ,5.0
1213,2025-02-18,CUST1163,Ava Smith,Returning,Basic Wash,Instagram,Sarasota,North Port,40,40.0,5.0,45.0,164,Card,VIP ,4.0
1214,2025-11-23,CUST0067,Sofia Taylor,Returning,Ceramic Coating,Youtube,Sarasota,Sarasota,350,383.0,20.0,403.0,117,Zelle,No Discount,4.0
1215,2025-09-14,CUST0373,Alex Martinez,New,Basic Wash,TikTok,Charlotte,Port Charlotte,40,44.0,0.0,44.0,99,Cash,VIP ,3.0
1216,2025-08-12,CUST0652,Mary Anderson,Returning,Premium Wash,TikTok,Charlotte,Port Charlotte,70,82.0,10.0,92.0,78,Card,NEWCUSTOMER,5.0
1217,2025-05-21,CUST0453,John Wilson,Returning,Full Detail,Referral,Charlotte,Punta Gorda,150,148.0,15.0,163.0,43,Cash,NEWCUSTOMER,5.0
1218,2025-08-03,CUST1159,Liam Taylor,Returning,Premium Wash,Instagram,Charlotte,Port Charlotte,70,82.0,20.0,102.0,101,Venmo,No Discount,5.0
1219,2025-07-30,CUST0214,Sofia Taylor,New,Full Detail,Youtube,Sarasota,North Port,150,167.0,0.0,167.0,46,Card,SUMMER10,5.0
1220,2025-11-14,CUST1017,Lewis Johnson,Returning,Interior Detail,Youtube,Charlotte,Punta Gorda,90,97.0,20.0,117.0,73,Zelle,NEWCUSTOMER,5.0
1221,2025-02-01,CUST0289,Liam Johnson,New,Full Detail,Instagram,Charlotte,Port Charlotte,150,150.0,0.0,150.0,108,Venmo,No Discount,5.0
1222,2025-06-07,CUST0679,John Taylor,Returning,Premium Wash,Referral,Sarasota,North Port,70,75.0,0.0,75.0,101,Cash,SUMMER10,4.0
1223,2025-10-12,CUST0160,Lewis Wilson,Returning,Interior Detail,Youtube,Sarasota,Sarasota,90,94.0,5.0,99.0,177,Card,NEWCUSTOMER,5.0
1224,2025-11-01,CUST0488,Noah Johnson,Returning,Basic Wash,TikTok,Sarasota,Sarasota,40,49.0,15.0,64.0,44,Venmo,No Discount,5.0
1225,2025-10-13,CUST0711,Noah Taylor,Returning,Premium Wash,Facebook,Charlotte,Punta Gorda,70,77.0,20.0,97.0,127,Cash,NEWCUSTOMER,4.0
1226,2025-05-24,CUST0655,Lewis Brown,New,Ceramic Coating,Facebook,Sarasota,Sarasota,350,348.0,15.0,363.0,34,Cash App,VIP ,5.0
1227,2025-01-19,CUST0344,Sofia Miller,New,Interior Detail,TikTok,Sarasota,North Port,90,95.0,15.0,110.0,162,Card,SUMMER10,3.0
1228,2025-01-18,CUST0182,Liam Brown,New,Interior Detail,Instagram,Sarasota,Sarasota,90,90.0,5.0,95.0,74,Zelle,No Discount,5.0
1229,2025-09-14,CUST0688,Ava Garcia,New,Ceramic Coating,Instagram,Sarasota,North Port,350,390.0,15.0,405.0,163,Venmo,VIP ,4.0
1230,2025-03-19,CUST0915,John Garcia,Returning,Ceramic Coating,Youtube,Charlotte,Punta Gorda,350,345.0,10.0,355.0,150,Cash,NEWCUSTOMER,4.0
1231,2025-06-24,CUST0024,Ava Davis,Returning,Premium Wash,Instagram,Charlotte,Port Charlotte,70,70.0,20.0,90.0,102,Cash,NEWCUSTOMER,No Feedback
1232,2025-07-13,CUST0544,Lewis Taylor,New,Basic Wash,Referral,Charlotte,Port Charlotte,40,44.0,0.0,44.0,179,Cash,No Discount,5.0
1233,2025-04-23,CUST0430,Emma Smith,Returning,Full Detail,TikTok,Sarasota,North Port,150,150.0,10.0,160.0,137,Card,No Discount,No Feedback
1234,2025-04-24,CUST0512,Noah Taylor,Returning,Premium Wash,Other,Sarasota,North Port,70,70.0,5.0,75.0,83,Card,No Discount,3.0
1235,2025-08-10,CUST0139,Lewis Brown,Returning,Full Detail,Referral,Charlotte,Punta Gorda,150,165.0,0.0,165.0,109,Cash,No Discount,5.0
1236,2025-06-15,CUST0718,Olivia Davis,New,Interior Detail,Instagram,Sarasota,North Port,90,85.0,15.0,100.0,91,Card,SUMMER10,4.0
1237,2025-11-15,CUST0526,Noah Miller,New,Ceramic Coating,Youtube,Charlotte,Punta Gorda,350,383.0,15.0,398.0,134,Zelle,No Discount,5.0
1238,2025-05-12,CUST0222,Sofia Smith,New,Ceramic Coating,Instagram,Charlotte,Punta Gorda,350,350.0,15.0,365.0,51,Cash App,NEWCUSTOMER,No Feedback
1239,2025-09-21,CUST0003,John Miller,Returning,Premium Wash,Facebook,Sarasota,Venice,70,77.0,10.0,87.0,113,Cash,No Discount,5.0
1240,2025-02-24,CUST0099,Alex Miller,New,Premium Wash,Facebook,Charlotte,Punta Gorda,70,65.0,0.0,65.0,167,Card,SUMMER10,No Feedback
1241,2025-12-25,CUST0791,Noah Brown,Returning,Interior Detail,TikTok,Charlotte,Punta Gorda,90,99.0,10.0,109.0,121,Cash,No Discount,4.0
1242,2025-05-11,CUST0898,Ava Garcia,Returning,Full Detail,Facebook,Sarasota,Venice,150,150.0,10.0,160.0,97,Card,VIP ,4.0
1243,2025-10-15,CUST0860,Olivia Davis,Returning,Interior Detail,TikTok,Sarasota,Venice,90,94.0,10.0,104.0,91,Cash,No Discount,4.0
1244,2025-09-23,CUST0341,Sofia Miller,Returning,Interior Detail,Referral,Sarasota,Sarasota,90,94.0,5.0,99.0,49,Zelle,NEWCUSTOMER,4.0
1245,2025-06-11,CUST0848,Lewis Garcia,Returning,Interior Detail,TikTok,Sarasota,Sarasota,90,95.0,0.0,95.0,159,Card,NEWCUSTOMER,5.0
1246,2025-03-28,CUST1010,John Smith,Returning,Full Detail,Facebook,Charlotte,Port Charlotte,150,150.0,20.0,170.0,38,Cash,No Discount,No Feedback
1247,2025-02-24,CUST0776,Ava Anderson,New,Full Detail,Youtube,Sarasota,North Port,150,145.0,15.0,160.0,50,Zelle,VIP ,No Feedback
1248,2025-10-15,CUST0720,Lewis Wilson,Returning,Interior Detail,Other,Charlotte,Punta Gorda,90,99.0,0.0,99.0,139,Cash,No Discount,4.0
1249,2025-06-27,CUST1119,Ava Smith,Returning,Full Detail,Other,Charlotte,Punta Gorda,150,155.0,15.0,170.0,128,Card,VIP ,5.0
1250,2025-12-15,CUST0769,Alex Taylor,Returning,Premium Wash,TikTok,Charlotte,Port Charlotte,70,82.0,0.0,82.0,89,Card,SUMMER10,No Feedback
1251,2025-01-08,CUST0208,Mary Miller,New,Premium Wash,Instagram,Charlotte,Port Charlotte,70,65.0,0.0,65.0,94,Zelle,SUMMER10,4.0
1252,2025-11-17,CUST0982,Lewis Garcia,Returning,Ceramic Coating,TikTok,Charlotte,Punta Gorda,350,385.0,5.0,390.0,72,Cash,No Discount,4.0
1253,2025-11-09,CUST1184,Liam Davis,Returning,Ceramic Coating,Referral,Charlotte,Port Charlotte,350,385.0,5.0,390.0,87,Card,SUMMER10,5.0
1254,2025-09-04,CUST0462,Noah Martinez,Returning,Interior Detail,TikTok,Sarasota,North Port,90,101.0,0.0,101.0,125,Venmo,No Discount,4.0
1255,2025-11-19,CUST0334,Lewis Johnson,New,Interior Detail,Youtube,Sarasota,Sarasota,90,101.0,15.0,116.0,44,Zelle,SUMMER10,3.0
1256,2025-09-12,CUST0925,Sofia Garcia,New,Premium Wash,Facebook,Charlotte,Port Charlotte,70,79.0,0.0,79.0,82,Venmo,NEWCUSTOMER,3.0
1257,2025-11-24,CUST0151,Ava Brown,Returning,Full Detail,Referral,Sarasota,Sarasota,150,163.0,0.0,163.0,96,Card,No Discount,No Feedback
1258,2025-02-23,CUST0069,Alex Wilson,Returning,Basic Wash,Facebook,Charlotte,Port Charlotte,40,38.0,15.0,53.0,46,Card,No Discount,4.0
1259,2025-09-06,CUST0604,Sofia Smith,Returning,Basic Wash,Facebook,Charlotte,Punta Gorda,40,39.0,0.0,39.0,112,Card,No Discount,5.0
1260,2025-08-27,CUST0042,Emma Wilson,New,Ceramic Coating,Youtube,Sarasota,Sarasota,350,387.0,20.0,407.0,107,Cash App,VIP ,4.0
1261,2025-08-17,CUST0653,Ava Taylor,Returning,Ceramic Coating,Instagram,Sarasota,Sarasota,350,387.0,0.0,387.0,55,Card,No Discount,4.0
1262,2025-03-08,CUST0535,Mary Smith,Returning,Full Detail,Youtube,Sarasota,Sarasota,150,155.0,20.0,175.0,127,Venmo,VIP ,3.0
1263,2025-02-20,CUST0215,Olivia Martinez,Returning,Ceramic Coating,Instagram,Sarasota,North Port,350,348.0,20.0,368.0,68,Cash,No Discount,5.0
1264,2025-04-07,CUST0152,John Martinez,Returning,Full Detail,Referral,Sarasota,Sarasota,150,152.0,20.0,172.0,52,Card,No Discount,5.0
1265,2025-04-02,CUST0701,John Smith,New,Basic Wash,TikTok,Sarasota,Sarasota,40,45.0,0.0,45.0,81,Cash App,SUMMER10,5.0
1266,2025-09-21,CUST0349,Emma Brown,New,Premium Wash,Youtube,Charlotte,Port Charlotte,70,79.0,0.0,79.0,119,Venmo,No Discount,4.0
1267,2025-10-18,CUST0769,John Brown,Returning,Basic Wash,TikTok,Charlotte,Port Charlotte,40,44.0,5.0,49.0,41,Card,No Discount,3.0
1268,2025-04-06,CUST0330,Mary Anderson,New,Basic Wash,TikTok,Sarasota,North Port,40,45.0,0.0,45.0,178,Zelle,NEWCUSTOMER,4.0
1269,2025-03-29,CUST0154,Olivia Anderson,Returning,Full Detail,Referral,Charlotte,Punta Gorda,150,148.0,15.0,163.0,86,Zelle,SUMMER10,3.0
1270,2025-03-19,CUST1121,Alex Brown,Returning,Full Detail,Other,Sarasota,Venice,150,155.0,10.0,165.0,43,Cash,No Discount,No Feedback
1271,2025-10-15,CUST0191,Sofia Anderson,Returning,Full Detail,Referral,Sarasota,Sarasota,150,160.0,15.0,175.0,177,Card,No Discount,5.0
1272,2025-04-30,CUST0693,Mary Taylor,New,Ceramic Coating,Referral,Charlotte,Punta Gorda,350,348.0,5.0,353.0,175,Venmo,No Discount,4.0
1273,2025-10-29,CUST0989,John Taylor,Returning,Basic Wash,Instagram,Sarasota,North Port,40,49.0,10.0,59.0,134,Cash App,No Discount,5.0
1274,2025-06-14,CUST0064,Emma Anderson,Returning,Interior Detail,Unknown,Charlotte,Punta Gorda,90,90.0,15.0,105.0,68,Card,No Discount,5.0
1275,2025-07-01,CUST0884,Liam Anderson,New,Premium Wash,Referral,Charlotte,Punta Gorda,70,77.0,0.0,77.0,83,Cash,NEWCUSTOMER,4.0
1276,2025-08-11,CUST0338,Lewis Garcia,New,Interior Detail,Facebook,Sarasota,Sarasota,90,99.0,0.0,99.0,171,Card,NEWCUSTOMER,4.0
1277,2025-11-07,CUST0890,Ava Wilson,Returning,Ceramic Coating,Instagram,Sarasota,North Port,350,390.0,15.0,405.0,70,Zelle,VIP ,No Feedback
1278,2025-01-07,CUST0322,Mary Taylor,New,Full Detail,Youtube,Sarasota,Venice,150,150.0,0.0,150.0,112,Cash,SUMMER10,No Feedback
1279,2025-11-26,CUST0110,Ava Davis,Returning,Interior Detail,TikTok,Charlotte,Port Charlotte,90,94.0,10.0,104.0,133,Cash App,No Discount,3.0
1280,2025-09-20,CUST0208,Ava Wilson,Returning,Premium Wash,Instagram,Charlotte,Port Charlotte,70,72.0,20.0,92.0,51,Cash App,No Discount,4.0
1281,2025-06-10,CUST0679,Ava Anderson,Returning,Full Detail,Referral,Sarasota,North Port,150,150.0,15.0,165.0,135,Cash,VIP ,5.0
1282,2025-05-31,CUST0421,Sofia Wilson,Returning,Interior Detail,Referral,Sarasota,Sarasota,90,92.0,0.0,92.0,31,Card,No Discount,4.0
1283,2025-03-26,CUST0390,Noah Smith,Returning,Basic Wash,Referral,Charlotte,Punta Gorda,40,40.0,15.0,55.0,92,Cash,SUMMER10,5.0
1284,2025-05-27,CUST0839,Mary Johnson,New,Premium Wash,Facebook,Charlotte,Punta Gorda,70,70.0,15.0,85.0,106,Cash App,No Discount,3.0
1285,2025-04-22,CUST1135,Sofia Anderson,New,Basic Wash,Instagram,Sarasota,Sarasota,40,38.0,5.0,43.0,51,Venmo,No Discount,4.0
1286,2025-02-05,CUST1107,Liam Garcia,New,Premium Wash,Facebook,Charlotte,Port Charlotte,70,72.0,10.0,82.0,124,Cash App,SUMMER10,4.0
1287,2025-10-12,CUST0544,Emma Martinez,Returning,Ceramic Coating,Referral,Charlotte,Port Charlotte,350,387.0,10.0,397.0,46,Card,NEWCUSTOMER,4.0
1288,2025-07-07,CUST0577,Sofia Anderson,New,Interior Detail,Facebook,Sarasota,Venice,90,101.0,0.0,101.0,168,Card,VIP ,3.0
1289,2025-03-23,CUST0610,Lewis Miller,Returning,Interior Detail,TikTok,Charlotte,Punta Gorda,90,90.0,20.0,110.0,107,Venmo,No Discount,3.0
1290,2025-01-02,CUST0487,Ava Smith,New,Premium Wash,Facebook,Sarasota,Sarasota,70,75.0,15.0,90.0,30,Cash,VIP ,4.0
1291,2025-10-30,CUST0197,Olivia Wilson,New,Basic Wash,Youtube,Sarasota,Venice,40,39.0,20.0,59.0,115,Venmo,No Discount,4.0
1292,2025-07-16,CUST0102,Noah Garcia,New,Interior Detail,Facebook,Sarasota,Sarasota,90,99.0,15.0,114.0,149,Card,No Discount,4.0
1293,2025-01-11,CUST0805,Alex Anderson,Returning,Premium Wash,Youtube,Charlotte,Port Charlotte,70,72.0,0.0,72.0,110,Card,No Discount,5.0
1294,2025-08-22,CUST1171,Noah Davis,Returning,Full Detail,TikTok,Sarasota,North Port,150,165.0,0.0,165.0,158,Card,NEWCUSTOMER,No Feedback
1295,2025-07-14,CUST1126,Mary Garcia,Returning,Full Detail,Facebook,Sarasota,Sarasota,150,160.0,0.0,160.0,106,Venmo,NEWCUSTOMER,4.0
1296,2025-04-29,CUST1006,Emma Taylor,Returning,Interior Detail,Youtube,Charlotte,Port Charlotte,90,85.0,5.0,90.0,172,Cash,NEWCUSTOMER,No Feedback
1297,2025-01-20,CUST0315,Ava Smith,New,Basic Wash,Youtube,Sarasota,Venice,40,35.0,10.0,45.0,49,Venmo,No Discount,4.0
1298,2025-09-18,CUST0112,Emma Johnson,Returning,Ceramic Coating,Instagram,Charlotte,Port Charlotte,350,385.0,15.0,400.0,75,Cash App,No Discount,4.0
1299,2025-10-20,CUST0739,Noah Wilson,Returning,Full Detail,Referral,Charlotte,Port Charlotte,150,165.0,5.0,170.0,93,Card,VIP ,5.0
1300,2025-09-13,CUST0008,Mary Miller,Returning,Interior Detail,Facebook,Sarasota,Venice,90,94.0,0.0,94.0,84,Cash,No Discount,4.0
1301,2025-08-10,CUST0876,Ava Davis,New,Full Detail,Referral,Sarasota,Venice,150,165.0,5.0,170.0,87,Venmo,No Discount,4.0
1302,2025-08-14,CUST0180,Noah Martinez,Returning,Full Detail,Youtube,Charlotte,Punta Gorda,150,170.0,5.0,175.0,88,Venmo,No Discount,No Feedback
1303,2025-02-22,CUST0604,Liam Davis,Returning,Ceramic Coating,Facebook,Charlotte,Punta Gorda,350,350.0,0.0,350.0,47,Zelle,No Discount,3.0
1304,2025-12-21,CUST0984,Ava Wilson,New,Interior Detail,Referral,Sarasota,Venice,90,97.0,0.0,97.0,126,Zelle,NEWCUSTOMER,5.0
1305,2025-12-08,CUST0409,Sofia Brown,Returning,Interior Detail,Referral,Sarasota,Sarasota,90,104.0,10.0,114.0,99,Cash App,No Discount,4.0
1306,2025-12-30,CUST0199,Liam Smith,New,Basic Wash,Youtube,Charlotte,Punta Gorda,40,42.0,10.0,52.0,127,Card,No Discount,5.0
1307,2025-10-07,CUST0053,Olivia Johnson,New,Ceramic Coating,Referral,Charlotte,Port Charlotte,350,385.0,15.0,400.0,55,Cash,VIP ,4.0
1308,2025-03-22,CUST0424,Liam Miller,Returning,Basic Wash,Youtube,Sarasota,Sarasota,40,35.0,10.0,45.0,77,Cash,No Discount,5.0
1309,2025-07-21,CUST0350,Olivia Davis,New,Full Detail,Facebook,Charlotte,Port Charlotte,150,165.0,15.0,180.0,57,Cash App,NEWCUSTOMER,5.0
1310,2025-06-07,CUST0598,Liam Davis,Returning,Premium Wash,Instagram,Charlotte,Port Charlotte,70,65.0,15.0,80.0,102,Cash,VIP ,3.0
1311,2025-04-30,CUST0168,Olivia Garcia,New,Interior Detail,Youtube,Sarasota,North Port,90,90.0,15.0,105.0,95,Zelle,NEWCUSTOMER,4.0
1312,2025-02-28,CUST0970,Olivia Smith,Returning,Ceramic Coating,Facebook,Charlotte,Punta Gorda,350,345.0,20.0,365.0,174,Card,No Discount,No Feedback
1313,2025-08-03,CUST0237,Liam Brown,Returning,Ceramic Coating,Youtube,Charlotte,Port Charlotte,350,387.0,0.0,387.0,55,Cash,SUMMER10,4.0
1314,2025-05-08,CUST0632,Alex Brown,Returning,Premium Wash,Referral,Sarasota,North Port,70,70.0,10.0,80.0,73,Cash,NEWCUSTOMER,5.0
1315,2025-08-12,CUST0815,Lewis Miller,Returning,Premium Wash,Youtube,Charlotte,Port Charlotte,70,77.0,0.0,77.0,169,Venmo,NEWCUSTOMER,3.0
1316,2025-07-28,CUST0965,Emma Johnson,Returning,Interior Detail,Facebook,Sarasota,Venice,90,99.0,0.0,99.0,176,Card,VIP ,No Feedback
1317,2025-04-25,CUST1002,Ava Taylor,New,Interior Detail,Facebook,Charlotte,Punta Gorda,90,92.0,20.0,112.0,179,Card,No Discount,4.0
1318,2025-07-28,CUST0543,John Taylor,Returning,Basic Wash,Facebook,Sarasota,Sarasota,40,44.0,15.0,59.0,135,Cash,No Discount,4.0
1319,2025-01-14,CUST0187,Lewis Johnson,Returning,Premium Wash,TikTok,Charlotte,Punta Gorda,70,68.0,10.0,78.0,144,Cash,SUMMER10,3.0
1320,2025-01-09,CUST1115,Sofia Miller,New,Premium Wash,Instagram,Sarasota,North Port,70,65.0,0.0,65.0,150,Card,NEWCUSTOMER,5.0
1321,2025-02-09,CUST0794,Lewis Anderson,New,Interior Detail,Youtube,Sarasota,North Port,90,85.0,5.0,90.0,30,Zelle,No Discount,3.0
1322,2025-08-25,CUST0379,Olivia Taylor,New,Interior Detail,Referral,Charlotte,Punta Gorda,90,99.0,10.0,109.0,71,Card,NEWCUSTOMER,5.0
1323,2025-10-08,CUST0760,Lewis Martinez,Returning,Full Detail,Facebook,Sarasota,Venice,150,165.0,10.0,175.0,108,Card,SUMMER10,4.0
1324,2025-12-25,CUST0782,Liam Garcia,New,Basic Wash,TikTok,Charlotte,Punta Gorda,40,42.0,0.0,42.0,178,Cash,NEWCUSTOMER,3.0
1325,2025-07-20,CUST0757,Liam Wilson,New,Basic Wash,Youtube,Sarasota,Venice,40,42.0,0.0,42.0,162,Zelle,SUMMER10,4.0
1326,2025-09-03,CUST0383,Ava Brown,Returning,Premium Wash,Youtube,Sarasota,North Port,70,77.0,10.0,87.0,87,Venmo,SUMMER10,4.0
1327,2025-10-05,CUST0913,Alex Garcia,Returning,Premium Wash,Youtube,Sarasota,Venice,70,75.0,10.0,85.0,38,Card,No Discount,3.0
1328,2025-08-23,CUST0092,Noah Taylor,Returning,Full Detail,Youtube,Charlotte,Port Charlotte,150,160.0,20.0,180.0,132,Cash App,No Discount,5.0
1329,2025-01-04,CUST0540,Liam Martinez,New,Premium Wash,Facebook,Charlotte,Punta Gorda,70,72.0,0.0,72.0,108,Cash,VIP ,5.0
1330,2025-06-03,CUST0901,Mary Taylor,New,Ceramic Coating,Facebook,Sarasota,Sarasota,350,350.0,0.0,350.0,117,Venmo,NEWCUSTOMER,5.0
1331,2025-01-29,CUST0953,Emma Smith,Returning,Full Detail,Youtube,Charlotte,Port Charlotte,150,150.0,0.0,150.0,107,Zelle,SUMMER10,4.0
1332,2025-04-19,CUST0540,John Johnson,Returning,Premium Wash,Facebook,Charlotte,Punta Gorda,70,65.0,0.0,65.0,93,Cash App,No Discount,4.0
1333,2025-04-08,CUST0464,Olivia Miller,Returning,Ceramic Coating,Facebook,Sarasota,North Port,350,352.0,0.0,352.0,153,Cash,No Discount,3.0
1334,2025-08-03,CUST0551,Sofia Miller,Returning,Interior Detail,Youtube,Charlotte,Punta Gorda,90,99.0,10.0,109.0,59,Zelle,NEWCUSTOMER,5.0
1335,2025-10-20,CUST1156,John Johnson,New,Premium Wash,Facebook,Charlotte,Punta Gorda,70,72.0,20.0,92.0,67,Cash,No Discount,5.0
1336,2025-03-16,CUST0127,Olivia Martinez,Returning,Basic Wash,Instagram,Sarasota,Venice,40,40.0,10.0,50.0,133,Cash App,No Discount,5.0
1337,2025-11-22,CUST0310,Lewis Anderson,Returning,Full Detail,Referral,Sarasota,Sarasota,150,160.0,15.0,175.0,153,Card,No Discount,4.0
1338,2025-05-26,CUST0199,Olivia Taylor,Returning,Full Detail,Youtube,Charlotte,Punta Gorda,150,145.0,5.0,150.0,52,Card,No Discount,4.0
1339,2025-05-08,CUST0176,Ava Davis,Returning,Basic Wash,Referral,Sarasota,Venice,40,40.0,20.0,60.0,41,Zelle,SUMMER10,5.0
1340,2025-12-07,CUST0705,Ava Wilson,Returning,Premium Wash,TikTok,Charlotte,Port Charlotte,70,75.0,20.0,95.0,88,Venmo,No Discount,5.0
1341,2025-02-11,CUST1109,Ava Wilson,Returning,Interior Detail,Youtube,Charlotte,Punta Gorda,90,85.0,10.0,95.0,49,Card,NEWCUSTOMER,5.0
1342,2025-12-22,CUST0848,Ava Davis,Returning,Premium Wash,TikTok,Sarasota,Sarasota,70,77.0,10.0,87.0,173,Cash,No Discount,5.0
1343,2025-02-10,CUST0466,Olivia Brown,New,Full Detail,Youtube,Charlotte,Port Charlotte,150,148.0,20.0,168.0,141,Card,No Discount,4.0
1344,2025-02-03,CUST1134,Lewis Miller,Returning,Interior Detail,Youtube,Sarasota,North Port,90,90.0,5.0,95.0,58,Venmo,VIP ,4.0
1345,2025-01-17,CUST0125,Noah Smith,Returning,Interior Detail,Instagram,Sarasota,Sarasota,90,88.0,10.0,98.0,105,Cash,VIP ,3.0
1346,2025-06-14,CUST0793,Lewis Taylor,Returning,Full Detail,Facebook,Sarasota,North Port,150,150.0,0.0,150.0,65,Cash,No Discount,4.0
1347,2025-06-02,CUST1071,Sofia Johnson,New,Basic Wash,Referral,Charlotte,Punta Gorda,40,45.0,0.0,45.0,115,Cash,SUMMER10,4.0
1348,2025-03-17,CUST0858,Alex Taylor,New,Basic Wash,Facebook,Sarasota,Venice,40,45.0,15.0,60.0,46,Card,No Discount,4.0
1349,2025-03-28,CUST1097,Olivia Johnson,Returning,Ceramic Coating,Referral,Charlotte,Port Charlotte,350,350.0,20.0,370.0,136,Card,NEWCUSTOMER,4.0
1350,2025-04-27,CUST0973,Ava Smith,New,Basic Wash,TikTok,Charlotte,Punta Gorda,40,35.0,0.0,35.0,81,Cash,VIP ,3.0
1351,2025-12-28,CUST1173,Emma Martinez,Returning,Full Detail,Referral,Sarasota,North Port,150,167.0,0.0,167.0,155,Cash App,No Discount,No Feedback
1352,2025-12-08,CUST0483,Sofia Taylor,New,Full Detail,Facebook,Sarasota,Venice,150,165.0,5.0,170.0,123,Card,No Discount,3.0
1353,2025-01-27,CUST0976,Sofia Martinez,Returning,Interior Detail,Other,Sarasota,North Port,90,88.0,10.0,98.0,161,Card,No Discount,3.0
1354,2025-11-09,CUST0613,Lewis Johnson,Returning,Premium Wash,Facebook,Charlotte,Port Charlotte,70,72.0,0.0,72.0,76,Card,No Discount,4.0
1355,2025-10-14,CUST0162,Mary Davis,Returning,Premium Wash,Referral,Charlotte,Punta Gorda,70,75.0,0.0,75.0,118,Card,No Discount,4.0
1356,2025-05-14,CUST0809,John Garcia,Returning,Basic Wash,Youtube,Sarasota,Venice,40,42.0,20.0,62.0,98,Card,VIP ,No Feedback
1357,2025-08-07,CUST0072,John Wilson,New,Basic Wash,Referral,Sarasota,Sarasota,40,42.0,0.0,42.0,112,Cash,NEWCUSTOMER,3.0
1358,2025-06-17,CUST1029,Olivia Johnson,Returning,Interior Detail,Facebook,Charlotte,Port Charlotte,90,92.0,0.0,92.0,95,Cash App,SUMMER10,3.0
1359,2025-04-08,CUST1170,Mary Davis,New,Interior Detail,Instagram,Sarasota,Sarasota,90,90.0,0.0,90.0,92,Venmo,No Discount,4.0
1360,2025-09-25,CUST1059,Lewis Brown,New,Full Detail,Referral,Charlotte,Port Charlotte,150,165.0,5.0,170.0,48,Card,NEWCUSTOMER,5.0
1361,2025-08-25,CUST1171,John Anderson,Returning,Premium Wash,TikTok,Sarasota,North Port,70,82.0,20.0,102.0,85,Cash App,NEWCUSTOMER,4.0
1362,2025-05-11,CUST0302,Liam Johnson,New,Premium Wash,Facebook,Sarasota,North Port,70,77.0,15.0,92.0,161,Zelle,No Discount,3.0
1363,2025-06-22,CUST0247,John Martinez,Returning,Basic Wash,Referral,Sarasota,North Port,40,42.0,10.0,52.0,120,Cash,VIP ,3.0
1364,2025-07-09,CUST0920,Alex Smith,Returning,Basic Wash,Youtube,Sarasota,North Port,40,44.0,20.0,64.0,69,Cash App,NEWCUSTOMER,4.0
1365,2025-05-02,CUST0355,John Anderson,Returning,Basic Wash,Referral,Sarasota,North Port,40,40.0,0.0,40.0,162,Cash,SUMMER10,No Feedback
1366,2025-02-15,CUST0343,Olivia Johnson,Returning,Interior Detail,Youtube,Charlotte,Punta Gorda,90,90.0,0.0,90.0,170,Cash,SUMMER10,4.0
1367,2025-03-05,CUST0434,Lewis Martinez,Returning,Interior Detail,Facebook,Sarasota,North Port,90,90.0,0.0,90.0,55,Cash,No Discount,4.0
1368,2025-05-10,CUST0395,John Brown,New,Full Detail,Youtube,Sarasota,Sarasota,150,148.0,0.0,148.0,180,Zelle,No Discount,5.0
1369,2025-11-06,CUST0259,Olivia Johnson,New,Basic Wash,Referral,Sarasota,Sarasota,40,44.0,20.0,64.0,156,Venmo,No Discount,3.0
1370,2025-12-29,CUST0088,John Smith,Returning,Premium Wash,Facebook,Sarasota,North Port,70,77.0,5.0,82.0,104,Card,NEWCUSTOMER,4.0
1371,2025-07-12,CUST0868,Liam Wilson,Returning,Full Detail,Youtube,Sarasota,Venice,150,170.0,0.0,170.0,147,Card,SUMMER10,3.0
1372,2025-11-03,CUST0161,Sofia Martinez,Returning,Basic Wash,Instagram,Charlotte,Port Charlotte,40,39.0,0.0,39.0,178,Zelle,No Discount,4.0
1373,2025-06-30,CUST0892,Alex Anderson,New,Full Detail,Facebook,Sarasota,Sarasota,150,150.0,10.0,160.0,99,Cash,VIP ,4.0
1374,2025-10-19,CUST0414,John Brown,New,Basic Wash,TikTok,Charlotte,Punta Gorda,40,39.0,0.0,39.0,72,Card,No Discount,5.0
1375,2025-10-09,CUST0303,Liam Brown,Returning,Ceramic Coating,TikTok,Charlotte,Port Charlotte,350,387.0,5.0,392.0,41,Cash,No Discount,5.0
1376,2025-01-29,CUST0529,Ava Smith,New,Ceramic Coating,Instagram,Charlotte,Punta Gorda,350,352.0,5.0,357.0,105,Zelle,SUMMER10,4.0
1377,2025-05-29,CUST0655,Alex Garcia,Returning,Interior Detail,Facebook,Sarasota,Sarasota,90,90.0,0.0,90.0,69,Zelle,No Discount,5.0
1378,2025-09-24,CUST0138,Liam Smith,Returning,Interior Detail,Facebook,Sarasota,Sarasota,90,94.0,0.0,94.0,87,Card,SUMMER10,5.0
1379,2025-10-23,CUST0179,Olivia Johnson,Returning,Basic Wash,Youtube,Sarasota,Venice,40,44.0,0.0,44.0,51,Zelle,VIP ,4.0
1380,2025-01-11,CUST0795,Liam Miller,Returning,Interior Detail,TikTok,Charlotte,Port Charlotte,90,95.0,10.0,105.0,154,Cash,No Discount,3.0
1381,2025-06-13,CUST1140,Sofia Brown,New,Interior Detail,TikTok,Charlotte,Port Charlotte,90,85.0,0.0,85.0,117,Cash App,No Discount,No Feedback
1382,2025-04-23,CUST0814,Liam Wilson,New,Basic Wash,Facebook,Sarasota,Venice,40,40.0,0.0,40.0,146,Card,No Discount,4.0
1383,2025-07-06,CUST1131,John Wilson,Returning,Full Detail,Facebook,Charlotte,Port Charlotte,150,165.0,15.0,180.0,150,Card,No Discount,4.0
1384,2025-10-22,CUST0668,Mary Miller,Returning,Basic Wash,TikTok,Charlotte,Port Charlotte,40,46.0,0.0,46.0,88,Cash App,NEWCUSTOMER,3.0
1385,2025-08-20,CUST0566,Liam Smith,Returning,Full Detail,Unknown,Sarasota,North Port,150,165.0,0.0,165.0,119,Cash,SUMMER10,5.0
1386,2025-08-15,CUST1065,Sofia Davis,Returning,Interior Detail,Referral,Charlotte,Punta Gorda,90,99.0,0.0,99.0,54,Cash,No Discount,4.0
1387,2025-11-06,CUST0939,John Miller,Returning,Ceramic Coating,Referral,Sarasota,Venice,350,385.0,0.0,385.0,162,Venmo,No Discount,4.0
1388,2025-04-08,CUST0026,Sofia Miller,Returning,Full Detail,Youtube,Charlotte,Punta Gorda,150,150.0,5.0,155.0,176,Cash,NEWCUSTOMER,3.0
1389,2025-02-24,CUST1071,Lewis Garcia,Returning,Interior Detail,Referral,Charlotte,Punta Gorda,90,92.0,0.0,92.0,36,Cash,No Discount,5.0
1390,2025-04-21,CUST0860,Mary Wilson,Returning,Interior Detail,TikTok,Sarasota,Venice,90,90.0,0.0,90.0,71,Cash,No Discount,3.0
1391,2025-06-01,CUST0231,Emma Miller,Returning,Ceramic Coating,Facebook,Sarasota,North Port,350,348.0,20.0,368.0,128,Cash,VIP ,4.0
1392,2025-09-03,CUST0849,Olivia Brown,Returning,Interior Detail,Facebook,Charlotte,Port Charlotte,90,99.0,5.0,104.0,69,Venmo,VIP ,3.0
1393,2025-03-10,CUST0307,Mary Garcia,New,Full Detail,Facebook,Charlotte,Punta Gorda,150,155.0,15.0,170.0,129,Cash,No Discount,4.0
1394,2025-11-08,CUST0304,Mary Wilson,Returning,Basic Wash,Instagram,Charlotte,Port Charlotte,40,44.0,15.0,59.0,123,Venmo,No Discount,No Feedback
1395,2025-10-16,CUST1161,Noah Garcia,Returning,Ceramic Coating,Facebook,Charlotte,Port Charlotte,350,387.0,5.0,392.0,78,Card,NEWCUSTOMER,4.0
1396,2025-09-07,CUST1194,Alex Wilson,New,Basic Wash,Referral,Charlotte,Port Charlotte,40,42.0,5.0,47.0,90,Venmo,No Discount,No Feedback
1397,2025-02-05,CUST0206,John Smith,Returning,Interior Detail,Youtube,Sarasota,Venice,90,85.0,10.0,95.0,74,Cash,No Discount,5.0
1398,2025-08-27,CUST0217,Liam Johnson,Returning,Ceramic Coating,TikTok,Charlotte,Punta Gorda,350,385.0,20.0,405.0,94,Cash,No Discount,3.0
1399,2025-05-28,CUST1153,Liam Davis,Returning,Ceramic Coating,Facebook,Sarasota,Sarasota,350,352.0,20.0,372.0,43,Card,No Discount,No Feedback
1400,2025-08-15,CUST0207,Noah Johnson,Returning,Premium Wash,Instagram,Charlotte,Port Charlotte,70,82.0,5.0,87.0,135,Card,No Discount,4.0
1401,2025-09-01,CUST0586,Sofia Smith,New,Interior Detail,TikTok,Charlotte,Punta Gorda,90,94.0,10.0,104.0,153,Card,SUMMER10,5.0
1402,2025-12-03,CUST1097,Sofia Brown,Returning,Full Detail,Referral,Charlotte,Port Charlotte,150,165.0,5.0,170.0,141,Venmo,NEWCUSTOMER,5.0
1403,2025-12-31,CUST0705,Ava Miller,Returning,Full Detail,TikTok,Charlotte,Port Charlotte,150,165.0,0.0,165.0,56,Zelle,No Discount,4.0
1404,2025-07-20,CUST0842,Lewis Miller,New,Interior Detail,Youtube,Charlotte,Punta Gorda,90,99.0,20.0,119.0,107,Cash App,SUMMER10,3.0
1405,2025-06-03,CUST0541,Ava Anderson,New,Premium Wash,TikTok,Charlotte,Punta Gorda,70,65.0,5.0,70.0,139,Card,NEWCUSTOMER,5.0
1406,2025-03-14,CUST0785,John Brown,Returning,Premium Wash,Referral,Sarasota,Venice,70,70.0,10.0,80.0,165,Zelle,No Discount,3.0
1407,2025-07-20,CUST0995,Sofia Martinez,New,Full Detail,Referral,Charlotte,Punta Gorda,150,165.0,0.0,165.0,35,Card,No Discount,5.0
1408,2025-10-23,CUST1172,Olivia Taylor,Returning,Full Detail,Facebook,Charlotte,Port Charlotte,150,167.0,15.0,182.0,80,Venmo,No Discount,4.0
1409,2025-01-17,CUST0969,Liam Davis,New,Premium Wash,TikTok,Charlotte,Punta Gorda,70,70.0,0.0,70.0,146,Card,SUMMER10,5.0
1410,2025-05-09,CUST0077,John Martinez,New,Premium Wash,Referral,Sarasota,Sarasota,70,68.0,0.0,68.0,37,Card,No Discount,3.0
1411,2025-08-05,CUST0353,Liam Anderson,New,Premium Wash,Referral,Charlotte,Port Charlotte,70,75.0,0.0,75.0,58,Cash,No Discount,4.0
1412,2025-03-02,CUST0565,Olivia Smith,Returning,Full Detail,Instagram,Charlotte,Punta Gorda,150,148.0,0.0,148.0,31,Card,No Discount,3.0
1413,2025-04-14,CUST0826,Emma Martinez,Returning,Full Detail,Facebook,Charlotte,Port Charlotte,150,150.0,0.0,150.0,46,Cash,VIP ,3.0
1414,2025-02-11,CUST0295,John Smith,New,Premium Wash,Instagram,Charlotte,Punta Gorda,70,68.0,0.0,68.0,139,Cash,No Discount,5.0
1415,2025-01-25,CUST0823,Sofia Wilson,New,Interior Detail,Referral,Charlotte,Port Charlotte,90,95.0,20.0,115.0,66,Venmo,No Discount,4.0
1416,2025-02-08,CUST0080,Ava Davis,New,Full Detail,Unknown,Sarasota,North Port,150,148.0,10.0,158.0,61,Cash,VIP ,4.0
1417,2025-10-18,CUST0811,Lewis Taylor,Returning,Basic Wash,TikTok,Charlotte,Punta Gorda,40,44.0,10.0,54.0,55,Cash,No Discount,4.0
1418,2025-05-11,CUST0679,Alex Anderson,Returning,Full Detail,Referral,Sarasota,North Port,150,150.0,15.0,165.0,66,Zelle,No Discount,4.0
1419,2025-08-17,CUST0487,Alex Martinez,Returning,Full Detail,Facebook,Sarasota,Sarasota,150,160.0,0.0,160.0,79,Card,VIP ,4.0
1420,2025-04-18,CUST0101,Sofia Martinez,Returning,Full Detail,Instagram,Sarasota,Sarasota,150,155.0,20.0,175.0,143,Cash App,No Discount,4.0
1421,2025-06-21,CUST0974,Mary Martinez,Returning,Ceramic Coating,TikTok,Charlotte,Port Charlotte,350,350.0,0.0,350.0,41,Venmo,No Discount,5.0
1422,2025-04-12,CUST0551,Ava Smith,Returning,Premium Wash,Youtube,Charlotte,Punta Gorda,70,65.0,5.0,70.0,143,Cash,No Discount,3.0
1423,2025-12-20,CUST0763,Alex Taylor,Returning,Ceramic Coating,TikTok,Charlotte,Port Charlotte,350,385.0,5.0,390.0,47,Card,VIP ,5.0
1424,2025-01-12,CUST0042,Olivia Taylor,Returning,Ceramic Coating,Youtube,Sarasota,Sarasota,350,350.0,5.0,355.0,143,Venmo,No Discount,4.0
1425,2025-10-02,CUST0692,Emma Johnson,Returning,Full Detail,TikTok,Charlotte,Punta Gorda,150,165.0,10.0,175.0,66,Cash,No Discount,4.0
1426,2025-04-11,CUST0621,Sofia Miller,Returning,Interior Detail,Facebook,Charlotte,Punta Gorda,90,95.0,0.0,95.0,72,Cash App,NEWCUSTOMER,5.0
1427,2025-02-13,CUST0637,Ava Miller,Returning,Ceramic Coating,Youtube,Sarasota,Sarasota,350,355.0,15.0,370.0,177,Cash App,SUMMER10,3.0
1428,2025-11-01,CUST0575,Emma Davis,Returning,Ceramic Coating,Instagram,Sarasota,North Port,350,387.0,10.0,397.0,62,Venmo,No Discount,5.0
1429,2025-01-17,CUST1007,Mary Anderson,New,Ceramic Coating,Facebook,Charlotte,Port Charlotte,350,352.0,10.0,362.0,161,Venmo,No Discount,3.0
1430,2025-11-26,CUST0202,Ava Taylor,Returning,Premium Wash,Facebook,Sarasota,Venice,70,77.0,5.0,82.0,180,Cash App,No Discount,3.0
1431,2025-02-26,CUST0467,Noah Brown,New,Full Detail,Referral,Sarasota,Sarasota,150,150.0,0.0,150.0,178,Cash App,No Discount,No Feedback
1432,2025-11-07,CUST0276,Sofia Taylor,New,Premium Wash,TikTok,Sarasota,Venice,70,77.0,20.0,97.0,178,Card,VIP ,3.0
1433,2025-10-30,CUST0616,Olivia Martinez,Returning,Ceramic Coating,Youtube,Charlotte,Punta Gorda,350,385.0,15.0,400.0,145,Cash App,NEWCUSTOMER,5.0
1434,2025-01-12,CUST0908,Olivia Davis,New,Basic Wash,Youtube,Sarasota,Sarasota,40,40.0,20.0,60.0,55,Cash App,VIP ,4.0
1435,2025-11-14,CUST0658,Liam Martinez,New,Premium Wash,Referral,Sarasota,North Port,70,75.0,20.0,95.0,80,Cash,No Discount,No Feedback
1436,2025-03-21,CUST0552,Emma Miller,New,Premium Wash,Facebook,Sarasota,Sarasota,70,65.0,20.0,85.0,65,Cash,No Discount,4.0
1437,2025-08-04,CUST0854,Olivia Wilson,Returning,Premium Wash,TikTok,Sarasota,Sarasota,70,75.0,0.0,75.0,62,Card,SUMMER10,4.0
1438,2025-12-05,CUST0183,Olivia Garcia,Returning,Premium Wash,TikTok,Sarasota,North Port,70,72.0,10.0,82.0,40,Card,SUMMER10,5.0
1439,2025-09-21,CUST0385,Ava Johnson,New,Basic Wash,Instagram,Sarasota,Venice,40,46.0,0.0,46.0,174,Card,SUMMER10,No Feedback
1440,2025-05-29,CUST0905,John Martinez,New,Premium Wash,Unknown,Charlotte,Port Charlotte,70,68.0,20.0,88.0,168,Card,No Discount,5.0
1441,2025-03-22,CUST0433,Sofia Martinez,Returning,Ceramic Coating,TikTok,Sarasota,Sarasota,350,350.0,0.0,350.0,43,Cash,SUMMER10,4.0
1442,2025-08-03,CUST0834,John Garcia,New,Full Detail,Youtube,Charlotte,Punta Gorda,150,163.0,20.0,183.0,177,Venmo,SUMMER10,3.0
1443,2025-07-17,CUST0993,Alex Brown,Returning,Full Detail,Referral,Sarasota,Sarasota,150,167.0,0.0,167.0,34,Zelle,SUMMER10,No Feedback
1444,2025-07-19,CUST1058,Mary Brown,New,Basic Wash,Facebook,Charlotte,Punta Gorda,40,49.0,5.0,54.0,47,Cash,No Discount,No Feedback
1445,2025-01-25,CUST0766,Sofia Miller,Returning,Full Detail,Referral,Sarasota,North Port,150,148.0,15.0,163.0,48,Venmo,No Discount,No Feedback
1446,2025-03-30,CUST0116,Olivia Johnson,Returning,Basic Wash,Instagram,Charlotte,Port Charlotte,40,35.0,0.0,35.0,116,Card,SUMMER10,5.0
1447,2025-09-25,CUST1056,Liam Martinez,Returning,Full Detail,Youtube,Charlotte,Punta Gorda,150,160.0,5.0,165.0,110,Cash App,NEWCUSTOMER,3.0
1448,2025-05-23,CUST0326,John Garcia,Returning,Basic Wash,Referral,Sarasota,Venice,40,38.0,15.0,53.0,137,Cash,VIP ,3.0
1449,2025-02-28,CUST0135,Alex Garcia,New,Basic Wash,TikTok,Charlotte,Punta Gorda,40,45.0,5.0,50.0,139,Card,No Discount,4.0
1450,2025-12-31,CUST0638,Olivia Wilson,New,Basic Wash,Facebook,Sarasota,North Port,40,49.0,10.0,59.0,99,Venmo,No Discount,4.0
1451,2025-01-26,CUST1038,Alex Anderson,Returning,Premium Wash,Youtube,Charlotte,Port Charlotte,70,70.0,5.0,70.0,163,Cash,VIP ,3.0
1452,2025-02-16,CUST0827,Emma Davis,New,Basic Wash,Instagram,Charlotte,Port Charlotte,40,45.0,10.0,55.0,162,Cash App,SUMMER10,5.0
1453,2025-10-15,CUST0278,Ava Anderson,Returning,Ceramic Coating,Youtube,Sarasota,Venice,350,385.0,0.0,385.0,46,Cash,No Discount,4.0
1454,2025-09-23,CUST1074,Mary Taylor,Returning,Full Detail,TikTok,Sarasota,Sarasota,150,160.0,15.0,175.0,51,Cash App,No Discount,3.0
1455,2025-01-16,CUST1165,Olivia Wilson,Returning,Full Detail,TikTok,Sarasota,North Port,150,145.0,0.0,145.0,123,Cash,VIP ,5.0
1456,2025-07-18,CUST0060,Lewis Davis,Returning,Ceramic Coating,TikTok,Charlotte,Punta Gorda,350,385.0,20.0,405.0,145,Cash App,No Discount,5.0
1457,2025-10-09,CUST0356,Alex Smith,Returning,Full Detail,Youtube,Sarasota,Venice,150,167.0,0.0,167.0,122,Cash,No Discount,No Feedback
1458,2025-03-27,CUST0395,Ava Wilson,Returning,Basic Wash,Youtube,Sarasota,Sarasota,40,35.0,20.0,55.0,33,Zelle,NEWCUSTOMER,5.0
1459,2025-09-07,CUST0412,Lewis Brown,Returning,Interior Detail,Instagram,Sarasota,Venice,90,101.0,20.0,121.0,145,Card,SUMMER10,4.0
1460,2025-09-27,CUST0119,John Martinez,Returning,Basic Wash,Facebook,Charlotte,Punta Gorda,40,44.0,10.0,54.0,84,Card,No Discount,4.0
1461,2025-12-01,CUST0511,Noah Smith,Returning,Ceramic Coating,Facebook,Charlotte,Port Charlotte,350,385.0,15.0,400.0,127,Card,No Discount,5.0
1462,2025-04-27,CUST0068,Ava Taylor,Returning,Ceramic Coating,Youtube,Charlotte,Port Charlotte,350,352.0,5.0,357.0,50,Zelle,No Discount,4.0
1463,2025-01-07,CUST0935,Ava Anderson,Returning,Interior Detail,Facebook,Sarasota,Sarasota,90,90.0,15.0,105.0,36,Card,No Discount,3.0
1464,2025-05-17,CUST0104,Mary Anderson,Returning,Basic Wash,Instagram,Charlotte,Punta Gorda,40,45.0,5.0,50.0,162,Cash,VIP ,No Feedback
1465,2025-06-25,CUST0739,Sofia Smith,Returning,Interior Detail,Other,Charlotte,Port Charlotte,90,92.0,0.0,92.0,135,Cash,VIP ,3.0
1466,2025-11-24,CUST0408,Olivia Brown,New,Full Detail,TikTok,Sarasota,Sarasota,150,165.0,5.0,170.0,69,Card,No Discount,3.0
1467,2025-11-11,CUST0562,Lewis Taylor,Returning,Ceramic Coating,Youtube,Sarasota,Sarasota,350,383.0,5.0,388.0,46,Zelle,No Discount,4.0
1468,2025-08-03,CUST0755,Mary Wilson,Returning,Full Detail,Referral,Charlotte,Punta Gorda,150,163.0,5.0,168.0,50,Cash,No Discount,4.0
1469,2025-03-23,CUST0951,Olivia Taylor,Returning,Ceramic Coating,Youtube,Charlotte,Port Charlotte,350,352.0,20.0,372.0,162,Zelle,SUMMER10,3.0
1470,2025-08-11,CUST1035,Ava Miller,New,Interior Detail,Facebook,Sarasota,Venice,90,94.0,15.0,109.0,59,Cash,VIP ,5.0
1471,2025-04-13,CUST0813,John Johnson,Returning,Interior Detail,Youtube,Sarasota,North Port,90,90.0,15.0,105.0,93,Venmo,No Discount,3.0
1472,2025-09-30,CUST0254,Noah Brown,New,Basic Wash,Instagram,Sarasota,Venice,40,39.0,10.0,49.0,122,Card,VIP ,3.0
1473,2025-01-14,CUST0063,Noah Smith,New,Ceramic Coating,TikTok,Charlotte,Punta Gorda,350,345.0,0.0,345.0,110,Cash App,No Discount,5.0
1474,2025-06-08,CUST0496,Alex Garcia,Returning,Basic Wash,Referral,Charlotte,Punta Gorda,40,42.0,20.0,62.0,135,Cash,No Discount,No Feedback
1475,2025-06-01,CUST0763,John Davis,Returning,Ceramic Coating,TikTok,Charlotte,Port Charlotte,350,348.0,10.0,358.0,172,Cash,No Discount,3.0
1476,2025-04-18,CUST1002,Liam Anderson,Returning,Interior Detail,Facebook,Charlotte,Punta Gorda,90,85.0,0.0,85.0,163,Card,No Discount,5.0
1477,2025-07-07,CUST0914,Ava Anderson,Returning,Ceramic Coating,TikTok,Charlotte,Port Charlotte,350,385.0,15.0,400.0,129,Card,NEWCUSTOMER,No Feedback
1478,2025-10-28,CUST0364,Ava Anderson,Returning,Premium Wash,Facebook,Sarasota,North Port,70,72.0,20.0,92.0,86,Venmo,SUMMER10,5.0
1479,2025-04-08,CUST0972,Olivia Anderson,New,Ceramic Coating,Youtube,Charlotte,Port Charlotte,350,350.0,0.0,350.0,105,Card,SUMMER10,4.0
1480,2025-05-11,CUST1130,Olivia Anderson,Returning,Premium Wash,Instagram,Charlotte,Punta Gorda,70,68.0,15.0,83.0,31,Venmo,No Discount,4.0
1481,2025-10-20,CUST0717,Alex Miller,New,Interior Detail,Facebook,Charlotte,Punta Gorda,90,99.0,5.0,104.0,92,Card,SUMMER10,4.0
1482,2025-06-20,CUST0706,Alex Brown,Returning,Premium Wash,Youtube,Sarasota,Venice,70,65.0,10.0,75.0,62,Card,SUMMER10,5.0
1483,2025-07-02,CUST0335,Sofia Taylor,New,Interior Detail,Referral,Sarasota,Sarasota,90,99.0,15.0,114.0,135,Cash,VIP ,3.0
1484,2025-12-30,CUST0530,Noah Martinez,Returning,Interior Detail,Instagram,Sarasota,Venice,90,99.0,0.0,99.0,147,Zelle,No Discount,3.0
1485,2025-02-08,CUST0186,Alex Garcia,Returning,Premium Wash,Unknown,Sarasota,Venice,70,68.0,15.0,83.0,75,Zelle,No Discount,5.0
1486,2025-01-15,CUST0584,Ava Garcia,Returning,Premium Wash,TikTok,Sarasota,Sarasota,70,75.0,5.0,80.0,97,Cash,No Discount,3.0
1487,2025-01-04,CUST0057,Mary Miller,New,Premium Wash,TikTok,Sarasota,Sarasota,70,72.0,0.0,72.0,160,Zelle,SUMMER10,No Feedback
1488,2025-12-15,CUST0792,Sofia Miller,New,Basic Wash,Referral,Charlotte,Punta Gorda,40,46.0,0.0,46.0,34,Card,No Discount,4.0
1489,2025-07-29,CUST0102,Emma Wilson,Returning,Full Detail,Facebook,Sarasota,Sarasota,150,165.0,20.0,185.0,140,Zelle,VIP ,3.0
1490,2025-06-10,CUST0334,Noah Brown,Returning,Interior Detail,Youtube,Sarasota,Sarasota,90,95.0,20.0,115.0,91,Cash App,VIP ,No Feedback
1491,2025-01-16,CUST1172,Alex Martinez,Returning,Ceramic Coating,Facebook,Charlotte,Port Charlotte,350,350.0,20.0,370.0,71,Venmo,No Discount,4.0
1492,2025-04-18,CUST0439,Emma Wilson,New,Basic Wash,Facebook,Sarasota,Sarasota,40,35.0,0.0,35.0,77,Cash App,No Discount,4.0
1493,2025-11-07,CUST0454,Liam Brown,Returning,Full Detail,Instagram,Sarasota,North Port,150,163.0,15.0,178.0,36,Cash,No Discount,No Feedback
1494,2025-08-15,CUST0462,Noah Miller,Returning,Interior Detail,TikTok,Sarasota,North Port,90,94.0,15.0,109.0,74,Cash App,No Discount,5.0
1495,2025-06-19,CUST0424,Ava Smith,Returning,Interior Detail,Youtube,Sarasota,Sarasota,90,90.0,5.0,95.0,176,Cash,No Discount,3.0
1496,2025-02-03,CUST0552,Ava Johnson,Returning,Interior Detail,Facebook,Sarasota,Sarasota,90,90.0,0.0,90.0,32,Card,No Discount,3.0
1497,2025-09-08,CUST0839,Liam Davis,Returning,Ceramic Coating,Facebook,Charlotte,Punta Gorda,350,385.0,10.0,395.0,75,Card,SUMMER10,4.0
1498,2025-09-04,CUST1052,Lewis Taylor,Returning,Ceramic Coating,Youtube,Charlotte,Punta Gorda,350,380.0,0.0,380.0,87,Zelle,No Discount,5.0
1499,2025-09-26,CUST0042,Ava Johnson,Returning,Interior Detail,Youtube,Sarasota,Sarasota,90,99.0,0.0,99.0,70,Zelle,NEWCUSTOMER,5.0
1500,2025-05-21,CUST0019,Noah Wilson,Returning,Full Detail,Instagram,Charlotte,Port Charlotte,150,148.0,10.0,158.0,89,Card,VIP ,No Feedback
1501,2025-10-01,CUST0971,John Martinez,New,Ceramic Coating,Instagram,Sarasota,Sarasota,350,380.0,10.0,390.0,159,Cash,No Discount,4.0
1502,2025-04-06,CUST0271,Liam Wilson,Returning,Full Detail,TikTok,Charlotte,Punta Gorda,150,145.0,0.0,145.0,156,Card,No Discount,4.0
1503,2025-08-15,CUST0355,John Miller,Returning,Basic Wash,Referral,Sarasota,North Port,40,44.0,0.0,44.0,83,Cash,VIP ,4.0
1504,2025-08-02,CUST0018,Sofia Smith,Returning,Basic Wash,Youtube,Sarasota,Sarasota,40,38.0,15.0,53.0,176,Cash,SUMMER10,4.0
1505,2025-10-29,CUST0459,John Smith,New,Premium Wash,Unknown,Charlotte,Port Charlotte,70,75.0,20.0,95.0,85,Cash,VIP ,4.0
1506,2025-01-29,CUST0517,Alex Miller,Returning,Basic Wash,Referral,Sarasota,North Port,40,42.0,0.0,42.0,137,Card,No Discount,5.0
1507,2025-11-14,CUST0626,Emma Taylor,Returning,Ceramic Coating,Referral,Sarasota,Venice,350,390.0,0.0,390.0,73,Cash,NEWCUSTOMER,4.0
1508,2025-09-02,CUST0564,Ava Johnson,Returning,Interior Detail,Instagram,Charlotte,Punta Gorda,90,99.0,0.0,99.0,110,Cash,No Discount,5.0
1509,2025-08-24,CUST0868,Ava Miller,Returning,Ceramic Coating,Youtube,Sarasota,Venice,350,390.0,0.0,390.0,155,Card,NEWCUSTOMER,4.0
1510,2025-07-04,CUST0772,Mary Davis,New,Ceramic Coating,Youtube,Charlotte,Punta Gorda,350,385.0,20.0,405.0,152,Cash,No Discount,4.0
1511,2025-09-29,CUST0715,John Anderson,New,Basic Wash,Referral,Charlotte,Port Charlotte,40,44.0,15.0,59.0,121,Cash,VIP ,4.0
1512,2025-08-24,CUST0941,Mary Johnson,Returning,Basic Wash,Youtube,Charlotte,Port Charlotte,40,39.0,15.0,54.0,136,Cash,No Discount,4.0
1513,2025-08-27,CUST0517,Lewis Brown,Returning,Interior Detail,Referral,Sarasota,North Port,90,99.0,10.0,109.0,99,Cash,NEWCUSTOMER,4.0
1514,2025-09-23,CUST0447,Lewis Garcia,Returning,Full Detail,TikTok,Charlotte,Port Charlotte,150,160.0,0.0,160.0,98,Cash App,No Discount,5.0
1515,2025-12-25,CUST0956,Alex Wilson,New,Basic Wash,TikTok,Sarasota,Venice,40,39.0,20.0,59.0,135,Card,NEWCUSTOMER,5.0
1516,2025-12-06,CUST0619,Emma Smith,Returning,Premium Wash,Facebook,Sarasota,Sarasota,70,77.0,0.0,77.0,165,Card,VIP ,3.0
1517,2025-03-06,CUST1067,Sofia Davis,New,Interior Detail,Referral,Sarasota,North Port,90,85.0,0.0,85.0,169,Venmo,No Discount,5.0
1518,2025-06-26,CUST0814,Noah Brown,Returning,Full Detail,Facebook,Sarasota,Venice,150,150.0,0.0,150.0,38,Zelle,No Discount,No Feedback
1519,2025-01-03,CUST1198,Emma Garcia,Returning,Ceramic Coating,Referral,Charlotte,Port Charlotte,350,355.0,10.0,365.0,129,Venmo,No Discount,3.0
1520,2025-05-22,CUST0210,Noah Johnson,Returning,Premium Wash,TikTok,Sarasota,North Port,70,72.0,0.0,72.0,31,Cash,No Discount,5.0
1521,2025-06-07,CUST0016,Alex Davis,New,Full Detail,Youtube,Sarasota,North Port,150,155.0,15.0,170.0,84,Cash App,NEWCUSTOMER,5.0
1522,2025-11-20,CUST1048,Emma Wilson,Returning,Premium Wash,Youtube,Charlotte,Punta Gorda,70,82.0,20.0,102.0,102,Cash,VIP ,No Feedback
1523,2025-05-26,CUST0767,Emma Brown,Returning,Interior Detail,Youtube,Sarasota,Venice,90,88.0,5.0,93.0,92,Card,VIP ,No Feedback
1524,2025-10-20,CUST1150,Noah Martinez,New,Basic Wash,Facebook,Sarasota,Sarasota,40,49.0,0.0,49.0,83,Card,VIP ,5.0
1525,2025-06-02,CUST0579,Ava Garcia,Returning,Ceramic Coating,Youtube,Charlotte,Punta Gorda,350,350.0,20.0,370.0,39,Cash App,No Discount,3.0
1526,2025-07-12,CUST0612,John Taylor,Returning,Basic Wash,Instagram,Sarasota,North Port,40,39.0,15.0,54.0,179,Card,No Discount,5.0
1527,2025-03-14,CUST0222,Olivia Garcia,Returning,Premium Wash,Instagram,Charlotte,Punta Gorda,70,68.0,20.0,88.0,157,Cash App,VIP ,No Feedback
1528,2025-11-01,CUST0987,Liam Smith,New,Basic Wash,Facebook,Sarasota,North Port,40,42.0,20.0,62.0,52,Card,No Discount,No Feedback
1529,2025-12-10,CUST0131,Ava Martinez,Returning,Interior Detail,Instagram,Sarasota,Venice,90,104.0,15.0,119.0,82,Cash,SUMMER10,5.0
1530,2025-05-20,CUST0689,Sofia Wilson,New,Full Detail,Referral,Sarasota,North Port,150,145.0,10.0,155.0,35,Venmo,No Discount,5.0
1531,2025-07-06,CUST0567,John Taylor,New,Premium Wash,Facebook,Charlotte,Punta Gorda,70,75.0,10.0,85.0,39,Card,No Discount,No Feedback
1532,2025-10-20,CUST0666,Olivia Garcia,New,Premium Wash,Facebook,Charlotte,Port Charlotte,70,79.0,5.0,84.0,134,Venmo,No Discount,5.0
1533,2025-03-02,CUST0568,Olivia Wilson,Returning,Ceramic Coating,Youtube,Sarasota,Venice,350,345.0,15.0,360.0,144,Card,No Discount,4.0
1534,2025-07-17,CUST0535,Alex Davis,Returning,Full Detail,Other,Sarasota,Sarasota,150,167.0,0.0,167.0,87,Card,No Discount,5.0
1535,2025-10-22,CUST0612,Mary Davis,Returning,Interior Detail,Instagram,Sarasota,North Port,90,94.0,0.0,94.0,127,Card,No Discount,4.0
1536,2025-11-15,CUST0386,Emma Miller,Returning,Ceramic Coating,Youtube,Sarasota,Sarasota,350,387.0,0.0,387.0,36,Cash App,SUMMER10,No Feedback
1537,2025-10-29,CUST0308,Alex Miller,Returning,Full Detail,Referral,Sarasota,Sarasota,150,163.0,0.0,163.0,163,Cash App,No Discount,4.0
1538,2025-12-10,CUST1060,Sofia Garcia,Returning,Basic Wash,Referral,Sarasota,Sarasota,40,46.0,5.0,51.0,179,Card,VIP ,5.0
1539,2025-01-11,CUST0493,Mary Brown,Returning,Premium Wash,Facebook,Charlotte,Port Charlotte,70,72.0,5.0,77.0,101,Cash App,SUMMER10,4.0
1540,2025-03-03,CUST0117,Noah Anderson,New,Basic Wash,Youtube,Sarasota,Sarasota,40,40.0,15.0,55.0,137,Cash App,VIP ,No Feedback
1541,2025-11-29,CUST0828,Alex Davis,New,Ceramic Coating,Youtube,Sarasota,Venice,350,383.0,15.0,398.0,148,Cash,No Discount,No Feedback
1542,2025-08-14,CUST0655,Alex Anderson,Returning,Interior Detail,Facebook,Sarasota,Sarasota,90,101.0,5.0,106.0,82,Card,VIP ,No Feedback
1543,2025-06-02,CUST0287,Emma Smith,Returning,Premium Wash,Facebook,Charlotte,Port Charlotte,70,75.0,0.0,75.0,84,Card,No Discount,No Feedback
1544,2025-07-18,CUST0053,Noah Anderson,Returning,Premium Wash,Referral,Charlotte,Port Charlotte,70,77.0,10.0,87.0,32,Cash App,VIP ,4.0
1545,2025-02-21,CUST1019,Ava Johnson,Returning,Premium Wash,Youtube,Sarasota,Venice,70,68.0,15.0,83.0,173,Cash,No Discount,4.0
1546,2025-09-17,CUST0606,Ava Davis,Returning,Premium Wash,Unknown,Sarasota,North Port,70,82.0,5.0,87.0,143,Zelle,NEWCUSTOMER,5.0
1547,2025-02-28,CUST0532,Emma Miller,New,Full Detail,Instagram,Charlotte,Port Charlotte,150,150.0,20.0,170.0,141,Cash,No Discount,No Feedback
1548,2025-03-13,CUST0858,Alex Martinez,Returning,Premium Wash,Facebook,Sarasota,Venice,70,70.0,0.0,70.0,126,Cash,VIP ,No Feedback
1549,2025-05-28,CUST0829,Noah Davis,Returning,Interior Detail,TikTok,Charlotte,Punta Gorda,90,92.0,15.0,107.0,84,Venmo,No Discount,5.0
1550,2025-12-15,CUST0796,Lewis Wilson,Returning,Premium Wash,Youtube,Charlotte,Punta Gorda,70,82.0,10.0,92.0,69,Zelle,VIP ,4.0
1551,2025-03-04,CUST0073,Olivia Johnson,Returning,Basic Wash,Youtube,Charlotte,Punta Gorda,40,42.0,15.0,57.0,35,Card,VIP ,5.0
1552,2025-11-06,CUST1195,Olivia Miller,New,Full Detail,Instagram,Charlotte,Punta Gorda,150,165.0,5.0,170.0,177,Card,NEWCUSTOMER,4.0
1553,2025-08-31,CUST1172,Emma Johnson,Returning,Basic Wash,Facebook,Charlotte,Port Charlotte,40,49.0,10.0,59.0,114,Card,SUMMER10,4.0
1554,2025-11-26,CUST0389,John Taylor,New,Full Detail,TikTok,Sarasota,North Port,150,165.0,5.0,170.0,92,Zelle,No Discount,4.0
1555,2025-04-17,CUST0703,Lewis Miller,Returning,Interior Detail,Instagram,Charlotte,Punta Gorda,90,90.0,5.0,95.0,72,Card,NEWCUSTOMER,5.0
1556,2025-08-14,CUST0456,Liam Smith,Returning,Ceramic Coating,Facebook,Charlotte,Port Charlotte,350,385.0,0.0,385.0,46,Card,No Discount,3.0
1557,2025-11-09,CUST1095,Ava Johnson,Returning,Full Detail,Facebook,Charlotte,Punta Gorda,150,165.0,10.0,175.0,147,Cash App,No Discount,No Feedback
1558,2025-06-08,CUST0975,Liam Johnson,Returning,Interior Detail,Referral,Sarasota,Sarasota,90,99.0,10.0,109.0,171,Zelle,VIP ,No Feedback
1559,2025-08-29,CUST0735,Emma Smith,Returning,Basic Wash,Instagram,Charlotte,Port Charlotte,40,39.0,15.0,54.0,87,Card,NEWCUSTOMER,4.0
1560,2025-09-16,CUST1039,Mary Martinez,New,Interior Detail,Referral,Charlotte,Port Charlotte,90,99.0,0.0,99.0,149,Cash,SUMMER10,3.0
1561,2025-09-19,CUST0615,Ava Johnson,Returning,Interior Detail,Youtube,Sarasota,Sarasota,90,94.0,5.0,99.0,121,Venmo,VIP ,5.0
1562,2025-01-05,CUST0349,Lewis Taylor,Returning,Basic Wash,Youtube,Charlotte,Port Charlotte,40,40.0,15.0,55.0,31,Zelle,No Discount,5.0
1563,2025-09-18,CUST1144,Mary Brown,New,Basic Wash,Referral,Sarasota,Sarasota,40,44.0,15.0,59.0,55,Card,No Discount,4.0
1564,2025-02-23,CUST0371,Mary Wilson,New,Basic Wash,Other,Charlotte,Punta Gorda,40,45.0,0.0,45.0,43,Card,NEWCUSTOMER,4.0
1565,2025-02-16,CUST0602,Sofia Smith,New,Full Detail,Youtube,Charlotte,Port Charlotte,150,155.0,20.0,175.0,63,Zelle,No Discount,5.0
1566,2025-08-03,CUST0200,Alex Miller,Returning,Ceramic Coating,TikTok,Charlotte,Punta Gorda,350,380.0,20.0,400.0,61,Zelle,NEWCUSTOMER,No Feedback
1567,2025-06-26,CUST0965,Lewis Martinez,Returning,Basic Wash,Facebook,Sarasota,Venice,40,40.0,0.0,40.0,68,Cash,NEWCUSTOMER,5.0
1568,2025-01-09,CUST0263,Lewis Martinez,New,Basic Wash,TikTok,Sarasota,Venice,40,42.0,15.0,57.0,133,Card,No Discount,5.0
1569,2025-04-09,CUST0530,Lewis Davis,Returning,Basic Wash,Instagram,Sarasota,Venice,40,45.0,0.0,45.0,172,Zelle,VIP ,4.0
1570,2025-01-20,CUST1145,Emma Smith,Returning,Ceramic Coating,Youtube,Sarasota,North Port,350,350.0,5.0,355.0,97,Cash,NEWCUSTOMER,3.0
1571,2025-08-29,CUST0375,Liam Miller,Returning,Interior Detail,Youtube,Sarasota,Venice,90,99.0,10.0,109.0,131,Zelle,VIP ,3.0
1572,2025-03-02,CUST0688,Emma Wilson,Returning,Premium Wash,Instagram,Sarasota,North Port,70,75.0,5.0,80.0,34,Cash,SUMMER10,3.0
1573,2025-06-27,CUST0183,Noah Garcia,Returning,Ceramic Coating,TikTok,Sarasota,North Port,350,350.0,0.0,350.0,79,Card,NEWCUSTOMER,5.0
1574,2025-12-04,CUST0456,Olivia Davis,Returning,Premium Wash,Facebook,Charlotte,Port Charlotte,70,82.0,0.0,82.0,129,Cash,SUMMER10,3.0
1575,2025-03-03,CUST0728,John Johnson,Returning,Full Detail,Youtube,Sarasota,North Port,150,152.0,10.0,162.0,135,Card,SUMMER10,No Feedback
1576,2025-05-25,CUST0458,Emma Brown,Returning,Premium Wash,Other,Sarasota,Venice,70,68.0,20.0,88.0,52,Card,No Discount,5.0
1577,2025-08-04,CUST0629,Alex Johnson,Returning,Interior Detail,Facebook,Charlotte,Punta Gorda,90,101.0,0.0,101.0,129,Venmo,No Discount,4.0
1578,2025-01-03,CUST0862,John Martinez,Returning,Basic Wash,Referral,Sarasota,Sarasota,40,42.0,5.0,47.0,99,Venmo,NEWCUSTOMER,4.0
1579,2025-06-09,CUST0679,Mary Garcia,Returning,Ceramic Coating,Referral,Sarasota,North Port,350,350.0,20.0,370.0,96,Cash App,No Discount,5.0
1580,2025-08-15,CUST0762,Lewis Smith,Returning,Full Detail,Instagram,Sarasota,Venice,150,165.0,0.0,165.0,169,Cash,No Discount,No Feedback
1581,2025-09-26,CUST0534,Ava Davis,New,Ceramic Coating,TikTok,Sarasota,Venice,350,380.0,0.0,380.0,33,Venmo,No Discount,No Feedback
1582,2025-04-30,CUST1200,Emma Brown,Returning,Interior Detail,Instagram,Charlotte,Punta Gorda,90,92.0,10.0,102.0,151,Card,VIP ,4.0
1583,2025-03-30,CUST0603,Emma Miller,New,Interior Detail,Instagram,Sarasota,Sarasota,90,90.0,0.0,90.0,77,Cash,No Discount,No Feedback
1584,2025-11-25,CUST0950,Liam Brown,New,Interior Detail,Instagram,Sarasota,North Port,90,99.0,15.0,114.0,88,Cash,No Discount,No Feedback
1585,2025-03-09,CUST0242,Alex Smith,Returning,Interior Detail,Referral,Sarasota,North Port,90,90.0,10.0,100.0,158,Cash,No Discount,5.0
1586,2025-12-23,CUST0964,John Wilson,New,Premium Wash,Instagram,Sarasota,Venice,70,77.0,0.0,77.0,62,Cash App,No Discount,No Feedback
1587,2025-04-08,CUST0110,Olivia Garcia,Returning,Interior Detail,TikTok,Charlotte,Port Charlotte,90,88.0,5.0,93.0,127,Card,No Discount,4.0
1588,2025-09-24,CUST1196,Noah Taylor,New,Interior Detail,TikTok,Sarasota,Sarasota,90,101.0,0.0,101.0,145,Cash,No Discount,3.0
1589,2025-04-15,CUST1189,Liam Anderson,Returning,Interior Detail,Facebook,Charlotte,Punta Gorda,90,92.0,20.0,112.0,135,Cash,SUMMER10,5.0
1590,2025-11-19,CUST0146,Noah Miller,Returning,Full Detail,Facebook,Sarasota,Sarasota,150,167.0,0.0,167.0,95,Card,SUMMER10,4.0
1591,2025-05-03,CUST0968,Lewis Wilson,New,Interior Detail,Referral,Sarasota,North Port,90,92.0,10.0,102.0,40,Cash App,No Discount,5.0
1592,2025-01-29,CUST0399,Olivia Smith,New,Full Detail,Other,Sarasota,Venice,150,150.0,5.0,155.0,157,Cash,SUMMER10,5.0
1593,2025-05-17,CUST1025,Liam Brown,Returning,Premium Wash,Referral,Charlotte,Port Charlotte,70,72.0,0.0,72.0,69,Zelle,No Discount,5.0
1594,2025-07-14,CUST0246,Sofia Smith,Returning,Full Detail,TikTok,Charlotte,Punta Gorda,150,165.0,15.0,180.0,85,Cash App,No Discount,5.0
1595,2025-08-14,CUST0782,Mary Brown,Returning,Basic Wash,TikTok,Charlotte,Punta Gorda,40,44.0,5.0,49.0,169,Card,VIP ,5.0
1596,2025-11-28,CUST1086,Mary Brown,Returning,Ceramic Coating,Instagram,Charlotte,Punta Gorda,350,390.0,10.0,400.0,109,Card,No Discount,4.0
1597,2025-06-19,CUST0612,Noah Martinez,Returning,Full Detail,Instagram,Sarasota,North Port,150,150.0,0.0,150.0,165,Card,No Discount,5.0
1598,2025-01-09,CUST0847,Noah Miller,Returning,Full Detail,Referral,Sarasota,Venice,150,152.0,0.0,152.0,80,Cash,No Discount,5.0
1599,2025-02-09,CUST0111,Mary Wilson,New,Ceramic Coating,Facebook,Sarasota,Sarasota,350,350.0,0.0,350.0,48,Zelle,No Discount,4.0
1600,2025-01-25,CUST0309,Ava Taylor,Returning,Full Detail,TikTok,Charlotte,Punta Gorda,150,150.0,0.0,150.0,63,Cash App,SUMMER10,5.0
1601,2025-09-18,CUST0282,Sofia Davis,Returning,Ceramic Coating,Instagram,Sarasota,North Port,350,380.0,5.0,385.0,108,Cash,NEWCUSTOMER,5.0
1602,2025-08-14,CUST0411,Ava Smith,Returning,Basic Wash,Referral,Sarasota,North Port,40,44.0,10.0,54.0,94,Venmo,VIP ,No Feedback
1603,2025-05-04,CUST0702,Sofia Davis,New,Full Detail,Facebook,Sarasota,Sarasota,150,150.0,10.0,160.0,176,Card,No Discount,4.0
1604,2025-02-07,CUST0839,Ava Wilson,Returning,Basic Wash,Facebook,Charlotte,Punta Gorda,40,40.0,10.0,50.0,160,Card,No Discount,3.0
1605,2025-11-24,CUST1167,Mary Martinez,Returning,Premium Wash,Referral,Charlotte,Punta Gorda,70,77.0,0.0,77.0,149,Cash App,NEWCUSTOMER,5.0
1606,2025-09-08,CUST0938,Liam Anderson,Returning,Ceramic Coating,Referral,Sarasota,Sarasota,350,385.0,5.0,390.0,160,Zelle,VIP ,4.0
1607,2025-06-25,CUST0294,Sofia Miller,Returning,Ceramic Coating,TikTok,Charlotte,Punta Gorda,350,350.0,15.0,365.0,152,Card,No Discount,4.0
1608,2025-03-31,CUST0648,Liam Wilson,New,Ceramic Coating,Youtube,Charlotte,Port Charlotte,350,350.0,20.0,370.0,97,Cash App,SUMMER10,4.0
1609,2025-02-06,CUST0370,John Brown,New,Interior Detail,Unknown,Charlotte,Port Charlotte,90,90.0,5.0,95.0,94,Cash,No Discount,No Feedback
1610,2025-11-12,CUST0166,Ava Garcia,Returning,Ceramic Coating,Facebook,Sarasota,North Port,350,385.0,0.0,385.0,110,Cash,No Discount,No Feedback
1611,2025-06-25,CUST0999,Liam Martinez,New,Premium Wash,Instagram,Sarasota,Sarasota,70,72.0,0.0,72.0,85,Zelle,No Discount,No Feedback
1612,2025-10-11,CUST0682,John Garcia,Returning,Basic Wash,Instagram,Sarasota,North Port,40,44.0,10.0,54.0,86,Card,No Discount,5.0
1613,2025-03-22,CUST0363,Olivia Taylor,New,Full Detail,Facebook,Charlotte,Port Charlotte,150,150.0,0.0,150.0,162,Card,No Discount,3.0
1614,2025-04-24,CUST0642,Alex Wilson,Returning,Full Detail,TikTok,Charlotte,Port Charlotte,150,155.0,0.0,155.0,39,Venmo,NEWCUSTOMER,5.0
1615,2025-02-09,CUST0119,Olivia Davis,Returning,Basic Wash,Facebook,Charlotte,Punta Gorda,40,35.0,0.0,35.0,35,Cash,NEWCUSTOMER,No Feedback
1616,2025-10-28,CUST0010,Sofia Miller,Returning,Ceramic Coating,Instagram,Charlotte,Punta Gorda,350,390.0,0.0,390.0,150,Cash,No Discount,3.0
1617,2025-12-08,CUST0926,Alex Davis,Returning,Interior Detail,Youtube,Charlotte,Port Charlotte,90,94.0,20.0,114.0,118,Card,SUMMER10,No Feedback
1618,2025-11-14,CUST0561,Noah Johnson,New,Premium Wash,Referral,Sarasota,North Port,70,79.0,0.0,79.0,76,Zelle,No Discount,No Feedback
1619,2025-12-15,CUST0429,Olivia Smith,New,Premium Wash,TikTok,Charlotte,Punta Gorda,70,75.0,10.0,85.0,157,Cash App,NEWCUSTOMER,3.0
1620,2025-04-25,CUST0346,Olivia Smith,New,Basic Wash,Youtube,Sarasota,Sarasota,40,35.0,5.0,40.0,139,Zelle,No Discount,5.0
1621,2025-07-05,CUST1181,Noah Martinez,Returning,Interior Detail,TikTok,Charlotte,Punta Gorda,90,101.0,10.0,111.0,119,Card,VIP ,5.0
1622,2025-11-19,CUST0325,Noah Garcia,New,Basic Wash,Facebook,Sarasota,Sarasota,40,44.0,15.0,59.0,171,Cash App,No Discount,5.0
1623,2025-02-25,CUST1003,Ava Miller,Returning,Ceramic Coating,Other,Charlotte,Punta Gorda,350,352.0,5.0,357.0,176,Card,No Discount,No Feedback
1624,2025-02-09,CUST0181,Emma Brown,New,Ceramic Coating,TikTok,Sarasota,North Port,350,352.0,0.0,352.0,43,Venmo,VIP ,No Feedback
1625,2025-12-20,CUST0266,John Miller,New,Premium Wash,Facebook,Sarasota,Venice,70,77.0,5.0,82.0,132,Cash,NEWCUSTOMER,4.0
1626,2025-02-09,CUST0889,Ava Martinez,Returning,Premium Wash,Youtube,Sarasota,North Port,70,65.0,0.0,65.0,60,Cash,NEWCUSTOMER,No Feedback
1627,2025-12-13,CUST0880,Liam Johnson,Returning,Full Detail,Facebook,Charlotte,Punta Gorda,150,167.0,0.0,167.0,62,Cash,NEWCUSTOMER,4.0
1628,2025-08-25,CUST0827,Liam Brown,Returning,Full Detail,Instagram,Charlotte,Port Charlotte,150,165.0,0.0,165.0,144,Venmo,VIP ,3.0
1629,2025-10-16,CUST0879,Alex Taylor,New,Premium Wash,Referral,Sarasota,North Port,70,79.0,10.0,89.0,65,Venmo,No Discount,4.0
1630,2025-09-19,CUST0978,Liam Johnson,New,Interior Detail,TikTok,Charlotte,Punta Gorda,90,99.0,0.0,99.0,40,Cash,VIP ,5.0
1631,2025-08-04,CUST0786,Lewis Taylor,Returning,Basic Wash,Instagram,Charlotte,Port Charlotte,40,49.0,15.0,64.0,105,Cash,VIP ,3.0
1632,2025-05-27,CUST0010,Emma Martinez,Returning,Interior Detail,Instagram,Charlotte,Punta Gorda,90,85.0,10.0,95.0,143,Zelle,VIP ,3.0
1633,2025-12-02,CUST0078,Olivia Wilson,Returning,Premium Wash,Referral,Sarasota,North Port,70,77.0,5.0,82.0,142,Cash,SUMMER10,4.0
1634,2025-06-17,CUST1094,Ava Wilson,New,Interior Detail,Facebook,Charlotte,Punta Gorda,90,95.0,0.0,95.0,180,Cash,No Discount,4.0
1635,2025-04-02,CUST0409,Alex Miller,Returning,Full Detail,Referral,Sarasota,Sarasota,150,150.0,10.0,160.0,57,Zelle,No Discount,4.0
1636,2025-12-19,CUST0765,John Davis,Returning,Full Detail,TikTok,Charlotte,Punta Gorda,150,165.0,5.0,170.0,144,Cash,No Discount,3.0
1637,2025-02-28,CUST0029,Olivia Smith,Returning,Interior Detail,Instagram,Sarasota,Venice,90,85.0,5.0,90.0,81,Card,No Discount,5.0
1638,2025-02-28,CUST0660,Sofia Miller,Returning,Full Detail,Referral,Sarasota,North Port,150,148.0,10.0,158.0,61,Venmo,VIP ,3.0
1639,2025-10-31,CUST1088,Liam Davis,New,Interior Detail,Instagram,Charlotte,Port Charlotte,90,104.0,0.0,104.0,178,Cash,No Discount,5.0
1640,2025-06-18,CUST0391,Noah Smith,Returning,Ceramic Coating,Referral,Sarasota,North Port,350,348.0,10.0,358.0,87,Cash App,No Discount,3.0
1641,2025-09-26,CUST0037,Liam Miller,New,Basic Wash,Referral,Sarasota,Venice,40,39.0,5.0,44.0,38,Cash,No Discount,4.0
1642,2025-12-29,CUST0009,Ava Smith,New,Premium Wash,Referral,Charlotte,Punta Gorda,70,79.0,0.0,79.0,140,Cash,VIP ,4.0
1643,2025-02-14,CUST0510,Mary Davis,New,Ceramic Coating,Referral,Charlotte,Port Charlotte,350,350.0,10.0,360.0,102,Cash,SUMMER10,3.0
1644,2025-12-11,CUST0464,Noah Garcia,Returning,Premium Wash,Unknown,Sarasota,North Port,70,77.0,20.0,97.0,77,Card,No Discount,4.0
1645,2025-06-30,CUST0706,Olivia Taylor,Returning,Full Detail,Youtube,Sarasota,Venice,150,152.0,10.0,162.0,141,Card,NEWCUSTOMER,5.0
1646,2025-06-19,CUST0640,Noah Taylor,New,Ceramic Coating,TikTok,Charlotte,Punta Gorda,350,350.0,5.0,355.0,52,Venmo,NEWCUSTOMER,4.0
1647,2025-12-22,CUST0265,Noah Taylor,New,Ceramic Coating,Instagram,Charlotte,Port Charlotte,350,385.0,0.0,385.0,32,Venmo,NEWCUSTOMER,No Feedback
1648,2025-07-10,CUST0211,Ava Brown,Returning,Basic Wash,Youtube,Sarasota,Venice,40,49.0,0.0,49.0,167,Cash App,VIP ,5.0
1649,2025-06-04,CUST0786,Lewis Smith,Returning,Premium Wash,Instagram,Charlotte,Port Charlotte,70,68.0,20.0,88.0,154,Cash App,VIP ,3.0
1650,2025-07-07,CUST1031,Noah Martinez,New,Basic Wash,TikTok,Sarasota,North Port,40,44.0,5.0,49.0,114,Venmo,SUMMER10,3.0
1651,2025-01-07,CUST0627,Alex Davis,New,Basic Wash,Referral,Sarasota,Venice,40,40.0,0.0,40.0,116,Cash App,SUMMER10,No Feedback
1652,2025-05-13,CUST0343,Noah Martinez,Returning,Basic Wash,Youtube,Charlotte,Punta Gorda,40,40.0,0.0,40.0,135,Card,No Discount,4.0
1653,2025-08-23,CUST0134,Mary Taylor,New,Interior Detail,TikTok,Sarasota,North Port,90,97.0,0.0,97.0,42,Zelle,NEWCUSTOMER,4.0
1654,2025-02-14,CUST0094,Sofia Brown,Returning,Basic Wash,Referral,Charlotte,Port Charlotte,40,42.0,20.0,62.0,52,Cash App,NEWCUSTOMER,4.0
1655,2025-11-10,CUST0611,Mary Smith,New,Interior Detail,TikTok,Sarasota,North Port,90,97.0,0.0,97.0,83,Cash,VIP ,3.0
1656,2025-09-06,CUST0596,Lewis Taylor,New,Ceramic Coating,Unknown,Sarasota,North Port,350,385.0,10.0,395.0,119,Card,NEWCUSTOMER,No Feedback
1657,2025-01-31,CUST0934,Liam Miller,Returning,Basic Wash,TikTok,Sarasota,Sarasota,40,35.0,0.0,35.0,104,Card,No Discount,4.0
1658,2025-01-23,CUST1066,Ava Wilson,New,Premium Wash,Facebook,Sarasota,North Port,70,68.0,10.0,78.0,57,Card,No Discount,3.0
1659,2025-06-09,CUST1074,Noah Davis,Returning,Full Detail,TikTok,Sarasota,Sarasota,150,150.0,0.0,150.0,93,Card,SUMMER10,5.0
1660,2025-12-29,CUST0692,Emma Brown,Returning,Premium Wash,TikTok,Charlotte,Punta Gorda,70,77.0,5.0,82.0,146,Cash,No Discount,4.0
1661,2025-06-07,CUST0889,Noah Anderson,Returning,Basic Wash,Youtube,Sarasota,North Port,40,35.0,20.0,55.0,121,Cash,SUMMER10,No Feedback
1662,2025-02-08,CUST0275,Emma Miller,Returning,Full Detail,TikTok,Charlotte,Punta Gorda,150,155.0,0.0,155.0,81,Venmo,No Discount,5.0
1663,2025-03-23,CUST0702,Olivia Taylor,Returning,Basic Wash,Facebook,Sarasota,Sarasota,40,40.0,10.0,50.0,114,Card,No Discount,5.0
1664,2025-12-22,CUST1004,Alex Smith,New,Interior Detail,Instagram,Charlotte,Port Charlotte,90,104.0,15.0,119.0,58,Cash,VIP ,5.0
1665,2025-09-15,CUST0736,Sofia Davis,Returning,Interior Detail,Instagram,Charlotte,Port Charlotte,90,99.0,20.0,119.0,123,Venmo,No Discount,5.0
1666,2025-07-25,CUST0386,Olivia Smith,Returning,Basic Wash,Youtube,Sarasota,Sarasota,40,44.0,0.0,44.0,97,Cash App,No Discount,4.0
1667,2025-03-18,CUST0338,Ava Wilson,Returning,Premium Wash,Facebook,Sarasota,Sarasota,70,72.0,0.0,72.0,87,Cash,VIP ,No Feedback
1668,2025-01-12,CUST0827,Sofia Smith,Returning,Full Detail,Instagram,Charlotte,Port Charlotte,150,155.0,20.0,175.0,90,Cash,No Discount,3.0
1669,2025-10-22,CUST0040,Lewis Wilson,Returning,Basic Wash,TikTok,Sarasota,North Port,40,44.0,0.0,44.0,180,Zelle,NEWCUSTOMER,4.0
1670,2025-08-12,CUST0468,Emma Wilson,Returning,Premium Wash,Unknown,Sarasota,Sarasota,70,82.0,15.0,97.0,115,Cash App,SUMMER10,5.0
1671,2025-01-13,CUST0460,Alex Wilson,Returning,Full Detail,TikTok,Sarasota,Sarasota,150,152.0,10.0,162.0,112,Zelle,VIP ,5.0
1672,2025-02-15,CUST0269,Mary Smith,New,Basic Wash,Facebook,Sarasota,Sarasota,40,42.0,5.0,57.0,141,Venmo,No Discount,5.0
1673,2025-06-04,CUST0433,Noah Brown,Returning,Basic Wash,TikTok,Sarasota,Sarasota,40,35.0,0.0,35.0,80,Cash,No Discount,4.0
1674,2025-04-23,CUST0045,Noah Anderson,Returning,Basic Wash,Youtube,Sarasota,Sarasota,40,40.0,10.0,50.0,180,Cash,No Discount,5.0
1675,2025-08-21,CUST1034,Noah Taylor,New,Full Detail,Referral,Charlotte,Port Charlotte,150,163.0,15.0,178.0,111,Cash,NEWCUSTOMER,4.0
1676,2025-01-17,CUST0347,Liam Taylor,Returning,Ceramic Coating,TikTok,Charlotte,Port Charlotte,350,355.0,5.0,360.0,147,Card,No Discount,No Feedback
1677,2025-12-26,CUST0253,Mary Wilson,Returning,Interior Detail,Referral,Sarasota,North Port,90,101.0,15.0,116.0,60,Cash,No Discount,5.0
1678,2025-08-11,CUST0751,Emma Davis,New,Ceramic Coating,Youtube,Sarasota,North Port,350,385.0,15.0,400.0,85,Zelle,NEWCUSTOMER,5.0
1679,2025-12-20,CUST0077,Noah Wilson,Returning,Interior Detail,Referral,Sarasota,Sarasota,90,99.0,0.0,99.0,177,Zelle,No Discount,5.0
1680,2025-07-07,CUST0769,Emma Davis,Returning,Ceramic Coating,TikTok,Charlotte,Port Charlotte,350,385.0,0.0,385.0,172,Card,NEWCUSTOMER,5.0
1681,2025-12-10,CUST0524,Lewis Wilson,New,Basic Wash,Youtube,Charlotte,Punta Gorda,40,42.0,15.0,57.0,100,Cash,No Discount,4.0
1682,2025-12-31,CUST1096,Sofia Johnson,New,Ceramic Coating,Youtube,Charlotte,Port Charlotte,350,383.0,0.0,383.0,62,Cash App,SUMMER10,3.0
1683,2025-06-12,CUST0100,Olivia Wilson,Returning,Interior Detail,Facebook,Sarasota,Sarasota,90,95.0,5.0,100.0,44,Cash,NEWCUSTOMER,4.0
1684,2025-11-22,CUST0099,Emma Wilson,Returning,Premium Wash,Facebook,Charlotte,Punta Gorda,70,79.0,0.0,79.0,49,Cash,NEWCUSTOMER,No Feedback
1685,2025-03-15,CUST0222,Ava Garcia,Returning,Full Detail,Instagram,Charlotte,Punta Gorda,150,155.0,10.0,165.0,120,Card,NEWCUSTOMER,5.0
1686,2025-08-21,CUST0041,Ava Garcia,Returning,Basic Wash,Referral,Sarasota,Venice,40,44.0,5.0,49.0,176,Venmo,No Discount,5.0
1687,2025-08-12,CUST0099,Mary Smith,Returning,Premium Wash,Facebook,Charlotte,Punta Gorda,70,77.0,15.0,92.0,101,Venmo,NEWCUSTOMER,5.0
1688,2025-11-15,CUST0238,Olivia Martinez,Returning,Premium Wash,Youtube,Charlotte,Punta Gorda,70,82.0,0.0,82.0,180,Zelle,No Discount,4.0
1689,2025-03-01,CUST0854,Noah Garcia,Returning,Interior Detail,TikTok,Sarasota,Sarasota,90,90.0,20.0,110.0,43,Card,SUMMER10,5.0
1690,2025-12-01,CUST0910,Alex Brown,Returning,Premium Wash,Instagram,Sarasota,North Port,70,77.0,10.0,87.0,94,Card,NEWCUSTOMER,3.0
1691,2025-08-10,CUST0779,John Smith,Returning,Basic Wash,Referral,Charlotte,Port Charlotte,40,46.0,5.0,51.0,117,Cash,No Discount,4.0
1692,2025-02-06,CUST0254,Mary Brown,Returning,Interior Detail,Instagram,Sarasota,Venice,90,88.0,5.0,93.0,49,Card,No Discount,No Feedback
1693,2025-10-05,CUST1121,Sofia Miller,Returning,Basic Wash,Youtube,Sarasota,Venice,40,46.0,5.0,51.0,115,Card,SUMMER10,5.0
1694,2025-07-15,CUST0518,Olivia Taylor,Returning,Full Detail,Instagram,Charlotte,Port Charlotte,150,170.0,15.0,185.0,111,Cash App,No Discount,5.0
1695,2025-12-18,CUST0972,Mary Garcia,Returning,Basic Wash,Other,Charlotte,Port Charlotte,40,46.0,20.0,66.0,59,Zelle,NEWCUSTOMER,No Feedback
1696,2025-08-30,CUST0314,Mary Garcia,New,Full Detail,Youtube,Charlotte,Port Charlotte,150,167.0,0.0,167.0,178,Cash,No Discount,3.0
1697,2025-11-20,CUST0421,Lewis Davis,Returning,Basic Wash,Referral,Sarasota,Sarasota,40,46.0,20.0,66.0,159,Zelle,NEWCUSTOMER,4.0
1698,2025-08-07,CUST0020,Emma Taylor,Returning,Premium Wash,Instagram,Sarasota,North Port,70,82.0,10.0,92.0,128,Cash,No Discount,No Feedback
1699,2025-07-11,CUST0617,Sofia Smith,Returning,Ceramic Coating,Youtube,Sarasota,Sarasota,350,390.0,0.0,390.0,36,Card,No Discount,5.0
1700,2025-01-17,CUST0862,Lewis Davis,Returning,Basic Wash,Referral,Sarasota,Sarasota,40,45.0,0.0,45.0,62,Cash,SUMMER10,No Feedback
1701,2025-01-12,CUST0207,John Wilson,Returning,Premium Wash,Instagram,Charlotte,Port Charlotte,70,68.0,10.0,78.0,167,Cash,No Discount,4.0
1702,2025-07-12,CUST1066,Olivia Garcia,Returning,Full Detail,Facebook,Sarasota,North Port,150,170.0,20.0,190.0,139,Zelle,VIP ,4.0
1703,2025-01-22,CUST0553,John Martinez,Returning,Basic Wash,TikTok,Sarasota,North Port,40,35.0,0.0,35.0,91,Cash,VIP ,No Feedback
1704,2025-04-30,CUST0281,Lewis Johnson,Returning,Interior Detail,Youtube,Charlotte,Port Charlotte,90,90.0,10.0,100.0,76,Cash App,VIP ,4.0
1705,2025-07-29,CUST0858,Sofia Anderson,Returning,Ceramic Coating,Facebook,Sarasota,Venice,350,387.0,20.0,407.0,111,Cash,NEWCUSTOMER,5.0
1706,2025-11-02,CUST0215,Olivia Smith,Returning,Ceramic Coating,Instagram,Sarasota,North Port,350,390.0,15.0,405.0,139,Card,VIP ,5.0
1707,2025-09-27,CUST1048,Ava Brown,Returning,Basic Wash,Youtube,Charlotte,Punta Gorda,40,39.0,20.0,59.0,139,Cash,VIP ,3.0
1708,2025-07-11,CUST0242,Liam Anderson,Returning,Full Detail,Referral,Sarasota,North Port,150,165.0,0.0,165.0,125,Zelle,No Discount,No Feedback
1709,2025-06-24,CUST0579,Emma Taylor,Returning,Premium Wash,Youtube,Charlotte,Punta Gorda,70,65.0,15.0,80.0,90,Cash,NEWCUSTOMER,5.0
1710,2025-10-12,CUST0234,John Martinez,Returning,Interior Detail,Youtube,Sarasota,Sarasota,90,94.0,0.0,94.0,80,Cash,No Discount,No Feedback
1711,2025-07-23,CUST0218,Emma Johnson,New,Basic Wash,Unknown,Sarasota,Sarasota,40,46.0,10.0,56.0,135,Card,SUMMER10,4.0
1712,2025-06-13,CUST1020,Alex Miller,New,Basic Wash,TikTok,Sarasota,Sarasota,40,40.0,10.0,50.0,90,Card,SUMMER10,5.0
1713,2025-09-08,CUST0407,Liam Johnson,New,Premium Wash,Instagram,Charlotte,Port Charlotte,70,75.0,0.0,75.0,169,Cash,NEWCUSTOMER,5.0
1714,2025-08-15,CUST0410,Emma Taylor,Returning,Premium Wash,Facebook,Sarasota,Venice,70,72.0,0.0,72.0,48,Card,SUMMER10,4.0
1715,2025-01-07,CUST0539,John Davis,Returning,Ceramic Coating,TikTok,Sarasota,Venice,350,352.0,0.0,352.0,133,Venmo,No Discount,5.0
1716,2025-01-29,CUST1072,Emma Johnson,Returning,Premium Wash,Referral,Charlotte,Port Charlotte,70,75.0,5.0,80.0,136,Cash,No Discount,3.0
1717,2025-02-02,CUST0414,Olivia Anderson,Returning,Full Detail,TikTok,Charlotte,Punta Gorda,150,145.0,20.0,165.0,138,Cash App,VIP ,3.0
1718,2025-05-14,CUST0734,Olivia Garcia,Returning,Basic Wash,Referral,Sarasota,North Port,40,40.0,20.0,60.0,78,Cash App,No Discount,4.0
1719,2025-03-20,CUST0840,Mary Miller,Returning,Basic Wash,Facebook,Sarasota,North Port,40,35.0,20.0,55.0,33,Card,No Discount,4.0
1720,2025-02-27,CUST0605,Noah Wilson,Returning,Premium Wash,Facebook,Charlotte,Port Charlotte,70,75.0,15.0,90.0,89,Cash App,No Discount,4.0
1721,2025-01-26,CUST0329,Olivia Martinez,New,Ceramic Coating,Referral,Sarasota,Venice,350,350.0,10.0,360.0,155,Card,NEWCUSTOMER,4.0
1722,2025-08-14,CUST0081,Sofia Smith,Returning,Premium Wash,Youtube,Sarasota,Venice,70,72.0,15.0,87.0,101,Card,No Discount,4.0
1723,2025-10-12,CUST1123,John Wilson,New,Premium Wash,Referral,Sarasota,Venice,70,77.0,15.0,92.0,59,Cash App,SUMMER10,3.0
1724,2025-01-04,CUST1017,Liam Martinez,Returning,Ceramic Coating,Youtube,Charlotte,Punta Gorda,350,350.0,15.0,365.0,79,Cash App,SUMMER10,5.0
1725,2025-04-09,CUST0426,John Davis,Returning,Basic Wash,Facebook,Charlotte,Punta Gorda,40,45.0,5.0,50.0,174,Zelle,No Discount,4.0
1726,2025-02-08,CUST0985,Alex Smith,New,Premium Wash,Youtube,Sarasota,Venice,70,70.0,20.0,90.0,173,Card,No Discount,4.0
1727,2025-09-28,CUST0678,Liam Anderson,Returning,Full Detail,Referral,Charlotte,Punta Gorda,150,167.0,10.0,177.0,135,Venmo,NEWCUSTOMER,4.0
1728,2025-10-12,CUST0481,John Garcia,New,Basic Wash,TikTok,Sarasota,Sarasota,40,44.0,20.0,64.0,65,Venmo,NEWCUSTOMER,No Feedback
1729,2025-06-06,CUST0006,John Garcia,Returning,Full Detail,TikTok,Sarasota,Sarasota,150,152.0,5.0,157.0,33,Cash,SUMMER10,5.0
1730,2025-03-16,CUST0027,Noah Wilson,New,Basic Wash,Unknown,Charlotte,Punta Gorda,40,45.0,15.0,60.0,96,Cash,No Discount,3.0
1731,2025-10-15,CUST0183,Olivia Miller,Returning,Interior Detail,TikTok,Sarasota,North Port,90,104.0,0.0,104.0,105,Card,SUMMER10,5.0
1732,2025-05-10,CUST0227,Liam Johnson,New,Premium Wash,Referral,Sarasota,Venice,70,75.0,5.0,80.0,44,Cash,NEWCUSTOMER,5.0
1733,2025-06-24,CUST1176,Sofia Smith,Returning,Basic Wash,Facebook,Sarasota,Venice,40,40.0,0.0,40.0,165,Zelle,SUMMER10,5.0
1734,2025-03-25,CUST1012,Emma Taylor,New,Basic Wash,TikTok,Sarasota,Venice,40,42.0,0.0,42.0,61,Venmo,SUMMER10,4.0
1735,2025-01-22,CUST0306,Sofia Davis,Returning,Full Detail,Facebook,Charlotte,Port Charlotte,150,150.0,20.0,170.0,37,Card,No Discount,4.0
1736,2025-01-27,CUST0185,Mary Miller,Returning,Premium Wash,Youtube,Sarasota,Venice,70,65.0,0.0,65.0,127,Cash,VIP ,4.0
1737,2025-07-14,CUST1048,Sofia Anderson,Returning,Full Detail,Youtube,Charlotte,Punta Gorda,150,165.0,20.0,185.0,92,Cash App,No Discount,4.0
1738,2025-12-03,CUST0154,Mary Anderson,Returning,Interior Detail,Referral,Charlotte,Punta Gorda,90,104.0,10.0,114.0,66,Venmo,No Discount,No Feedback
1739,2025-08-24,CUST0208,Ava Garcia,Returning,Basic Wash,Instagram,Charlotte,Port Charlotte,40,46.0,5.0,51.0,57,Card,No Discount,3.0
1740,2025-04-02,CUST0525,John Wilson,New,Premium Wash,TikTok,Sarasota,Sarasota,70,72.0,0.0,72.0,162,Cash,SUMMER10,4.0
1741,2025-01-21,CUST0474,Olivia Wilson,Returning,Interior Detail,Instagram,Sarasota,Venice,90,88.0,0.0,88.0,121,Cash,No Discount,4.0
1742,2025-10-30,CUST0936,Liam Anderson,Returning,Basic Wash,Facebook,Sarasota,North Port,40,44.0,10.0,54.0,32,Cash,No Discount,3.0
1743,2025-12-23,CUST0607,John Taylor,New,Ceramic Coating,Referral,Charlotte,Port Charlotte,350,385.0,20.0,405.0,104,Card,No Discount,4.0
1744,2025-03-25,CUST0541,Ava Miller,Returning,Basic Wash,TikTok,Charlotte,Punta Gorda,40,35.0,0.0,35.0,141,Venmo,VIP ,3.0
1745,2025-09-19,CUST0951,Noah Smith,Returning,Full Detail,Youtube,Charlotte,Port Charlotte,150,165.0,0.0,165.0,81,Card,No Discount,No Feedback
1746,2025-05-27,CUST0103,Emma Brown,New,Interior Detail,Instagram,Sarasota,North Port,90,88.0,15.0,103.0,147,Card,SUMMER10,3.0
1747,2025-09-14,CUST0205,Emma Wilson,New,Ceramic Coating,TikTok,Sarasota,Venice,350,390.0,20.0,410.0,120,Zelle,No Discount,3.0
1748,2025-02-27,CUST0358,Alex Brown,Returning,Full Detail,TikTok,Sarasota,Venice,150,155.0,15.0,170.0,57,Card,No Discount,5.0
1749,2025-01-15,CUST0081,John Garcia,Returning,Interior Detail,Youtube,Sarasota,Venice,90,95.0,20.0,115.0,37,Cash,No Discount,4.0
1750,2025-06-11,CUST0596,Ava Brown,Returning,Basic Wash,Referral,Sarasota,North Port,40,38.0,15.0,53.0,63,Cash,VIP ,No Feedback
1751,2025-06-12,CUST0738,Alex Miller,Returning,Full Detail,Instagram,Sarasota,North Port,150,150.0,10.0,160.0,155,Card,No Discount,4.0
1752,2025-11-16,CUST0641,Ava Brown,Returning,Full Detail,Instagram,Sarasota,Sarasota,150,167.0,15.0,182.0,85,Venmo,No Discount,4.0
1753,2025-10-08,CUST0873,Emma Miller,New,Ceramic Coating,Unknown,Charlotte,Port Charlotte,350,385.0,20.0,405.0,175,Cash,No Discount,4.0
1754,2025-10-07,CUST0238,Ava Martinez,Returning,Basic Wash,Youtube,Charlotte,Punta Gorda,40,46.0,0.0,46.0,146,Cash,NEWCUSTOMER,5.0
1755,2025-01-12,CUST0195,John Brown,Returning,Interior Detail,Instagram,Sarasota,North Port,90,85.0,15.0,100.0,109,Cash App,SUMMER10,4.0
1756,2025-10-01,CUST0094,Alex Smith,Returning,Basic Wash,Referral,Charlotte,Port Charlotte,40,46.0,10.0,56.0,45,Cash App,VIP ,5.0
1757,2025-09-28,CUST0020,John Brown,Returning,Premium Wash,Instagram,Sarasota,North Port,70,79.0,15.0,94.0,112,Card,No Discount,4.0
1758,2025-07-27,CUST0284,Sofia Smith,New,Interior Detail,Youtube,Sarasota,North Port,90,99.0,0.0,99.0,37,Zelle,NEWCUSTOMER,5.0
1759,2025-01-27,CUST0350,Liam Anderson,Returning,Basic Wash,Facebook,Charlotte,Port Charlotte,40,38.0,0.0,38.0,36,Cash,VIP ,4.0
1760,2025-03-13,CUST0674,Lewis Taylor,New,Ceramic Coating,Instagram,Sarasota,Sarasota,350,345.0,5.0,350.0,107,Card,No Discount,5.0
1761,2025-03-01,CUST0733,Sofia Anderson,Returning,Basic Wash,Facebook,Charlotte,Punta Gorda,40,40.0,0.0,40.0,64,Venmo,VIP ,4.0
1762,2025-05-25,CUST0897,Mary Davis,New,Premium Wash,TikTok,Charlotte,Port Charlotte,70,70.0,15.0,85.0,81,Venmo,SUMMER10,4.0
1763,2025-04-03,CUST0550,Mary Johnson,Returning,Ceramic Coating,Instagram,Charlotte,Port Charlotte,350,350.0,5.0,355.0,144,Cash,VIP ,3.0
1764,2025-11-05,CUST0191,Sofia Wilson,Returning,Ceramic Coating,Referral,Sarasota,Sarasota,350,385.0,15.0,400.0,167,Cash,No Discount,4.0
1765,2025-01-08,CUST0764,Lewis Wilson,Returning,Interior Detail,Referral,Charlotte,Punta Gorda,90,88.0,15.0,103.0,142,Card,No Discount,5.0
1766,2025-03-20,CUST0702,Sofia Brown,Returning,Premium Wash,Facebook,Sarasota,Sarasota,70,70.0,0.0,70.0,180,Card,No Discount,5.0
1767,2025-01-27,CUST0375,Liam Taylor,Returning,Basic Wash,Youtube,Sarasota,Venice,40,35.0,5.0,40.0,171,Venmo,NEWCUSTOMER,4.0
1768,2025-06-23,CUST0234,Ava Smith,Returning,Interior Detail,Youtube,Sarasota,Sarasota,90,90.0,0.0,90.0,167,Card,No Discount,4.0
1769,2025-02-19,CUST0821,Liam Garcia,Returning,Premium Wash,Instagram,Sarasota,North Port,70,72.0,5.0,77.0,161,Cash App,NEWCUSTOMER,4.0
1770,2025-07-18,CUST0820,Mary Garcia,New,Basic Wash,Referral,Charlotte,Punta Gorda,40,39.0,5.0,44.0,157,Card,SUMMER10,4.0
1771,2025-12-15,CUST0935,Noah Miller,Returning,Premium Wash,Facebook,Sarasota,Sarasota,70,77.0,10.0,87.0,173,Cash App,SUMMER10,5.0
1772,2025-06-30,CUST0557,Mary Anderson,Returning,Interior Detail,Facebook,Charlotte,Port Charlotte,90,90.0,10.0,100.0,158,Card,NEWCUSTOMER,4.0
1773,2025-01-24,CUST0790,Noah Miller,New,Ceramic Coating,Facebook,Charlotte,Port Charlotte,350,352.0,10.0,362.0,158,Card,VIP ,5.0
1774,2025-11-12,CUST0980,Olivia Johnson,New,Basic Wash,Referral,Charlotte,Punta Gorda,40,44.0,0.0,44.0,174,Venmo,No Discount,5.0
1775,2025-02-15,CUST0864,Olivia Davis,New,Basic Wash,Youtube,Sarasota,Venice,40,40.0,0.0,40.0,98,Cash,No Discount,No Feedback
1776,2025-01-15,CUST0342,Olivia Davis,Returning,Interior Detail,Referral,Sarasota,Sarasota,90,90.0,10.0,100.0,132,Venmo,SUMMER10,No Feedback
1777,2025-06-02,CUST0232,Emma Brown,Returning,Premium Wash,TikTok,Sarasota,Sarasota,70,72.0,5.0,77.0,141,Cash,No Discount,4.0
1778,2025-08-10,CUST0272,Alex Brown,Returning,Full Detail,Referral,Charlotte,Punta Gorda,150,165.0,20.0,185.0,106,Cash,No Discount,4.0
1779,2025-07-25,CUST0121,Noah Wilson,Returning,Ceramic Coating,TikTok,Sarasota,Venice,350,385.0,0.0,385.0,100,Card,SUMMER10,5.0
1780,2025-09-30,CUST0327,Sofia Smith,Returning,Basic Wash,Facebook,Sarasota,Venice,40,46.0,15.0,61.0,78,Cash,No Discount,5.0
1781,2025-08-24,CUST0213,Emma Brown,Returning,Interior Detail,Facebook,Charlotte,Port Charlotte,90,99.0,20.0,119.0,64,Cash,No Discount,4.0
1782,2025-12-06,CUST0853,Sofia Anderson,Returning,Interior Detail,Youtube,Sarasota,Venice,90,94.0,15.0,109.0,145,Cash App,No Discount,3.0
1783,2025-08-16,CUST0989,Liam Davis,Returning,Ceramic Coating,Instagram,Sarasota,North Port,350,390.0,5.0,395.0,177,Card,No Discount,No Feedback
1784,2025-01-09,CUST1166,Lewis Wilson,New,Full Detail,Youtube,Sarasota,North Port,150,148.0,10.0,158.0,97,Cash App,No Discount,3.0
1785,2025-06-15,CUST0898,Olivia Taylor,Returning,Full Detail,Unknown,Sarasota,Venice,150,152.0,0.0,152.0,147,Venmo,NEWCUSTOMER,4.0
1786,2025-11-15,CUST0372,Emma Brown,New,Basic Wash,Facebook,Charlotte,Port Charlotte,40,46.0,20.0,66.0,44,Card,NEWCUSTOMER,3.0
1787,2025-02-08,CUST0778,Lewis Davis,Returning,Interior Detail,Referral,Charlotte,Punta Gorda,90,99.0,0.0,99.0,127,Card,No Discount,4.0
1788,2025-04-27,CUST0735,Alex Davis,Returning,Ceramic Coating,Instagram,Charlotte,Port Charlotte,350,348.0,0.0,348.0,103,Card,No Discount,No Feedback
1789,2025-12-10,CUST0060,Alex Garcia,Returning,Basic Wash,TikTok,Charlotte,Punta Gorda,40,49.0,0.0,49.0,100,Card,No Discount,5.0
1790,2025-03-13,CUST0268,Ava Taylor,Returning,Premium Wash,Instagram,Charlotte,Punta Gorda,70,72.0,15.0,87.0,43,Cash,No Discount,No Feedback
1791,2025-03-05,CUST0990,Sofia Brown,Returning,Ceramic Coating,Facebook,Charlotte,Punta Gorda,350,348.0,20.0,368.0,90,Cash,VIP ,4.0
1792,2025-07-24,CUST1000,Mary Garcia,Returning,Premium Wash,Instagram,Sarasota,Sarasota,70,77.0,5.0,82.0,112,Cash,No Discount,3.0
1793,2025-07-28,CUST0232,John Brown,Returning,Ceramic Coating,TikTok,Sarasota,Sarasota,350,385.0,10.0,395.0,75,Card,No Discount,No Feedback
1794,2025-03-13,CUST0843,Emma Anderson,Returning,Full Detail,Instagram,Charlotte,Punta Gorda,150,152.0,15.0,167.0,168,Card,SUMMER10,No Feedback
1795,2025-10-04,CUST0903,Mary Brown,New,Premium Wash,Youtube,Sarasota,North Port,70,77.0,20.0,97.0,58,Card,NEWCUSTOMER,3.0
1796,2025-01-10,CUST0095,Noah Martinez,Returning,Basic Wash,Instagram,Sarasota,Venice,40,44.0,0.0,44.0,77,Cash,No Discount,5.0
1797,2025-11-16,CUST0130,Alex Brown,Returning,Ceramic Coating,Facebook,Charlotte,Port Charlotte,350,385.0,0.0,385.0,180,Venmo,VIP ,4.0
1798,2025-12-04,CUST0536,Liam Wilson,Returning,Premium Wash,Instagram,Sarasota,North Port,70,77.0,0.0,77.0,160,Card,VIP ,No Feedback
1799,2025-04-05,CUST0644,Alex Martinez,Returning,Basic Wash,Referral,Sarasota,Sarasota,40,45.0,0.0,45.0,138,Cash App,SUMMER10,No Feedback
1800,2025-06-15,CUST0026,John Miller,Returning,Ceramic Coating,Youtube,Charlotte,Punta Gorda,350,355.0,10.0,365.0,109,Card,SUMMER10,No Feedback
1801,2025-02-01,CUST1075,Noah Miller,Returning,Ceramic Coating,Youtube,Sarasota,North Port,350,350.0,5.0,355.0,46,Cash,SUMMER10,4.0
1802,2025-01-11,CUST1181,Ava Martinez,Returning,Full Detail,TikTok,Charlotte,Punta Gorda,150,152.0,5.0,157.0,128,Cash,No Discount,No Feedback
1803,2025-10-28,CUST1158,Lewis Anderson,Returning,Interior Detail,Referral,Sarasota,North Port,90,97.0,15.0,112.0,76,Cash App,No Discount,4.0
1804,2025-08-05,CUST0459,Olivia Brown,Returning,Ceramic Coating,Referral,Charlotte,Port Charlotte,350,390.0,20.0,410.0,124,Cash,SUMMER10,5.0
1805,2025-10-16,CUST0693,Alex Brown,Returning,Basic Wash,Referral,Charlotte,Punta Gorda,40,46.0,0.0,46.0,49,Zelle,No Discount,4.0
1806,2025-04-12,CUST1064,Lewis Taylor,Returning,Premium Wash,TikTok,Sarasota,Venice,70,72.0,0.0,72.0,124,Card,NEWCUSTOMER,5.0
1807,2025-09-24,CUST1072,Olivia Taylor,Returning,Ceramic Coating,Referral,Charlotte,Port Charlotte,350,383.0,10.0,393.0,105,Cash,SUMMER10,4.0
1808,2025-08-02,CUST0196,Sofia Anderson,Returning,Basic Wash,Unknown,Sarasota,Sarasota,40,49.0,20.0,69.0,174,Zelle,No Discount,4.0
1809,2025-06-28,CUST0887,Noah Davis,New,Full Detail,TikTok,Charlotte,Port Charlotte,150,148.0,10.0,158.0,176,Venmo,No Discount,5.0
1810,2025-03-29,CUST0510,Lewis Wilson,Returning,Full Detail,Referral,Charlotte,Port Charlotte,150,152.0,10.0,162.0,72,Card,VIP ,5.0
1811,2025-02-10,CUST0987,John Davis,Returning,Interior Detail,Facebook,Sarasota,North Port,90,92.0,0.0,92.0,128,Cash,No Discount,3.0
1812,2025-03-17,CUST0709,Ava Martinez,Returning,Interior Detail,Referral,Sarasota,Sarasota,90,90.0,0.0,90.0,95,Zelle,SUMMER10,5.0
1813,2025-02-15,CUST0789,Sofia Anderson,Returning,Premium Wash,Facebook,Sarasota,Sarasota,70,75.0,0.0,75.0,90,Cash,SUMMER10,3.0
1814,2025-06-09,CUST0305,Liam Smith,Returning,Full Detail,Youtube,Charlotte,Port Charlotte,150,150.0,20.0,170.0,93,Venmo,VIP ,3.0
1815,2025-03-21,CUST1144,Mary Martinez,Returning,Basic Wash,Referral,Sarasota,Sarasota,40,45.0,0.0,45.0,69,Card,No Discount,3.0
1816,2025-11-06,CUST0112,Olivia Smith,Returning,Ceramic Coating,Instagram,Charlotte,Port Charlotte,350,387.0,0.0,387.0,75,Card,No Discount,5.0
1817,2025-03-27,CUST0024,Emma Davis,Returning,Basic Wash,Instagram,Charlotte,Port Charlotte,40,45.0,10.0,55.0,146,Cash App,VIP ,No Feedback
1818,2025-04-02,CUST0322,Liam Miller,Returning,Interior Detail,Youtube,Sarasota,Venice,90,88.0,5.0,93.0,74,Card,NEWCUSTOMER,4.0
1819,2025-05-28,CUST1036,Liam Wilson,Returning,Basic Wash,Referral,Sarasota,North Port,40,40.0,20.0,60.0,44,Card,SUMMER10,No Feedback
1820,2025-06-10,CUST0962,Ava Johnson,Returning,Basic Wash,Unknown,Sarasota,North Port,40,42.0,5.0,47.0,81,Venmo,No Discount,No Feedback
1821,2025-07-21,CUST1016,Alex Martinez,Returning,Premium Wash,TikTok,Sarasota,Venice,70,77.0,15.0,92.0,49,Cash App,SUMMER10,5.0
1822,2025-08-30,CUST0339,Sofia Brown,Returning,Ceramic Coating,Referral,Sarasota,Venice,350,385.0,0.0,385.0,104,Cash,VIP ,3.0
1823,2025-12-19,CUST0154,Mary Martinez,Returning,Premium Wash,Other,Charlotte,Punta Gorda,70,79.0,0.0,79.0,31,Zelle,SUMMER10,4.0
1824,2025-01-02,CUST1007,John Garcia,Returning,Basic Wash,Facebook,Charlotte,Port Charlotte,40,40.0,0.0,40.0,116,Cash,No Discount,No Feedback
1825,2025-08-13,CUST0657,Alex Anderson,Returning,Basic Wash,Referral,Charlotte,Punta Gorda,40,46.0,15.0,61.0,96,Cash,SUMMER10,4.0
1826,2025-10-16,CUST0494,Lewis Smith,Returning,Basic Wash,Referral,Sarasota,Venice,40,49.0,10.0,59.0,145,Zelle,No Discount,4.0
1827,2025-08-21,CUST0678,Ava Smith,Returning,Premium Wash,Referral,Charlotte,Punta Gorda,70,82.0,15.0,97.0,65,Venmo,VIP ,5.0
1828,2025-03-18,CUST0570,Mary Taylor,Returning,Full Detail,Youtube,Sarasota,Venice,150,148.0,15.0,163.0,128,Cash,No Discount,5.0
1829,2025-04-26,CUST0104,Noah Garcia,Returning,Basic Wash,Instagram,Charlotte,Punta Gorda,40,45.0,10.0,55.0,52,Card,SUMMER10,5.0
1830,2025-06-03,CUST1039,Lewis Anderson,Returning,Basic Wash,Referral,Charlotte,Port Charlotte,40,40.0,5.0,45.0,36,Cash,No Discount,No Feedback
1831,2025-04-13,CUST0457,Noah Wilson,Returning,Interior Detail,Referral,Charlotte,Port Charlotte,90,95.0,10.0,105.0,134,Cash,No Discount,No Feedback
1832,2025-07-13,CUST1128,Olivia Wilson,Returning,Full Detail,Youtube,Charlotte,Port Charlotte,150,165.0,5.0,170.0,108,Card,No Discount,5.0
1833,2025-06-15,CUST0776,Alex Smith,Returning,Full Detail,Youtube,Sarasota,North Port,150,150.0,5.0,155.0,64,Card,VIP ,5.0
1834,2025-12-25,CUST0826,Ava Miller,Returning,Full Detail,Unknown,Charlotte,Port Charlotte,150,163.0,0.0,163.0,147,Cash App,VIP ,3.0
1835,2025-03-31,CUST0482,Sofia Taylor,New,Ceramic Coating,Instagram,Charlotte,Punta Gorda,350,352.0,20.0,372.0,132,Card,SUMMER10,4.0
1836,2025-06-23,CUST0162,Liam Anderson,Returning,Interior Detail,Referral,Charlotte,Punta Gorda,90,88.0,15.0,103.0,91,Cash App,SUMMER10,5.0
1837,2025-05-02,CUST0941,Noah Davis,Returning,Basic Wash,Youtube,Charlotte,Port Charlotte,40,40.0,0.0,40.0,70,Card,No Discount,5.0
1838,2025-05-23,CUST0910,Liam Anderson,Returning,Premium Wash,Instagram,Sarasota,North Port,70,70.0,10.0,80.0,84,Card,No Discount,5.0
1839,2025-04-16,CUST1174,Mary Johnson,Returning,Premium Wash,Instagram,Sarasota,North Port,70,70.0,0.0,70.0,104,Card,No Discount,5.0
1840,2025-11-01,CUST0918,Liam Johnson,New,Premium Wash,TikTok,Charlotte,Punta Gorda,70,82.0,10.0,92.0,106,Cash,No Discount,5.0
1841,2025-12-26,CUST0181,Olivia Brown,Returning,Interior Detail,TikTok,Sarasota,North Port,90,97.0,15.0,112.0,180,Cash,VIP ,3.0
1842,2025-11-13,CUST1021,Emma Johnson,New,Interior Detail,Youtube,Charlotte,Port Charlotte,90,97.0,0.0,97.0,30,Card,VIP ,4.0
1843,2025-05-03,CUST0916,Emma Miller,New,Interior Detail,Youtube,Sarasota,Sarasota,90,90.0,0.0,90.0,172,Cash,VIP ,4.0
1844,2025-01-09,CUST0648,Mary Garcia,Returning,Premium Wash,Youtube,Charlotte,Port Charlotte,70,70.0,20.0,90.0,82,Cash,No Discount,5.0
1845,2025-09-19,CUST0244,Mary Brown,New,Premium Wash,Instagram,Sarasota,North Port,70,82.0,5.0,87.0,144,Zelle,SUMMER10,3.0
1846,2025-03-14,CUST1019,Alex Martinez,Returning,Interior Detail,Youtube,Sarasota,Venice,90,92.0,0.0,92.0,32,Card,VIP ,5.0
1847,2025-12-25,CUST0037,Sofia Brown,Returning,Ceramic Coating,Referral,Sarasota,Venice,350,387.0,10.0,397.0,168,Card,No Discount,3.0
1848,2025-08-11,CUST0211,Olivia Anderson,Returning,Ceramic Coating,Youtube,Sarasota,Venice,350,385.0,15.0,400.0,127,Card,No Discount,3.0
1849,2025-02-10,CUST0827,Liam Davis,Returning,Premium Wash,Instagram,Charlotte,Port Charlotte,70,70.0,0.0,70.0,73,Cash App,No Discount,No Feedback
1850,2025-07-23,CUST0845,Sofia Wilson,Returning,Interior Detail,Instagram,Sarasota,Venice,90,104.0,20.0,124.0,150,Venmo,NEWCUSTOMER,4.0
1851,2025-09-21,CUST0074,Lewis Johnson,New,Full Detail,Other,Sarasota,Venice,150,165.0,0.0,165.0,141,Card,NEWCUSTOMER,4.0
1852,2025-11-24,CUST1142,Alex Anderson,Returning,Premium Wash,Other,Sarasota,Sarasota,70,77.0,20.0,97.0,141,Venmo,NEWCUSTOMER,5.0
1853,2025-06-27,CUST1125,Mary Brown,New,Full Detail,Referral,Sarasota,Venice,150,150.0,10.0,160.0,34,Cash,No Discount,4.0
1854,2025-12-14,CUST0001,John Anderson,New,Premium Wash,Instagram,Sarasota,Sarasota,70,77.0,15.0,92.0,118,Venmo,NEWCUSTOMER,4.0
1855,2025-11-14,CUST0187,Noah Martinez,Returning,Ceramic Coating,TikTok,Charlotte,Punta Gorda,350,385.0,10.0,395.0,39,Cash,No Discount,No Feedback
1856,2025-03-25,CUST0624,Liam Garcia,Returning,Basic Wash,Facebook,Charlotte,Punta Gorda,40,38.0,5.0,43.0,73,Cash,NEWCUSTOMER,No Feedback
1857,2025-11-14,CUST1042,Emma Brown,New,Ceramic Coating,TikTok,Sarasota,Venice,350,385.0,20.0,405.0,174,Venmo,NEWCUSTOMER,4.0
1858,2025-04-21,CUST1152,John Smith,Returning,Ceramic Coating,TikTok,Sarasota,North Port,350,350.0,0.0,350.0,98,Card,No Discount,4.0
1859,2025-09-08,CUST0424,Sofia Taylor,Returning,Premium Wash,Youtube,Sarasota,Sarasota,70,82.0,5.0,87.0,169,Cash,VIP ,5.0
1860,2025-01-07,CUST0935,Noah Miller,Returning,Basic Wash,Facebook,Sarasota,Sarasota,40,42.0,0.0,42.0,120,Card,SUMMER10,5.0
1861,2025-03-25,CUST0699,John Garcia,New,Ceramic Coating,Instagram,Sarasota,Venice,350,348.0,20.0,368.0,85,Cash App,NEWCUSTOMER,3.0
1862,2025-07-27,CUST0745,Mary Anderson,New,Basic Wash,TikTok,Sarasota,North Port,40,46.0,5.0,51.0,125,Card,No Discount,4.0
1863,2025-11-10,CUST0112,Alex Johnson,Returning,Premium Wash,Instagram,Charlotte,Port Charlotte,70,77.0,15.0,92.0,171,Zelle,No Discount,5.0
1864,2025-01-22,CUST0457,Emma Martinez,Returning,Full Detail,Referral,Charlotte,Port Charlotte,150,150.0,10.0,160.0,146,Card,NEWCUSTOMER,4.0
1865,2025-01-03,CUST0931,Alex Davis,New,Interior Detail,Youtube,Charlotte,Punta Gorda,90,95.0,0.0,95.0,58,Card,NEWCUSTOMER,5.0
1866,2025-05-07,CUST0680,Mary Garcia,Returning,Basic Wash,Instagram,Charlotte,Port Charlotte,40,38.0,20.0,58.0,123,Zelle,No Discount,No Feedback
1867,2025-10-24,CUST1148,Mary Martinez,New,Basic Wash,Facebook,Charlotte,Punta Gorda,40,44.0,5.0,49.0,142,Cash,VIP ,No Feedback
1868,2025-07-07,CUST0969,Olivia Taylor,Returning,Ceramic Coating,TikTok,Charlotte,Punta Gorda,350,383.0,20.0,403.0,95,Card,No Discount,5.0
1869,2025-12-28,CUST0745,Sofia Wilson,Returning,Premium Wash,TikTok,Sarasota,North Port,70,75.0,15.0,90.0,122,Venmo,No Discount,3.0
1870,2025-01-14,CUST0927,Emma Taylor,Returning,Ceramic Coating,Instagram,Sarasota,North Port,350,350.0,10.0,360.0,51,Cash,VIP ,No Feedback
1871,2025-01-12,CUST0234,John Garcia,Returning,Interior Detail,Youtube,Sarasota,Sarasota,90,88.0,15.0,103.0,90,Card,No Discount,5.0
1872,2025-03-28,CUST0200,Olivia Wilson,Returning,Full Detail,TikTok,Charlotte,Punta Gorda,150,145.0,15.0,160.0,47,Cash App,No Discount,3.0
1873,2025-01-12,CUST0455,John Brown,Returning,Full Detail,Referral,Sarasota,Sarasota,150,150.0,20.0,170.0,66,Cash App,No Discount,4.0
1874,2025-01-25,CUST0005,Sofia Johnson,New,Interior Detail,Instagram,Charlotte,Punta Gorda,90,95.0,0.0,95.0,138,Cash,No Discount,No Feedback
1875,2025-10-28,CUST0700,Emma Garcia,New,Interior Detail,Facebook,Charlotte,Punta Gorda,90,99.0,0.0,99.0,112,Card,VIP ,4.0
1876,2025-08-31,CUST0728,Liam Anderson,Returning,Basic Wash,Youtube,Sarasota,North Port,40,44.0,10.0,54.0,43,Card,No Discount,4.0
1877,2025-05-02,CUST0598,Sofia Davis,Returning,Basic Wash,Instagram,Charlotte,Port Charlotte,40,42.0,10.0,52.0,91,Cash,VIP ,No Feedback
1878,2025-05-27,CUST1122,Emma Johnson,New,Full Detail,Instagram,Charlotte,Punta Gorda,150,148.0,0.0,148.0,77,Card,No Discount,4.0
1879,2025-02-24,CUST1070,Liam Garcia,New,Interior Detail,Referral,Sarasota,North Port,90,92.0,15.0,107.0,129,Cash,NEWCUSTOMER,4.0
1880,2025-08-26,CUST0766,Lewis Miller,Returning,Interior Detail,Referral,Sarasota,North Port,90,97.0,20.0,117.0,156,Zelle,No Discount,5.0
1881,2025-12-22,CUST0218,John Johnson,Returning,Full Detail,Youtube,Sarasota,Sarasota,150,165.0,15.0,180.0,133,Cash,No Discount,No Feedback
1882,2025-06-22,CUST0094,John Davis,Returning,Ceramic Coating,Referral,Charlotte,Port Charlotte,350,350.0,0.0,350.0,118,Card,No Discount,4.0
1883,2025-08-09,CUST0337,John Garcia,Returning,Premium Wash,TikTok,Charlotte,Port Charlotte,70,79.0,5.0,84.0,163,Venmo,VIP ,5.0
1884,2025-04-29,CUST1009,Emma Brown,Returning,Interior Detail,Instagram,Sarasota,Sarasota,90,95.0,0.0,95.0,127,Cash App,No Discount,No Feedback
1885,2025-11-05,CUST0288,Ava Martinez,Returning,Basic Wash,Facebook,Sarasota,Venice,40,49.0,20.0,69.0,139,Cash App,SUMMER10,No Feedback
1886,2025-07-02,CUST0839,Olivia Wilson,Returning,Basic Wash,Facebook,Charlotte,Punta Gorda,40,49.0,15.0,64.0,71,Cash,No Discount,5.0
1887,2025-10-15,CUST0220,Emma Taylor,Returning,Basic Wash,Facebook,Charlotte,Punta Gorda,40,49.0,0.0,49.0,93,Card,No Discount,4.0
1888,2025-11-03,CUST0521,Sofia Johnson,New,Premium Wash,Facebook,Charlotte,Port Charlotte,70,77.0,0.0,77.0,122,Card,No Discount,4.0
1889,2025-10-27,CUST0402,Sofia Smith,Returning,Ceramic Coating,Youtube,Charlotte,Port Charlotte,350,390.0,0.0,390.0,117,Cash,NEWCUSTOMER,No Feedback
1890,2025-03-23,CUST0385,Alex Taylor,Returning,Ceramic Coating,Instagram,Sarasota,Venice,350,352.0,15.0,367.0,48,Card,NEWCUSTOMER,4.0
1891,2025-07-30,CUST0248,Noah Johnson,Returning,Full Detail,TikTok,Charlotte,Port Charlotte,150,165.0,0.0,165.0,177,Venmo,No Discount,5.0
1892,2025-05-30,CUST0805,Ava Smith,Returning,Basic Wash,Youtube,Charlotte,Port Charlotte,40,42.0,20.0,62.0,113,Zelle,No Discount,4.0
1893,2025-02-06,CUST0442,Sofia Anderson,Returning,Full Detail,Referral,Sarasota,North Port,150,150.0,10.0,160.0,134,Venmo,SUMMER10,5.0
1894,2025-12-18,CUST0937,Olivia Anderson,Returning,Interior Detail,Youtube,Charlotte,Port Charlotte,90,101.0,20.0,121.0,118,Card,No Discount,4.0
1895,2025-11-08,CUST0391,Alex Wilson,Returning,Basic Wash,Referral,Sarasota,North Port,40,39.0,5.0,44.0,178,Cash,SUMMER10,5.0
1896,2025-12-27,CUST0693,Sofia Anderson,Returning,Premium Wash,Referral,Charlotte,Punta Gorda,70,72.0,0.0,72.0,65,Cash,No Discount,5.0
1897,2025-02-28,CUST0221,Lewis Anderson,New,Basic Wash,Youtube,Sarasota,Sarasota,40,38.0,0.0,38.0,143,Cash,No Discount,4.0
1898,2025-05-11,CUST0849,Olivia Wilson,Returning,Full Detail,Facebook,Charlotte,Port Charlotte,150,150.0,15.0,165.0,79,Card,No Discount,4.0
1899,2025-07-21,CUST0096,Olivia Miller,Returning,Interior Detail,Facebook,Sarasota,Sarasota,90,99.0,20.0,119.0,170,Cash App,No Discount,3.0
1900,2025-08-31,CUST0253,Alex Martinez,Returning,Premium Wash,Referral,Sarasota,North Port,70,79.0,10.0,89.0,75,Cash,NEWCUSTOMER,4.0
1901,2025-02-04,CUST0923,John Smith,Returning,Basic Wash,Youtube,Charlotte,Port Charlotte,40,40.0,20.0,60.0,149,Zelle,VIP ,5.0
1902,2025-04-03,CUST0937,Noah Taylor,Returning,Interior Detail,Youtube,Charlotte,Port Charlotte,90,95.0,5.0,100.0,157,Venmo,NEWCUSTOMER,5.0
1903,2025-07-26,CUST1033,Mary Miller,New,Full Detail,Instagram,Charlotte,Port Charlotte,150,160.0,0.0,160.0,164,Card,No Discount,5.0
1904,2025-12-19,CUST0276,Ava Garcia,Returning,Ceramic Coating,TikTok,Sarasota,Venice,350,390.0,0.0,390.0,40,Cash,NEWCUSTOMER,4.0
1905,2025-11-28,CUST1022,Liam Anderson,Returning,Basic Wash,Facebook,Sarasota,Venice,40,49.0,0.0,49.0,88,Cash,VIP ,5.0
1906,2025-11-01,CUST0009,Sofia Taylor,Returning,Basic Wash,Referral,Charlotte,Punta Gorda,40,42.0,0.0,42.0,109,Venmo,SUMMER10,No Feedback
1907,2025-12-16,CUST1087,Sofia Taylor,Returning,Full Detail,Instagram,Sarasota,Venice,150,163.0,5.0,183.0,71,Venmo,SUMMER10,3.0
1908,2025-08-01,CUST0100,Sofia Miller,Returning,Ceramic Coating,Facebook,Sarasota,Sarasota,350,380.0,5.0,385.0,171,Cash,SUMMER10,5.0
1909,2025-06-08,CUST1134,Olivia Martinez,Returning,Basic Wash,Youtube,Sarasota,North Port,40,38.0,0.0,38.0,45,Card,No Discount,3.0
1910,2025-01-24,CUST0887,Alex Garcia,Returning,Full Detail,TikTok,Charlotte,Port Charlotte,150,152.0,0.0,152.0,153,Cash,VIP ,3.0
1911,2025-10-20,CUST1199,Lewis Martinez,New,Full Detail,TikTok,Charlotte,Punta Gorda,150,165.0,0.0,165.0,123,Cash,No Discount,No Feedback
1912,2025-01-04,CUST0990,Ava Taylor,Returning,Premium Wash,Facebook,Charlotte,Punta Gorda,70,70.0,20.0,90.0,65,Cash App,No Discount,4.0
1913,2025-08-08,CUST1042,Olivia Davis,Returning,Premium Wash,TikTok,Sarasota,Venice,70,79.0,0.0,79.0,118,Cash App,SUMMER10,4.0
1914,2025-12-30,CUST0363,Mary Taylor,Returning,Ceramic Coating,Facebook,Charlotte,Port Charlotte,350,383.0,20.0,403.0,159,Card,SUMMER10,5.0
1915,2025-01-20,CUST1185,Sofia Anderson,Returning,Interior Detail,Referral,Sarasota,North Port,90,90.0,20.0,110.0,81,Card,No Discount,5.0
1916,2025-06-01,CUST0356,Liam Anderson,Returning,Full Detail,Youtube,Sarasota,Venice,150,152.0,10.0,162.0,64,Venmo,VIP ,5.0
1917,2025-02-19,CUST0263,Liam Davis,Returning,Ceramic Coating,TikTok,Sarasota,Venice,350,355.0,0.0,355.0,129,Cash,VIP ,No Feedback
1918,2025-06-26,CUST0213,Olivia Brown,Returning,Interior Detail,Facebook,Charlotte,Port Charlotte,90,95.0,10.0,105.0,101,Zelle,No Discount,3.0
1919,2025-04-06,CUST0794,John Davis,Returning,Premium Wash,Youtube,Sarasota,North Port,70,75.0,0.0,75.0,87,Card,No Discount,3.0
1920,2025-04-15,CUST0660,Lewis Smith,Returning,Interior Detail,Referral,Sarasota,North Port,90,92.0,0.0,92.0,165,Card,No Discount,5.0
1921,2025-09-07,CUST1033,Liam Davis,Returning,Ceramic Coating,Instagram,Charlotte,Port Charlotte,350,380.0,10.0,390.0,108,Cash,No Discount,3.0
1922,2025-04-27,CUST0788,Noah Anderson,New,Basic Wash,Instagram,Charlotte,Punta Gorda,40,42.0,0.0,42.0,136,Cash,No Discount,3.0
1923,2025-12-20,CUST0858,Liam Wilson,Returning,Premium Wash,Facebook,Sarasota,Venice,70,72.0,0.0,72.0,177,Zelle,NEWCUSTOMER,4.0
1924,2025-08-16,CUST0509,John Johnson,Returning,Premium Wash,Unknown,Sarasota,Venice,70,72.0,5.0,77.0,171,Card,VIP ,4.0
1925,2025-03-07,CUST0561,Olivia Garcia,Returning,Interior Detail,Referral,Sarasota,North Port,90,92.0,15.0,107.0,42,Cash,VIP ,4.0
1926,2025-12-01,CUST0815,Sofia Davis,Returning,Basic Wash,Youtube,Charlotte,Port Charlotte,40,39.0,10.0,49.0,55,Card,No Discount,4.0
1927,2025-09-19,CUST0703,Mary Smith,Returning,Premium Wash,Instagram,Charlotte,Punta Gorda,70,75.0,5.0,80.0,177,Card,NEWCUSTOMER,5.0
1928,2025-10-22,CUST0603,John Johnson,Returning,Full Detail,Instagram,Sarasota,Sarasota,150,160.0,10.0,170.0,105,Card,NEWCUSTOMER,3.0
1929,2025-08-31,CUST0928,Noah Wilson,Returning,Interior Detail,Referral,Charlotte,Port Charlotte,90,99.0,0.0,99.0,48,Zelle,No Discount,4.0
1930,2025-07-05,CUST0274,Sofia Martinez,Returning,Interior Detail,Referral,Charlotte,Punta Gorda,90,97.0,15.0,112.0,84,Cash App,No Discount,3.0
1931,2025-09-03,CUST0283,John Martinez,Returning,Ceramic Coating,Facebook,Sarasota,North Port,350,385.0,0.0,385.0,36,Cash App,No Discount,5.0
1932,2025-05-05,CUST0846,Emma Martinez,Returning,Full Detail,Youtube,Charlotte,Port Charlotte,150,145.0,10.0,155.0,95,Cash App,No Discount,3.0
1933,2025-09-25,CUST1050,Alex Smith,Returning,Premium Wash,Other,Charlotte,Punta Gorda,70,79.0,0.0,79.0,170,Zelle,VIP ,4.0
1934,2025-05-11,CUST0613,John Wilson,Returning,Full Detail,Facebook,Charlotte,Port Charlotte,150,148.0,0.0,148.0,115,Card,VIP ,4.0
1935,2025-08-25,CUST1122,Ava Davis,Returning,Interior Detail,Instagram,Charlotte,Punta Gorda,90,94.0,10.0,104.0,73,Venmo,No Discount,4.0
1936,2025-01-18,CUST0643,Sofia Taylor,New,Full Detail,Other,Charlotte,Punta Gorda,150,155.0,5.0,160.0,130,Zelle,No Discount,4.0
1937,2025-02-09,CUST1134,Sofia Brown,Returning,Interior Detail,Youtube,Sarasota,North Port,90,85.0,15.0,100.0,103,Cash App,No Discount,4.0
1938,2025-01-21,CUST0446,Mary Anderson,New,Basic Wash,Referral,Charlotte,Punta Gorda,40,40.0,0.0,40.0,179,Card,SUMMER10,4.0
1939,2025-08-13,CUST0412,John Smith,Returning,Basic Wash,Instagram,Sarasota,Venice,40,44.0,10.0,54.0,61,Cash App,No Discount,4.0
1940,2025-12-21,CUST0430,Noah Davis,Returning,Premium Wash,TikTok,Sarasota,North Port,70,77.0,5.0,82.0,105,Cash,SUMMER10,3.0
1941,2025-10-09,CUST0596,Sofia Davis,Returning,Basic Wash,Referral,Sarasota,North Port,40,46.0,15.0,61.0,57,Zelle,No Discount,5.0
1942,2025-01-08,CUST0708,Mary Davis,New,Interior Detail,Youtube,Charlotte,Punta Gorda,90,88.0,0.0,88.0,178,Card,SUMMER10,4.0
1943,2025-04-10,CUST0272,Mary Davis,Returning,Ceramic Coating,Referral,Charlotte,Punta Gorda,350,345.0,20.0,365.0,85,Cash,SUMMER10,No Feedback
1944,2025-08-28,CUST0365,Sofia Smith,New,Interior Detail,Youtube,Sarasota,North Port,90,97.0,0.0,97.0,161,Zelle,No Discount,3.0
1945,2025-03-28,CUST1032,Lewis Smith,Returning,Premium Wash,TikTok,Sarasota,Sarasota,70,68.0,10.0,78.0,173,Cash,No Discount,5.0
1946,2025-10-25,CUST1112,John Taylor,New,Full Detail,Referral,Charlotte,Port Charlotte,150,160.0,15.0,175.0,100,Cash,NEWCUSTOMER,3.0
1947,2025-01-14,CUST0661,Sofia Garcia,Returning,Ceramic Coating,TikTok,Charlotte,Punta Gorda,350,350.0,0.0,350.0,54,Card,SUMMER10,No Feedback
1948,2025-11-30,CUST0237,Ava Garcia,Returning,Interior Detail,Youtube,Charlotte,Port Charlotte,90,94.0,5.0,99.0,157,Cash,SUMMER10,4.0
1949,2025-01-02,CUST0722,Mary Davis,Returning,Basic Wash,Youtube,Sarasota,Sarasota,40,45.0,15.0,60.0,138,Zelle,SUMMER10,3.0
1950,2025-10-20,CUST1152,Olivia Brown,Returning,Full Detail,TikTok,Sarasota,North Port,150,160.0,10.0,170.0,67,Venmo,No Discount,4.0
1951,2025-11-21,CUST0984,Mary Taylor,Returning,Premium Wash,Referral,Sarasota,Venice,70,77.0,20.0,97.0,177,Cash,VIP ,3.0
1952,2025-02-10,CUST1194,Noah Miller,Returning,Premium Wash,Referral,Charlotte,Port Charlotte,70,65.0,0.0,65.0,101,Zelle,No Discount,4.0
1953,2025-11-14,CUST1169,Lewis Smith,New,Ceramic Coating,Youtube,Sarasota,Venice,350,390.0,5.0,395.0,54,Cash,VIP ,No Feedback
1954,2025-11-12,CUST0855,Olivia Brown,New,Full Detail,Youtube,Sarasota,Venice,150,165.0,10.0,175.0,40,Cash,NEWCUSTOMER,3.0
1955,2025-04-21,CUST1094,Ava Taylor,Returning,Interior Detail,Facebook,Charlotte,Punta Gorda,90,90.0,20.0,110.0,180,Venmo,No Discount,4.0
1956,2025-01-14,CUST0586,Liam Miller,Returning,Interior Detail,TikTok,Charlotte,Punta Gorda,90,90.0,15.0,105.0,123,Cash,No Discount,4.0
1957,2025-08-19,CUST0866,Liam Martinez,New,Full Detail,Referral,Charlotte,Punta Gorda,150,170.0,10.0,180.0,156,Cash App,SUMMER10,5.0
1958,2025-03-25,CUST0027,Sofia Johnson,Returning,Full Detail,Other,Charlotte,Punta Gorda,150,145.0,5.0,150.0,41,Cash App,SUMMER10,5.0
1959,2025-05-10,CUST1071,Noah Miller,Returning,Ceramic Coating,Referral,Charlotte,Punta Gorda,350,355.0,0.0,355.0,149,Card,No Discount,4.0
1960,2025-08-19,CUST0219,Mary Wilson,Returning,Interior Detail,Instagram,Sarasota,North Port,90,97.0,15.0,112.0,161,Cash,SUMMER10,No Feedback
1961,2025-11-22,CUST0052,Emma Anderson,New,Full Detail,Referral,Sarasota,North Port,150,170.0,15.0,185.0,89,Cash,No Discount,5.0
1962,2025-05-25,CUST0781,John Davis,Returning,Basic Wash,Referral,Sarasota,Sarasota,40,45.0,10.0,55.0,82,Cash,No Discount,3.0
1963,2025-12-11,CUST0298,John Davis,New,Premium Wash,Youtube,Charlotte,Port Charlotte,70,72.0,0.0,72.0,64,Cash,SUMMER10,No Feedback
1964,2025-01-28,CUST0109,Sofia Brown,New,Full Detail,TikTok,Sarasota,Venice,150,152.0,0.0,152.0,101,Cash App,SUMMER10,4.0
1965,2025-03-07,CUST0116,Sofia Davis,Returning,Interior Detail,Instagram,Charlotte,Port Charlotte,90,90.0,0.0,90.0,87,Venmo,NEWCUSTOMER,5.0
1966,2025-06-12,CUST0410,Emma Martinez,Returning,Basic Wash,Facebook,Sarasota,Venice,40,35.0,0.0,35.0,142,Cash,No Discount,No Feedback
1967,2025-08-17,CUST0547,Ava Taylor,New,Basic Wash,Facebook,Sarasota,Venice,40,42.0,5.0,47.0,78,Zelle,NEWCUSTOMER,No Feedback
1968,2025-09-18,CUST0330,Emma Martinez,Returning,Basic Wash,TikTok,Sarasota,North Port,40,39.0,20.0,59.0,128,Card,No Discount,5.0
1969,2025-06-13,CUST0587,Sofia Johnson,Returning,Full Detail,Youtube,Sarasota,Sarasota,150,152.0,15.0,167.0,94,Cash,No Discount,4.0
1970,2025-10-28,CUST0514,Lewis Davis,New,Full Detail,TikTok,Sarasota,Venice,150,170.0,0.0,170.0,70,Cash,No Discount,5.0
1971,2025-10-30,CUST0300,Liam Johnson,Returning,Premium Wash,Referral,Charlotte,Punta Gorda,70,82.0,10.0,92.0,96,Cash,No Discount,5.0
1972,2025-10-14,CUST0128,Lewis Anderson,Returning,Ceramic Coating,Facebook,Charlotte,Port Charlotte,350,390.0,0.0,390.0,94,Venmo,VIP ,4.0
1973,2025-01-10,CUST0605,Emma Anderson,Returning,Premium Wash,Facebook,Charlotte,Port Charlotte,70,65.0,15.0,80.0,33,Venmo,NEWCUSTOMER,5.0
1974,2025-07-14,CUST0418,Liam Johnson,New,Premium Wash,TikTok,Sarasota,North Port,70,77.0,5.0,82.0,36,Cash App,No Discount,5.0
1975,2025-04-28,CUST1109,Noah Davis,Returning,Premium Wash,Youtube,Charlotte,Punta Gorda,70,65.0,0.0,65.0,90,Card,SUMMER10,5.0
1976,2025-09-27,CUST0067,Emma Taylor,Returning,Interior Detail,Youtube,Sarasota,Sarasota,90,97.0,0.0,97.0,159,Venmo,No Discount,5.0
1977,2025-03-21,CUST0735,Alex Davis,Returning,Ceramic Coating,Instagram,Charlotte,Port Charlotte,350,355.0,15.0,370.0,112,Venmo,NEWCUSTOMER,5.0
1978,2025-04-03,CUST0927,Emma Wilson,Returning,Full Detail,Instagram,Sarasota,North Port,150,155.0,10.0,165.0,60,Cash App,No Discount,4.0
1979,2025-09-23,CUST0210,Emma Smith,Returning,Interior Detail,TikTok,Sarasota,North Port,90,104.0,10.0,114.0,55,Cash,No Discount,4.0
1980,2025-11-28,CUST1151,Liam Wilson,Returning,Basic Wash,Youtube,Sarasota,Venice,40,44.0,5.0,49.0,67,Card,No Discount,No Feedback
1981,2025-12-16,CUST0460,Mary Anderson,Returning,Full Detail,TikTok,Sarasota,Sarasota,150,165.0,15.0,180.0,112,Cash,VIP ,4.0
1982,2025-12-27,CUST1150,Emma Taylor,Returning,Premium Wash,Facebook,Sarasota,Sarasota,70,82.0,15.0,97.0,151,Zelle,No Discount,3.0
1983,2025-09-14,CUST0797,Alex Miller,Returning,Premium Wash,Instagram,Sarasota,North Port,70,77.0,20.0,97.0,141,Zelle,No Discount,5.0
1984,2025-05-13,CUST0487,John Brown,Returning,Interior Detail,Facebook,Sarasota,Sarasota,90,95.0,15.0,110.0,150,Zelle,No Discount,No Feedback
1985,2025-10-03,CUST1047,Lewis Garcia,Returning,Premium Wash,Referral,Sarasota,Venice,70,82.0,20.0,102.0,128,Card,No Discount,3.0
1986,2025-09-21,CUST0590,Noah Wilson,New,Premium Wash,Instagram,Charlotte,Port Charlotte,70,75.0,15.0,90.0,61,Cash App,No Discount,4.0
1987,2025-06-20,CUST0097,Liam Miller,Returning,Basic Wash,Unknown,Sarasota,Sarasota,40,35.0,5.0,40.0,45,Card,No Discount,5.0
1988,2025-01-01,CUST0782,Sofia Garcia,Returning,Full Detail,TikTok,Charlotte,Punta Gorda,150,152.0,20.0,172.0,118,Card,No Discount,5.0
1989,2025-11-09,CUST0794,Olivia Martinez,Returning,Premium Wash,Youtube,Sarasota,North Port,70,77.0,5.0,82.0,146,Card,No Discount,4.0
1990,2025-03-05,CUST0854,Sofia Taylor,Returning,Basic Wash,TikTok,Sarasota,Sarasota,40,38.0,0.0,38.0,126,Cash App,NEWCUSTOMER,3.0
1991,2025-10-11,CUST0641,Emma Anderson,Returning,Full Detail,Instagram,Sarasota,Sarasota,150,165.0,15.0,180.0,180,Card,SUMMER10,5.0
1992,2025-05-01,CUST1131,John Brown,Returning,Interior Detail,Facebook,Charlotte,Port Charlotte,90,88.0,20.0,108.0,63,Card,SUMMER10,No Feedback
1993,2025-04-17,CUST0111,Liam Davis,Returning,Full Detail,Facebook,Sarasota,Sarasota,150,152.0,15.0,167.0,47,Cash App,SUMMER10,3.0
1994,2025-06-24,CUST0027,Olivia Brown,Returning,Basic Wash,Youtube,Charlotte,Punta Gorda,40,35.0,5.0,40.0,173,Cash App,No Discount,No Feedback
1995,2025-07-23,CUST0515,Ava Taylor,New,Ceramic Coating,TikTok,Sarasota,Sarasota,350,387.0,5.0,392.0,127,Cash App,SUMMER10,4.0
1996,2025-06-14,CUST0416,Lewis Brown,Returning,Basic Wash,Facebook,Charlotte,Punta Gorda,40,35.0,0.0,35.0,37,Venmo,SUMMER10,No Feedback
1997,2025-11-01,CUST0908,Olivia Johnson,Returning,Ceramic Coating,Unknown,Sarasota,Sarasota,350,380.0,20.0,400.0,174,Cash App,VIP ,4.0
1998,2025-04-30,CUST0462,Olivia Garcia,Returning,Premium Wash,TikTok,Sarasota,North Port,70,70.0,20.0,90.0,70,Cash App,NEWCUSTOMER,5.0
1999,2025-02-13,CUST0754,Alex Martinez,Returning,Basic Wash,Referral,Sarasota,Sarasota,40,40.0,15.0,55.0,61,Card,VIP ,4.0
2000,2025-11-08,CUST1120,Alex Davis,Returning,Full Detail,Youtube,Charlotte,Punta Gorda,150,165.0,0.0,165.0,143,Zelle,SUMMER10,4.0
2001,2025-06-05,CUST0403,Alex Anderson,New,Full Detail,TikTok,Charlotte,Port Charlotte,150,150.0,20.0,170.0,49,Venmo,SUMMER10,No Feedback
2002,2025-07-26,CUST0397,Mary Wilson,New,Ceramic Coating,Youtube,Sarasota,Sarasota,350,385.0,10.0,395.0,99,Venmo,No Discount,5.0
2003,2025-04-18,CUST0603,Emma Brown,Returning,Premium Wash,Instagram,Sarasota,Sarasota,70,70.0,10.0,80.0,80,Card,NEWCUSTOMER,3.0
2004,2025-09-08,CUST0920,Sofia Taylor,Returning,Basic Wash,Youtube,Sarasota,North Port,40,49.0,0.0,49.0,157,Venmo,SUMMER10,3.0
2005,2025-11-30,CUST0364,Sofia Johnson,Returning,Interior Detail,Facebook,Sarasota,North Port,90,101.0,20.0,121.0,82,Cash,No Discount,4.0
2006,2025-05-10,CUST0153,Sofia Smith,Returning,Basic Wash,TikTok,Charlotte,Punta Gorda,40,45.0,10.0,55.0,116,Cash App,SUMMER10,4.0
2007,2025-10-20,CUST0383,John Garcia,Returning,Full Detail,Youtube,Sarasota,North Port,150,167.0,20.0,187.0,148,Cash,No Discount,No Feedback
2008,2025-01-20,CUST0356,Alex Taylor,Returning,Ceramic Coating,Youtube,Sarasota,Venice,350,350.0,0.0,350.0,123,Zelle,VIP ,4.0
2009,2025-10-09,CUST1053,Ava Davis,New,Full Detail,Referral,Sarasota,Sarasota,150,160.0,20.0,180.0,76,Venmo,NEWCUSTOMER,3.0
2010,2025-10-12,CUST0245,Sofia Brown,Returning,Ceramic Coating,Youtube,Sarasota,Venice,350,383.0,20.0,403.0,85,Zelle,NEWCUSTOMER,5.0
2011,2025-01-01,CUST0773,Alex Taylor,Returning,Basic Wash,Instagram,Sarasota,North Port,40,40.0,10.0,50.0,157,Zelle,No Discount,5.0
2012,2025-04-29,CUST0084,Alex Miller,New,Interior Detail,Instagram,Charlotte,Port Charlotte,90,90.0,15.0,105.0,172,Card,No Discount,5.0
2013,2025-02-04,CUST0878,Ava Miller,New,Premium Wash,TikTok,Sarasota,Sarasota,70,68.0,20.0,88.0,170,Card,No Discount,5.0
2014,2025-07-17,CUST0572,Lewis Wilson,New,Interior Detail,Youtube,Charlotte,Port Charlotte,90,99.0,10.0,109.0,70,Cash,No Discount,3.0
2015,2025-09-02,CUST1140,John Anderson,Returning,Ceramic Coating,TikTok,Charlotte,Port Charlotte,350,385.0,15.0,400.0,42,Card,SUMMER10,3.0
2016,2025-02-28,CUST0542,Liam Anderson,New,Interior Detail,Facebook,Sarasota,Venice,90,92.0,0.0,92.0,32,Venmo,SUMMER10,5.0
2017,2025-11-21,CUST0267,Noah Martinez,New,Full Detail,Referral,Charlotte,Port Charlotte,150,163.0,20.0,183.0,128,Card,No Discount,4.0
2018,2025-06-10,CUST0330,Mary Taylor,Returning,Premium Wash,TikTok,Sarasota,North Port,70,75.0,0.0,75.0,140,Card,No Discount,3.0
2019,2025-06-28,CUST1197,John Garcia,Returning,Premium Wash,TikTok,Sarasota,Venice,70,65.0,0.0,65.0,104,Card,SUMMER10,4.0
2020,2025-07-25,CUST0523,Ava Anderson,Returning,Full Detail,TikTok,Sarasota,North Port,150,163.0,10.0,173.0,134,Card,NEWCUSTOMER,5.0
2021,2025-01-12,CUST0012,Liam Wilson,New,Ceramic Coating,TikTok,Sarasota,Venice,350,350.0,15.0,365.0,165,Zelle,VIP ,4.0
2022,2025-10-03,CUST0677,Sofia Taylor,Returning,Interior Detail,Referral,Sarasota,Sarasota,90,99.0,0.0,99.0,129,Card,No Discount,4.0
2023,2025-06-30,CUST0956,Mary Taylor,Returning,Ceramic Coating,TikTok,Sarasota,Venice,350,350.0,5.0,355.0,143,Zelle,NEWCUSTOMER,4.0
2024,2025-08-30,CUST0318,Ava Smith,Returning,Ceramic Coating,Youtube,Charlotte,Port Charlotte,350,380.0,0.0,380.0,37,Card,No Discount,4.0
2025,2025-08-04,CUST0082,Alex Wilson,Returning,Interior Detail,Instagram,Sarasota,Venice,90,99.0,5.0,104.0,77,Card,No Discount,4.0
2026,2025-09-08,CUST0315,Emma Taylor,Returning,Premium Wash,Youtube,Sarasota,Venice,70,82.0,15.0,97.0,124,Zelle,No Discount,4.0
2027,2025-10-26,CUST0661,Liam Anderson,Returning,Ceramic Coating,TikTok,Charlotte,Punta Gorda,350,385.0,20.0,405.0,113,Venmo,VIP ,4.0
2028,2025-05-06,CUST0105,Noah Davis,New,Ceramic Coating,Facebook,Sarasota,North Port,350,355.0,20.0,375.0,161,Cash,NEWCUSTOMER,5.0
2029,2025-08-05,CUST0617,Olivia Brown,Returning,Interior Detail,Youtube,Sarasota,Sarasota,90,99.0,20.0,119.0,123,Cash,No Discount,5.0
2030,2025-11-02,CUST1005,Noah Martinez,Returning,Ceramic Coating,Referral,Sarasota,North Port,350,383.0,20.0,403.0,76,Cash,NEWCUSTOMER,5.0
2031,2025-10-12,CUST1173,Sofia Taylor,Returning,Basic Wash,Referral,Sarasota,North Port,40,39.0,10.0,49.0,147,Venmo,VIP ,4.0
2032,2025-07-04,CUST1127,Olivia Martinez,Returning,Basic Wash,Instagram,Charlotte,Port Charlotte,40,46.0,5.0,51.0,158,Card,No Discount,5.0
2033,2025-02-08,CUST0734,John Martinez,Returning,Ceramic Coating,Referral,Sarasota,North Port,350,350.0,10.0,360.0,38,Venmo,No Discount,No Feedback
2034,2025-08-11,CUST0150,Olivia Anderson,Returning,Premium Wash,Facebook,Charlotte,Punta Gorda,70,79.0,0.0,79.0,145,Card,SUMMER10,5.0
2035,2025-07-03,CUST0651,John Davis,New,Premium Wash,TikTok,Sarasota,Sarasota,70,77.0,10.0,87.0,56,Card,NEWCUSTOMER,5.0
2036,2025-06-27,CUST1077,Sofia Anderson,Returning,Ceramic Coating,Referral,Sarasota,North Port,350,345.0,10.0,355.0,138,Cash,No Discount,5.0
2037,2025-10-21,CUST0451,Olivia Wilson,New,Interior Detail,Youtube,Sarasota,Sarasota,90,99.0,0.0,99.0,55,Card,No Discount,4.0
2038,2025-12-06,CUST0377,Liam Wilson,Returning,Basic Wash,Youtube,Charlotte,Punta Gorda,40,49.0,5.0,54.0,168,Card,No Discount,4.0
2039,2025-05-31,CUST1067,Olivia Garcia,Returning,Basic Wash,Referral,Sarasota,North Port,40,40.0,5.0,45.0,51,Card,No Discount,5.0
2040,2025-05-06,CUST0140,Lewis Smith,Returning,Full Detail,Instagram,Sarasota,North Port,150,150.0,0.0,150.0,52,Card,SUMMER10,No Feedback
2041,2025-10-28,CUST1035,John Davis,Returning,Ceramic Coating,Facebook,Sarasota,Venice,350,383.0,20.0,403.0,63,Zelle,VIP ,4.0
2042,2025-11-04,CUST0327,Sofia Anderson,Returning,Basic Wash,Facebook,Sarasota,Venice,40,49.0,20.0,69.0,87,Cash,No Discount,4.0
2043,2025-12-02,CUST0852,Alex Garcia,Returning,Premium Wash,TikTok,Charlotte,Punta Gorda,70,77.0,5.0,82.0,46,Cash App,VIP ,No Feedback
2044,2025-08-22,CUST1113,Liam Smith,Returning,Basic Wash,TikTok,Sarasota,North Port,40,44.0,0.0,44.0,121,Cash App,VIP ,3.0
2045,2025-01-08,CUST1100,John Taylor,Returning,Ceramic Coating,Youtube,Charlotte,Punta Gorda,350,350.0,20.0,370.0,58,Zelle,SUMMER10,4.0
2046,2025-12-07,CUST0827,Lewis Davis,Returning,Premium Wash,Instagram,Charlotte,Port Charlotte,70,72.0,20.0,92.0,88,Cash,VIP ,3.0
2047,2025-05-09,CUST0189,Emma Miller,Returning,Interior Detail,Instagram,Sarasota,Sarasota,90,90.0,0.0,90.0,89,Cash,No Discount,5.0
2048,2025-09-21,CUST0716,Lewis Martinez,New,Full Detail,TikTok,Sarasota,North Port,150,170.0,5.0,175.0,179,Zelle,No Discount,4.0
2049,2025-06-06,CUST0454,Alex Davis,Returning,Full Detail,Instagram,Sarasota,North Port,150,145.0,0.0,145.0,138,Card,No Discount,4.0
2050,2025-12-18,CUST0437,Alex Taylor,Returning,Interior Detail,Referral,Sarasota,Venice,90,99.0,20.0,119.0,158,Cash App,NEWCUSTOMER,No Feedback
2051,2025-12-24,CUST0680,Liam Wilson,Returning,Full Detail,Instagram,Charlotte,Port Charlotte,150,167.0,5.0,172.0,41,Card,No Discount,3.0
2052,2025-01-05,CUST0679,Olivia Garcia,Returning,Premium Wash,Referral,Sarasota,North Port,70,70.0,0.0,70.0,136,Cash App,No Discount,No Feedback
2053,2025-03-27,CUST0739,Emma Davis,Returning,Premium Wash,Referral,Charlotte,Port Charlotte,70,70.0,5.0,75.0,69,Zelle,No Discount,4.0
2054,2025-06-24,CUST0602,Emma Garcia,Returning,Interior Detail,Unknown,Charlotte,Port Charlotte,90,85.0,15.0,100.0,32,Venmo,VIP ,No Feedback
2055,2025-10-17,CUST0448,John Wilson,Returning,Ceramic Coating,Instagram,Charlotte,Punta Gorda,350,385.0,0.0,385.0,164,Cash,No Discount,No Feedback
2056,2025-07-12,CUST1087,Olivia Miller,Returning,Premium Wash,Instagram,Sarasota,Venice,70,75.0,10.0,85.0,134,Card,SUMMER10,5.0
2057,2025-11-07,CUST0973,Olivia Wilson,Returning,Ceramic Coating,TikTok,Charlotte,Punta Gorda,350,390.0,10.0,400.0,104,Zelle,VIP ,3.0
2058,2025-04-29,CUST1150,Lewis Taylor,Returning,Premium Wash,Facebook,Sarasota,Sarasota,70,75.0,10.0,85.0,133,Cash App,No Discount,3.0
2059,2025-08-06,CUST0019,Olivia Taylor,Returning,Basic Wash,Instagram,Charlotte,Port Charlotte,40,49.0,0.0,49.0,82,Card,No Discount,4.0
2060,2025-04-24,CUST0235,Lewis Anderson,New,Ceramic Coating,Youtube,Charlotte,Punta Gorda,350,345.0,10.0,355.0,56,Card,No Discount,4.0
2061,2025-05-25,CUST0709,Sofia Taylor,Returning,Premium Wash,Referral,Sarasota,Sarasota,70,65.0,5.0,70.0,58,Zelle,No Discount,4.0
2062,2025-01-26,CUST0913,Noah Martinez,Returning,Basic Wash,Youtube,Sarasota,Venice,40,42.0,0.0,42.0,137,Card,SUMMER10,5.0
2063,2025-05-16,CUST0493,Liam Brown,Returning,Premium Wash,Facebook,Charlotte,Port Charlotte,70,68.0,0.0,68.0,116,Cash App,No Discount,No Feedback
2064,2025-10-30,CUST0500,John Davis,Returning,Interior Detail,Youtube,Sarasota,Sarasota,90,99.0,10.0,109.0,178,Cash App,NEWCUSTOMER,No Feedback
2065,2025-08-20,CUST0082,Noah Anderson,Returning,Full Detail,Instagram,Sarasota,Venice,150,165.0,15.0,180.0,42,Venmo,SUMMER10,5.0
2066,2025-03-17,CUST0658,Sofia Taylor,Returning,Basic Wash,Referral,Sarasota,North Port,40,42.0,0.0,42.0,146,Card,NEWCUSTOMER,4.0
2067,2025-11-24,CUST0782,Olivia Garcia,Returning,Full Detail,TikTok,Charlotte,Punta Gorda,150,160.0,20.0,180.0,75,Venmo,No Discount,4.0
2068,2025-12-11,CUST0233,Alex Taylor,New,Premium Wash,Youtube,Charlotte,Punta Gorda,70,79.0,5.0,84.0,60,Card,No Discount,5.0
2069,2025-10-29,CUST0791,Lewis Miller,Returning,Ceramic Coating,TikTok,Charlotte,Punta Gorda,350,390.0,10.0,400.0,105,Cash,NEWCUSTOMER,4.0
2070,2025-10-16,CUST0526,Ava Anderson,Returning,Interior Detail,Unknown,Charlotte,Punta Gorda,90,99.0,10.0,109.0,85,Cash,No Discount,4.0
2071,2025-01-01,CUST1107,Olivia Wilson,Returning,Ceramic Coating,Facebook,Charlotte,Port Charlotte,350,350.0,0.0,350.0,122,Zelle,NEWCUSTOMER,5.0
2072,2025-05-27,CUST0580,Sofia Miller,Returning,Ceramic Coating,Referral,Sarasota,North Port,350,355.0,0.0,355.0,158,Cash,No Discount,4.0
2073,2025-10-14,CUST0051,Noah Brown,Returning,Premium Wash,Facebook,Charlotte,Punta Gorda,70,75.0,0.0,75.0,113,Venmo,SUMMER10,5.0
2074,2025-05-22,CUST1059,John Anderson,Returning,Premium Wash,Referral,Charlotte,Port Charlotte,70,65.0,0.0,65.0,127,Card,No Discount,4.0
2075,2025-02-22,CUST0768,Ava Martinez,New,Basic Wash,TikTok,Sarasota,Sarasota,40,40.0,15.0,55.0,58,Zelle,No Discount,No Feedback
2076,2025-10-31,CUST1054,Ava Martinez,Returning,Interior Detail,Facebook,Sarasota,Sarasota,90,97.0,0.0,97.0,136,Cash,SUMMER10,4.0
2077,2025-03-10,CUST1042,Emma Davis,Returning,Full Detail,TikTok,Sarasota,Venice,150,145.0,10.0,155.0,43,Card,No Discount,4.0
2078,2025-12-27,CUST0913,Sofia Brown,Returning,Interior Detail,Youtube,Sarasota,Venice,90,99.0,10.0,109.0,51,Cash App,SUMMER10,4.0
2079,2025-03-31,CUST0997,Ava Anderson,Returning,Basic Wash,Referral,Charlotte,Punta Gorda,40,40.0,10.0,50.0,164,Venmo,VIP ,3.0
2080,2025-08-08,CUST0090,Lewis Johnson,Returning,Basic Wash,TikTok,Sarasota,Venice,40,39.0,0.0,39.0,96,Card,VIP ,No Feedback
2081,2025-07-11,CUST0608,Mary Taylor,New,Full Detail,Referral,Sarasota,Venice,150,160.0,20.0,180.0,150,Cash App,SUMMER10,4.0
2082,2025-03-04,CUST0395,Mary Wilson,Returning,Premium Wash,Youtube,Sarasota,Sarasota,70,70.0,0.0,70.0,31,Cash,SUMMER10,No Feedback
2083,2025-03-14,CUST0657,John Miller,Returning,Ceramic Coating,Unknown,Charlotte,Punta Gorda,350,355.0,10.0,365.0,52,Cash,NEWCUSTOMER,5.0
2084,2025-06-10,CUST1053,Olivia Anderson,Returning,Interior Detail,Referral,Sarasota,Sarasota,90,88.0,20.0,108.0,132,Venmo,No Discount,5.0
2085,2025-06-18,CUST0169,Noah Davis,Returning,Basic Wash,Facebook,Charlotte,Port Charlotte,40,40.0,5.0,45.0,151,Card,NEWCUSTOMER,4.0
2086,2025-03-30,CUST0197,John Miller,Returning,Basic Wash,Youtube,Sarasota,Venice,40,40.0,5.0,45.0,160,Venmo,NEWCUSTOMER,4.0
2087,2025-06-25,CUST0343,Lewis Martinez,Returning,Premium Wash,Youtube,Charlotte,Punta Gorda,70,65.0,5.0,70.0,156,Venmo,No Discount,4.0
2088,2025-09-26,CUST1102,Mary Miller,Returning,Basic Wash,Referral,Charlotte,Port Charlotte,40,39.0,10.0,49.0,84,Cash App,No Discount,No Feedback
2089,2025-03-14,CUST1093,Emma Wilson,Returning,Full Detail,TikTok,Sarasota,Sarasota,150,152.0,15.0,167.0,139,Cash,No Discount,No Feedback
2090,2025-09-02,CUST0016,Sofia Garcia,Returning,Interior Detail,Youtube,Sarasota,North Port,90,99.0,10.0,109.0,108,Card,No Discount,5.0
2091,2025-03-18,CUST0135,Mary Wilson,Returning,Ceramic Coating,Unknown,Charlotte,Punta Gorda,350,350.0,5.0,355.0,69,Cash,No Discount,5.0
2092,2025-06-08,CUST0432,Olivia Garcia,New,Ceramic Coating,Youtube,Sarasota,North Port,350,350.0,15.0,365.0,172,Cash,VIP ,No Feedback
2093,2025-11-20,CUST0437,Lewis Wilson,Returning,Ceramic Coating,Referral,Sarasota,Venice,350,383.0,0.0,383.0,158,Card,SUMMER10,3.0
2094,2025-04-08,CUST0869,Emma Garcia,Returning,Full Detail,Youtube,Sarasota,Sarasota,150,155.0,0.0,155.0,54,Venmo,VIP ,3.0
2095,2025-04-12,CUST0213,John Davis,Returning,Basic Wash,Facebook,Charlotte,Port Charlotte,40,42.0,20.0,62.0,166,Venmo,No Discount,No Feedback
2096,2025-05-12,CUST0422,Emma Davis,Returning,Premium Wash,Referral,Sarasota,Sarasota,70,68.0,0.0,68.0,91,Cash,No Discount,5.0
2097,2025-04-12,CUST1102,Lewis Johnson,Returning,Full Detail,Referral,Charlotte,Port Charlotte,150,148.0,20.0,168.0,147,Card,No Discount,5.0
2098,2025-01-19,CUST0892,John Taylor,Returning,Premium Wash,Facebook,Sarasota,Sarasota,70,65.0,20.0,85.0,109,Card,No Discount,5.0
2099,2025-03-23,CUST0148,Emma Taylor,New,Interior Detail,Facebook,Charlotte,Port Charlotte,90,88.0,0.0,88.0,117,Cash App,No Discount,No Feedback
2100,2025-10-06,CUST0315,Alex Wilson,Returning,Full Detail,Youtube,Sarasota,Venice,150,167.0,10.0,177.0,87,Cash,NEWCUSTOMER,4.0
2101,2025-12-05,CUST0049,Mary Johnson,Returning,Ceramic Coating,TikTok,Sarasota,Venice,350,383.0,0.0,383.0,51,Cash App,No Discount,4.0
2102,2025-12-31,CUST0941,Lewis Johnson,Returning,Interior Detail,Youtube,Charlotte,Port Charlotte,90,99.0,5.0,104.0,177,Card,No Discount,3.0
2103,2025-11-27,CUST0680,Ava Johnson,Returning,Full Detail,Instagram,Charlotte,Port Charlotte,150,160.0,5.0,165.0,177,Cash,No Discount,5.0
2104,2025-05-09,CUST0078,Noah Smith,Returning,Basic Wash,Referral,Sarasota,North Port,40,40.0,0.0,40.0,171,Cash,NEWCUSTOMER,5.0
2105,2025-12-10,CUST0180,Liam Smith,Returning,Interior Detail,Youtube,Charlotte,Punta Gorda,90,104.0,15.0,119.0,169,Cash,VIP ,5.0
2106,2025-11-06,CUST0151,Noah Brown,Returning,Basic Wash,Other,Sarasota,Sarasota,40,49.0,15.0,64.0,94,Venmo,No Discount,4.0
2107,2025-03-30,CUST0112,Sofia Garcia,Returning,Interior Detail,Instagram,Charlotte,Port Charlotte,90,95.0,15.0,110.0,159,Cash App,No Discount,5.0
2108,2025-08-01,CUST0365,Olivia Taylor,Returning,Basic Wash,Youtube,Sarasota,North Port,40,42.0,5.0,47.0,166,Venmo,No Discount,4.0
2109,2025-05-23,CUST0516,Olivia Smith,Returning,Interior Detail,Facebook,Charlotte,Punta Gorda,90,88.0,20.0,108.0,85,Cash,SUMMER10,5.0
2110,2025-03-06,CUST1143,Mary Taylor,Returning,Ceramic Coating,Youtube,Charlotte,Punta Gorda,350,345.0,20.0,365.0,140,Card,VIP ,5.0
2111,2025-03-17,CUST0145,Sofia Wilson,New,Full Detail,Referral,Sarasota,Sarasota,150,152.0,10.0,162.0,49,Cash App,VIP ,5.0
2112,2025-07-18,CUST1178,Mary Davis,Returning,Ceramic Coating,Facebook,Charlotte,Port Charlotte,350,383.0,10.0,393.0,41,Venmo,No Discount,5.0
2113,2025-05-23,CUST0467,Ava Smith,Returning,Basic Wash,Referral,Sarasota,Sarasota,40,40.0,0.0,40.0,114,Cash App,No Discount,3.0
2114,2025-11-12,CUST0530,Ava Smith,Returning,Ceramic Coating,Instagram,Sarasota,Venice,350,385.0,15.0,400.0,152,Card,VIP ,No Feedback
2115,2025-04-03,CUST0835,Noah Martinez,New,Ceramic Coating,TikTok,Charlotte,Port Charlotte,350,355.0,5.0,360.0,97,Cash,VIP ,4.0
2116,2025-11-01,CUST0795,Emma Davis,Returning,Interior Detail,TikTok,Charlotte,Port Charlotte,90,94.0,0.0,94.0,122,Venmo,No Discount,4.0
2117,2025-08-12,CUST0924,Mary Garcia,Returning,Basic Wash,Unknown,Charlotte,Port Charlotte,40,39.0,0.0,39.0,48,Card,VIP ,4.0
2118,2025-10-18,CUST0829,John Smith,Returning,Full Detail,TikTok,Charlotte,Punta Gorda,150,165.0,15.0,180.0,109,Cash,No Discount,4.0
2119,2025-04-12,CUST0887,Noah Smith,Returning,Ceramic Coating,TikTok,Charlotte,Port Charlotte,350,350.0,0.0,350.0,119,Zelle,NEWCUSTOMER,4.0
2120,2025-09-24,CUST0648,Mary Anderson,Returning,Full Detail,Youtube,Charlotte,Port Charlotte,150,167.0,20.0,187.0,114,Card,VIP ,5.0
2121,2025-12-21,CUST0035,Mary Martinez,Returning,Ceramic Coating,Youtube,Sarasota,Venice,350,385.0,5.0,390.0,35,Cash,No Discount,5.0
2122,2025-04-20,CUST0798,Alex Miller,Returning,Premium Wash,Instagram,Sarasota,North Port,70,65.0,20.0,85.0,40,Zelle,SUMMER10,5.0
2123,2025-11-26,CUST0243,Liam Taylor,Returning,Full Detail,TikTok,Charlotte,Punta Gorda,150,167.0,5.0,172.0,137,Card,VIP ,4.0
2124,2025-09-22,CUST1096,Lewis Wilson,Returning,Full Detail,Youtube,Charlotte,Port Charlotte,150,170.0,5.0,175.0,62,Zelle,VIP ,No Feedback
2125,2025-01-03,CUST0013,Ava Garcia,New,Ceramic Coating,TikTok,Charlotte,Punta Gorda,350,352.0,0.0,352.0,108,Card,NEWCUSTOMER,5.0
2126,2025-03-26,CUST0130,Sofia Wilson,Returning,Full Detail,Facebook,Charlotte,Port Charlotte,150,152.0,20.0,172.0,34,Cash App,VIP ,4.0
2127,2025-10-09,CUST1200,Ava Johnson,Returning,Premium Wash,Instagram,Charlotte,Punta Gorda,70,77.0,5.0,82.0,67,Cash,No Discount,5.0
2128,2025-11-24,CUST0094,Ava Miller,Returning,Basic Wash,Referral,Charlotte,Port Charlotte,40,49.0,15.0,64.0,50,Card,SUMMER10,5.0
2129,2025-10-31,CUST0149,Emma Taylor,Returning,Basic Wash,Instagram,Charlotte,Punta Gorda,40,46.0,10.0,56.0,120,Cash,VIP ,4.0
2130,2025-04-27,CUST0733,Olivia Wilson,Returning,Full Detail,Facebook,Charlotte,Punta Gorda,150,145.0,5.0,150.0,107,Card,No Discount,4.0
2131,2025-08-09,CUST1030,Ava Garcia,New,Basic Wash,Referral,Charlotte,Port Charlotte,40,44.0,5.0,49.0,124,Cash App,NEWCUSTOMER,4.0
2132,2025-06-03,CUST0218,Emma Martinez,Returning,Interior Detail,Youtube,Sarasota,Sarasota,90,90.0,5.0,95.0,170,Cash App,VIP ,4.0
2133,2025-06-02,CUST0594,Emma Miller,New,Basic Wash,Facebook,Charlotte,Port Charlotte,40,45.0,0.0,45.0,115,Cash App,SUMMER10,3.0
2134,2025-01-12,CUST0618,Liam Taylor,Returning,Ceramic Coating,TikTok,Sarasota,North Port,350,352.0,0.0,352.0,157,Venmo,No Discount,No Feedback
2135,2025-05-13,CUST0178,Lewis Anderson,Returning,Premium Wash,Referral,Sarasota,Venice,70,70.0,20.0,90.0,141,Cash App,NEWCUSTOMER,4.0
2136,2025-10-31,CUST0577,Olivia Wilson,Returning,Basic Wash,Facebook,Sarasota,Venice,40,44.0,0.0,44.0,120,Zelle,No Discount,4.0
2137,2025-10-20,CUST0897,Alex Martinez,Returning,Ceramic Coating,TikTok,Charlotte,Port Charlotte,350,385.0,20.0,405.0,35,Card,No Discount,4.0
2138,2025-10-27,CUST0782,Mary Miller,Returning,Basic Wash,TikTok,Charlotte,Punta Gorda,40,44.0,0.0,44.0,41,Venmo,VIP ,3.0
2139,2025-08-16,CUST0810,Lewis Johnson,New,Ceramic Coating,Referral,Sarasota,Sarasota,350,390.0,5.0,395.0,74,Cash,No Discount,3.0
2140,2025-09-28,CUST0064,Mary Anderson,Returning,Full Detail,Youtube,Charlotte,Punta Gorda,150,165.0,0.0,165.0,40,Zelle,SUMMER10,5.0
2141,2025-02-12,CUST0971,John Martinez,Returning,Basic Wash,Instagram,Sarasota,Sarasota,40,38.0,15.0,53.0,89,Cash,SUMMER10,No Feedback
2142,2025-12-09,CUST0321,Liam Garcia,New,Full Detail,Referral,Sarasota,Sarasota,150,165.0,0.0,165.0,103,Card,SUMMER10,3.0
2143,2025-11-22,CUST1093,Olivia Taylor,Returning,Full Detail,TikTok,Sarasota,Sarasota,150,165.0,20.0,185.0,64,Venmo,No Discount,5.0
2144,2025-10-29,CUST0451,Liam Miller,Returning,Interior Detail,Youtube,Sarasota,Sarasota,90,104.0,20.0,124.0,108,Cash,No Discount,No Feedback
2145,2025-12-30,CUST0280,Olivia Brown,Returning,Ceramic Coating,TikTok,Sarasota,Venice,350,380.0,15.0,395.0,73,Cash,SUMMER10,4.0
2146,2025-01-21,CUST0801,Lewis Johnson,Returning,Ceramic Coating,Unknown,Charlotte,Punta Gorda,350,350.0,5.0,355.0,127,Card,SUMMER10,5.0
2147,2025-04-17,CUST1118,Ava Garcia,Returning,Full Detail,TikTok,Sarasota,Venice,150,145.0,0.0,145.0,175,Venmo,VIP ,5.0
2148,2025-12-02,CUST0605,Ava Miller,Returning,Premium Wash,Facebook,Charlotte,Port Charlotte,70,77.0,0.0,77.0,111,Card,No Discount,5.0
2149,2025-10-30,CUST0296,Mary Wilson,Returning,Premium Wash,TikTok,Charlotte,Port Charlotte,70,77.0,20.0,97.0,44,Zelle,No Discount,5.0
2150,2025-04-27,CUST0611,Ava Wilson,Returning,Full Detail,TikTok,Sarasota,North Port,150,148.0,0.0,148.0,146,Cash App,No Discount,5.0
2151,2025-05-04,CUST0765,Lewis Smith,Returning,Ceramic Coating,TikTok,Charlotte,Punta Gorda,350,352.0,0.0,352.0,70,Cash,No Discount,No Feedback
2152,2025-10-08,CUST0023,John Garcia,New,Basic Wash,TikTok,Charlotte,Punta Gorda,40,44.0,5.0,49.0,93,Cash,No Discount,3.0
2153,2025-10-19,CUST1134,Ava Davis,Returning,Premium Wash,Youtube,Sarasota,North Port,70,72.0,15.0,87.0,58,Venmo,No Discount,4.0
2154,2025-07-22,CUST1137,Emma Garcia,Returning,Full Detail,Referral,Sarasota,Sarasota,150,167.0,10.0,177.0,141,Venmo,No Discount,5.0
2155,2025-02-20,CUST0290,Liam Davis,Returning,Full Detail,TikTok,Sarasota,North Port,150,152.0,20.0,172.0,97,Venmo,VIP ,No Feedback
2156,2025-09-28,CUST0253,John Martinez,Returning,Interior Detail,Referral,Sarasota,North Port,90,101.0,0.0,101.0,172,Cash,No Discount,4.0
2157,2025-11-20,CUST0086,Lewis Johnson,Returning,Full Detail,Facebook,Sarasota,Venice,150,165.0,5.0,170.0,41,Card,VIP ,4.0
2158,2025-10-04,CUST0011,Emma Johnson,Returning,Basic Wash,Facebook,Charlotte,Punta Gorda,40,49.0,0.0,49.0,118,Cash,VIP ,5.0
2159,2025-05-21,CUST1173,Noah Taylor,Returning,Basic Wash,Referral,Sarasota,North Port,40,40.0,5.0,45.0,66,Zelle,No Discount,5.0
2160,2025-10-02,CUST0808,Sofia Davis,Returning,Basic Wash,Referral,Charlotte,Port Charlotte,40,44.0,0.0,44.0,166,Zelle,SUMMER10,4.0
2161,2025-10-17,CUST1101,Emma Smith,Returning,Interior Detail,Youtube,Sarasota,North Port,90,99.0,10.0,109.0,61,Venmo,SUMMER10,5.0
2162,2025-11-30,CUST1122,Alex Anderson,Returning,Basic Wash,Instagram,Charlotte,Punta Gorda,40,44.0,15.0,59.0,151,Card,No Discount,4.0
2163,2025-02-21,CUST0175,Sofia Garcia,Returning,Basic Wash,Instagram,Sarasota,Sarasota,40,42.0,0.0,42.0,70,Venmo,No Discount,3.0
2164,2025-01-27,CUST0625,Noah Wilson,New,Ceramic Coating,Facebook,Sarasota,Sarasota,350,350.0,0.0,350.0,166,Venmo,VIP ,5.0
2165,2025-06-06,CUST0431,Ava Anderson,New,Interior Detail,Instagram,Sarasota,Venice,90,95.0,20.0,115.0,149,Cash,No Discount,4.0
2166,2025-08-27,CUST0705,Olivia Smith,Returning,Ceramic Coating,TikTok,Charlotte,Port Charlotte,350,387.0,0.0,387.0,39,Venmo,SUMMER10,4.0
2167,2025-06-05,CUST0434,Emma Johnson,Returning,Interior Detail,Facebook,Sarasota,North Port,90,92.0,15.0,107.0,120,Cash,SUMMER10,5.0
2168,2025-10-18,CUST0846,Sofia Davis,Returning,Premium Wash,Youtube,Charlotte,Port Charlotte,70,77.0,0.0,77.0,43,Cash,No Discount,4.0
2169,2025-05-16,CUST1050,Olivia Anderson,Returning,Full Detail,TikTok,Charlotte,Punta Gorda,150,152.0,0.0,152.0,98,Venmo,No Discount,3.0
2170,2025-05-24,CUST0292,Noah Davis,Returning,Basic Wash,TikTok,Sarasota,Sarasota,40,35.0,20.0,55.0,43,Zelle,No Discount,5.0
2171,2025-04-16,CUST0330,Emma Davis,Returning,Basic Wash,TikTok,Sarasota,North Port,40,40.0,0.0,40.0,140,Cash App,NEWCUSTOMER,5.0
2172,2025-06-07,CUST0377,Olivia Taylor,Returning,Full Detail,Youtube,Charlotte,Punta Gorda,150,150.0,5.0,155.0,31,Cash App,No Discount,4.0
2173,2025-05-26,CUST0453,Sofia Smith,Returning,Full Detail,Referral,Charlotte,Punta Gorda,150,150.0,5.0,155.0,97,Venmo,No Discount,5.0
2174,2025-01-02,CUST0518,Liam Smith,Returning,Interior Detail,Instagram,Charlotte,Port Charlotte,90,90.0,5.0,90.0,153,Card,No Discount,3.0
2175,2025-03-18,CUST0398,Alex Anderson,New,Premium Wash,Instagram,Charlotte,Punta Gorda,70,68.0,5.0,73.0,33,Cash,No Discount,No Feedback
2176,2025-05-12,CUST0235,Ava Johnson,Returning,Interior Detail,Youtube,Charlotte,Punta Gorda,90,85.0,0.0,85.0,122,Cash App,No Discount,5.0
2177,2025-03-31,CUST0372,Emma Johnson,Returning,Full Detail,Facebook,Charlotte,Port Charlotte,150,150.0,5.0,155.0,40,Cash,NEWCUSTOMER,No Feedback
2178,2025-12-11,CUST1162,Sofia Anderson,New,Ceramic Coating,Youtube,Sarasota,Venice,350,387.0,5.0,392.0,179,Venmo,NEWCUSTOMER,4.0
2179,2025-12-16,CUST0112,Olivia Johnson,Returning,Interior Detail,Instagram,Charlotte,Port Charlotte,90,99.0,10.0,109.0,80,Card,No Discount,5.0
2180,2025-09-20,CUST1125,Lewis Miller,Returning,Ceramic Coating,Referral,Sarasota,Venice,350,383.0,10.0,393.0,140,Card,No Discount,3.0
2181,2025-12-17,CUST0945,John Anderson,Returning,Interior Detail,Youtube,Sarasota,North Port,90,99.0,0.0,99.0,171,Card,No Discount,4.0
2182,2025-04-18,CUST1126,John Brown,Returning,Full Detail,Facebook,Sarasota,Sarasota,150,150.0,0.0,150.0,88,Cash,No Discount,No Feedback
2183,2025-03-15,CUST0150,Ava Brown,Returning,Full Detail,Facebook,Charlotte,Punta Gorda,150,145.0,5.0,150.0,67,Cash,No Discount,5.0
2184,2025-02-08,CUST0596,Alex Wilson,Returning,Full Detail,Referral,Sarasota,North Port,150,155.0,10.0,165.0,69,Cash,VIP ,5.0
2185,2025-06-08,CUST0138,Sofia Miller,Returning,Ceramic Coating,Facebook,Sarasota,Sarasota,350,345.0,15.0,360.0,172,Zelle,SUMMER10,5.0
2186,2025-03-12,CUST0514,John Taylor,Returning,Basic Wash,TikTok,Sarasota,Venice,40,42.0,0.0,42.0,131,Cash App,VIP ,5.0
2187,2025-11-08,CUST0202,Ava Davis,Returning,Ceramic Coating,Facebook,Sarasota,Venice,350,390.0,10.0,400.0,47,Cash,SUMMER10,3.0
2188,2025-08-29,CUST0405,Emma Brown,Returning,Ceramic Coating,Instagram,Sarasota,North Port,350,380.0,20.0,400.0,109,Cash App,No Discount,5.0
2189,2025-10-25,CUST1190,John Miller,Returning,Basic Wash,Unknown,Sarasota,Venice,40,49.0,15.0,64.0,146,Cash,NEWCUSTOMER,4.0
2190,2025-02-05,CUST0998,John Garcia,Returning,Interior Detail,Youtube,Charlotte,Punta Gorda,90,92.0,15.0,107.0,146,Card,No Discount,3.0
2191,2025-03-25,CUST0678,Liam Smith,Returning,Basic Wash,Referral,Charlotte,Punta Gorda,40,38.0,0.0,38.0,55,Cash App,SUMMER10,5.0
2192,2025-09-20,CUST0732,Liam Smith,New,Premium Wash,TikTok,Charlotte,Punta Gorda,70,82.0,15.0,97.0,36,Card,SUMMER10,4.0
2193,2025-11-06,CUST0263,Mary Martinez,Returning,Ceramic Coating,TikTok,Sarasota,Venice,350,387.0,0.0,387.0,157,Cash,NEWCUSTOMER,4.0
2194,2025-06-21,CUST0481,Lewis Wilson,Returning,Full Detail,TikTok,Sarasota,Sarasota,150,155.0,10.0,165.0,116,Zelle,No Discount,5.0
2195,2025-06-22,CUST0205,Alex Smith,Returning,Interior Detail,TikTok,Sarasota,Venice,90,95.0,10.0,105.0,152,Card,No Discount,4.0
2196,2025-12-28,CUST0584,Mary Taylor,Returning,Full Detail,TikTok,Sarasota,Sarasota,150,165.0,10.0,175.0,134,Cash App,SUMMER10,5.0
2197,2025-02-16,CUST0143,Olivia Brown,New,Interior Detail,Referral,Charlotte,Punta Gorda,90,90.0,10.0,100.0,173,Card,NEWCUSTOMER,4.0
2198,2025-05-21,CUST0397,Liam Brown,Returning,Basic Wash,Youtube,Sarasota,Sarasota,40,40.0,0.0,40.0,96,Cash App,No Discount,5.0
2199,2025-04-28,CUST0651,Noah Anderson,Returning,Premium Wash,TikTok,Sarasota,Sarasota,70,68.0,20.0,88.0,121,Cash,No Discount,4.0
2200,2025-10-04,CUST0996,Mary Garcia,New,Basic Wash,Facebook,Sarasota,Venice,40,46.0,0.0,46.0,109,Card,SUMMER10,4.0
2201,2025-08-02,CUST0923,Ava Davis,Returning,Full Detail,Unknown,Charlotte,Port Charlotte,150,165.0,20.0,185.0,129,Card,NEWCUSTOMER,5.0
2202,2025-08-08,CUST0673,Sofia Smith,New,Ceramic Coating,Instagram,Sarasota,Sarasota,350,385.0,5.0,390.0,109,Cash,SUMMER10,4.0
2203,2025-01-26,CUST0627,Alex Martinez,Returning,Basic Wash,Referral,Sarasota,Venice,40,45.0,0.0,45.0,110,Cash App,NEWCUSTOMER,No Feedback
2204,2025-01-09,CUST1197,Ava Johnson,Returning,Basic Wash,TikTok,Sarasota,Venice,40,40.0,5.0,45.0,131,Cash App,SUMMER10,4.0
2205,2025-09-28,CUST0313,John Davis,Returning,Interior Detail,Facebook,Sarasota,Sarasota,90,94.0,5.0,99.0,67,Card,No Discount,5.0
2206,2025-01-10,CUST1159,Emma Smith,Returning,Interior Detail,Instagram,Charlotte,Port Charlotte,90,88.0,20.0,108.0,140,Card,No Discount,No Feedback
2207,2025-05-01,CUST1161,Olivia Martinez,Returning,Interior Detail,Facebook,Charlotte,Port Charlotte,90,88.0,15.0,103.0,170,Zelle,VIP ,No Feedback
2208,2025-05-05,CUST0747,Sofia Smith,New,Interior Detail,Instagram,Sarasota,Venice,90,88.0,20.0,108.0,165,Cash,No Discount,5.0
2209,2025-06-19,CUST0648,Alex Taylor,Returning,Interior Detail,Youtube,Charlotte,Port Charlotte,90,95.0,0.0,95.0,103,Card,No Discount,5.0
2210,2025-03-13,CUST0878,Noah Garcia,Returning,Interior Detail,TikTok,Sarasota,Sarasota,90,90.0,0.0,90.0,146,Cash,No Discount,4.0
2211,2025-06-01,CUST0346,Ava Taylor,Returning,Full Detail,Youtube,Sarasota,Sarasota,150,155.0,0.0,155.0,49,Zelle,No Discount,5.0
2212,2025-07-27,CUST0010,Liam Martinez,Returning,Premium Wash,Instagram,Charlotte,Punta Gorda,70,79.0,10.0,89.0,62,Cash,No Discount,4.0
2213,2025-02-18,CUST0642,Emma Davis,Returning,Interior Detail,TikTok,Charlotte,Port Charlotte,90,92.0,0.0,92.0,96,Cash,VIP ,4.0
2214,2025-06-03,CUST0505,Mary Miller,Returning,Ceramic Coating,TikTok,Sarasota,North Port,350,345.0,20.0,365.0,136,Card,NEWCUSTOMER,5.0
2215,2025-12-13,CUST0454,Alex Johnson,Returning,Full Detail,Instagram,Sarasota,North Port,150,163.0,0.0,163.0,61,Cash,No Discount,3.0
2216,2025-10-20,CUST0894,Olivia Smith,New,Ceramic Coating,Facebook,Sarasota,Sarasota,350,387.0,0.0,387.0,179,Cash,No Discount,4.0
2217,2025-03-09,CUST0567,Lewis Miller,Returning,Premium Wash,Facebook,Charlotte,Punta Gorda,70,68.0,10.0,78.0,143,Cash,No Discount,5.0
2218,2025-02-19,CUST0737,Emma Brown,Returning,Full Detail,Instagram,Charlotte,Port Charlotte,150,152.0,10.0,162.0,162,Cash App,No Discount,4.0
2219,2025-06-01,CUST0276,Liam Miller,Returning,Interior Detail,TikTok,Sarasota,Venice,90,90.0,20.0,110.0,57,Card,SUMMER10,3.0
2220,2025-01-19,CUST0680,Ava Martinez,Returning,Interior Detail,Instagram,Charlotte,Port Charlotte,90,85.0,15.0,100.0,110,Cash,No Discount,No Feedback
2221,2025-04-10,CUST0983,Ava Miller,Returning,Premium Wash,Instagram,Sarasota,Sarasota,70,68.0,20.0,88.0,48,Venmo,VIP ,4.0
2222,2025-03-01,CUST0948,Alex Johnson,New,Full Detail,TikTok,Charlotte,Punta Gorda,150,150.0,20.0,170.0,122,Venmo,No Discount,5.0
2223,2025-06-16,CUST0913,Alex Martinez,Returning,Basic Wash,Youtube,Sarasota,Venice,40,35.0,0.0,35.0,119,Zelle,VIP ,No Feedback
2224,2025-07-21,CUST0735,Liam Wilson,Returning,Full Detail,Instagram,Charlotte,Port Charlotte,150,167.0,0.0,167.0,83,Zelle,VIP ,No Feedback
2225,2025-12-11,CUST0626,Mary Johnson,Returning,Ceramic Coating,Referral,Sarasota,Venice,350,390.0,5.0,395.0,151,Card,No Discount,5.0
2226,2025-05-26,CUST0998,Ava Garcia,Returning,Basic Wash,Youtube,Charlotte,Punta Gorda,40,40.0,5.0,45.0,106,Zelle,VIP ,No Feedback
2227,2025-06-13,CUST1130,John Taylor,Returning,Interior Detail,Instagram,Charlotte,Punta Gorda,90,95.0,15.0,110.0,81,Venmo,No Discount,4.0
2228,2025-08-30,CUST0223,John Martinez,New,Ceramic Coating,TikTok,Sarasota,North Port,350,385.0,20.0,405.0,31,Cash,NEWCUSTOMER,4.0
2229,2025-03-10,CUST0360,Mary Garcia,Returning,Premium Wash,Referral,Charlotte,Port Charlotte,70,65.0,5.0,70.0,152,Venmo,VIP ,3.0
2230,2025-06-24,CUST0168,Lewis Miller,Returning,Basic Wash,Youtube,Sarasota,North Port,40,45.0,0.0,45.0,115,Cash,No Discount,No Feedback
2231,2025-02-18,CUST0575,Alex Taylor,Returning,Interior Detail,Unknown,Sarasota,North Port,90,95.0,0.0,95.0,147,Cash,SUMMER10,No Feedback
2232,2025-04-18,CUST0287,Noah Brown,Returning,Premium Wash,Facebook,Charlotte,Port Charlotte,70,68.0,15.0,83.0,43,Card,VIP ,4.0
2233,2025-08-14,CUST1104,Alex Anderson,Returning,Premium Wash,Youtube,Charlotte,Punta Gorda,70,72.0,0.0,72.0,112,Cash,SUMMER10,4.0
2234,2025-06-10,CUST0403,John Davis,Returning,Basic Wash,TikTok,Charlotte,Port Charlotte,40,40.0,10.0,50.0,44,Cash,SUMMER10,5.0
2235,2025-04-29,CUST0540,Noah Miller,Returning,Ceramic Coating,Facebook,Charlotte,Punta Gorda,350,355.0,10.0,365.0,150,Zelle,NEWCUSTOMER,3.0
2236,2025-05-29,CUST0157,Liam Miller,New,Full Detail,Facebook,Sarasota,North Port,150,145.0,0.0,145.0,68,Zelle,VIP ,3.0
2237,2025-05-30,CUST0155,Noah Anderson,Returning,Interior Detail,Youtube,Sarasota,North Port,90,88.0,5.0,93.0,146,Cash,NEWCUSTOMER,3.0
2238,2025-10-20,CUST0039,Lewis Wilson,New,Ceramic Coating,Facebook,Charlotte,Port Charlotte,350,390.0,0.0,390.0,142,Zelle,No Discount,4.0
2239,2025-05-23,CUST1039,Mary Garcia,Returning,Interior Detail,Referral,Charlotte,Port Charlotte,90,90.0,20.0,110.0,144,Zelle,No Discount,3.0
2240,2025-06-09,CUST0064,John Taylor,Returning,Premium Wash,Youtube,Charlotte,Punta Gorda,70,70.0,10.0,80.0,50,Cash App,VIP ,4.0
2241,2025-01-11,CUST1192,Liam Johnson,Returning,Premium Wash,Referral,Charlotte,Port Charlotte,70,65.0,5.0,70.0,46,Card,SUMMER10,5.0
2242,2025-05-18,CUST1186,Liam Johnson,New,Ceramic Coating,Instagram,Charlotte,Punta Gorda,350,350.0,5.0,355.0,45,Cash,NEWCUSTOMER,No Feedback
2243,2025-03-19,CUST0830,Ava Smith,Returning,Ceramic Coating,Youtube,Charlotte,Port Charlotte,350,355.0,10.0,365.0,71,Zelle,NEWCUSTOMER,3.0
2244,2025-03-18,CUST0436,Noah Johnson,New,Interior Detail,TikTok,Sarasota,Sarasota,90,85.0,20.0,105.0,139,Cash,SUMMER10,4.0
2245,2025-09-11,CUST0076,Liam Brown,Returning,Interior Detail,Facebook,Charlotte,Punta Gorda,90,104.0,20.0,124.0,162,Cash App,No Discount,4.0
2246,2025-09-15,CUST1130,Mary Martinez,Returning,Basic Wash,Instagram,Charlotte,Punta Gorda,40,39.0,0.0,39.0,89,Cash App,NEWCUSTOMER,5.0
2247,2025-11-16,CUST0534,Ava Garcia,Returning,Full Detail,TikTok,Sarasota,Venice,150,165.0,20.0,185.0,97,Venmo,No Discount,5.0
2248,2025-10-18,CUST1114,Alex Wilson,Returning,Premium Wash,Facebook,Sarasota,North Port,70,75.0,15.0,90.0,97,Cash App,SUMMER10,5.0
2249,2025-09-20,CUST1106,Lewis Anderson,Returning,Interior Detail,Youtube,Sarasota,North Port,90,99.0,20.0,119.0,80,Cash,No Discount,4.0
2250,2025-03-26,CUST0967,Emma Martinez,Returning,Interior Detail,Youtube,Charlotte,Punta Gorda,90,85.0,15.0,100.0,83,Card,No Discount,3.0
2251,2025-05-26,CUST0305,Sofia Garcia,Returning,Premium Wash,Youtube,Charlotte,Port Charlotte,70,75.0,0.0,75.0,86,Card,No Discount,4.0
2252,2025-11-19,CUST0750,Emma Smith,Returning,Ceramic Coating,Instagram,Charlotte,Port Charlotte,350,380.0,0.0,380.0,155,Cash,VIP ,5.0
2253,2025-02-11,CUST0804,Liam Brown,Returning,Ceramic Coating,Facebook,Sarasota,North Port,350,350.0,10.0,360.0,40,Cash,No Discount,No Feedback
2254,2025-05-05,CUST0458,Sofia Davis,Returning,Premium Wash,Youtube,Sarasota,Venice,70,75.0,15.0,90.0,122,Zelle,No Discount,4.0
2255,2025-06-16,CUST0596,Mary Martinez,Returning,Full Detail,Referral,Sarasota,North Port,150,150.0,0.0,150.0,125,Venmo,No Discount,5.0
2256,2025-08-29,CUST0275,Liam Anderson,Returning,Full Detail,TikTok,Charlotte,Punta Gorda,150,165.0,10.0,175.0,116,Cash App,SUMMER10,No Feedback
2257,2025-10-07,CUST0952,Ava Anderson,New,Interior Detail,Facebook,Charlotte,Punta Gorda,90,97.0,0.0,97.0,159,Cash,No Discount,3.0
2258,2025-07-07,CUST1027,Lewis Martinez,Returning,Interior Detail,Youtube,Charlotte,Punta Gorda,90,97.0,10.0,107.0,154,Card,VIP ,4.0
2259,2025-10-29,CUST1046,Ava Davis,Returning,Full Detail,Instagram,Charlotte,Punta Gorda,150,165.0,0.0,165.0,98,Card,NEWCUSTOMER,3.0
2260,2025-01-19,CUST0186,John Davis,Returning,Ceramic Coating,Youtube,Sarasota,Venice,350,352.0,5.0,357.0,97,Venmo,NEWCUSTOMER,5.0
2261,2025-03-09,CUST0813,Emma Wilson,Returning,Basic Wash,Youtube,Sarasota,North Port,40,40.0,10.0,50.0,77,Venmo,No Discount,3.0
2262,2025-08-06,CUST0746,Noah Taylor,Returning,Premium Wash,Instagram,Charlotte,Port Charlotte,70,77.0,20.0,97.0,38,Cash,No Discount,3.0
2263,2025-04-12,CUST1029,Mary Johnson,Returning,Ceramic Coating,Facebook,Charlotte,Port Charlotte,350,352.0,0.0,352.0,128,Cash,No Discount,3.0
2264,2025-02-11,CUST0022,Liam Garcia,Returning,Ceramic Coating,Youtube,Sarasota,Sarasota,350,355.0,15.0,370.0,115,Venmo,No Discount,No Feedback
2265,2025-10-15,CUST0490,Mary Taylor,New,Full Detail,Youtube,Charlotte,Punta Gorda,150,165.0,15.0,180.0,84,Cash App,NEWCUSTOMER,5.0
2266,2025-06-16,CUST0340,Alex Johnson,Returning,Interior Detail,Instagram,Sarasota,North Port,90,90.0,20.0,110.0,161,Cash,NEWCUSTOMER,4.0
2267,2025-04-19,CUST1053,Ava Wilson,Returning,Basic Wash,Referral,Sarasota,Sarasota,40,35.0,10.0,45.0,70,Cash,No Discount,4.0
2268,2025-02-05,CUST0288,Emma Anderson,Returning,Interior Detail,Facebook,Sarasota,Venice,90,88.0,0.0,88.0,92,Zelle,No Discount,4.0
2269,2025-08-20,CUST0914,Mary Anderson,Returning,Interior Detail,Unknown,Charlotte,Port Charlotte,90,97.0,0.0,97.0,146,Cash,No Discount,4.0
2270,2025-08-17,CUST0327,Alex Brown,Returning,Premium Wash,Facebook,Sarasota,Venice,70,77.0,0.0,77.0,46,Zelle,VIP ,4.0
2271,2025-12-19,CUST0367,Noah Taylor,Returning,Ceramic Coating,Youtube,Charlotte,Punta Gorda,350,385.0,0.0,385.0,31,Cash,VIP ,4.0
2272,2025-06-13,CUST1160,Noah Miller,Returning,Interior Detail,Instagram,Sarasota,Venice,90,85.0,15.0,100.0,176,Cash App,No Discount,5.0
2273,2025-03-14,CUST1159,Mary Wilson,Returning,Basic Wash,Instagram,Charlotte,Port Charlotte,40,40.0,5.0,45.0,177,Cash,No Discount,4.0
2274,2025-05-16,CUST0300,John Wilson,Returning,Premium Wash,Referral,Charlotte,Punta Gorda,70,65.0,0.0,65.0,180,Cash,VIP ,4.0
2275,2025-12-19,CUST0991,Lewis Miller,New,Premium Wash,Unknown,Sarasota,Venice,70,82.0,5.0,87.0,162,Zelle,No Discount,4.0
2276,2025-03-11,CUST0735,John Johnson,Returning,Premium Wash,Instagram,Charlotte,Port Charlotte,70,75.0,10.0,85.0,126,Card,SUMMER10,4.0
2277,2025-07-15,CUST0083,Lewis Davis,Returning,Interior Detail,Referral,Sarasota,Sarasota,90,99.0,20.0,119.0,160,Card,VIP ,No Feedback
2278,2025-09-26,CUST0449,Liam Taylor,Returning,Full Detail,Instagram,Charlotte,Port Charlotte,150,165.0,15.0,180.0,56,Cash,VIP ,3.0
2279,2025-02-18,CUST0999,John Garcia,Returning,Full Detail,Instagram,Sarasota,Sarasota,150,150.0,20.0,170.0,151,Cash,SUMMER10,4.0
2280,2025-11-12,CUST0475,Liam Wilson,Returning,Interior Detail,Referral,Sarasota,North Port,90,99.0,20.0,119.0,167,Cash,No Discount,No Feedback
2281,2025-05-10,CUST0129,Lewis Johnson,Returning,Interior Detail,TikTok,Charlotte,Port Charlotte,90,88.0,10.0,98.0,102,Card,No Discount,4.0
2282,2025-01-05,CUST0542,Emma Martinez,Returning,Premium Wash,Facebook,Sarasota,Venice,70,65.0,5.0,70.0,105,Zelle,No Discount,3.0
2283,2025-01-27,CUST0757,Alex Taylor,Returning,Full Detail,Unknown,Sarasota,Venice,150,150.0,10.0,160.0,64,Card,SUMMER10,No Feedback
2284,2025-06-09,CUST0480,Noah Garcia,Returning,Basic Wash,Youtube,Charlotte,Port Charlotte,40,45.0,0.0,45.0,163,Cash,No Discount,4.0
2285,2025-05-29,CUST0088,Mary Miller,Returning,Premium Wash,Unknown,Sarasota,North Port,70,70.0,0.0,70.0,112,Cash App,No Discount,No Feedback
2286,2025-09-21,CUST0424,Mary Davis,Returning,Full Detail,Youtube,Sarasota,Sarasota,150,165.0,20.0,185.0,98,Cash,NEWCUSTOMER,5.0
2287,2025-08-18,CUST1061,Alex Taylor,Returning,Ceramic Coating,Instagram,Sarasota,Sarasota,350,390.0,0.0,390.0,56,Cash App,VIP ,3.0
2288,2025-07-19,CUST0740,Liam Martinez,Returning,Full Detail,Referral,Charlotte,Port Charlotte,150,165.0,5.0,170.0,126,Card,No Discount,4.0
2289,2025-02-19,CUST0795,Emma Wilson,Returning,Premium Wash,TikTok,Charlotte,Port Charlotte,70,72.0,15.0,87.0,178,Zelle,NEWCUSTOMER,5.0
2290,2025-03-08,CUST0962,Emma Brown,Returning,Premium Wash,Facebook,Sarasota,North Port,70,72.0,5.0,77.0,69,Card,No Discount,No Feedback
2291,2025-10-27,CUST0932,Liam Miller,Returning,Ceramic Coating,Facebook,Sarasota,Sarasota,350,387.0,5.0,392.0,39,Venmo,No Discount,5.0
2292,2025-02-27,CUST0096,John Johnson,Returning,Basic Wash,Facebook,Sarasota,Sarasota,40,38.0,15.0,53.0,173,Cash,VIP ,4.0
2293,2025-09-16,CUST0082,Olivia Smith,Returning,Interior Detail,Instagram,Sarasota,Venice,90,94.0,0.0,94.0,155,Card,SUMMER10,3.0
2294,2025-12-08,CUST0664,Olivia Miller,New,Interior Detail,Referral,Sarasota,Venice,90,97.0,10.0,107.0,160,Cash App,No Discount,4.0
2295,2025-11-22,CUST0212,Alex Davis,Returning,Ceramic Coating,Facebook,Sarasota,Sarasota,350,385.0,15.0,400.0,71,Card,VIP ,4.0
2296,2025-05-10,CUST1068,Noah Martinez,Returning,Basic Wash,Facebook,Charlotte,Port Charlotte,40,42.0,5.0,47.0,40,Venmo,No Discount,4.0
2297,2025-08-03,CUST0561,Liam Johnson,Returning,Premium Wash,Referral,Sarasota,North Port,70,79.0,10.0,89.0,159,Cash App,VIP ,4.0
2298,2025-06-21,CUST0540,Olivia Garcia,Returning,Premium Wash,Facebook,Charlotte,Punta Gorda,70,68.0,20.0,88.0,139,Cash App,No Discount,5.0
2299,2025-09-15,CUST1186,Noah Anderson,Returning,Interior Detail,Instagram,Charlotte,Punta Gorda,90,104.0,20.0,124.0,153,Cash,No Discount,5.0
2300,2025-04-12,CUST1115,Lewis Johnson,Returning,Ceramic Coating,Instagram,Sarasota,North Port,350,350.0,20.0,370.0,88,Venmo,No Discount,4.0
2301,2025-07-28,CUST1168,Alex Davis,Returning,Full Detail,Instagram,Sarasota,North Port,150,167.0,5.0,172.0,166,Card,SUMMER10,3.0
2302,2025-10-18,CUST0357,Olivia Anderson,Returning,Basic Wash,Instagram,Sarasota,North Port,40,44.0,20.0,64.0,170,Cash,SUMMER10,4.0
2303,2025-12-20,CUST0772,Lewis Garcia,Returning,Ceramic Coating,Youtube,Charlotte,Punta Gorda,350,390.0,20.0,410.0,39,Venmo,VIP ,5.0
2304,2025-10-13,CUST0776,Ava Miller,Returning,Premium Wash,Youtube,Sarasota,North Port,70,77.0,0.0,77.0,81,Cash,NEWCUSTOMER,4.0
2305,2025-04-26,CUST0749,Liam Miller,Returning,Interior Detail,TikTok,Charlotte,Punta Gorda,90,85.0,0.0,85.0,88,Zelle,No Discount,No Feedback
2306,2025-09-21,CUST0160,Olivia Brown,Returning,Ceramic Coating,Youtube,Sarasota,Sarasota,350,380.0,0.0,380.0,82,Card,VIP ,No Feedback
2307,2025-05-30,CUST1059,John Brown,Returning,Interior Detail,Referral,Charlotte,Port Charlotte,90,95.0,15.0,110.0,158,Card,SUMMER10,5.0
2308,2025-10-27,CUST0516,Olivia Garcia,Returning,Full Detail,Facebook,Charlotte,Punta Gorda,150,165.0,0.0,165.0,33,Cash,SUMMER10,3.0
2309,2025-02-05,CUST0771,Liam Anderson,Returning,Full Detail,Referral,Sarasota,Sarasota,150,150.0,0.0,150.0,167,Card,SUMMER10,5.0
2310,2025-11-29,CUST0457,Liam Johnson,Returning,Ceramic Coating,Referral,Charlotte,Port Charlotte,350,383.0,10.0,393.0,77,Cash,NEWCUSTOMER,No Feedback
2311,2025-10-14,CUST1058,Liam Davis,Returning,Basic Wash,Facebook,Charlotte,Punta Gorda,40,44.0,20.0,64.0,72,Venmo,VIP ,4.0
2312,2025-10-30,CUST0832,Ava Garcia,Returning,Full Detail,Facebook,Sarasota,North Port,150,167.0,0.0,167.0,37,Cash,No Discount,No Feedback
2313,2025-11-07,CUST0723,Noah Brown,New,Basic Wash,Facebook,Charlotte,Port Charlotte,40,42.0,15.0,57.0,39,Zelle,SUMMER10,5.0
2314,2025-07-27,CUST0707,Noah Smith,Returning,Full Detail,Youtube,Sarasota,North Port,150,163.0,10.0,173.0,63,Cash,No Discount,4.0
2315,2025-04-16,CUST0998,Noah Taylor,Returning,Full Detail,Youtube,Charlotte,Punta Gorda,150,150.0,5.0,155.0,151,Card,VIP ,5.0
2316,2025-06-07,CUST0988,Sofia Martinez,New,Full Detail,Referral,Sarasota,North Port,150,145.0,5.0,150.0,159,Cash,SUMMER10,4.0
2317,2025-05-01,CUST0014,Olivia Garcia,Returning,Basic Wash,Youtube,Sarasota,Sarasota,40,42.0,20.0,62.0,161,Zelle,NEWCUSTOMER,5.0
2318,2025-02-24,CUST1028,John Brown,New,Premium Wash,Youtube,Sarasota,Venice,70,70.0,10.0,80.0,129,Cash,NEWCUSTOMER,No Feedback
2319,2025-01-12,CUST0285,Ava Garcia,Returning,Premium Wash,Referral,Sarasota,Sarasota,70,70.0,0.0,70.0,135,Card,NEWCUSTOMER,5.0
2320,2025-05-25,CUST0901,Mary Smith,Returning,Basic Wash,Unknown,Sarasota,Sarasota,40,42.0,5.0,47.0,126,Cash,No Discount,4.0
2321,2025-05-16,CUST0340,Ava Garcia,Returning,Ceramic Coating,Instagram,Sarasota,North Port,350,348.0,0.0,348.0,50,Card,VIP ,5.0
2322,2025-01-03,CUST0472,Liam Davis,Returning,Interior Detail,Instagram,Charlotte,Punta Gorda,90,90.0,10.0,100.0,111,Cash App,No Discount,4.0
2323,2025-05-24,CUST0158,Liam Garcia,Returning,Basic Wash,TikTok,Sarasota,Venice,40,40.0,10.0,50.0,110,Cash,NEWCUSTOMER,5.0
2324,2025-01-30,CUST1054,Noah Smith,Returning,Interior Detail,Facebook,Sarasota,Sarasota,90,88.0,10.0,98.0,50,Card,No Discount,4.0
2325,2025-08-25,CUST0576,Emma Garcia,Returning,Ceramic Coating,Youtube,Charlotte,Port Charlotte,350,385.0,10.0,395.0,114,Venmo,No Discount,4.0
2326,2025-10-06,CUST0434,Ava Davis,Returning,Premium Wash,Facebook,Sarasota,North Port,70,82.0,15.0,97.0,109,Cash,SUMMER10,No Feedback
2327,2025-12-14,CUST0308,Lewis Smith,Returning,Ceramic Coating,Referral,Sarasota,Sarasota,350,387.0,5.0,392.0,39,Cash,No Discount,5.0
2328,2025-04-25,CUST0383,Ava Miller,Returning,Full Detail,Youtube,Sarasota,North Port,150,152.0,0.0,152.0,44,Zelle,VIP ,5.0
2329,2025-04-14,CUST0323,Alex Martinez,Returning,Interior Detail,Instagram,Sarasota,Sarasota,90,90.0,0.0,90.0,37,Cash,NEWCUSTOMER,4.0
2330,2025-04-28,CUST0742,Emma Johnson,New,Full Detail,Instagram,Charlotte,Port Charlotte,150,155.0,20.0,175.0,48,Card,No Discount,No Feedback
2331,2025-01-05,CUST0243,Noah Wilson,Returning,Premium Wash,TikTok,Charlotte,Punta Gorda,70,75.0,5.0,80.0,63,Cash,No Discount,3.0
2332,2025-12-26,CUST0472,Ava Garcia,Returning,Interior Detail,Instagram,Charlotte,Punta Gorda,90,99.0,0.0,99.0,36,Card,NEWCUSTOMER,3.0
2333,2025-09-05,CUST0850,Noah Anderson,New,Full Detail,Youtube,Sarasota,Sarasota,150,165.0,15.0,180.0,99,Zelle,SUMMER10,3.0
2334,2025-12-30,CUST0677,John Taylor,Returning,Basic Wash,Referral,Sarasota,Sarasota,40,46.0,5.0,51.0,91,Zelle,No Discount,3.0
2335,2025-11-17,CUST0233,Noah Johnson,Returning,Interior Detail,Youtube,Charlotte,Punta Gorda,90,104.0,10.0,114.0,68,Zelle,No Discount,3.0
2336,2025-05-01,CUST0987,John Miller,Returning,Premium Wash,Facebook,Sarasota,North Port,70,72.0,5.0,77.0,61,Zelle,No Discount,4.0
2337,2025-10-13,CUST0981,Olivia Wilson,Returning,Ceramic Coating,Facebook,Sarasota,Venice,350,390.0,15.0,405.0,125,Cash App,SUMMER10,4.0
2338,2025-05-29,CUST0982,Noah Miller,Returning,Full Detail,TikTok,Charlotte,Punta Gorda,150,150.0,20.0,170.0,152,Venmo,SUMMER10,4.0
2339,2025-03-25,CUST0432,Noah Miller,Returning,Basic Wash,Youtube,Sarasota,North Port,40,40.0,0.0,40.0,89,Cash,No Discount,3.0
2340,2025-08-19,CUST0331,Lewis Taylor,New,Ceramic Coating,Youtube,Sarasota,Venice,350,385.0,10.0,395.0,133,Cash,No Discount,4.0
2341,2025-10-15,CUST0842,Olivia Davis,Returning,Interior Detail,Youtube,Charlotte,Punta Gorda,90,94.0,0.0,94.0,63,Cash,NEWCUSTOMER,No Feedback
2342,2025-06-10,CUST0046,Alex Smith,New,Ceramic Coating,Facebook,Charlotte,Punta Gorda,350,345.0,20.0,365.0,36,Card,SUMMER10,3.0
2343,2025-09-29,CUST0500,Emma Brown,Returning,Ceramic Coating,Youtube,Sarasota,Sarasota,350,383.0,0.0,383.0,85,Cash,No Discount,5.0
2344,2025-02-07,CUST0089,Alex Wilson,New,Full Detail,Referral,Charlotte,Punta Gorda,150,152.0,0.0,152.0,136,Venmo,VIP ,No Feedback
2345,2025-08-14,CUST0262,Lewis Martinez,New,Premium Wash,TikTok,Charlotte,Port Charlotte,70,72.0,15.0,87.0,53,Cash,SUMMER10,4.0
2346,2025-05-22,CUST1175,John Miller,New,Basic Wash,Youtube,Charlotte,Punta Gorda,40,45.0,5.0,50.0,136,Zelle,No Discount,5.0
2347,2025-10-19,CUST0330,Emma Garcia,Returning,Premium Wash,TikTok,Sarasota,North Port,70,77.0,5.0,82.0,139,Cash App,No Discount,No Feedback
2348,2025-05-31,CUST0276,Mary Taylor,Returning,Full Detail,TikTok,Sarasota,Venice,150,150.0,20.0,170.0,107,Zelle,No Discount,5.0
2349,2025-04-24,CUST1050,Noah Brown,Returning,Interior Detail,TikTok,Charlotte,Punta Gorda,90,88.0,20.0,108.0,117,Cash App,SUMMER10,No Feedback
2350,2025-08-25,CUST0081,Lewis Smith,Returning,Full Detail,Unknown,Sarasota,Venice,150,165.0,0.0,165.0,48,Cash App,No Discount,No Feedback
2351,2025-03-07,CUST1173,Lewis Davis,Returning,Interior Detail,Referral,Sarasota,North Port,90,85.0,20.0,105.0,118,Card,No Discount,4.0
2352,2025-12-27,CUST0301,Alex Martinez,New,Ceramic Coating,Facebook,Charlotte,Port Charlotte,350,385.0,20.0,405.0,85,Venmo,No Discount,4.0
2353,2025-12-07,CUST0115,John Smith,Returning,Ceramic Coating,Instagram,Sarasota,Sarasota,350,380.0,5.0,385.0,112,Card,VIP ,No Feedback
2354,2025-09-15,CUST0341,Lewis Miller,Returning,Premium Wash,Referral,Sarasota,Sarasota,70,79.0,0.0,79.0,36,Cash App,NEWCUSTOMER,5.0
2355,2025-09-06,CUST0529,Emma Davis,Returning,Premium Wash,Instagram,Charlotte,Punta Gorda,70,79.0,15.0,94.0,107,Cash App,SUMMER10,4.0
2356,2025-11-27,CUST0369,Liam Anderson,Returning,Basic Wash,Facebook,Sarasota,Sarasota,40,46.0,0.0,46.0,119,Venmo,SUMMER10,3.0
2357,2025-11-19,CUST1059,Olivia Anderson,Returning,Full Detail,Referral,Charlotte,Port Charlotte,150,163.0,0.0,163.0,160,Cash,VIP ,3.0
2358,2025-06-29,CUST0831,Emma Davis,Returning,Interior Detail,Facebook,Charlotte,Punta Gorda,90,90.0,10.0,100.0,34,Cash App,No Discount,4.0
2359,2025-09-07,CUST1155,Ava Anderson,Returning,Interior Detail,Referral,Sarasota,Venice,90,101.0,5.0,106.0,145,Cash App,No Discount,5.0
2360,2025-06-03,CUST0039,Noah Garcia,Returning,Full Detail,Facebook,Charlotte,Port Charlotte,150,150.0,15.0,165.0,83,Card,SUMMER10,5.0
2361,2025-07-15,CUST0581,Mary Taylor,Returning,Basic Wash,Facebook,Sarasota,North Port,40,49.0,0.0,49.0,152,Cash,NEWCUSTOMER,No Feedback
2362,2025-11-07,CUST0176,Ava Garcia,Returning,Ceramic Coating,Referral,Sarasota,Venice,350,390.0,20.0,410.0,48,Cash,No Discount,4.0
2363,2025-09-19,CUST0444,Emma Brown,New,Interior Detail,TikTok,Sarasota,North Port,90,97.0,5.0,102.0,143,Cash App,No Discount,4.0
2364,2025-05-23,CUST0920,Mary Martinez,Returning,Basic Wash,Youtube,Sarasota,North Port,40,45.0,0.0,45.0,164,Zelle,No Discount,5.0
2365,2025-12-08,CUST0966,Alex Anderson,New,Basic Wash,TikTok,Sarasota,Sarasota,40,46.0,0.0,46.0,126,Card,No Discount,4.0
2366,2025-11-12,CUST0987,John Davis,Returning,Basic Wash,Facebook,Sarasota,North Port,40,39.0,0.0,39.0,127,Cash App,No Discount,4.0
2367,2025-04-11,CUST0350,Lewis Wilson,Returning,Full Detail,Facebook,Charlotte,Port Charlotte,150,148.0,15.0,163.0,36,Venmo,NEWCUSTOMER,No Feedback
2368,2025-09-01,CUST0450,Olivia Taylor,Returning,Interior Detail,Youtube,Charlotte,Punta Gorda,90,101.0,10.0,111.0,124,Card,VIP ,4.0
2369,2025-01-12,CUST0842,Ava Taylor,Returning,Ceramic Coating,Youtube,Charlotte,Punta Gorda,350,345.0,15.0,360.0,35,Card,VIP ,3.0
2370,2025-08-27,CUST0293,Lewis Miller,Returning,Basic Wash,Other,Charlotte,Port Charlotte,40,44.0,0.0,44.0,110,Card,NEWCUSTOMER,5.0
2371,2025-02-18,CUST1194,Sofia Taylor,Returning,Interior Detail,Referral,Charlotte,Port Charlotte,90,90.0,10.0,100.0,97,Venmo,No Discount,4.0
2372,2025-02-11,CUST0373,Alex Johnson,Returning,Premium Wash,TikTok,Charlotte,Port Charlotte,70,65.0,5.0,70.0,79,Venmo,No Discount,3.0
2373,2025-06-15,CUST1047,Liam Davis,Returning,Ceramic Coating,Referral,Sarasota,Venice,350,355.0,15.0,370.0,33,Cash,No Discount,No Feedback
2374,2025-03-23,CUST0542,Olivia Johnson,Returning,Full Detail,Facebook,Sarasota,Venice,150,148.0,0.0,148.0,53,Cash,NEWCUSTOMER,5.0
2375,2025-10-18,CUST0344,Alex Davis,Returning,Premium Wash,Unknown,Sarasota,North Port,70,77.0,0.0,77.0,62,Card,VIP ,4.0
2376,2025-06-07,CUST0702,Olivia Miller,Returning,Interior Detail,Facebook,Sarasota,Sarasota,90,90.0,0.0,90.0,108,Venmo,NEWCUSTOMER,4.0
2377,2025-08-04,CUST0929,Ava Wilson,Returning,Full Detail,Youtube,Sarasota,Sarasota,150,165.0,15.0,180.0,127,Cash,No Discount,3.0
2378,2025-06-07,CUST0141,John Taylor,Returning,Full Detail,Instagram,Sarasota,Sarasota,150,155.0,0.0,155.0,37,Cash App,VIP ,4.0
2379,2025-05-14,CUST0471,Lewis Wilson,Returning,Premium Wash,TikTok,Charlotte,Punta Gorda,70,68.0,0.0,68.0,87,Card,No Discount,No Feedback
2380,2025-03-08,CUST0775,Alex Taylor,Returning,Premium Wash,Instagram,Sarasota,Sarasota,70,72.0,0.0,72.0,104,Venmo,No Discount,4.0
2381,2025-12-02,CUST0790,Mary Anderson,Returning,Basic Wash,Facebook,Charlotte,Port Charlotte,40,46.0,0.0,46.0,166,Card,No Discount,4.0
2382,2025-01-07,CUST0271,Alex Garcia,Returning,Full Detail,TikTok,Charlotte,Punta Gorda,150,152.0,5.0,157.0,93,Card,No Discount,4.0
2383,2025-01-14,CUST0223,Sofia Brown,Returning,Interior Detail,TikTok,Sarasota,North Port,90,90.0,0.0,90.0,107,Zelle,No Discount,3.0
2384,2025-03-14,CUST0034,Lewis Martinez,Returning,Premium Wash,Facebook,Sarasota,North Port,70,72.0,0.0,72.0,180,Zelle,No Discount,3.0
2385,2025-06-12,CUST0415,Lewis Smith,Returning,Ceramic Coating,Referral,Charlotte,Punta Gorda,350,350.0,10.0,360.0,130,Venmo,No Discount,5.0
2386,2025-03-07,CUST1071,Mary Davis,Returning,Interior Detail,Referral,Charlotte,Punta Gorda,90,90.0,15.0,105.0,132,Card,No Discount,4.0
2387,2025-12-13,CUST1033,John Martinez,Returning,Full Detail,Instagram,Charlotte,Port Charlotte,150,160.0,0.0,160.0,113,Card,VIP ,No Feedback
2388,2025-05-10,CUST0860,Olivia Davis,Returning,Ceramic Coating,TikTok,Sarasota,Venice,350,355.0,0.0,355.0,93,Cash,NEWCUSTOMER,5.0
2389,2025-07-25,CUST0307,Mary Davis,Returning,Interior Detail,Facebook,Charlotte,Punta Gorda,90,97.0,15.0,112.0,103,Cash App,No Discount,3.0
2390,2025-10-03,CUST0198,John Johnson,Returning,Basic Wash,Facebook,Sarasota,Sarasota,40,39.0,20.0,59.0,178,Cash App,SUMMER10,5.0
2391,2025-09-13,CUST0364,John Johnson,Returning,Interior Detail,Facebook,Sarasota,North Port,90,101.0,5.0,106.0,94,Cash,SUMMER10,3.0
2392,2025-09-23,CUST0975,Olivia Garcia,Returning,Premium Wash,Unknown,Sarasota,Sarasota,70,79.0,15.0,94.0,31,Cash,NEWCUSTOMER,5.0
2393,2025-01-25,CUST0080,Mary Taylor,Returning,Premium Wash,Instagram,Sarasota,North Port,70,72.0,10.0,82.0,41,Venmo,SUMMER10,4.0
2394,2025-10-08,CUST1089,John Brown,New,Interior Detail,Youtube,Charlotte,Port Charlotte,90,101.0,0.0,101.0,145,Zelle,SUMMER10,3.0
2395,2025-09-10,CUST1031,Sofia Smith,Returning,Ceramic Coating,TikTok,Sarasota,North Port,350,387.0,0.0,387.0,160,Card,No Discount,5.0
2396,2025-11-06,CUST0241,John Anderson,Returning,Basic Wash,Facebook,Charlotte,Punta Gorda,40,42.0,10.0,52.0,32,Venmo,SUMMER10,5.0
2397,2025-10-16,CUST0191,Mary Taylor,Returning,Basic Wash,Referral,Sarasota,Sarasota,40,44.0,0.0,44.0,98,Cash,SUMMER10,4.0
2398,2025-06-13,CUST0988,Emma Anderson,Returning,Premium Wash,Referral,Sarasota,North Port,70,75.0,10.0,85.0,173,Card,NEWCUSTOMER,5.0
2399,2025-04-05,CUST0267,John Taylor,Returning,Ceramic Coating,Referral,Charlotte,Port Charlotte,350,350.0,15.0,365.0,119,Venmo,VIP ,5.0
2400,2025-09-27,CUST1105,Ava Johnson,Returning,Interior Detail,Youtube,Sarasota,Venice,90,99.0,20.0,119.0,85,Cash,VIP ,3.0
2401,2025-11-17,CUST0003,Ava Smith,Returning,Full Detail,Facebook,Sarasota,Venice,150,160.0,20.0,180.0,99,Venmo,NEWCUSTOMER,3.0
2402,2025-04-20,CUST0884,Mary Anderson,Returning,Interior Detail,Referral,Charlotte,Punta Gorda,90,90.0,15.0,105.0,97,Cash,SUMMER10,5.0
2403,2025-12-02,CUST1070,Liam Anderson,Returning,Basic Wash,Referral,Sarasota,North Port,40,46.0,10.0,56.0,74,Card,VIP ,5.0
2404,2025-11-06,CUST0862,Olivia Garcia,Returning,Interior Detail,Referral,Sarasota,Sarasota,90,99.0,0.0,99.0,35,Venmo,VIP ,3.0
2405,2025-08-26,CUST0759,Liam Garcia,New,Full Detail,Facebook,Sarasota,North Port,150,167.0,20.0,187.0,36,Venmo,NEWCUSTOMER,No Feedback
2406,2025-01-25,CUST0089,Lewis Wilson,Returning,Interior Detail,Referral,Charlotte,Punta Gorda,90,95.0,5.0,100.0,77,Cash,No Discount,3.0
2407,2025-05-21,CUST1086,Olivia Wilson,Returning,Interior Detail,Instagram,Charlotte,Punta Gorda,90,90.0,15.0,105.0,42,Venmo,No Discount,4.0
2408,2025-04-27,CUST0879,Ava Smith,Returning,Interior Detail,Referral,Sarasota,North Port,90,90.0,20.0,110.0,63,Cash,VIP ,3.0
2409,2025-01-25,CUST0470,Alex Brown,New,Ceramic Coating,Youtube,Sarasota,Sarasota,350,345.0,0.0,345.0,97,Cash,No Discount,5.0
2410,2025-03-20,CUST0988,Emma Martinez,Returning,Ceramic Coating,Referral,Sarasota,North Port,350,350.0,5.0,355.0,126,Card,No Discount,4.0
2411,2025-03-09,CUST0781,Noah Garcia,Returning,Interior Detail,Referral,Sarasota,Sarasota,90,92.0,15.0,107.0,152,Cash,No Discount,5.0
2412,2025-06-22,CUST0718,Ava Garcia,Returning,Interior Detail,Instagram,Sarasota,North Port,90,90.0,5.0,95.0,160,Cash App,NEWCUSTOMER,5.0
2413,2025-01-12,CUST1180,Ava Martinez,Returning,Premium Wash,TikTok,Charlotte,Punta Gorda,70,68.0,0.0,68.0,153,Cash,No Discount,4.0
2414,2025-10-15,CUST0201,Alex Taylor,Returning,Interior Detail,Facebook,Sarasota,Venice,90,99.0,5.0,104.0,174,Cash,VIP ,5.0
2415,2025-05-08,CUST0872,Noah Wilson,New,Basic Wash,TikTok,Sarasota,Sarasota,40,35.0,0.0,35.0,163,Venmo,SUMMER10,5.0
2416,2025-04-06,CUST0275,Sofia Davis,Returning,Ceramic Coating,TikTok,Charlotte,Punta Gorda,350,348.0,0.0,348.0,142,Venmo,No Discount,4.0
2417,2025-04-02,CUST0522,Noah Johnson,Returning,Ceramic Coating,Facebook,Sarasota,Sarasota,350,348.0,10.0,358.0,159,Zelle,VIP ,5.0
2418,2025-05-21,CUST0978,Mary Wilson,Returning,Ceramic Coating,TikTok,Charlotte,Punta Gorda,350,350.0,0.0,350.0,111,Cash App,No Discount,No Feedback
2419,2025-01-31,CUST0477,Lewis Martinez,Returning,Interior Detail,TikTok,Sarasota,Sarasota,90,85.0,20.0,105.0,65,Card,NEWCUSTOMER,3.0
2420,2025-11-30,CUST0172,Liam Miller,Returning,Ceramic Coating,Instagram,Charlotte,Punta Gorda,350,380.0,0.0,380.0,88,Venmo,No Discount,4.0
2421,2025-01-20,CUST0581,Emma Anderson,Returning,Interior Detail,Facebook,Sarasota,North Port,90,92.0,0.0,92.0,74,Cash App,No Discount,5.0
2422,2025-05-26,CUST1114,Ava Brown,Returning,Interior Detail,Facebook,Sarasota,North Port,90,88.0,0.0,88.0,115,Venmo,SUMMER10,4.0
2423,2025-11-12,CUST0837,John Wilson,Returning,Ceramic Coating,Unknown,Charlotte,Punta Gorda,350,390.0,0.0,390.0,49,Card,No Discount,4.0
2424,2025-06-09,CUST0528,Mary Davis,Returning,Premium Wash,TikTok,Charlotte,Punta Gorda,70,68.0,10.0,78.0,123,Card,NEWCUSTOMER,4.0
2425,2025-12-15,CUST0388,Olivia Brown,New,Interior Detail,Facebook,Sarasota,Venice,90,104.0,5.0,109.0,88,Card,VIP ,5.0
2426,2025-02-12,CUST0012,Emma Garcia,Returning,Basic Wash,TikTok,Sarasota,Venice,40,45.0,20.0,65.0,66,Cash,No Discount,5.0
2427,2025-09-11,CUST0015,John Smith,New,Full Detail,Facebook,Charlotte,Port Charlotte,150,160.0,0.0,160.0,59,Card,VIP ,3.0
2428,2025-05-10,CUST1184,Sofia Martinez,Returning,Interior Detail,Referral,Charlotte,Port Charlotte,90,90.0,20.0,110.0,173,Card,SUMMER10,5.0
2429,2025-03-01,CUST1071,John Smith,Returning,Interior Detail,Referral,Charlotte,Punta Gorda,90,92.0,5.0,107.0,129,Cash App,No Discount,3.0
2430,2025-05-31,CUST0242,Lewis Smith,Returning,Full Detail,Other,Sarasota,North Port,150,155.0,0.0,155.0,129,Card,SUMMER10,3.0
2431,2025-10-14,CUST1065,Emma Anderson,Returning,Interior Detail,Referral,Charlotte,Punta Gorda,90,101.0,20.0,121.0,39,Venmo,NEWCUSTOMER,4.0
2432,2025-01-05,CUST0015,Mary Taylor,Returning,Basic Wash,Facebook,Charlotte,Port Charlotte,40,35.0,0.0,35.0,132,Venmo,No Discount,No Feedback
2433,2025-09-23,CUST0769,Alex Smith,Returning,Ceramic Coating,TikTok,Charlotte,Port Charlotte,350,380.0,5.0,385.0,53,Zelle,SUMMER10,No Feedback
2434,2025-12-11,CUST0421,Emma Garcia,Returning,Basic Wash,Unknown,Sarasota,Sarasota,40,49.0,20.0,69.0,63,Card,No Discount,4.0
2435,2025-05-10,CUST0647,Olivia Anderson,New,Basic Wash,Instagram,Charlotte,Punta Gorda,40,35.0,0.0,35.0,54,Card,NEWCUSTOMER,5.0
2436,2025-09-24,CUST0838,Noah Johnson,Returning,Interior Detail,TikTok,Sarasota,Venice,90,97.0,15.0,112.0,71,Cash,SUMMER10,4.0
2437,2025-06-27,CUST0742,Emma Miller,Returning,Ceramic Coating,Instagram,Charlotte,Port Charlotte,350,352.0,10.0,362.0,146,Cash,No Discount,3.0
2438,2025-09-10,CUST0219,Emma Davis,Returning,Premium Wash,Instagram,Sarasota,North Port,70,77.0,0.0,77.0,78,Venmo,VIP ,No Feedback
2439,2025-02-25,CUST0317,Olivia Wilson,New,Ceramic Coating,Youtube,Charlotte,Port Charlotte,350,355.0,15.0,370.0,169,Zelle,VIP ,4.0
2440,2025-03-24,CUST0873,Liam Johnson,Returning,Premium Wash,Instagram,Charlotte,Port Charlotte,70,68.0,0.0,68.0,165,Zelle,No Discount,5.0
2441,2025-04-09,CUST1199,Mary Brown,Returning,Basic Wash,TikTok,Charlotte,Punta Gorda,40,45.0,5.0,50.0,54,Card,No Discount,4.0
2442,2025-05-29,CUST0520,Emma Smith,New,Ceramic Coating,TikTok,Sarasota,Sarasota,350,355.0,20.0,375.0,88,Cash,No Discount,No Feedback
2443,2025-11-25,CUST0536,Liam Wilson,Returning,Ceramic Coating,Instagram,Sarasota,North Port,350,390.0,0.0,390.0,89,Cash App,NEWCUSTOMER,No Feedback
2444,2025-06-05,CUST1098,Emma Smith,Returning,Interior Detail,Youtube,Sarasota,Venice,90,92.0,5.0,97.0,153,Cash App,No Discount,3.0
2445,2025-07-09,CUST0868,Ava Garcia,Returning,Ceramic Coating,Youtube,Sarasota,Venice,350,385.0,15.0,400.0,47,Venmo,No Discount,4.0
2446,2025-09-20,CUST1157,Liam Davis,New,Interior Detail,Other,Charlotte,Port Charlotte,90,104.0,5.0,109.0,127,Card,VIP ,5.0
2447,2025-03-21,CUST0749,John Martinez,Returning,Interior Detail,TikTok,Charlotte,Punta Gorda,90,95.0,0.0,95.0,56,Cash App,SUMMER10,No Feedback
2448,2025-09-09,CUST0565,Ava Davis,Returning,Ceramic Coating,Instagram,Charlotte,Punta Gorda,350,385.0,20.0,405.0,42,Cash,No Discount,4.0
2449,2025-04-07,CUST0814,Sofia Brown,Returning,Basic Wash,Facebook,Sarasota,Venice,40,40.0,5.0,45.0,111,Cash App,No Discount,No Feedback
2450,2025-09-17,CUST0418,Lewis Miller,Returning,Full Detail,TikTok,Sarasota,North Port,150,160.0,0.0,160.0,118,Cash,NEWCUSTOMER,No Feedback
2451,2025-09-17,CUST0847,Alex Martinez,Returning,Premium Wash,Referral,Sarasota,Venice,70,82.0,20.0,102.0,49,Cash App,SUMMER10,5.0
2452,2025-04-13,CUST1131,Sofia Smith,Returning,Interior Detail,Facebook,Charlotte,Port Charlotte,90,88.0,10.0,98.0,159,Cash App,VIP ,No Feedback
2453,2025-02-09,CUST1142,Lewis Brown,Returning,Ceramic Coating,Unknown,Sarasota,Sarasota,350,345.0,10.0,355.0,125,Cash,VIP ,3.0
2454,2025-09-30,CUST0989,Mary Garcia,Returning,Basic Wash,Instagram,Sarasota,North Port,40,44.0,20.0,64.0,73,Card,No Discount,5.0
2455,2025-04-11,CUST0367,Sofia Johnson,Returning,Basic Wash,Youtube,Charlotte,Punta Gorda,40,40.0,20.0,60.0,40,Venmo,No Discount,4.0
2456,2025-12-25,CUST0759,Mary Garcia,Returning,Basic Wash,Unknown,Sarasota,North Port,40,44.0,5.0,49.0,143,Card,NEWCUSTOMER,No Feedback
2457,2025-11-04,CUST1146,Mary Martinez,Returning,Full Detail,TikTok,Charlotte,Punta Gorda,150,165.0,20.0,185.0,43,Zelle,SUMMER10,5.0
2458,2025-08-09,CUST1137,Lewis Johnson,Returning,Interior Detail,Referral,Sarasota,Sarasota,90,97.0,15.0,112.0,124,Cash,No Discount,5.0
2459,2025-11-04,CUST0991,Olivia Miller,Returning,Interior Detail,Youtube,Sarasota,Venice,90,97.0,20.0,117.0,61,Cash,No Discount,5.0
2460,2025-05-04,CUST0520,John Taylor,Returning,Interior Detail,TikTok,Sarasota,Sarasota,90,85.0,15.0,100.0,170,Cash App,NEWCUSTOMER,4.0
2461,2025-08-19,CUST0629,Mary Garcia,Returning,Ceramic Coating,Facebook,Charlotte,Punta Gorda,350,387.0,0.0,387.0,90,Cash,NEWCUSTOMER,3.0
2462,2025-06-27,CUST1184,Mary Martinez,Returning,Premium Wash,Referral,Charlotte,Port Charlotte,70,72.0,10.0,82.0,163,Zelle,No Discount,4.0
2463,2025-03-04,CUST0706,Liam Davis,Returning,Interior Detail,Youtube,Sarasota,Venice,90,95.0,10.0,105.0,74,Zelle,SUMMER10,5.0
2464,2025-04-26,CUST0816,Sofia Smith,Returning,Premium Wash,Facebook,Sarasota,Venice,70,75.0,0.0,75.0,149,Cash,SUMMER10,4.0
2465,2025-07-10,CUST0283,Sofia Martinez,Returning,Premium Wash,Facebook,Sarasota,North Port,70,77.0,15.0,92.0,43,Cash App,VIP ,3.0
2466,2025-03-03,CUST0244,Noah Brown,Returning,Premium Wash,Instagram,Sarasota,North Port,70,70.0,0.0,70.0,128,Cash,SUMMER10,No Feedback
2467,2025-09-13,CUST0471,Noah Johnson,Returning,Basic Wash,Unknown,Charlotte,Punta Gorda,40,49.0,10.0,59.0,173,Venmo,No Discount,3.0
2468,2025-01-07,CUST0915,Liam Davis,Returning,Full Detail,Youtube,Charlotte,Punta Gorda,150,150.0,10.0,160.0,85,Venmo,No Discount,5.0
2469,2025-06-04,CUST0332,Liam Smith,New,Full Detail,Referral,Charlotte,Punta Gorda,150,145.0,5.0,150.0,117,Cash,No Discount,5.0
2470,2025-04-02,CUST0206,Noah Garcia,Returning,Ceramic Coating,Youtube,Sarasota,Venice,350,352.0,5.0,357.0,39,Venmo,No Discount,4.0
2471,2025-01-14,CUST0440,Ava Taylor,Returning,Basic Wash,Instagram,Sarasota,Venice,40,45.0,15.0,60.0,76,Cash,SUMMER10,No Feedback
2472,2025-08-17,CUST1042,John Miller,Returning,Full Detail,TikTok,Sarasota,Venice,150,165.0,5.0,170.0,163,Venmo,No Discount,3.0
2473,2025-03-27,CUST0821,Olivia Martinez,Returning,Interior Detail,Instagram,Sarasota,North Port,90,85.0,5.0,90.0,40,Venmo,No Discount,5.0
2474,2025-05-13,CUST0694,Noah Smith,New,Basic Wash,Referral,Sarasota,Sarasota,40,45.0,0.0,45.0,167,Zelle,No Discount,3.0
2475,2025-07-02,CUST1128,Olivia Garcia,Returning,Interior Detail,Youtube,Charlotte,Port Charlotte,90,94.0,0.0,94.0,110,Zelle,No Discount,4.0
2476,2025-03-03,CUST0107,Sofia Brown,Returning,Ceramic Coating,Other,Sarasota,Venice,350,345.0,0.0,345.0,30,Zelle,No Discount,5.0
2477,2025-07-08,CUST0330,Mary Davis,Returning,Interior Detail,TikTok,Sarasota,North Port,90,99.0,15.0,114.0,163,Cash,NEWCUSTOMER,4.0
2478,2025-09-03,CUST0797,Alex Wilson,Returning,Basic Wash,Instagram,Sarasota,North Port,40,44.0,0.0,44.0,66,Venmo,SUMMER10,No Feedback
2479,2025-08-18,CUST0011,Lewis Davis,Returning,Basic Wash,Facebook,Charlotte,Punta Gorda,40,49.0,15.0,64.0,76,Cash App,No Discount,No Feedback
2480,2025-03-20,CUST0187,Ava Wilson,Returning,Ceramic Coating,TikTok,Charlotte,Punta Gorda,350,352.0,0.0,352.0,85,Card,No Discount,No Feedback
2481,2025-05-29,CUST0298,Sofia Wilson,Returning,Interior Detail,Youtube,Charlotte,Port Charlotte,90,90.0,20.0,110.0,87,Cash,VIP ,No Feedback
2482,2025-05-18,CUST0966,Sofia Garcia,Returning,Full Detail,TikTok,Sarasota,Sarasota,150,150.0,0.0,150.0,85,Cash App,NEWCUSTOMER,3.0
2483,2025-11-10,CUST0892,Alex Johnson,Returning,Interior Detail,Facebook,Sarasota,Sarasota,90,99.0,5.0,104.0,50,Cash,SUMMER10,5.0
2484,2025-03-06,CUST0181,Alex Garcia,Returning,Ceramic Coating,TikTok,Sarasota,North Port,350,352.0,15.0,367.0,144,Cash App,No Discount,No Feedback
2485,2025-01-13,CUST0132,John Miller,New,Interior Detail,TikTok,Sarasota,Sarasota,90,95.0,20.0,115.0,105,Zelle,SUMMER10,4.0
2486,2025-08-01,CUST0539,Liam Davis,Returning,Ceramic Coating,TikTok,Sarasota,Venice,350,380.0,5.0,385.0,95,Card,NEWCUSTOMER,3.0
2487,2025-08-30,CUST0455,Ava Johnson,Returning,Premium Wash,Referral,Sarasota,Sarasota,70,72.0,0.0,72.0,152,Cash,No Discount,4.0
2488,2025-08-01,CUST0760,Ava Anderson,Returning,Premium Wash,Facebook,Sarasota,Venice,70,77.0,0.0,77.0,111,Zelle,VIP ,5.0
2489,2025-06-30,CUST0164,John Wilson,New,Full Detail,Referral,Sarasota,Venice,150,155.0,0.0,155.0,108,Card,NEWCUSTOMER,4.0
2490,2025-12-04,CUST0078,Emma Smith,Returning,Ceramic Coating,Referral,Sarasota,North Port,350,385.0,10.0,395.0,144,Venmo,No Discount,4.0
2491,2025-06-22,CUST0788,Noah Johnson,Returning,Premium Wash,Instagram,Charlotte,Punta Gorda,70,70.0,0.0,70.0,145,Card,No Discount,5.0
2492,2025-06-09,CUST0821,Liam Brown,Returning,Full Detail,Instagram,Sarasota,North Port,150,150.0,20.0,170.0,46,Card,VIP ,4.0
2493,2025-06-13,CUST1068,Lewis Davis,Returning,Full Detail,Facebook,Charlotte,Port Charlotte,150,148.0,10.0,158.0,45,Cash,SUMMER10,5.0
2494,2025-07-07,CUST0587,Emma Taylor,Returning,Interior Detail,Youtube,Sarasota,Sarasota,90,99.0,0.0,99.0,160,Cash,No Discount,No Feedback
2495,2025-07-10,CUST0118,Emma Johnson,New,Premium Wash,Facebook,Sarasota,Venice,70,77.0,0.0,77.0,150,Cash,No Discount,4.0
2496,2025-11-04,CUST0359,Noah Wilson,Returning,Interior Detail,Other,Charlotte,Punta Gorda,90,97.0,0.0,97.0,175,Cash,No Discount,No Feedback
2497,2025-09-13,CUST1013,Emma Miller,New,Ceramic Coating,Youtube,Charlotte,Punta Gorda,350,385.0,15.0,400.0,122,Cash App,No Discount,4.0
2498,2025-07-02,CUST0900,Sofia Taylor,Returning,Full Detail,Instagram,Sarasota,North Port,150,165.0,15.0,180.0,121,Venmo,VIP ,No Feedback
2499,2025-04-27,CUST0022,Liam Martinez,Returning,Full Detail,Youtube,Sarasota,Sarasota,150,145.0,0.0,145.0,99,Card,NEWCUSTOMER,3.0
2500,2025-10-09,CUST0414,Olivia Miller,Returning,Premium Wash,TikTok,Charlotte,Punta Gorda,70,72.0,15.0,87.0,63,Card,No Discount,3.0
2501,2025-07-15,CUST1062,Noah Taylor,New,Basic Wash,Facebook,Sarasota,North Port,40,44.0,15.0,59.0,138,Zelle,VIP ,3.0
2502,2025-02-03,CUST0586,Mary Martinez,Returning,Premium Wash,TikTok,Charlotte,Punta Gorda,70,70.0,10.0,80.0,142,Zelle,SUMMER10,5.0
2503,2025-02-21,CUST0399,Sofia Anderson,Returning,Full Detail,Youtube,Sarasota,Venice,150,148.0,10.0,158.0,126,Cash,No Discount,5.0
2504,2025-04-22,CUST0069,Lewis Davis,Returning,Full Detail,Facebook,Charlotte,Port Charlotte,150,155.0,10.0,165.0,60,Cash App,NEWCUSTOMER,5.0
2505,2025-09-09,CUST1046,Alex Brown,Returning,Premium Wash,Instagram,Charlotte,Punta Gorda,70,77.0,15.0,92.0,148,Cash,SUMMER10,No Feedback
2506,2025-03-23,CUST1057,Ava Martinez,Returning,Basic Wash,Youtube,Sarasota,Venice,40,45.0,15.0,60.0,98,Zelle,No Discount,No Feedback
2507,2025-08-20,CUST0475,Olivia Miller,Returning,Ceramic Coating,Referral,Sarasota,North Port,350,383.0,0.0,383.0,104,Card,No Discount,5.0
2508,2025-08-15,CUST0348,Emma Johnson,Returning,Premium Wash,Instagram,Charlotte,Port Charlotte,70,72.0,0.0,72.0,172,Cash,NEWCUSTOMER,3.0
2509,2025-08-21,CUST0074,Sofia Anderson,Returning,Premium Wash,Unknown,Sarasota,Venice,70,72.0,5.0,77.0,130,Card,SUMMER10,4.0
2510,2025-08-09,CUST0737,Alex Martinez,Returning,Premium Wash,Instagram,Charlotte,Port Charlotte,70,82.0,0.0,82.0,52,Cash App,SUMMER10,5.0
2511,2025-02-11,CUST0490,Olivia Smith,Returning,Full Detail,Youtube,Charlotte,Punta Gorda,150,145.0,0.0,145.0,89,Cash,NEWCUSTOMER,No Feedback
2512,2025-01-21,CUST0001,Olivia Taylor,Returning,Interior Detail,Instagram,Sarasota,Sarasota,90,90.0,0.0,90.0,129,Zelle,VIP ,4.0
2513,2025-02-11,CUST0323,Noah Miller,Returning,Interior Detail,Instagram,Sarasota,Sarasota,90,92.0,0.0,92.0,159,Venmo,SUMMER10,5.0
2514,2025-04-23,CUST0178,Alex Johnson,Returning,Ceramic Coating,Referral,Sarasota,Venice,350,350.0,15.0,365.0,67,Zelle,No Discount,3.0
2515,2025-04-15,CUST0566,Sofia Anderson,Returning,Ceramic Coating,TikTok,Sarasota,North Port,350,348.0,15.0,363.0,45,Card,No Discount,3.0
2516,2025-07-11,CUST0819,Emma Taylor,Returning,Basic Wash,Instagram,Charlotte,Punta Gorda,40,44.0,20.0,64.0,30,Card,SUMMER10,No Feedback
2517,2025-01-17,CUST0724,Lewis Davis,New,Basic Wash,Referral,Sarasota,Sarasota,40,40.0,0.0,40.0,37,Cash,No Discount,4.0
2518,2025-04-30,CUST0810,Mary Johnson,Returning,Full Detail,Referral,Sarasota,Sarasota,150,150.0,0.0,150.0,80,Card,NEWCUSTOMER,5.0
2519,2025-05-09,CUST0831,Sofia Davis,Returning,Ceramic Coating,Facebook,Charlotte,Punta Gorda,350,350.0,15.0,365.0,42,Cash,SUMMER10,5.0
2520,2025-05-10,CUST0411,Ava Smith,Returning,Ceramic Coating,Referral,Sarasota,North Port,350,355.0,10.0,365.0,82,Cash,NEWCUSTOMER,5.0
2521,2025-03-01,CUST1061,Sofia Garcia,Returning,Premium Wash,Instagram,Sarasota,Sarasota,70,72.0,5.0,77.0,106,Cash,No Discount,No Feedback
2522,2025-02-17,CUST0032,Alex Garcia,Returning,Interior Detail,TikTok,Sarasota,North Port,90,88.0,5.0,93.0,75,Zelle,NEWCUSTOMER,4.0
2523,2025-01-29,CUST0141,Emma Martinez,Returning,Basic Wash,Instagram,Sarasota,Sarasota,40,40.0,5.0,45.0,135,Cash,VIP ,3.0
2524,2025-04-07,CUST0185,Sofia Martinez,Returning,Interior Detail,Youtube,Sarasota,Venice,90,85.0,20.0,105.0,50,Zelle,No Discount,3.0
2525,2025-01-10,CUST1126,Liam Martinez,Returning,Basic Wash,Facebook,Sarasota,Sarasota,40,42.0,0.0,42.0,122,Zelle,SUMMER10,5.0
2526,2025-08-30,CUST0583,Sofia Taylor,New,Interior Detail,Youtube,Sarasota,Sarasota,90,101.0,10.0,111.0,113,Venmo,NEWCUSTOMER,3.0
2527,2025-11-10,CUST1146,Sofia Smith,Returning,Ceramic Coating,TikTok,Charlotte,Punta Gorda,350,390.0,15.0,405.0,108,Card,NEWCUSTOMER,4.0
2528,2025-08-20,CUST1194,Mary Anderson,Returning,Interior Detail,Referral,Charlotte,Port Charlotte,90,94.0,0.0,94.0,111,Card,VIP ,No Feedback
2529,2025-10-04,CUST0713,Lewis Anderson,Returning,Basic Wash,Youtube,Charlotte,Port Charlotte,40,49.0,20.0,69.0,64,Cash,VIP ,5.0
2530,2025-10-11,CUST0712,Alex Taylor,New,Full Detail,Instagram,Sarasota,Sarasota,150,160.0,5.0,165.0,99,Cash,No Discount,5.0
2531,2025-07-22,CUST0567,Liam Miller,Returning,Full Detail,Facebook,Charlotte,Punta Gorda,150,160.0,0.0,160.0,58,Card,VIP ,4.0
2532,2025-09-04,CUST0464,Mary Smith,Returning,Full Detail,Unknown,Sarasota,North Port,150,170.0,5.0,175.0,174,Cash,No Discount,3.0
2533,2025-10-17,CUST0399,Sofia Brown,Returning,Interior Detail,Youtube,Sarasota,Venice,90,99.0,20.0,119.0,129,Zelle,VIP ,4.0
2534,2025-09-21,CUST0932,Lewis Taylor,Returning,Premium Wash,Facebook,Sarasota,Sarasota,70,79.0,20.0,99.0,35,Cash,No Discount,4.0
2535,2025-08-02,CUST0828,Mary Davis,Returning,Basic Wash,Youtube,Sarasota,Venice,40,46.0,0.0,46.0,99,Card,SUMMER10,3.0
2536,2025-07-19,CUST1178,Olivia Taylor,Returning,Basic Wash,Facebook,Charlotte,Port Charlotte,40,44.0,0.0,44.0,179,Cash App,VIP ,4.0
2537,2025-03-20,CUST0010,Emma Brown,Returning,Ceramic Coating,Instagram,Charlotte,Punta Gorda,350,350.0,0.0,350.0,95,Cash,SUMMER10,No Feedback
2538,2025-12-09,CUST0535,Olivia Brown,Returning,Premium Wash,Youtube,Sarasota,Sarasota,70,72.0,15.0,87.0,69,Card,No Discount,5.0
2539,2025-12-10,CUST0359,Alex Martinez,Returning,Premium Wash,Other,Charlotte,Punta Gorda,70,72.0,5.0,77.0,104,Cash,No Discount,4.0
2540,2025-06-22,CUST0834,Sofia Wilson,Returning,Interior Detail,Youtube,Charlotte,Punta Gorda,90,90.0,0.0,90.0,77,Cash,NEWCUSTOMER,4.0
2541,2025-03-10,CUST1037,Lewis Taylor,New,Full Detail,Instagram,Sarasota,Sarasota,150,145.0,10.0,155.0,62,Cash,NEWCUSTOMER,5.0
2542,2025-03-28,CUST0219,John Wilson,Returning,Interior Detail,Instagram,Sarasota,North Port,90,85.0,0.0,85.0,46,Cash,No Discount,4.0
2543,2025-04-11,CUST1145,Lewis Wilson,Returning,Basic Wash,Youtube,Sarasota,North Port,40,40.0,0.0,40.0,58,Cash,VIP ,3.0
2544,2025-01-08,CUST0149,Emma Taylor,Returning,Basic Wash,Instagram,Charlotte,Punta Gorda,40,45.0,0.0,45.0,102,Card,No Discount,5.0
2545,2025-11-29,CUST1031,Lewis Davis,Returning,Full Detail,TikTok,Sarasota,North Port,150,165.0,5.0,170.0,150,Cash,No Discount,No Feedback
2546,2025-07-19,CUST0603,Sofia Taylor,Returning,Interior Detail,Other,Sarasota,Sarasota,90,99.0,10.0,109.0,169,Card,SUMMER10,5.0
2547,2025-03-28,CUST0697,Liam Garcia,New,Premium Wash,Youtube,Sarasota,North Port,70,75.0,5.0,80.0,107,Cash,VIP ,3.0
2548,2025-02-12,CUST0240,Mary Wilson,Returning,Interior Detail,TikTok,Charlotte,Port Charlotte,90,95.0,20.0,115.0,147,Card,VIP ,5.0
2549,2025-04-19,CUST1052,Noah Davis,Returning,Interior Detail,Youtube,Charlotte,Punta Gorda,90,88.0,15.0,103.0,143,Cash,No Discount,5.0
2550,2025-06-01,CUST0528,Sofia Garcia,Returning,Ceramic Coating,TikTok,Charlotte,Punta Gorda,350,348.0,20.0,368.0,155,Cash,No Discount,4.0
2551,2025-01-17,CUST1102,Emma Davis,Returning,Basic Wash,Referral,Charlotte,Port Charlotte,40,45.0,15.0,60.0,162,Card,No Discount,5.0
2552,2025-05-13,CUST1178,Ava Smith,Returning,Full Detail,Facebook,Charlotte,Port Charlotte,150,155.0,20.0,175.0,37,Cash,VIP ,4.0
2553,2025-05-28,CUST0513,Alex Martinez,Returning,Basic Wash,TikTok,Charlotte,Port Charlotte,40,40.0,0.0,40.0,56,Card,No Discount,4.0
2554,2025-10-04,CUST0907,Lewis Anderson,Returning,Premium Wash,Facebook,Sarasota,North Port,70,77.0,10.0,87.0,56,Cash,No Discount,4.0
2555,2025-08-20,CUST0773,Alex Brown,Returning,Ceramic Coating,Instagram,Sarasota,North Port,350,390.0,0.0,390.0,64,Card,No Discount,5.0
2556,2025-11-10,CUST1154,Ava Davis,Returning,Interior Detail,Youtube,Sarasota,North Port,90,101.0,10.0,111.0,148,Card,SUMMER10,5.0
2557,2025-08-16,CUST0991,Noah Martinez,Returning,Premium Wash,Youtube,Sarasota,Venice,70,72.0,20.0,92.0,125,Cash,NEWCUSTOMER,5.0
2558,2025-05-19,CUST0499,Lewis Johnson,Returning,Premium Wash,Youtube,Charlotte,Punta Gorda,70,68.0,5.0,73.0,131,Cash App,No Discount,3.0
2559,2025-07-30,CUST0696,Mary Martinez,New,Basic Wash,Instagram,Sarasota,Venice,40,44.0,0.0,44.0,66,Cash App,SUMMER10,5.0
2560,2025-01-28,CUST0940,Sofia Garcia,New,Interior Detail,TikTok,Sarasota,North Port,90,88.0,5.0,93.0,50,Card,No Discount,No Feedback
2561,2025-02-20,CUST0944,Ava Martinez,Returning,Premium Wash,Youtube,Charlotte,Port Charlotte,70,72.0,5.0,77.0,149,Zelle,No Discount,3.0
2562,2025-09-18,CUST0057,John Johnson,Returning,Ceramic Coating,TikTok,Sarasota,Sarasota,350,385.0,15.0,400.0,84,Cash,No Discount,3.0
2563,2025-09-18,CUST0988,John Garcia,Returning,Premium Wash,Referral,Sarasota,North Port,70,75.0,10.0,85.0,149,Venmo,NEWCUSTOMER,4.0
2564,2025-12-16,CUST0239,Alex Davis,New,Full Detail,Facebook,Sarasota,Venice,150,160.0,0.0,160.0,101,Cash,VIP ,No Feedback
2565,2025-12-18,CUST0529,Mary Davis,Returning,Premium Wash,Instagram,Charlotte,Punta Gorda,70,72.0,20.0,92.0,106,Venmo,VIP ,4.0
2566,2025-01-08,CUST0139,John Garcia,Returning,Interior Detail,Referral,Charlotte,Punta Gorda,90,90.0,15.0,105.0,51,Cash,SUMMER10,No Feedback
2567,2025-11-16,CUST0784,Noah Garcia,Returning,Premium Wash,Referral,Charlotte,Port Charlotte,70,75.0,0.0,75.0,145,Venmo,SUMMER10,4.0
2568,2025-05-18,CUST0452,Noah Wilson,Returning,Full Detail,Instagram,Sarasota,Venice,150,155.0,0.0,155.0,90,Cash,No Discount,5.0
2569,2025-02-07,CUST0471,Alex Taylor,Returning,Full Detail,TikTok,Charlotte,Punta Gorda,150,152.0,0.0,152.0,104,Card,No Discount,5.0
2570,2025-04-21,CUST0647,Lewis Martinez,Returning,Interior Detail,Unknown,Charlotte,Punta Gorda,90,95.0,0.0,95.0,154,Venmo,NEWCUSTOMER,5.0
2571,2025-08-08,CUST0845,Olivia Anderson,Returning,Basic Wash,Instagram,Sarasota,Venice,40,46.0,20.0,66.0,81,Cash,VIP ,5.0
2572,2025-12-03,CUST0724,Noah Martinez,Returning,Ceramic Coating,Referral,Sarasota,Sarasota,350,380.0,15.0,395.0,153,Cash,No Discount,4.0
2573,2025-08-11,CUST1058,Sofia Miller,Returning,Basic Wash,Facebook,Charlotte,Punta Gorda,40,46.0,15.0,61.0,69,Venmo,No Discount,5.0
2574,2025-05-16,CUST1098,Liam Taylor,Returning,Ceramic Coating,Youtube,Sarasota,Venice,350,348.0,20.0,368.0,66,Venmo,NEWCUSTOMER,4.0
2575,2025-09-13,CUST0020,Alex Garcia,Returning,Full Detail,Instagram,Sarasota,North Port,150,170.0,15.0,185.0,176,Cash App,SUMMER10,5.0
2576,2025-12-26,CUST0540,Liam Smith,Returning,Basic Wash,Facebook,Charlotte,Punta Gorda,40,49.0,0.0,49.0,158,Zelle,NEWCUSTOMER,3.0
2577,2025-11-25,CUST0509,Ava Garcia,Returning,Interior Detail,Facebook,Sarasota,Venice,90,97.0,10.0,107.0,77,Cash,SUMMER10,4.0
2578,2025-02-18,CUST0589,Mary Davis,New,Interior Detail,Youtube,Charlotte,Punta Gorda,90,88.0,5.0,93.0,67,Venmo,NEWCUSTOMER,5.0
2579,2025-10-19,CUST0191,Liam Davis,Returning,Interior Detail,Referral,Sarasota,Sarasota,90,104.0,10.0,114.0,47,Venmo,No Discount,5.0
2580,2025-11-20,CUST0818,Noah Davis,New,Full Detail,Instagram,Sarasota,North Port,150,165.0,20.0,185.0,68,Card,SUMMER10,3.0
2581,2025-03-19,CUST0701,Liam Garcia,Returning,Ceramic Coating,TikTok,Sarasota,Sarasota,350,345.0,20.0,365.0,179,Card,No Discount,5.0
2582,2025-04-15,CUST0156,Emma Taylor,Returning,Full Detail,Facebook,Sarasota,North Port,150,150.0,20.0,170.0,137,Venmo,NEWCUSTOMER,4.0
2583,2025-06-18,CUST1136,Ava Martinez,Returning,Premium Wash,Referral,Sarasota,Venice,70,70.0,5.0,75.0,100,Cash,No Discount,3.0
2584,2025-08-05,CUST0366,Olivia Wilson,Returning,Full Detail,Youtube,Charlotte,Punta Gorda,150,163.0,0.0,163.0,140,Venmo,No Discount,5.0
2585,2025-04-29,CUST0976,Ava Smith,Returning,Ceramic Coating,Facebook,Sarasota,North Port,350,350.0,15.0,365.0,79,Card,SUMMER10,5.0
2586,2025-07-09,CUST0643,Olivia Johnson,Returning,Basic Wash,Youtube,Charlotte,Punta Gorda,40,46.0,0.0,46.0,82,Card,No Discount,5.0
2587,2025-09-12,CUST0725,Mary Davis,Returning,Premium Wash,Instagram,Sarasota,Venice,70,72.0,0.0,72.0,142,Venmo,No Discount,3.0
2588,2025-09-23,CUST0448,Liam Taylor,Returning,Interior Detail,Instagram,Charlotte,Punta Gorda,90,99.0,10.0,109.0,57,Cash App,VIP ,4.0
2589,2025-05-29,CUST1175,Mary Anderson,Returning,Premium Wash,Youtube,Charlotte,Punta Gorda,70,72.0,5.0,77.0,107,Zelle,VIP ,4.0
2590,2025-06-13,CUST0552,Emma Miller,Returning,Ceramic Coating,Facebook,Sarasota,Sarasota,350,352.0,0.0,352.0,80,Cash,No Discount,4.0
2591,2025-05-20,CUST0375,Emma Garcia,Returning,Basic Wash,Youtube,Sarasota,Venice,40,40.0,10.0,50.0,55,Card,SUMMER10,5.0
2592,2025-12-13,CUST0390,Sofia Johnson,Returning,Full Detail,Referral,Charlotte,Punta Gorda,150,160.0,15.0,175.0,136,Cash,SUMMER10,4.0
2593,2025-09-15,CUST1022,Lewis Johnson,Returning,Ceramic Coating,Facebook,Sarasota,Venice,350,385.0,0.0,385.0,144,Cash,No Discount,5.0
2594,2025-09-26,CUST0409,Lewis Wilson,Returning,Interior Detail,Referral,Sarasota,Sarasota,90,104.0,10.0,114.0,172,Cash,No Discount,No Feedback
2595,2025-06-30,CUST0481,Lewis Miller,Returning,Interior Detail,TikTok,Sarasota,Sarasota,90,90.0,10.0,100.0,56,Venmo,VIP ,5.0
2596,2025-06-09,CUST0496,Ava Garcia,Returning,Full Detail,Referral,Charlotte,Punta Gorda,150,150.0,20.0,170.0,180,Card,No Discount,5.0
2597,2025-12-17,CUST0544,Sofia Johnson,Returning,Interior Detail,Referral,Charlotte,Port Charlotte,90,97.0,15.0,112.0,159,Card,NEWCUSTOMER,5.0
2598,2025-10-15,CUST0424,Olivia Davis,Returning,Ceramic Coating,Youtube,Sarasota,Sarasota,350,387.0,15.0,402.0,57,Zelle,No Discount,4.0
2599,2025-10-15,CUST0470,Noah Brown,Returning,Premium Wash,Youtube,Sarasota,Sarasota,70,77.0,0.0,77.0,134,Cash,No Discount,4.0
2600,2025-08-14,CUST0416,Noah Taylor,Returning,Interior Detail,Facebook,Charlotte,Punta Gorda,90,97.0,5.0,102.0,98,Zelle,No Discount,5.0
2601,2025-01-11,CUST0512,Lewis Johnson,Returning,Premium Wash,Instagram,Sarasota,North Port,70,72.0,5.0,77.0,115,Zelle,No Discount,No Feedback
2602,2025-01-10,CUST0730,John Taylor,New,Basic Wash,TikTok,Charlotte,Port Charlotte,40,40.0,5.0,45.0,94,Cash,SUMMER10,No Feedback
2603,2025-09-28,CUST0320,Olivia Smith,New,Premium Wash,TikTok,Sarasota,Sarasota,70,82.0,20.0,102.0,154,Card,No Discount,No Feedback
2604,2025-09-30,CUST0219,John Taylor,Returning,Ceramic Coating,Instagram,Sarasota,North Port,350,387.0,5.0,392.0,155,Cash,VIP ,5.0
2605,2025-07-02,CUST0246,John Garcia,Returning,Interior Detail,TikTok,Charlotte,Punta Gorda,90,99.0,5.0,104.0,56,Cash App,VIP ,No Feedback
2606,2025-06-02,CUST0161,Emma Smith,Returning,Ceramic Coating,Instagram,Charlotte,Port Charlotte,350,345.0,0.0,345.0,31,Venmo,VIP ,3.0
2607,2025-11-11,CUST1009,Liam Miller,Returning,Interior Detail,Instagram,Sarasota,Sarasota,90,99.0,0.0,99.0,62,Zelle,No Discount,4.0
2608,2025-11-30,CUST0014,Sofia Miller,Returning,Interior Detail,Youtube,Sarasota,Sarasota,90,97.0,0.0,97.0,127,Zelle,NEWCUSTOMER,5.0
2609,2025-05-04,CUST1109,Sofia Smith,Returning,Basic Wash,Youtube,Charlotte,Punta Gorda,40,42.0,5.0,47.0,65,Cash,No Discount,5.0
2610,2025-04-24,CUST0087,Sofia Miller,New,Interior Detail,TikTok,Charlotte,Punta Gorda,90,85.0,20.0,105.0,154,Cash App,VIP ,4.0
2611,2025-10-05,CUST0988,Liam Brown,Returning,Ceramic Coating,Referral,Sarasota,North Port,350,390.0,0.0,390.0,68,Venmo,SUMMER10,No Feedback
2612,2025-08-01,CUST0761,Liam Smith,New,Ceramic Coating,Referral,Sarasota,Venice,350,380.0,20.0,400.0,51,Venmo,No Discount,5.0
2613,2025-06-21,CUST0646,Noah Garcia,Returning,Interior Detail,Facebook,Charlotte,Punta Gorda,90,90.0,0.0,90.0,111,Cash App,No Discount,4.0
2614,2025-10-15,CUST1009,Alex Garcia,Returning,Premium Wash,Instagram,Sarasota,Sarasota,70,79.0,20.0,99.0,174,Cash App,No Discount,4.0
2615,2025-06-23,CUST1177,Ava Smith,New,Interior Detail,Facebook,Charlotte,Port Charlotte,90,90.0,15.0,105.0,32,Card,NEWCUSTOMER,5.0
2616,2025-04-23,CUST0563,Sofia Anderson,Returning,Basic Wash,TikTok,Sarasota,North Port,40,40.0,0.0,40.0,153,Cash,SUMMER10,5.0
2617,2025-05-02,CUST1006,Ava Brown,Returning,Ceramic Coating,Unknown,Charlotte,Port Charlotte,350,350.0,5.0,365.0,130,Zelle,No Discount,3.0
2618,2025-02-01,CUST0375,Olivia Taylor,Returning,Interior Detail,Youtube,Sarasota,Venice,90,90.0,15.0,105.0,108,Cash,SUMMER10,4.0
2619,2025-08-10,CUST1047,Olivia Wilson,Returning,Premium Wash,Referral,Sarasota,Venice,70,75.0,20.0,95.0,56,Zelle,NEWCUSTOMER,No Feedback
2620,2025-04-29,CUST0574,Lewis Johnson,Returning,Basic Wash,Youtube,Sarasota,Venice,40,38.0,0.0,38.0,75,Cash,No Discount,No Feedback
2621,2025-02-08,CUST0815,Mary Brown,Returning,Ceramic Coating,Youtube,Charlotte,Port Charlotte,350,350.0,5.0,355.0,144,Card,SUMMER10,4.0
2622,2025-09-25,CUST0455,Noah Davis,Returning,Premium Wash,Referral,Sarasota,Sarasota,70,75.0,0.0,75.0,119,Venmo,NEWCUSTOMER,4.0
2623,2025-08-21,CUST1182,Ava Martinez,New,Interior Detail,Facebook,Sarasota,Venice,90,101.0,15.0,116.0,118,Card,SUMMER10,5.0
2624,2025-01-18,CUST0263,Sofia Wilson,Returning,Interior Detail,TikTok,Sarasota,Venice,90,85.0,10.0,95.0,106,Venmo,No Discount,4.0
2625,2025-05-29,CUST0111,Noah Davis,Returning,Interior Detail,Facebook,Sarasota,Sarasota,90,92.0,5.0,97.0,139,Card,VIP ,4.0
2626,2025-05-29,CUST1077,Emma Johnson,Returning,Full Detail,Referral,Sarasota,North Port,150,150.0,10.0,160.0,178,Card,NEWCUSTOMER,4.0
2627,2025-05-06,CUST0867,Ava Martinez,Returning,Full Detail,TikTok,Sarasota,Sarasota,150,150.0,15.0,165.0,126,Venmo,VIP ,4.0
2628,2025-10-29,CUST0980,John Garcia,Returning,Ceramic Coating,Referral,Charlotte,Punta Gorda,350,390.0,15.0,405.0,76,Cash,No Discount,4.0
2629,2025-12-26,CUST1108,John Brown,Returning,Premium Wash,Youtube,Charlotte,Port Charlotte,70,72.0,0.0,72.0,77,Venmo,VIP ,3.0
2630,2025-08-26,CUST0067,Olivia Garcia,Returning,Interior Detail,Youtube,Sarasota,Sarasota,90,104.0,5.0,109.0,54,Venmo,SUMMER10,3.0
2631,2025-05-15,CUST1030,Emma Anderson,Returning,Ceramic Coating,Referral,Charlotte,Port Charlotte,350,350.0,20.0,370.0,87,Card,NEWCUSTOMER,5.0
2632,2025-05-31,CUST0712,Liam Wilson,Returning,Ceramic Coating,Instagram,Sarasota,Sarasota,350,355.0,0.0,355.0,116,Cash App,No Discount,5.0
2633,2025-08-24,CUST0807,Ava Davis,New,Premium Wash,Instagram,Sarasota,North Port,70,72.0,0.0,72.0,61,Card,SUMMER10,4.0
2634,2025-08-12,CUST0358,Olivia Garcia,Returning,Ceramic Coating,TikTok,Sarasota,Venice,350,385.0,15.0,400.0,56,Cash,VIP ,No Feedback
2635,2025-07-22,CUST0937,Alex Smith,Returning,Premium Wash,Youtube,Charlotte,Port Charlotte,70,72.0,20.0,92.0,34,Zelle,No Discount,4.0
2636,2025-09-13,CUST0247,John Martinez,Returning,Ceramic Coating,Referral,Sarasota,North Port,350,385.0,5.0,390.0,74,Cash,No Discount,4.0
2637,2025-03-27,CUST1062,Noah Johnson,Returning,Full Detail,Facebook,Sarasota,North Port,150,152.0,20.0,172.0,127,Cash,NEWCUSTOMER,5.0
2638,2025-05-30,CUST0943,Emma Anderson,New,Full Detail,Facebook,Charlotte,Punta Gorda,150,152.0,5.0,157.0,110,Cash,SUMMER10,3.0
2639,2025-08-23,CUST0647,Lewis Taylor,Returning,Interior Detail,Other,Charlotte,Punta Gorda,90,99.0,20.0,119.0,174,Cash,No Discount,No Feedback
2640,2025-12-11,CUST0018,Noah Taylor,Returning,Premium Wash,Youtube,Sarasota,Sarasota,70,72.0,5.0,77.0,96,Card,SUMMER10,3.0
2641,2025-01-22,CUST0025,Lewis Taylor,Returning,Full Detail,Instagram,Charlotte,Punta Gorda,150,150.0,15.0,165.0,175,Cash,No Discount,No Feedback
2642,2025-12-14,CUST0432,Ava Martinez,Returning,Basic Wash,Youtube,Sarasota,North Port,40,49.0,0.0,49.0,89,Card,No Discount,4.0
2643,2025-10-12,CUST0778,Noah Miller,Returning,Premium Wash,Referral,Charlotte,Punta Gorda,70,77.0,10.0,87.0,158,Cash App,NEWCUSTOMER,3.0
2644,2025-09-26,CUST1190,Lewis Garcia,Returning,Basic Wash,Referral,Sarasota,Venice,40,46.0,0.0,46.0,66,Card,VIP ,5.0
2645,2025-09-15,CUST0207,John Garcia,Returning,Interior Detail,Instagram,Charlotte,Port Charlotte,90,101.0,10.0,111.0,120,Cash App,No Discount,5.0
2646,2025-01-29,CUST0667,Liam Miller,New,Basic Wash,Youtube,Charlotte,Port Charlotte,40,40.0,20.0,60.0,41,Venmo,No Discount,5.0
2647,2025-08-01,CUST0741,Mary Wilson,New,Full Detail,TikTok,Sarasota,North Port,150,167.0,5.0,172.0,73,Card,No Discount,No Feedback
2648,2025-10-10,CUST0532,Liam Martinez,Returning,Premium Wash,Instagram,Charlotte,Port Charlotte,70,79.0,15.0,94.0,154,Cash,No Discount,4.0
2649,2025-02-19,CUST0384,Noah Davis,Returning,Premium Wash,Youtube,Sarasota,Venice,70,70.0,10.0,80.0,32,Cash App,VIP ,No Feedback
2650,2025-04-05,CUST1124,Lewis Garcia,New,Basic Wash,Facebook,Sarasota,Sarasota,40,45.0,0.0,45.0,55,Cash,NEWCUSTOMER,5.0
2651,2025-03-29,CUST0539,Ava Garcia,Returning,Ceramic Coating,TikTok,Sarasota,Venice,350,352.0,5.0,357.0,95,Zelle,SUMMER10,4.0
2652,2025-02-13,CUST0486,Noah Miller,Returning,Premium Wash,TikTok,Sarasota,Sarasota,70,75.0,10.0,85.0,57,Card,NEWCUSTOMER,4.0
2653,2025-10-05,CUST0552,Emma Brown,Returning,Full Detail,Facebook,Sarasota,Sarasota,150,165.0,0.0,165.0,162,Card,VIP ,4.0
2654,2025-06-20,CUST0966,Liam Garcia,Returning,Basic Wash,TikTok,Sarasota,Sarasota,40,40.0,0.0,40.0,90,Cash,No Discount,4.0
2655,2025-07-08,CUST0703,Alex Wilson,Returning,Ceramic Coating,Instagram,Charlotte,Punta Gorda,350,383.0,10.0,393.0,154,Cash,No Discount,4.0
2656,2025-12-19,CUST0750,Alex Garcia,Returning,Ceramic Coating,Instagram,Charlotte,Port Charlotte,350,390.0,5.0,395.0,83,Card,No Discount,5.0
2657,2025-07-03,CUST0377,Noah Miller,Returning,Premium Wash,Youtube,Charlotte,Punta Gorda,70,77.0,20.0,97.0,42,Card,NEWCUSTOMER,5.0
2658,2025-01-03,CUST1022,Liam Miller,Returning,Premium Wash,Facebook,Sarasota,Venice,70,65.0,15.0,80.0,30,Cash,No Discount,4.0
2659,2025-07-10,CUST0869,John Anderson,Returning,Ceramic Coating,Youtube,Sarasota,Sarasota,350,387.0,5.0,392.0,101,Card,NEWCUSTOMER,5.0
2660,2025-04-28,CUST0432,Liam Miller,Returning,Premium Wash,Youtube,Sarasota,North Port,70,72.0,10.0,82.0,60,Card,VIP ,No Feedback
2661,2025-01-19,CUST0859,Olivia Johnson,Returning,Premium Wash,Instagram,Sarasota,North Port,70,68.0,15.0,83.0,102,Cash,No Discount,No Feedback
2662,2025-01-23,CUST0763,Mary Wilson,Returning,Premium Wash,Unknown,Charlotte,Port Charlotte,70,75.0,0.0,75.0,38,Cash,SUMMER10,3.0
2663,2025-01-30,CUST0748,Sofia Taylor,Returning,Premium Wash,TikTok,Charlotte,Punta Gorda,70,70.0,10.0,80.0,95,Cash,SUMMER10,3.0
2664,2025-10-22,CUST0821,Mary Taylor,Returning,Ceramic Coating,Instagram,Sarasota,North Port,350,380.0,0.0,380.0,42,Venmo,VIP ,4.0
2665,2025-04-18,CUST0573,Liam Miller,Returning,Ceramic Coating,Instagram,Charlotte,Punta Gorda,350,352.0,5.0,357.0,49,Cash,NEWCUSTOMER,5.0
2666,2025-10-08,CUST0924,Alex Wilson,Returning,Basic Wash,Referral,Charlotte,Port Charlotte,40,44.0,5.0,49.0,100,Cash,No Discount,5.0
2667,2025-05-08,CUST0369,Emma Wilson,Returning,Basic Wash,Facebook,Sarasota,Sarasota,40,38.0,10.0,48.0,128,Card,NEWCUSTOMER,3.0
2668,2025-08-17,CUST1171,Noah Miller,Returning,Ceramic Coating,TikTok,Sarasota,North Port,350,385.0,15.0,400.0,123,Card,No Discount,5.0
2669,2025-04-21,CUST0269,Liam Smith,Returning,Basic Wash,Facebook,Sarasota,Sarasota,40,35.0,15.0,50.0,65,Venmo,No Discount,No Feedback
2670,2025-05-16,CUST1180,Alex Brown,Returning,Interior Detail,TikTok,Charlotte,Punta Gorda,90,92.0,20.0,112.0,74,Card,No Discount,4.0
2671,2025-12-28,CUST0469,Emma Taylor,Returning,Basic Wash,Youtube,Sarasota,North Port,40,44.0,5.0,49.0,53,Card,SUMMER10,4.0
2672,2025-07-05,CUST0205,Alex Brown,Returning,Interior Detail,TikTok,Sarasota,Venice,90,99.0,10.0,109.0,138,Cash App,SUMMER10,4.0
2673,2025-05-24,CUST0553,Emma Taylor,Returning,Premium Wash,TikTok,Sarasota,North Port,70,70.0,20.0,90.0,73,Card,No Discount,5.0
2674,2025-03-13,CUST0483,Ava Wilson,Returning,Basic Wash,Facebook,Sarasota,Venice,40,45.0,5.0,50.0,78,Cash,No Discount,3.0
2675,2025-05-09,CUST1138,Lewis Smith,New,Basic Wash,Facebook,Charlotte,Port Charlotte,40,45.0,5.0,50.0,111,Card,No Discount,5.0
2676,2025-12-30,CUST0886,Emma Martinez,Returning,Ceramic Coating,Referral,Sarasota,Sarasota,350,387.0,5.0,392.0,91,Cash App,No Discount,3.0
2677,2025-09-18,CUST0781,Alex Taylor,Returning,Interior Detail,Referral,Sarasota,Sarasota,90,97.0,20.0,117.0,119,Cash,VIP ,4.0
2678,2025-01-03,CUST0402,Liam Davis,Returning,Ceramic Coating,Youtube,Charlotte,Port Charlotte,350,350.0,20.0,370.0,45,Card,No Discount,4.0
2679,2025-04-14,CUST0299,Alex Garcia,Returning,Interior Detail,TikTok,Charlotte,Punta Gorda,90,85.0,15.0,100.0,57,Cash,No Discount,5.0
2680,2025-08-12,CUST0307,Emma Taylor,Returning,Basic Wash,Facebook,Charlotte,Punta Gorda,40,49.0,20.0,69.0,67,Cash,No Discount,3.0
2681,2025-11-16,CUST0969,Sofia Smith,Returning,Ceramic Coating,TikTok,Charlotte,Punta Gorda,350,390.0,10.0,400.0,92,Card,No Discount,5.0
2682,2025-12-28,CUST0020,Olivia Martinez,Returning,Basic Wash,Instagram,Sarasota,North Port,40,49.0,0.0,49.0,44,Cash,SUMMER10,4.0
2683,2025-12-20,CUST0362,John Miller,New,Basic Wash,TikTok,Sarasota,North Port,40,39.0,0.0,39.0,146,Cash,No Discount,5.0
2684,2025-01-10,CUST0864,Alex Wilson,Returning,Full Detail,Youtube,Sarasota,Venice,150,148.0,10.0,158.0,57,Zelle,No Discount,3.0
2685,2025-10-29,CUST1024,Olivia Smith,Returning,Full Detail,Youtube,Charlotte,Port Charlotte,150,165.0,0.0,165.0,43,Zelle,No Discount,3.0
2686,2025-08-19,CUST0276,John Smith,Returning,Basic Wash,TikTok,Sarasota,Venice,40,46.0,0.0,46.0,116,Cash,No Discount,4.0
2687,2025-08-07,CUST1059,John Johnson,Returning,Ceramic Coating,Referral,Charlotte,Port Charlotte,350,380.0,0.0,380.0,111,Venmo,NEWCUSTOMER,No Feedback
2688,2025-03-07,CUST1094,John Johnson,Returning,Full Detail,Facebook,Charlotte,Punta Gorda,150,152.0,10.0,162.0,162,Zelle,No Discount,5.0
2689,2025-04-22,CUST0647,Alex Taylor,Returning,Interior Detail,Instagram,Charlotte,Punta Gorda,90,85.0,10.0,95.0,175,Zelle,VIP ,4.0
2690,2025-01-13,CUST0997,John Brown,Returning,Interior Detail,Referral,Charlotte,Punta Gorda,90,90.0,5.0,95.0,129,Card,VIP ,4.0
2691,2025-03-27,CUST0615,Emma Taylor,Returning,Ceramic Coating,Youtube,Sarasota,Sarasota,350,345.0,20.0,365.0,114,Cash,No Discount,4.0
2692,2025-08-22,CUST0514,Olivia Wilson,Returning,Full Detail,TikTok,Sarasota,Venice,150,170.0,5.0,175.0,112,Venmo,VIP ,3.0
2693,2025-03-31,CUST1152,Noah Wilson,Returning,Premium Wash,TikTok,Sarasota,North Port,70,65.0,10.0,75.0,164,Card,NEWCUSTOMER,4.0
2694,2025-11-10,CUST1163,Ava Davis,Returning,Ceramic Coating,Instagram,Sarasota,North Port,350,385.0,0.0,385.0,88,Cash,SUMMER10,No Feedback
2695,2025-02-23,CUST0098,Lewis Wilson,New,Interior Detail,Referral,Charlotte,Punta Gorda,90,92.0,20.0,112.0,47,Cash,No Discount,5.0
2696,2025-01-12,CUST0816,Mary Miller,Returning,Full Detail,Facebook,Sarasota,Venice,150,150.0,10.0,160.0,149,Venmo,VIP ,No Feedback
2697,2025-07-28,CUST0203,Noah Martinez,New,Premium Wash,TikTok,Sarasota,Sarasota,70,75.0,10.0,85.0,74,Venmo,VIP ,4.0
2698,2025-01-14,CUST0335,Sofia Smith,Returning,Interior Detail,Referral,Sarasota,Sarasota,90,95.0,20.0,115.0,100,Cash,No Discount,5.0
2699,2025-05-01,CUST0123,Alex Miller,Returning,Premium Wash,Facebook,Sarasota,Sarasota,70,72.0,0.0,72.0,171,Venmo,No Discount,5.0
2700,2025-01-20,CUST0442,Alex Smith,Returning,Interior Detail,Referral,Sarasota,North Port,90,90.0,5.0,95.0,124,Venmo,VIP ,3.0
2701,2025-03-16,CUST0521,Mary Garcia,Returning,Interior Detail,Facebook,Charlotte,Port Charlotte,90,95.0,10.0,105.0,146,Cash,No Discount,5.0
2702,2025-08-31,CUST0976,Liam Wilson,Returning,Premium Wash,Facebook,Sarasota,North Port,70,79.0,0.0,79.0,48,Cash,No Discount,4.0
2703,2025-08-11,CUST0198,Ava Anderson,Returning,Premium Wash,Unknown,Sarasota,Sarasota,70,72.0,0.0,72.0,124,Cash,No Discount,5.0
2704,2025-03-11,CUST0922,Ava Garcia,Returning,Basic Wash,Youtube,Sarasota,North Port,40,45.0,5.0,50.0,126,Cash,VIP ,4.0
2705,2025-11-08,CUST0686,Mary Johnson,Returning,Full Detail,Facebook,Sarasota,Venice,150,165.0,20.0,185.0,87,Card,No Discount,No Feedback
2706,2025-07-30,CUST0533,Lewis Brown,Returning,Interior Detail,Instagram,Sarasota,Sarasota,90,94.0,0.0,94.0,98,Card,No Discount,4.0
2707,2025-04-11,CUST0740,Lewis Brown,Returning,Ceramic Coating,Referral,Charlotte,Port Charlotte,350,355.0,10.0,365.0,46,Zelle,VIP ,4.0
2708,2025-07-05,CUST0738,Olivia Brown,Returning,Full Detail,Instagram,Sarasota,North Port,150,165.0,15.0,180.0,64,Card,No Discount,3.0
2709,2025-05-12,CUST1148,Lewis Brown,Returning,Interior Detail,Facebook,Charlotte,Punta Gorda,90,95.0,0.0,95.0,105,Cash,No Discount,No Feedback
2710,2025-04-21,CUST1142,John Martinez,Returning,Interior Detail,Instagram,Sarasota,Sarasota,90,90.0,15.0,105.0,83,Cash App,NEWCUSTOMER,No Feedback
2711,2025-05-12,CUST0528,Alex Martinez,Returning,Premium Wash,TikTok,Charlotte,Punta Gorda,70,75.0,0.0,75.0,32,Card,No Discount,No Feedback
2712,2025-01-20,CUST0705,Lewis Martinez,Returning,Premium Wash,TikTok,Charlotte,Port Charlotte,70,65.0,5.0,70.0,74,Cash App,SUMMER10,5.0
2713,2025-01-24,CUST0041,Alex Garcia,Returning,Premium Wash,Referral,Sarasota,Venice,70,70.0,0.0,70.0,172,Cash App,No Discount,4.0
2714,2025-08-15,CUST0844,Ava Miller,Returning,Full Detail,Instagram,Sarasota,North Port,150,160.0,5.0,165.0,89,Cash App,VIP ,No Feedback
2715,2025-06-03,CUST0249,Sofia Taylor,Returning,Interior Detail,TikTok,Sarasota,Venice,90,90.0,5.0,110.0,70,Venmo,No Discount,4.0
2716,2025-10-20,CUST0720,Olivia Anderson,Returning,Ceramic Coating,Youtube,Charlotte,Punta Gorda,350,385.0,20.0,405.0,166,Card,VIP ,No Feedback
2717,2025-08-18,CUST0408,Ava Johnson,Returning,Interior Detail,TikTok,Sarasota,Sarasota,90,94.0,10.0,104.0,128,Cash App,No Discount,3.0
2718,2025-11-06,CUST1182,Mary Johnson,Returning,Full Detail,Facebook,Sarasota,Venice,150,165.0,0.0,165.0,176,Card,SUMMER10,5.0
2719,2025-12-25,CUST1180,Noah Miller,Returning,Full Detail,TikTok,Charlotte,Punta Gorda,150,170.0,20.0,190.0,32,Card,VIP ,5.0
2720,2025-07-21,CUST1103,Sofia Taylor,New,Basic Wash,Facebook,Sarasota,Venice,40,42.0,10.0,52.0,45,Cash,No Discount,No Feedback
2721,2025-02-07,CUST0358,Olivia Wilson,Returning,Full Detail,TikTok,Sarasota,Venice,150,155.0,5.0,160.0,104,Card,No Discount,No Feedback
2722,2025-09-17,CUST0583,Emma Miller,Returning,Basic Wash,Youtube,Sarasota,Sarasota,40,44.0,0.0,44.0,92,Cash App,SUMMER10,5.0
2723,2025-07-07,CUST0728,Noah Davis,Returning,Basic Wash,Youtube,Sarasota,North Port,40,42.0,0.0,42.0,116,Cash,SUMMER10,4.0
2724,2025-02-26,CUST0666,Sofia Brown,Returning,Ceramic Coating,Facebook,Charlotte,Port Charlotte,350,352.0,5.0,357.0,134,Venmo,No Discount,4.0
2725,2025-01-20,CUST1046,Liam Miller,Returning,Premium Wash,Instagram,Charlotte,Punta Gorda,70,72.0,15.0,87.0,141,Zelle,SUMMER10,4.0
2726,2025-09-30,CUST0999,Sofia Taylor,Returning,Premium Wash,Instagram,Sarasota,Sarasota,70,79.0,0.0,79.0,171,Cash App,No Discount,3.0
2727,2025-04-29,CUST0916,John Johnson,Returning,Ceramic Coating,Youtube,Sarasota,Sarasota,350,348.0,10.0,358.0,54,Cash,SUMMER10,4.0
2728,2025-03-12,CUST0161,Ava Johnson,Returning,Premium Wash,Instagram,Charlotte,Port Charlotte,70,68.0,0.0,68.0,135,Card,VIP ,4.0
2729,2025-01-04,CUST0781,Mary Taylor,Returning,Full Detail,Referral,Sarasota,Sarasota,150,150.0,0.0,150.0,81,Card,NEWCUSTOMER,5.0
2730,2025-08-09,CUST0587,Emma Johnson,Returning,Interior Detail,Youtube,Sarasota,Sarasota,90,99.0,10.0,109.0,93,Venmo,NEWCUSTOMER,4.0
2731,2025-01-14,CUST0950,Lewis Anderson,Returning,Full Detail,Instagram,Sarasota,North Port,150,148.0,0.0,148.0,150,Card,SUMMER10,4.0
2732,2025-01-03,CUST0297,Olivia Garcia,New,Premium Wash,Instagram,Sarasota,North Port,70,70.0,0.0,70.0,132,Cash,VIP ,No Feedback
2733,2025-08-04,CUST0344,Sofia Taylor,Returning,Ceramic Coating,TikTok,Sarasota,North Port,350,383.0,15.0,398.0,59,Cash App,No Discount,4.0
2734,2025-08-17,CUST0691,Mary Miller,New,Interior Detail,Referral,Sarasota,Venice,90,94.0,0.0,94.0,85,Venmo,VIP ,4.0
2735,2025-12-02,CUST0864,Olivia Johnson,Returning,Ceramic Coating,Youtube,Sarasota,Venice,350,385.0,5.0,390.0,98,Card,No Discount,4.0
2736,2025-07-05,CUST1171,Alex Taylor,Returning,Basic Wash,TikTok,Sarasota,North Port,40,39.0,5.0,44.0,138,Cash App,NEWCUSTOMER,4.0
2737,2025-02-24,CUST0829,Sofia Miller,Returning,Full Detail,TikTok,Charlotte,Punta Gorda,150,155.0,0.0,155.0,42,Cash,VIP ,3.0
2738,2025-09-11,CUST0147,Liam Brown,New,Ceramic Coating,Referral,Sarasota,Sarasota,350,385.0,20.0,405.0,61,Cash,No Discount,5.0
2739,2025-01-24,CUST0163,Alex Smith,New,Basic Wash,Instagram,Sarasota,Sarasota,40,40.0,20.0,60.0,80,Cash,VIP ,No Feedback
2740,2025-06-11,CUST0332,Ava Wilson,Returning,Ceramic Coating,Referral,Charlotte,Punta Gorda,350,352.0,20.0,372.0,157,Zelle,NEWCUSTOMER,No Feedback
2741,2025-06-07,CUST0704,Mary Wilson,Returning,Full Detail,Facebook,Charlotte,Port Charlotte,150,145.0,5.0,150.0,55,Venmo,No Discount,3.0
2742,2025-03-23,CUST0468,Sofia Brown,Returning,Ceramic Coating,TikTok,Sarasota,Sarasota,350,350.0,0.0,350.0,54,Cash App,NEWCUSTOMER,3.0
2743,2025-06-08,CUST0643,Emma Smith,Returning,Basic Wash,Youtube,Charlotte,Punta Gorda,40,35.0,0.0,35.0,88,Card,No Discount,4.0
2744,2025-07-07,CUST0649,Alex Taylor,Returning,Interior Detail,Instagram,Sarasota,Sarasota,90,94.0,0.0,94.0,87,Zelle,No Discount,4.0
2745,2025-03-01,CUST0597,Ava Wilson,Returning,Ceramic Coating,Referral,Sarasota,Venice,350,350.0,0.0,350.0,175,Card,No Discount,No Feedback
2746,2025-11-01,CUST0548,Emma Garcia,Returning,Full Detail,TikTok,Sarasota,North Port,150,163.0,20.0,183.0,59,Card,SUMMER10,5.0
2747,2025-11-15,CUST0810,Emma Miller,Returning,Interior Detail,Referral,Sarasota,Sarasota,90,101.0,15.0,116.0,177,Card,No Discount,No Feedback
2748,2025-07-30,CUST0556,Alex Miller,Returning,Basic Wash,TikTok,Sarasota,North Port,40,42.0,20.0,62.0,133,Cash App,No Discount,4.0
2749,2025-06-01,CUST0912,Ava Garcia,Returning,Full Detail,TikTok,Charlotte,Port Charlotte,150,148.0,10.0,158.0,49,Card,VIP ,4.0
2750,2025-04-19,CUST0744,Olivia Taylor,New,Interior Detail,Facebook,Charlotte,Punta Gorda,90,85.0,5.0,90.0,152,Card,No Discount,5.0
2751,2025-03-17,CUST1067,Olivia Johnson,Returning,Interior Detail,Referral,Sarasota,North Port,90,85.0,10.0,95.0,131,Card,SUMMER10,5.0
2752,2025-01-30,CUST0923,Olivia Johnson,Returning,Full Detail,Youtube,Charlotte,Port Charlotte,150,152.0,20.0,172.0,125,Cash,No Discount,4.0
2753,2025-11-10,CUST0848,Olivia Smith,Returning,Full Detail,TikTok,Sarasota,Sarasota,150,170.0,0.0,170.0,152,Card,No Discount,No Feedback
2754,2025-04-27,CUST0343,Liam Wilson,Returning,Premium Wash,Youtube,Charlotte,Punta Gorda,70,65.0,0.0,65.0,32,Cash App,No Discount,3.0
2755,2025-12-22,CUST0377,Lewis Taylor,Returning,Ceramic Coating,Youtube,Charlotte,Punta Gorda,350,385.0,20.0,405.0,168,Zelle,SUMMER10,No Feedback
2756,2025-07-11,CUST0048,Sofia Wilson,New,Ceramic Coating,TikTok,Charlotte,Port Charlotte,350,385.0,20.0,405.0,36,Card,VIP ,No Feedback
2757,2025-01-19,CUST0257,Noah Garcia,New,Premium Wash,Instagram,Sarasota,Sarasota,70,65.0,0.0,65.0,178,Cash,NEWCUSTOMER,4.0
2758,2025-06-22,CUST0481,John Taylor,Returning,Full Detail,TikTok,Sarasota,Sarasota,150,150.0,20.0,170.0,91,Venmo,No Discount,4.0
2759,2025-08-16,CUST0516,Olivia Wilson,Returning,Full Detail,Facebook,Charlotte,Punta Gorda,150,163.0,20.0,183.0,67,Cash,No Discount,4.0
2760,2025-12-16,CUST0164,Lewis Johnson,Returning,Interior Detail,Referral,Sarasota,Venice,90,101.0,20.0,121.0,165,Cash,VIP ,4.0
2761,2025-07-02,CUST0432,Sofia Anderson,Returning,Ceramic Coating,Youtube,Sarasota,North Port,350,383.0,15.0,398.0,92,Venmo,SUMMER10,5.0
2762,2025-04-23,CUST0342,Liam Johnson,Returning,Full Detail,Referral,Sarasota,Sarasota,150,148.0,20.0,168.0,172,Card,No Discount,4.0
2763,2025-07-02,CUST0814,Emma Brown,Returning,Full Detail,Facebook,Sarasota,Venice,150,167.0,0.0,167.0,155,Zelle,NEWCUSTOMER,No Feedback
2764,2025-05-26,CUST0211,Noah Wilson,Returning,Interior Detail,Youtube,Sarasota,Venice,90,88.0,0.0,88.0,119,Cash App,No Discount,3.0
2765,2025-11-15,CUST0196,Sofia Taylor,Returning,Ceramic Coating,Youtube,Sarasota,Sarasota,350,385.0,20.0,405.0,143,Cash,NEWCUSTOMER,No Feedback
2766,2025-04-26,CUST0131,Olivia Garcia,Returning,Premium Wash,Instagram,Sarasota,Venice,70,65.0,0.0,65.0,122,Cash App,SUMMER10,No Feedback
2767,2025-04-23,CUST0970,Liam Anderson,Returning,Full Detail,Facebook,Charlotte,Punta Gorda,150,148.0,5.0,153.0,129,Venmo,NEWCUSTOMER,5.0
2768,2025-09-08,CUST1124,Noah Miller,Returning,Interior Detail,Facebook,Sarasota,Sarasota,90,99.0,5.0,104.0,76,Zelle,No Discount,4.0
2769,2025-09-08,CUST0111,John Taylor,Returning,Premium Wash,Facebook,Sarasota,Sarasota,70,79.0,15.0,94.0,120,Venmo,NEWCUSTOMER,5.0
2770,2025-10-30,CUST0054,John Garcia,Returning,Basic Wash,Referral,Charlotte,Port Charlotte,40,44.0,5.0,49.0,46,Venmo,SUMMER10,3.0
2771,2025-11-09,CUST0814,John Wilson,Returning,Full Detail,Facebook,Sarasota,Venice,150,165.0,10.0,175.0,174,Cash App,NEWCUSTOMER,5.0
2772,2025-04-28,CUST1074,Alex Wilson,Returning,Interior Detail,TikTok,Sarasota,Sarasota,90,88.0,0.0,88.0,90,Card,SUMMER10,5.0
2773,2025-10-28,CUST0171,John Martinez,New,Full Detail,Referral,Charlotte,Punta Gorda,150,170.0,0.0,170.0,174,Card,No Discount,3.0
2774,2025-06-10,CUST0213,John Smith,Returning,Premium Wash,Facebook,Charlotte,Port Charlotte,70,65.0,5.0,70.0,157,Zelle,NEWCUSTOMER,5.0
2775,2025-07-17,CUST0538,Noah Martinez,Returning,Premium Wash,Youtube,Sarasota,North Port,70,77.0,5.0,82.0,95,Card,No Discount,4.0
2776,2025-09-17,CUST0319,Sofia Miller,Returning,Basic Wash,Youtube,Sarasota,Sarasota,40,44.0,15.0,59.0,132,Card,NEWCUSTOMER,3.0
2777,2025-05-28,CUST0173,Sofia Davis,Returning,Ceramic Coating,Youtube,Sarasota,Sarasota,350,350.0,0.0,350.0,46,Cash App,No Discount,4.0
2778,2025-08-28,CUST0799,Sofia Anderson,New,Basic Wash,Instagram,Charlotte,Punta Gorda,40,49.0,15.0,64.0,126,Cash,No Discount,3.0
2779,2025-02-16,CUST0634,Alex Anderson,Returning,Premium Wash,Instagram,Sarasota,Venice,70,72.0,0.0,72.0,177,Cash,No Discount,5.0
2780,2025-07-17,CUST0470,Liam Martinez,Returning,Premium Wash,Youtube,Sarasota,Sarasota,70,82.0,0.0,82.0,134,Zelle,NEWCUSTOMER,4.0
2781,2025-02-16,CUST0507,Mary Taylor,Returning,Ceramic Coating,Referral,Charlotte,Port Charlotte,350,350.0,5.0,355.0,120,Cash,VIP ,4.0
2782,2025-03-19,CUST0582,John Martinez,New,Full Detail,TikTok,Sarasota,North Port,150,148.0,0.0,148.0,87,Cash,NEWCUSTOMER,No Feedback
2783,2025-05-04,CUST0908,Emma Davis,Returning,Interior Detail,Youtube,Sarasota,Sarasota,90,85.0,10.0,95.0,136,Venmo,No Discount,No Feedback
2784,2025-03-16,CUST0259,Ava Miller,Returning,Full Detail,Referral,Sarasota,Sarasota,150,150.0,10.0,160.0,114,Zelle,VIP ,3.0
2785,2025-12-25,CUST0269,Mary Taylor,Returning,Basic Wash,Facebook,Sarasota,Sarasota,40,49.0,5.0,54.0,78,Cash,No Discount,5.0
2786,2025-05-17,CUST1079,Mary Johnson,Returning,Premium Wash,TikTok,Sarasota,North Port,70,70.0,0.0,70.0,88,Zelle,No Discount,5.0
2787,2025-03-31,CUST0350,Liam Miller,Returning,Basic Wash,Other,Charlotte,Port Charlotte,40,38.0,0.0,38.0,93,Card,No Discount,3.0
2788,2025-11-21,CUST0059,Alex Martinez,New,Premium Wash,Facebook,Sarasota,Venice,70,79.0,5.0,84.0,143,Card,SUMMER10,No Feedback
2789,2025-03-02,CUST0072,Emma Miller,Returning,Basic Wash,Referral,Sarasota,Sarasota,40,35.0,15.0,50.0,122,Cash,No Discount,3.0
2790,2025-05-18,CUST0731,John Wilson,Returning,Full Detail,Facebook,Sarasota,Venice,150,152.0,15.0,167.0,57,Zelle,VIP ,No Feedback
2791,2025-02-19,CUST0667,Noah Davis,Returning,Interior Detail,Youtube,Charlotte,Port Charlotte,90,95.0,5.0,100.0,59,Zelle,VIP ,4.0
2792,2025-09-16,CUST0976,Emma Garcia,Returning,Full Detail,Facebook,Sarasota,North Port,150,165.0,15.0,180.0,139,Cash App,No Discount,3.0
2793,2025-04-17,CUST0957,Sofia Garcia,New,Ceramic Coating,TikTok,Sarasota,Sarasota,350,352.0,0.0,352.0,41,Venmo,No Discount,No Feedback
2794,2025-04-23,CUST1108,Noah Johnson,Returning,Ceramic Coating,Youtube,Charlotte,Port Charlotte,350,355.0,15.0,370.0,57,Cash,No Discount,No Feedback
2795,2025-12-16,CUST0558,Sofia Johnson,Returning,Basic Wash,TikTok,Sarasota,Sarasota,40,49.0,0.0,49.0,122,Card,No Discount,No Feedback
2796,2025-09-11,CUST1124,Alex Brown,Returning,Interior Detail,Facebook,Sarasota,Sarasota,90,99.0,0.0,99.0,177,Venmo,NEWCUSTOMER,4.0
2797,2025-04-28,CUST0912,Liam Garcia,Returning,Premium Wash,TikTok,Charlotte,Port Charlotte,70,70.0,15.0,85.0,163,Card,No Discount,4.0
2798,2025-07-17,CUST0277,Olivia Brown,New,Interior Detail,TikTok,Charlotte,Port Charlotte,90,94.0,0.0,94.0,145,Cash App,SUMMER10,3.0
2799,2025-12-03,CUST1105,Emma Johnson,Returning,Ceramic Coating,Youtube,Sarasota,Venice,350,383.0,5.0,388.0,104,Zelle,No Discount,5.0
2800,2025-12-31,CUST0363,Lewis Smith,Returning,Ceramic Coating,Facebook,Charlotte,Port Charlotte,350,385.0,5.0,390.0,90,Cash,No Discount,3.0
2801,2025-02-20,CUST0936,Alex Smith,Returning,Premium Wash,Facebook,Sarasota,North Port,70,68.0,20.0,88.0,156,Venmo,No Discount,4.0
2802,2025-09-02,CUST1156,Liam Garcia,Returning,Full Detail,Other,Charlotte,Punta Gorda,150,163.0,5.0,173.0,78,Cash App,NEWCUSTOMER,4.0
2803,2025-02-04,CUST0891,Emma Johnson,Returning,Full Detail,Instagram,Sarasota,North Port,150,155.0,20.0,175.0,56,Zelle,No Discount,4.0
2804,2025-10-29,CUST1073,Ava Davis,Returning,Full Detail,Referral,Sarasota,North Port,150,167.0,10.0,177.0,39,Cash App,No Discount,5.0
2805,2025-03-10,CUST1094,Alex Miller,Returning,Interior Detail,Facebook,Charlotte,Punta Gorda,90,92.0,10.0,102.0,65,Cash,NEWCUSTOMER,No Feedback
2806,2025-12-15,CUST0635,John Garcia,Returning,Basic Wash,Instagram,Sarasota,North Port,40,49.0,10.0,59.0,31,Cash App,VIP ,No Feedback
2807,2025-11-16,CUST0712,Alex Wilson,Returning,Full Detail,Instagram,Sarasota,Sarasota,150,170.0,0.0,170.0,126,Card,No Discount,No Feedback
2808,2025-02-18,CUST0987,Olivia Miller,Returning,Basic Wash,Facebook,Sarasota,North Port,40,40.0,0.0,40.0,179,Card,No Discount,4.0
2809,2025-03-15,CUST1106,Emma Johnson,Returning,Premium Wash,Youtube,Sarasota,North Port,70,72.0,0.0,72.0,149,Cash App,VIP ,4.0
2810,2025-07-11,CUST0466,Lewis Smith,Returning,Ceramic Coating,Youtube,Charlotte,Port Charlotte,350,387.0,0.0,387.0,147,Card,No Discount,4.0
2811,2025-09-18,CUST0184,John Brown,Returning,Premium Wash,Instagram,Sarasota,Sarasota,70,77.0,10.0,87.0,123,Card,No Discount,4.0
2812,2025-12-22,CUST0905,Olivia Taylor,Returning,Premium Wash,Referral,Charlotte,Port Charlotte,70,79.0,0.0,79.0,96,Card,NEWCUSTOMER,4.0
2813,2025-03-11,CUST0631,Ava Garcia,New,Full Detail,Facebook,Sarasota,Venice,150,150.0,5.0,155.0,154,Cash,SUMMER10,5.0
2814,2025-03-31,CUST0750,Olivia Davis,Returning,Full Detail,Instagram,Charlotte,Port Charlotte,150,148.0,0.0,148.0,167,Card,SUMMER10,4.0
2815,2025-09-17,CUST0845,Lewis Garcia,Returning,Interior Detail,Instagram,Sarasota,Venice,90,97.0,0.0,97.0,97,Zelle,No Discount,5.0
2816,2025-05-06,CUST0533,Alex Martinez,Returning,Ceramic Coating,Instagram,Sarasota,Sarasota,350,350.0,0.0,350.0,163,Card,No Discount,3.0
2817,2025-08-19,CUST0319,Lewis Davis,Returning,Interior Detail,Youtube,Sarasota,Sarasota,90,94.0,0.0,94.0,155,Venmo,No Discount,No Feedback
2818,2025-10-22,CUST0622,Noah Johnson,New,Full Detail,Instagram,Sarasota,Sarasota,150,160.0,10.0,170.0,121,Zelle,No Discount,4.0
2819,2025-05-09,CUST0022,Mary Davis,Returning,Ceramic Coating,Youtube,Sarasota,Sarasota,350,350.0,0.0,350.0,123,Zelle,No Discount,5.0
2820,2025-10-07,CUST0001,Lewis Martinez,Returning,Premium Wash,Instagram,Sarasota,Sarasota,70,77.0,0.0,77.0,62,Cash,No Discount,4.0
2821,2025-11-09,CUST1072,Ava Johnson,Returning,Basic Wash,Referral,Charlotte,Port Charlotte,40,49.0,20.0,69.0,61,Card,SUMMER10,4.0
2822,2025-10-04,CUST0280,Noah Taylor,Returning,Ceramic Coating,TikTok,Sarasota,Venice,350,355.0,0.0,355.0,40,Card,No Discount,5.0
2823,2025-11-22,CUST0705,Olivia Davis,Returning,Interior Detail,TikTok,Charlotte,Port Charlotte,90,97.0,15.0,112.0,146,Venmo,No Discount,No Feedback
2824,2025-10-24,CUST0588,Ava Johnson,Returning,Basic Wash,TikTok,Sarasota,Sarasota,40,46.0,10.0,56.0,166,Cash App,No Discount,3.0
2825,2025-07-01,CUST0961,Lewis Anderson,New,Ceramic Coating,Youtube,Sarasota,Venice,350,390.0,5.0,410.0,61,Cash,No Discount,3.0
2826,2025-06-23,CUST1096,Liam Davis,Returning,Interior Detail,Youtube,Charlotte,Port Charlotte,90,90.0,10.0,100.0,58,Cash,No Discount,4.0
2827,2025-11-12,CUST0018,Liam Garcia,Returning,Full Detail,Youtube,Sarasota,Sarasota,150,167.0,15.0,182.0,140,Cash,No Discount,4.0
2828,2025-12-30,CUST1008,Noah Martinez,Returning,Ceramic Coating,Youtube,Charlotte,Port Charlotte,350,385.0,0.0,385.0,148,Venmo,No Discount,3.0
2829,2025-07-07,CUST0978,John Anderson,Returning,Premium Wash,TikTok,Charlotte,Punta Gorda,70,77.0,15.0,92.0,114,Zelle,NEWCUSTOMER,4.0
2830,2025-02-26,CUST0614,Lewis Martinez,Returning,Premium Wash,TikTok,Sarasota,Venice,70,68.0,5.0,73.0,55,Cash App,No Discount,3.0
2831,2025-01-31,CUST0019,Lewis Smith,Returning,Ceramic Coating,Instagram,Charlotte,Port Charlotte,350,352.0,15.0,367.0,57,Zelle,VIP ,5.0
2832,2025-03-25,CUST0882,Mary Miller,Returning,Interior Detail,Instagram,Charlotte,Punta Gorda,90,85.0,5.0,90.0,172,Card,SUMMER10,5.0
2833,2025-06-01,CUST0600,Emma Garcia,Returning,Premium Wash,Instagram,Sarasota,Venice,70,70.0,10.0,80.0,107,Card,VIP ,5.0
2834,2025-02-05,CUST0474,Lewis Garcia,Returning,Interior Detail,Instagram,Sarasota,Venice,90,85.0,0.0,85.0,167,Card,VIP ,4.0
2835,2025-08-01,CUST0015,Ava Johnson,Returning,Full Detail,Facebook,Charlotte,Port Charlotte,150,165.0,0.0,165.0,158,Cash App,NEWCUSTOMER,5.0
2836,2025-12-30,CUST1123,Ava Wilson,Returning,Ceramic Coating,Referral,Sarasota,Venice,350,385.0,0.0,385.0,30,Cash App,No Discount,5.0
2837,2025-04-16,CUST0766,Olivia Smith,Returning,Full Detail,Unknown,Sarasota,North Port,150,150.0,0.0,150.0,84,Cash App,No Discount,5.0
2838,2025-12-08,CUST0387,Alex Martinez,Returning,Full Detail,Referral,Sarasota,Venice,150,165.0,5.0,180.0,118,Cash,No Discount,4.0
2839,2025-08-08,CUST0844,Olivia Garcia,Returning,Interior Detail,Instagram,Sarasota,North Port,90,99.0,10.0,109.0,177,Card,No Discount,4.0
2840,2025-06-12,CUST1149,Sofia Johnson,New,Premium Wash,TikTok,Sarasota,North Port,70,68.0,20.0,88.0,135,Card,No Discount,4.0
2841,2025-08-08,CUST0896,Noah Davis,Returning,Interior Detail,Youtube,Sarasota,Venice,90,99.0,0.0,99.0,117,Cash,No Discount,No Feedback
2842,2025-09-27,CUST0809,Emma Miller,Returning,Ceramic Coating,Youtube,Sarasota,Venice,350,390.0,0.0,390.0,64,Zelle,VIP ,5.0
2843,2025-04-30,CUST0512,Sofia Miller,Returning,Interior Detail,Other,Sarasota,North Port,90,90.0,5.0,95.0,146,Card,No Discount,3.0
2844,2025-02-12,CUST0335,Lewis Garcia,Returning,Basic Wash,Referral,Sarasota,Sarasota,40,44.0,0.0,44.0,101,Zelle,No Discount,5.0
2845,2025-07-01,CUST0799,Emma Brown,Returning,Ceramic Coating,Instagram,Charlotte,Punta Gorda,350,380.0,0.0,380.0,94,Zelle,VIP ,5.0
2846,2025-04-16,CUST0775,Noah Wilson,Returning,Interior Detail,Instagram,Sarasota,Sarasota,90,95.0,5.0,100.0,110,Zelle,VIP ,5.0
2847,2025-08-05,CUST0452,Sofia Smith,Returning,Full Detail,Instagram,Sarasota,Venice,150,167.0,10.0,177.0,161,Cash App,No Discount,No Feedback
2848,2025-07-24,CUST0539,Olivia Johnson,Returning,Full Detail,TikTok,Sarasota,Venice,150,160.0,20.0,180.0,73,Zelle,SUMMER10,4.0
2849,2025-03-11,CUST0163,Sofia Anderson,Returning,Full Detail,Instagram,Sarasota,Sarasota,150,145.0,20.0,165.0,136,Zelle,No Discount,5.0
2850,2025-02-13,CUST0865,Mary Smith,Returning,Ceramic Coating,Facebook,Charlotte,Punta Gorda,350,350.0,0.0,350.0,133,Cash,SUMMER10,4.0
2851,2025-11-25,CUST0491,Emma Smith,Returning,Ceramic Coating,Youtube,Charlotte,Port Charlotte,350,387.0,15.0,402.0,41,Zelle,No Discount,3.0
2852,2025-10-28,CUST1059,Sofia Smith,Returning,Basic Wash,Referral,Charlotte,Port Charlotte,40,42.0,0.0,42.0,42,Card,No Discount,4.0
2853,2025-08-16,CUST0557,Alex Brown,Returning,Ceramic Coating,Facebook,Charlotte,Port Charlotte,350,390.0,0.0,390.0,69,Cash,No Discount,4.0
2854,2025-07-03,CUST0584,Olivia Miller,Returning,Premium Wash,TikTok,Sarasota,Sarasota,70,82.0,10.0,92.0,179,Venmo,VIP ,No Feedback
2855,2025-04-17,CUST1090,Alex Brown,Returning,Full Detail,Facebook,Charlotte,Port Charlotte,150,145.0,20.0,165.0,171,Venmo,SUMMER10,4.0
2856,2025-03-25,CUST0551,Noah Brown,Returning,Interior Detail,Youtube,Charlotte,Punta Gorda,90,90.0,0.0,90.0,99,Cash,NEWCUSTOMER,5.0
2857,2025-12-04,CUST0846,Mary Johnson,Returning,Premium Wash,Youtube,Charlotte,Port Charlotte,70,72.0,15.0,87.0,74,Cash,No Discount,3.0
2858,2025-09-07,CUST0386,Sofia Miller,Returning,Basic Wash,Youtube,Sarasota,Sarasota,40,49.0,15.0,64.0,142,Cash App,No Discount,4.0
2859,2025-12-29,CUST0141,Ava Anderson,Returning,Premium Wash,Instagram,Sarasota,Sarasota,70,77.0,15.0,92.0,54,Cash,No Discount,5.0
2860,2025-01-21,CUST0374,John Anderson,New,Ceramic Coating,Instagram,Sarasota,Sarasota,350,348.0,0.0,348.0,134,Zelle,No Discount,4.0
2861,2025-07-15,CUST0280,Lewis Johnson,Returning,Basic Wash,TikTok,Sarasota,Venice,40,49.0,10.0,59.0,111,Card,SUMMER10,No Feedback
2862,2025-06-27,CUST0594,Noah Miller,Returning,Ceramic Coating,Facebook,Charlotte,Port Charlotte,350,348.0,5.0,353.0,164,Cash,NEWCUSTOMER,5.0
2863,2025-01-07,CUST0227,Ava Smith,Returning,Full Detail,Referral,Sarasota,Venice,150,145.0,0.0,145.0,78,Venmo,No Discount,No Feedback
2864,2025-03-11,CUST0933,Mary Johnson,Returning,Basic Wash,Facebook,Charlotte,Punta Gorda,40,35.0,5.0,40.0,171,Cash,No Discount,3.0
2865,2025-05-07,CUST0928,Mary Garcia,Returning,Ceramic Coating,Referral,Charlotte,Port Charlotte,350,348.0,15.0,363.0,160,Zelle,No Discount,5.0
2866,2025-06-09,CUST0558,Ava Brown,Returning,Premium Wash,TikTok,Sarasota,Sarasota,70,70.0,10.0,80.0,54,Zelle,VIP ,3.0
2867,2025-09-05,CUST1008,Olivia Smith,Returning,Ceramic Coating,Youtube,Charlotte,Port Charlotte,350,383.0,10.0,393.0,108,Cash,No Discount,No Feedback
2868,2025-07-22,CUST0385,Mary Garcia,Returning,Ceramic Coating,Instagram,Sarasota,Venice,350,383.0,0.0,383.0,54,Card,No Discount,5.0
2869,2025-05-28,CUST0657,Lewis Brown,Returning,Ceramic Coating,Unknown,Charlotte,Punta Gorda,350,350.0,20.0,370.0,166,Zelle,SUMMER10,3.0
2870,2025-05-23,CUST0040,Emma Smith,Returning,Full Detail,TikTok,Sarasota,North Port,150,152.0,0.0,152.0,87,Card,No Discount,4.0
2871,2025-07-18,CUST0312,Mary Davis,New,Basic Wash,Facebook,Charlotte,Port Charlotte,40,44.0,10.0,54.0,31,Cash App,SUMMER10,No Feedback
2872,2025-06-03,CUST0102,Lewis Anderson,Returning,Ceramic Coating,Facebook,Sarasota,Sarasota,350,352.0,0.0,352.0,155,Zelle,No Discount,3.0
2873,2025-05-22,CUST1096,Alex Johnson,Returning,Full Detail,Youtube,Charlotte,Port Charlotte,150,148.0,10.0,158.0,109,Venmo,NEWCUSTOMER,4.0
2874,2025-11-09,CUST0046,Alex Miller,Returning,Ceramic Coating,Facebook,Charlotte,Punta Gorda,350,390.0,0.0,390.0,105,Zelle,No Discount,4.0
2875,2025-06-14,CUST0381,Ava Miller,Returning,Premium Wash,Referral,Sarasota,North Port,70,65.0,5.0,70.0,169,Zelle,No Discount,3.0
2876,2025-11-10,CUST0210,Noah Martinez,Returning,Full Detail,TikTok,Sarasota,North Port,150,160.0,10.0,170.0,70,Venmo,VIP ,4.0
2877,2025-01-21,CUST0578,John Johnson,New,Basic Wash,Facebook,Charlotte,Punta Gorda,40,35.0,0.0,35.0,65,Cash App,VIP ,4.0
2878,2025-03-23,CUST0552,Alex Martinez,Returning,Full Detail,Facebook,Sarasota,Sarasota,150,148.0,20.0,168.0,122,Cash,No Discount,4.0
2879,2025-03-10,CUST0257,Liam Davis,Returning,Ceramic Coating,Instagram,Sarasota,Sarasota,350,345.0,10.0,355.0,162,Venmo,VIP ,5.0
2880,2025-05-11,CUST0898,Sofia Brown,Returning,Ceramic Coating,Facebook,Sarasota,Venice,350,352.0,5.0,367.0,156,Cash App,VIP ,4.0
2881,2025-03-28,CUST0017,Liam Garcia,Returning,Basic Wash,Facebook,Sarasota,Venice,40,38.0,10.0,48.0,155,Cash App,NEWCUSTOMER,4.0
2882,2025-08-06,CUST0477,Ava Smith,Returning,Full Detail,Other,Sarasota,Sarasota,150,167.0,0.0,167.0,155,Card,NEWCUSTOMER,No Feedback
2883,2025-11-01,CUST0185,Liam Davis,Returning,Ceramic Coating,Youtube,Sarasota,Venice,350,387.0,15.0,402.0,58,Zelle,NEWCUSTOMER,5.0
2884,2025-12-11,CUST0309,Emma Brown,Returning,Full Detail,TikTok,Charlotte,Punta Gorda,150,160.0,20.0,180.0,146,Cash,VIP ,4.0
2885,2025-12-07,CUST0031,Mary Garcia,New,Ceramic Coating,Facebook,Sarasota,Sarasota,350,390.0,15.0,405.0,148,Cash App,No Discount,3.0
2886,2025-06-10,CUST1011,Alex Garcia,Returning,Interior Detail,TikTok,Charlotte,Port Charlotte,90,90.0,5.0,95.0,40,Venmo,NEWCUSTOMER,4.0
2887,2025-06-27,CUST0445,Sofia Taylor,Returning,Full Detail,TikTok,Sarasota,North Port,150,152.0,0.0,152.0,124,Zelle,No Discount,5.0
2888,2025-04-27,CUST0701,Liam Brown,Returning,Interior Detail,TikTok,Sarasota,Sarasota,90,92.0,5.0,97.0,167,Cash App,No Discount,5.0
2889,2025-07-15,CUST0861,Alex Wilson,Returning,Full Detail,TikTok,Charlotte,Port Charlotte,150,163.0,10.0,173.0,85,Card,No Discount,No Feedback
2890,2025-11-23,CUST0639,Lewis Taylor,Returning,Premium Wash,Instagram,Sarasota,Venice,70,72.0,15.0,87.0,40,Zelle,SUMMER10,4.0
2891,2025-03-27,CUST1021,Olivia Davis,Returning,Ceramic Coating,Youtube,Charlotte,Port Charlotte,350,352.0,5.0,357.0,158,Cash,No Discount,4.0
2892,2025-10-16,CUST0761,John Taylor,Returning,Interior Detail,Referral,Sarasota,Venice,90,99.0,0.0,99.0,131,Card,NEWCUSTOMER,5.0
2893,2025-03-22,CUST0950,Noah Miller,Returning,Interior Detail,Instagram,Sarasota,North Port,90,90.0,5.0,95.0,48,Card,VIP ,4.0
2894,2025-06-01,CUST0065,Liam Miller,Returning,Full Detail,Instagram,Sarasota,Sarasota,150,150.0,15.0,165.0,168,Cash App,No Discount,5.0
2895,2025-03-02,CUST0677,Lewis Anderson,Returning,Premium Wash,Referral,Sarasota,Sarasota,70,65.0,0.0,65.0,85,Card,No Discount,No Feedback
2896,2025-03-02,CUST0165,Lewis Johnson,Returning,Full Detail,Referral,Sarasota,North Port,150,152.0,0.0,152.0,113,Zelle,No Discount,5.0
2897,2025-12-20,CUST0300,Liam Martinez,Returning,Full Detail,Referral,Charlotte,Punta Gorda,150,170.0,10.0,180.0,103,Cash App,SUMMER10,4.0
2898,2025-01-28,CUST0115,Ava Anderson,Returning,Interior Detail,Instagram,Sarasota,Sarasota,90,90.0,20.0,110.0,167,Cash,SUMMER10,5.0
2899,2025-02-12,CUST0546,Mary Garcia,Returning,Ceramic Coating,TikTok,Charlotte,Punta Gorda,350,350.0,5.0,355.0,91,Zelle,SUMMER10,No Feedback
2900,2025-06-18,CUST0804,Alex Wilson,Returning,Premium Wash,Facebook,Sarasota,North Port,70,65.0,15.0,80.0,164,Venmo,NEWCUSTOMER,4.0
2901,2025-03-27,CUST0147,John Martinez,Returning,Premium Wash,Referral,Sarasota,Sarasota,70,65.0,20.0,85.0,114,Zelle,No Discount,No Feedback
2902,2025-06-26,CUST1113,Alex Johnson,Returning,Interior Detail,TikTok,Sarasota,North Port,90,85.0,0.0,85.0,118,Cash,VIP ,5.0
2903,2025-01-17,CUST0963,Lewis Davis,New,Ceramic Coating,Referral,Sarasota,Venice,350,350.0,0.0,350.0,110,Venmo,No Discount,No Feedback
2904,2025-04-08,CUST0372,Alex Brown,Returning,Basic Wash,Facebook,Charlotte,Port Charlotte,40,45.0,5.0,50.0,115,Card,No Discount,No Feedback
2905,2025-07-17,CUST0394,Mary Davis,Returning,Full Detail,Youtube,Sarasota,Venice,150,167.0,0.0,167.0,145,Card,No Discount,4.0
2906,2025-04-08,CUST0513,John Smith,Returning,Premium Wash,TikTok,Charlotte,Port Charlotte,70,65.0,15.0,80.0,101,Venmo,NEWCUSTOMER,3.0
2907,2025-03-06,CUST0782,Mary Miller,Returning,Premium Wash,TikTok,Charlotte,Punta Gorda,70,72.0,0.0,72.0,76,Cash App,VIP ,3.0
2908,2025-11-26,CUST0026,Liam Garcia,Returning,Interior Detail,Youtube,Charlotte,Punta Gorda,90,101.0,20.0,121.0,161,Zelle,NEWCUSTOMER,5.0
2909,2025-12-07,CUST0250,Sofia Wilson,New,Full Detail,Referral,Charlotte,Port Charlotte,150,163.0,0.0,163.0,151,Cash App,No Discount,No Feedback
2910,2025-01-05,CUST0510,Ava Garcia,Returning,Ceramic Coating,Referral,Charlotte,Port Charlotte,350,345.0,10.0,355.0,127,Zelle,No Discount,5.0
2911,2025-01-02,CUST0789,Lewis Garcia,Returning,Ceramic Coating,Facebook,Sarasota,Sarasota,350,352.0,10.0,362.0,171,Cash,No Discount,5.0
2912,2025-01-22,CUST0908,John Taylor,Returning,Interior Detail,Youtube,Sarasota,Sarasota,90,92.0,20.0,112.0,92,Cash,VIP ,3.0
2913,2025-04-22,CUST0507,John Martinez,Returning,Basic Wash,Other,Charlotte,Port Charlotte,40,38.0,15.0,53.0,128,Venmo,No Discount,4.0
2914,2025-02-26,CUST0069,John Smith,Returning,Full Detail,Facebook,Charlotte,Port Charlotte,150,150.0,0.0,150.0,125,Card,No Discount,3.0
2915,2025-03-07,CUST0408,Noah Garcia,Returning,Full Detail,TikTok,Sarasota,Sarasota,150,150.0,15.0,165.0,95,Card,No Discount,4.0
2916,2025-11-26,CUST0944,Olivia Miller,Returning,Interior Detail,Youtube,Charlotte,Port Charlotte,90,97.0,20.0,117.0,144,Cash App,No Discount,4.0
2917,2025-04-08,CUST0193,Mary Brown,New,Ceramic Coating,Referral,Sarasota,Venice,350,348.0,5.0,353.0,65,Cash App,No Discount,5.0
2918,2025-05-24,CUST1068,Mary Brown,Returning,Basic Wash,Facebook,Charlotte,Port Charlotte,40,40.0,0.0,40.0,169,Cash,No Discount,4.0
2919,2025-05-05,CUST0427,Olivia Martinez,New,Interior Detail,Instagram,Sarasota,Venice,90,90.0,5.0,95.0,117,Zelle,SUMMER10,No Feedback
2920,2025-06-16,CUST0969,Alex Davis,Returning,Premium Wash,TikTok,Charlotte,Punta Gorda,70,65.0,0.0,65.0,40,Card,NEWCUSTOMER,4.0
2921,2025-03-27,CUST0797,Emma Anderson,Returning,Basic Wash,Instagram,Sarasota,North Port,40,35.0,0.0,35.0,176,Card,NEWCUSTOMER,5.0
2922,2025-03-17,CUST0640,Alex Johnson,Returning,Basic Wash,TikTok,Charlotte,Punta Gorda,40,42.0,10.0,52.0,69,Cash,No Discount,4.0
2923,2025-12-10,CUST0662,John Davis,Returning,Full Detail,Referral,Charlotte,Port Charlotte,150,165.0,15.0,180.0,108,Zelle,No Discount,4.0
2924,2025-10-21,CUST0325,Alex Miller,Returning,Premium Wash,Facebook,Sarasota,Sarasota,70,82.0,5.0,87.0,91,Card,No Discount,4.0
2925,2025-02-28,CUST0087,John Martinez,Returning,Basic Wash,TikTok,Charlotte,Punta Gorda,40,42.0,0.0,42.0,65,Card,VIP ,5.0
2926,2025-05-18,CUST1126,Olivia Johnson,Returning,Basic Wash,Facebook,Sarasota,Sarasota,40,40.0,10.0,50.0,138,Venmo,No Discount,5.0
2927,2025-04-09,CUST1067,Noah Davis,Returning,Basic Wash,Referral,Sarasota,North Port,40,40.0,15.0,55.0,79,Cash,VIP ,5.0
2928,2025-07-11,CUST0251,John Brown,Returning,Basic Wash,Facebook,Sarasota,Sarasota,40,44.0,0.0,44.0,35,Card,No Discount,4.0
2929,2025-08-31,CUST0519,Emma Davis,New,Interior Detail,Instagram,Charlotte,Punta Gorda,90,94.0,15.0,109.0,139,Cash,NEWCUSTOMER,4.0
2930,2025-11-15,CUST0986,John Smith,New,Interior Detail,Facebook,Sarasota,North Port,90,97.0,5.0,102.0,159,Venmo,VIP ,5.0
2931,2025-02-18,CUST0612,Alex Brown,Returning,Full Detail,Instagram,Sarasota,North Port,150,148.0,0.0,148.0,159,Venmo,VIP ,5.0
2932,2025-02-01,CUST0407,John Johnson,Returning,Premium Wash,Instagram,Charlotte,Port Charlotte,70,75.0,5.0,80.0,90,Card,No Discount,4.0
2933,2025-10-04,CUST0739,Mary Anderson,Returning,Basic Wash,Referral,Charlotte,Port Charlotte,40,39.0,15.0,54.0,119,Card,VIP ,5.0
2934,2025-01-20,CUST0107,Noah Miller,Returning,Interior Detail,Referral,Sarasota,Venice,90,85.0,10.0,95.0,62,Card,VIP ,3.0
2935,2025-06-03,CUST0447,Sofia Anderson,Returning,Interior Detail,TikTok,Charlotte,Port Charlotte,90,85.0,0.0,85.0,84,Card,SUMMER10,3.0
2936,2025-03-09,CUST0232,Lewis Johnson,Returning,Ceramic Coating,TikTok,Sarasota,Sarasota,350,345.0,15.0,360.0,92,Card,No Discount,4.0
2937,2025-08-02,CUST0484,Mary Smith,New,Premium Wash,Youtube,Charlotte,Punta Gorda,70,75.0,20.0,95.0,154,Card,No Discount,5.0
2938,2025-05-23,CUST0890,Olivia Wilson,Returning,Basic Wash,Instagram,Sarasota,North Port,40,42.0,10.0,52.0,69,Cash,VIP ,5.0
2939,2025-08-20,CUST0665,Mary Johnson,Returning,Basic Wash,TikTok,Charlotte,Port Charlotte,40,46.0,10.0,56.0,122,Venmo,NEWCUSTOMER,4.0
2940,2025-08-01,CUST0031,Olivia Martinez,Returning,Interior Detail,Facebook,Sarasota,Sarasota,90,101.0,0.0,101.0,90,Card,VIP ,3.0
2941,2025-03-20,CUST0343,Olivia Martinez,Returning,Ceramic Coating,Youtube,Charlotte,Punta Gorda,350,355.0,0.0,355.0,133,Cash,NEWCUSTOMER,No Feedback
2942,2025-08-02,CUST0566,Alex Martinez,Returning,Premium Wash,TikTok,Sarasota,North Port,70,72.0,15.0,87.0,136,Zelle,No Discount,3.0
2943,2025-04-26,CUST1198,Lewis Taylor,Returning,Full Detail,Referral,Charlotte,Port Charlotte,150,155.0,5.0,160.0,92,Cash App,No Discount,No Feedback
2944,2025-04-02,CUST0246,Liam Miller,Returning,Full Detail,TikTok,Charlotte,Punta Gorda,150,155.0,10.0,165.0,71,Cash,SUMMER10,4.0
2945,2025-09-27,CUST0811,Mary Johnson,Returning,Full Detail,TikTok,Charlotte,Punta Gorda,150,160.0,10.0,170.0,155,Card,No Discount,No Feedback
2946,2025-06-17,CUST0498,Liam Smith,Returning,Basic Wash,Youtube,Charlotte,Port Charlotte,40,40.0,15.0,55.0,46,Venmo,No Discount,4.0
2947,2025-02-27,CUST0019,John Johnson,Returning,Interior Detail,Instagram,Charlotte,Port Charlotte,90,92.0,0.0,92.0,180,Cash App,No Discount,4.0
2948,2025-10-11,CUST0087,Lewis Garcia,Returning,Ceramic Coating,TikTok,Charlotte,Punta Gorda,350,383.0,10.0,393.0,149,Cash App,SUMMER10,5.0
2949,2025-01-26,CUST1191,Liam Miller,New,Ceramic Coating,Facebook,Sarasota,North Port,350,352.0,5.0,357.0,55,Cash,No Discount,No Feedback
2950,2025-03-07,CUST0974,Ava Smith,Returning,Basic Wash,TikTok,Charlotte,Port Charlotte,40,42.0,20.0,62.0,77,Venmo,No Discount,No Feedback
2951,2025-09-05,CUST0318,Noah Taylor,Returning,Ceramic Coating,Youtube,Charlotte,Port Charlotte,350,380.0,10.0,390.0,64,Cash,SUMMER10,4.0
2952,2025-09-11,CUST0761,Emma Wilson,Returning,Ceramic Coating,Referral,Sarasota,Venice,350,390.0,20.0,410.0,138,Zelle,VIP ,4.0
2953,2025-02-13,CUST0184,Olivia Martinez,Returning,Full Detail,Instagram,Sarasota,Sarasota,150,148.0,0.0,148.0,159,Cash App,SUMMER10,5.0
2954,2025-04-07,CUST0510,Alex Davis,Returning,Full Detail,Referral,Charlotte,Port Charlotte,150,150.0,20.0,170.0,53,Zelle,NEWCUSTOMER,No Feedback
2955,2025-02-11,CUST0323,Olivia Miller,Returning,Basic Wash,Instagram,Sarasota,Sarasota,40,45.0,0.0,45.0,122,Cash,No Discount,5.0
2956,2025-08-15,CUST1024,Emma Martinez,Returning,Premium Wash,Youtube,Charlotte,Port Charlotte,70,82.0,15.0,97.0,70,Cash,NEWCUSTOMER,No Feedback
2957,2025-09-19,CUST0188,Sofia Johnson,Returning,Ceramic Coating,TikTok,Charlotte,Punta Gorda,350,390.0,10.0,400.0,32,Cash App,No Discount,5.0
2958,2025-06-16,CUST0694,Mary Wilson,Returning,Ceramic Coating,Referral,Sarasota,Sarasota,350,355.0,10.0,365.0,131,Card,NEWCUSTOMER,5.0
2959,2025-10-06,CUST0123,Noah Wilson,Returning,Ceramic Coating,Facebook,Sarasota,Sarasota,350,385.0,10.0,395.0,56,Card,No Discount,5.0
2960,2025-03-30,CUST0123,Mary Taylor,Returning,Interior Detail,Facebook,Sarasota,Sarasota,90,90.0,10.0,100.0,138,Zelle,SUMMER10,5.0
2961,2025-06-27,CUST0729,John Brown,Returning,Full Detail,Instagram,Sarasota,Sarasota,150,145.0,15.0,160.0,162,Cash,No Discount,3.0
2962,2025-07-16,CUST0316,Lewis Johnson,Returning,Full Detail,TikTok,Sarasota,North Port,150,163.0,0.0,163.0,105,Cash,No Discount,4.0
2963,2025-11-03,CUST1099,Ava Johnson,Returning,Ceramic Coating,TikTok,Charlotte,Punta Gorda,350,380.0,5.0,385.0,136,Cash App,SUMMER10,No Feedback
2964,2025-09-24,CUST0220,Sofia Martinez,Returning,Basic Wash,Facebook,Charlotte,Punta Gorda,40,39.0,5.0,44.0,144,Venmo,No Discount,4.0
2965,2025-09-25,CUST0258,Olivia Wilson,New,Full Detail,Facebook,Charlotte,Port Charlotte,150,167.0,20.0,187.0,139,Cash App,No Discount,No Feedback
2966,2025-03-15,CUST1000,Sofia Martinez,Returning,Interior Detail,Instagram,Sarasota,Sarasota,90,92.0,20.0,112.0,46,Zelle,No Discount,4.0
2967,2025-01-08,CUST0477,Lewis Davis,Returning,Premium Wash,TikTok,Sarasota,Sarasota,70,72.0,15.0,87.0,69,Cash,No Discount,No Feedback
2968,2025-10-24,CUST0649,John Taylor,Returning,Premium Wash,Instagram,Sarasota,Sarasota,70,79.0,10.0,89.0,97,Cash,NEWCUSTOMER,No Feedback
2969,2025-06-13,CUST1144,Sofia Brown,Returning,Premium Wash,Referral,Sarasota,Sarasota,70,70.0,5.0,75.0,62,Cash,No Discount,3.0
2970,2025-03-26,CUST0712,Noah Brown,Returning,Premium Wash,Instagram,Sarasota,Sarasota,70,72.0,0.0,72.0,84,Venmo,NEWCUSTOMER,5.0
2971,2025-03-13,CUST0899,Ava Davis,Returning,Full Detail,Instagram,Charlotte,Port Charlotte,150,150.0,0.0,150.0,132,Cash,NEWCUSTOMER,No Feedback
2972,2025-02-24,CUST0396,Emma Miller,New,Ceramic Coating,Referral,Sarasota,Venice,350,345.0,20.0,365.0,93,Card,No Discount,5.0
2973,2025-02-16,CUST0044,Mary Garcia,New,Interior Detail,Youtube,Charlotte,Port Charlotte,90,95.0,15.0,110.0,37,Cash App,SUMMER10,4.0
2974,2025-08-26,CUST0774,Mary Davis,Returning,Interior Detail,TikTok,Charlotte,Port Charlotte,90,99.0,15.0,114.0,128,Cash,No Discount,5.0
2975,2025-04-14,CUST0734,Alex Garcia,Returning,Premium Wash,Referral,Sarasota,North Port,70,68.0,0.0,68.0,71,Venmo,SUMMER10,5.0
2976,2025-07-29,CUST0276,Liam Garcia,Returning,Interior Detail,TikTok,Sarasota,Venice,90,99.0,15.0,114.0,64,Card,NEWCUSTOMER,4.0
2977,2025-02-11,CUST0514,John Davis,Returning,Full Detail,TikTok,Sarasota,Venice,150,152.0,20.0,172.0,106,Card,No Discount,No Feedback
2978,2025-11-12,CUST0081,Ava Martinez,Returning,Interior Detail,Youtube,Sarasota,Venice,90,104.0,0.0,104.0,125,Cash,NEWCUSTOMER,3.0
2979,2025-09-25,CUST0994,Noah Brown,Returning,Interior Detail,Unknown,Sarasota,Venice,90,104.0,0.0,104.0,145,Venmo,VIP ,4.0
2980,2025-09-20,CUST0897,Alex Garcia,Returning,Basic Wash,TikTok,Charlotte,Port Charlotte,40,44.0,15.0,59.0,103,Card,NEWCUSTOMER,4.0
2981,2025-02-12,CUST1145,John Anderson,Returning,Interior Detail,Youtube,Sarasota,North Port,90,99.0,0.0,99.0,170,Zelle,No Discount,No Feedback
2982,2025-12-31,CUST0604,John Taylor,Returning,Premium Wash,Facebook,Charlotte,Punta Gorda,70,77.0,20.0,97.0,75,Venmo,No Discount,5.0
2983,2025-09-16,CUST1112,Mary Smith,Returning,Ceramic Coating,Referral,Charlotte,Port Charlotte,350,387.0,0.0,387.0,32,Venmo,VIP ,4.0
2984,2025-10-10,CUST1004,Noah Smith,Returning,Interior Detail,Instagram,Charlotte,Port Charlotte,90,101.0,0.0,101.0,94,Card,No Discount,5.0
2985,2025-04-24,CUST0389,Liam Martinez,Returning,Full Detail,TikTok,Sarasota,North Port,150,145.0,0.0,145.0,118,Card,SUMMER10,4.0
2986,2025-12-29,CUST1161,Alex Anderson,Returning,Interior Detail,Facebook,Charlotte,Port Charlotte,90,94.0,0.0,94.0,121,Cash,No Discount,5.0
2987,2025-02-09,CUST0383,Noah Garcia,Returning,Basic Wash,Youtube,Sarasota,North Port,40,40.0,0.0,40.0,179,Cash App,SUMMER10,5.0
2988,2025-08-08,CUST1114,Liam Miller,Returning,Ceramic Coating,Facebook,Sarasota,North Port,350,387.0,15.0,402.0,139,Venmo,No Discount,4.0
2989,2025-05-09,CUST0713,Emma Taylor,Returning,Interior Detail,Youtube,Charlotte,Port Charlotte,90,90.0,20.0,110.0,77,Venmo,No Discount,3.0
2990,2025-01-08,CUST0663,Sofia Miller,Returning,Ceramic Coating,Instagram,Sarasota,Sarasota,350,345.0,0.0,345.0,42,Venmo,No Discount,4.0
2991,2025-04-11,CUST0960,Noah Davis,New,Interior Detail,Referral,Sarasota,North Port,90,90.0,20.0,110.0,166,Venmo,No Discount,3.0
2992,2025-06-25,CUST0564,Emma Taylor,Returning,Basic Wash,Instagram,Charlotte,Punta Gorda,40,35.0,15.0,50.0,163,Zelle,VIP ,3.0
2993,2025-04-17,CUST1136,Liam Johnson,Returning,Full Detail,Referral,Sarasota,Venice,150,155.0,10.0,165.0,129,Card,No Discount,4.0
2994,2025-04-11,CUST0329,Liam Brown,Returning,Basic Wash,Referral,Sarasota,Venice,40,35.0,10.0,45.0,31,Card,No Discount,5.0
2995,2025-09-17,CUST0142,Emma Martinez,Returning,Ceramic Coating,Referral,Charlotte,Port Charlotte,350,385.0,20.0,405.0,158,Cash,NEWCUSTOMER,No Feedback
2996,2025-09-03,CUST1088,Sofia Smith,Returning,Interior Detail,Instagram,Charlotte,Port Charlotte,90,99.0,15.0,114.0,95,Zelle,No Discount,3.0
2997,2025-10-02,CUST0318,Mary Davis,Returning,Ceramic Coating,Youtube,Charlotte,Port Charlotte,350,387.0,0.0,387.0,85,Zelle,No Discount,5.0
2998,2025-02-01,CUST0921,Noah Garcia,Returning,Interior Detail,Instagram,Sarasota,Sarasota,90,92.0,15.0,107.0,177,Zelle,No Discount,5.0
2999,2025-05-17,CUST0606,Emma Miller,Returning,Ceramic Coating,TikTok,Sarasota,North Port,350,348.0,15.0,363.0,36,Cash,No Discount,4.0
3000,2025-01-12,CUST0540,Sofia Garcia,Returning,Full Detail,Facebook,Charlotte,Punta Gorda,150,155.0,5.0,160.0,115,Zelle,No Discount,3.0
3001,2025-10-29,CUST1110,Olivia Smith,Returning,Premium Wash,Youtube,Sarasota,North Port,70,75.0,0.0,75.0,45,Venmo,No Discount,3.0
3002,2025-01-16,CUST0752,Ava Johnson,Returning,Ceramic Coating,Facebook,Sarasota,North Port,350,352.0,0.0,352.0,59,Cash App,SUMMER10,No Feedback
3003,2025-05-09,CUST0930,John Smith,New,Premium Wash,Instagram,Charlotte,Port Charlotte,70,70.0,10.0,80.0,129,Venmo,VIP ,4.0
3004,2025-03-04,CUST0002,Ava Martinez,Returning,Interior Detail,Unknown,Sarasota,Venice,90,90.0,5.0,95.0,169,Zelle,SUMMER10,4.0
3005,2025-04-19,CUST1037,Lewis Garcia,Returning,Basic Wash,Instagram,Sarasota,Sarasota,40,45.0,0.0,45.0,180,Venmo,NEWCUSTOMER,4.0
3006,2025-01-21,CUST0777,Noah Davis,Returning,Premium Wash,Unknown,Sarasota,Sarasota,70,72.0,10.0,82.0,42,Card,VIP ,4.0
3007,2025-06-07,CUST0380,Emma Anderson,New,Full Detail,Youtube,Charlotte,Port Charlotte,150,152.0,0.0,152.0,156,Cash,No Discount,4.0
3008,2025-09-26,CUST0039,Ava Brown,Returning,Full Detail,Facebook,Charlotte,Port Charlotte,150,170.0,0.0,170.0,160,Cash,No Discount,5.0
3009,2025-06-11,CUST0746,Alex Davis,Returning,Basic Wash,Instagram,Charlotte,Port Charlotte,40,35.0,20.0,55.0,148,Card,NEWCUSTOMER,4.0
3010,2025-09-17,CUST0490,Alex Miller,Returning,Full Detail,Youtube,Charlotte,Punta Gorda,150,160.0,20.0,180.0,51,Cash App,No Discount,3.0
3011,2025-04-12,CUST0657,Mary Anderson,Returning,Full Detail,Referral,Charlotte,Punta Gorda,150,155.0,0.0,155.0,109,Venmo,No Discount,4.0
3012,2025-08-11,CUST0130,Mary Anderson,Returning,Ceramic Coating,Facebook,Charlotte,Port Charlotte,350,385.0,0.0,385.0,116,Zelle,No Discount,No Feedback
3013,2025-02-28,CUST1104,Noah Miller,Returning,Interior Detail,Youtube,Charlotte,Punta Gorda,90,92.0,0.0,92.0,149,Zelle,No Discount,4.0
3014,2025-09-04,CUST0794,Mary Martinez,Returning,Full Detail,Youtube,Sarasota,North Port,150,160.0,15.0,175.0,54,Cash,No Discount,5.0
3015,2025-05-08,CUST0389,Olivia Taylor,Returning,Premium Wash,TikTok,Sarasota,North Port,70,70.0,20.0,90.0,33,Cash,NEWCUSTOMER,5.0
3016,2025-10-10,CUST1074,Sofia Davis,Returning,Ceramic Coating,TikTok,Sarasota,Sarasota,350,390.0,0.0,390.0,126,Venmo,No Discount,4.0
3017,2025-11-21,CUST1019,Emma Taylor,Returning,Basic Wash,Youtube,Sarasota,Venice,40,49.0,5.0,54.0,143,Card,No Discount,4.0
3018,2025-01-25,CUST1130,Sofia Martinez,Returning,Full Detail,Instagram,Charlotte,Punta Gorda,150,150.0,0.0,150.0,109,Venmo,NEWCUSTOMER,5.0
3019,2025-05-11,CUST0316,John Davis,Returning,Full Detail,TikTok,Sarasota,North Port,150,145.0,0.0,145.0,178,Cash,VIP ,No Feedback
3020,2025-12-19,CUST0580,Mary Smith,Returning,Basic Wash,Referral,Sarasota,North Port,40,39.0,0.0,39.0,49,Venmo,No Discount,3.0
3021,2025-07-15,CUST0661,Sofia Anderson,Returning,Ceramic Coating,TikTok,Charlotte,Punta Gorda,350,385.0,0.0,385.0,118,Card,No Discount,5.0
3022,2025-10-08,CUST0840,Alex Garcia,Returning,Ceramic Coating,Facebook,Sarasota,North Port,350,380.0,5.0,385.0,72,Zelle,NEWCUSTOMER,5.0
3023,2025-06-03,CUST0660,Ava Martinez,Returning,Full Detail,Referral,Sarasota,North Port,150,150.0,5.0,155.0,110,Card,NEWCUSTOMER,5.0
3024,2025-05-13,CUST0227,Mary Johnson,Returning,Interior Detail,Referral,Sarasota,Venice,90,90.0,15.0,105.0,96,Cash,VIP ,No Feedback
3025,2025-08-15,CUST0198,Olivia Garcia,Returning,Interior Detail,Facebook,Sarasota,Sarasota,90,104.0,5.0,109.0,176,Card,NEWCUSTOMER,4.0
3026,2025-07-08,CUST1072,Ava Taylor,Returning,Premium Wash,Referral,Charlotte,Port Charlotte,70,72.0,10.0,82.0,124,Card,No Discount,5.0
3027,2025-09-22,CUST0137,Mary Brown,New,Full Detail,Facebook,Sarasota,North Port,150,165.0,20.0,185.0,102,Cash App,NEWCUSTOMER,4.0
3028,2025-05-14,CUST0090,Olivia Wilson,Returning,Premium Wash,TikTok,Sarasota,Venice,70,70.0,0.0,70.0,74,Venmo,VIP ,4.0
3029,2025-07-30,CUST0266,John Wilson,Returning,Interior Detail,Facebook,Sarasota,Venice,90,99.0,10.0,109.0,173,Card,NEWCUSTOMER,5.0
3030,2025-03-01,CUST0366,John Wilson,Returning,Ceramic Coating,Unknown,Charlotte,Punta Gorda,350,355.0,20.0,375.0,83,Zelle,NEWCUSTOMER,4.0
3031,2025-12-30,CUST0065,Alex Wilson,Returning,Basic Wash,Instagram,Sarasota,Sarasota,40,49.0,5.0,54.0,52,Card,SUMMER10,4.0
3032,2025-12-30,CUST0414,Lewis Garcia,Returning,Premium Wash,TikTok,Charlotte,Punta Gorda,70,77.0,15.0,92.0,88,Cash,No Discount,5.0
3033,2025-08-01,CUST0220,Lewis Martinez,Returning,Full Detail,Facebook,Charlotte,Punta Gorda,150,170.0,0.0,170.0,84,Card,No Discount,3.0
3034,2025-08-04,CUST0995,John Martinez,Returning,Ceramic Coating,Unknown,Charlotte,Punta Gorda,350,380.0,0.0,380.0,82,Card,No Discount,5.0
3035,2025-08-14,CUST0393,Lewis Johnson,New,Premium Wash,Youtube,Sarasota,Venice,70,82.0,0.0,82.0,40,Cash,SUMMER10,No Feedback
3036,2025-05-11,CUST0203,Olivia Garcia,Returning,Ceramic Coating,TikTok,Sarasota,Sarasota,350,348.0,20.0,368.0,126,Cash App,No Discount,4.0
3037,2025-03-17,CUST0066,Mary Brown,Returning,Premium Wash,Referral,Sarasota,North Port,70,70.0,15.0,85.0,119,Card,No Discount,5.0
3038,2025-10-13,CUST1170,John Davis,Returning,Full Detail,Instagram,Sarasota,Sarasota,150,165.0,0.0,165.0,178,Cash App,No Discount,4.0
3039,2025-10-04,CUST0796,Emma Martinez,Returning,Interior Detail,Youtube,Charlotte,Punta Gorda,90,104.0,0.0,104.0,156,Card,No Discount,5.0
3040,2025-06-05,CUST1004,Ava Garcia,Returning,Interior Detail,Instagram,Charlotte,Port Charlotte,90,90.0,0.0,90.0,30,Cash,No Discount,4.0
3041,2025-09-05,CUST1077,Noah Davis,Returning,Ceramic Coating,Referral,Sarasota,North Port,350,383.0,20.0,403.0,166,Zelle,NEWCUSTOMER,3.0
3042,2025-08-06,CUST0525,Alex Miller,Returning,Interior Detail,TikTok,Sarasota,Sarasota,90,104.0,0.0,104.0,80,Cash,No Discount,4.0
3043,2025-07-09,CUST0101,Alex Smith,Returning,Full Detail,Instagram,Sarasota,Sarasota,150,170.0,10.0,180.0,71,Venmo,VIP ,4.0
3044,2025-12-06,CUST0751,Olivia Anderson,Returning,Ceramic Coating,Youtube,Sarasota,North Port,350,352.0,15.0,367.0,88,Venmo,No Discount,4.0
3045,2025-06-29,CUST0453,Lewis Smith,Returning,Premium Wash,Referral,Charlotte,Punta Gorda,70,70.0,10.0,80.0,172,Cash,No Discount,3.0
3046,2025-02-03,CUST0146,Ava Taylor,Returning,Interior Detail,Facebook,Sarasota,Sarasota,90,85.0,20.0,105.0,112,Card,NEWCUSTOMER,4.0
3047,2025-02-10,CUST0027,Sofia Miller,Returning,Basic Wash,Youtube,Charlotte,Punta Gorda,40,40.0,10.0,50.0,152,Venmo,NEWCUSTOMER,No Feedback
3048,2025-11-03,CUST0428,Olivia Wilson,Returning,Ceramic Coating,Instagram,Charlotte,Port Charlotte,350,385.0,10.0,395.0,65,Cash,SUMMER10,4.0
3049,2025-12-04,CUST1007,Lewis Miller,Returning,Premium Wash,Facebook,Charlotte,Port Charlotte,70,82.0,0.0,82.0,143,Cash,VIP ,4.0
3050,2025-11-10,CUST0164,Liam Wilson,Returning,Interior Detail,Referral,Sarasota,Venice,90,94.0,0.0,94.0,156,Cash,NEWCUSTOMER,4.0
3051,2025-03-16,CUST0959,Mary Garcia,New,Basic Wash,Instagram,Charlotte,Punta Gorda,40,38.0,15.0,53.0,172,Cash App,No Discount,5.0
3052,2025-10-06,CUST0125,Olivia Taylor,Returning,Interior Detail,Instagram,Sarasota,Sarasota,90,104.0,0.0,104.0,173,Cash,NEWCUSTOMER,4.0
3053,2025-06-25,CUST0740,John Anderson,Returning,Ceramic Coating,Referral,Charlotte,Port Charlotte,350,348.0,10.0,358.0,97,Cash App,SUMMER10,No Feedback
3054,2025-05-30,CUST1143,Olivia Smith,Returning,Interior Detail,Youtube,Charlotte,Punta Gorda,90,90.0,20.0,110.0,75,Cash,NEWCUSTOMER,4.0
3055,2025-09-30,CUST0852,Alex Brown,Returning,Full Detail,Unknown,Charlotte,Punta Gorda,150,170.0,15.0,185.0,74,Cash App,No Discount,4.0
3056,2025-11-21,CUST0756,Ava Wilson,Returning,Premium Wash,Facebook,Sarasota,North Port,70,77.0,5.0,82.0,100,Venmo,No Discount,5.0
3057,2025-04-18,CUST0120,Alex Wilson,Returning,Premium Wash,TikTok,Sarasota,Venice,70,72.0,5.0,77.0,107,Card,SUMMER10,5.0
3058,2025-05-19,CUST0545,Olivia Martinez,New,Full Detail,Other,Sarasota,Venice,150,152.0,5.0,157.0,44,Card,No Discount,4.0
3059,2025-12-16,CUST1084,John Smith,Returning,Premium Wash,Referral,Charlotte,Port Charlotte,70,82.0,0.0,82.0,162,Cash App,No Discount,5.0
3060,2025-09-28,CUST0084,Alex Brown,Returning,Interior Detail,Instagram,Charlotte,Port Charlotte,90,97.0,15.0,112.0,31,Cash,No Discount,5.0
3061,2025-12-13,CUST0145,Sofia Garcia,Returning,Premium Wash,Referral,Sarasota,Sarasota,70,75.0,10.0,85.0,72,Card,No Discount,5.0
3062,2025-10-16,CUST0623,Lewis Anderson,Returning,Interior Detail,Youtube,Sarasota,Venice,90,101.0,20.0,121.0,179,Card,VIP ,3.0
3063,2025-07-31,CUST0160,Mary Smith,Returning,Basic Wash,Youtube,Sarasota,Sarasota,40,46.0,15.0,61.0,179,Cash App,No Discount,4.0
3064,2025-09-29,CUST0443,Emma Garcia,New,Premium Wash,TikTok,Sarasota,Sarasota,70,72.0,5.0,77.0,96,Cash,No Discount,No Feedback
3065,2025-03-07,CUST1064,Emma Taylor,Returning,Interior Detail,TikTok,Sarasota,Venice,90,90.0,0.0,90.0,72,Venmo,SUMMER10,No Feedback
3066,2025-09-05,CUST0199,John Davis,Returning,Interior Detail,Youtube,Charlotte,Punta Gorda,90,97.0,20.0,117.0,67,Cash,VIP ,5.0
3067,2025-06-05,CUST0208,Olivia Wilson,Returning,Interior Detail,Instagram,Charlotte,Port Charlotte,90,92.0,15.0,107.0,121,Cash App,VIP ,3.0
3068,2025-02-16,CUST0474,Ava Garcia,Returning,Premium Wash,Instagram,Sarasota,Venice,70,68.0,20.0,88.0,166,Cash,No Discount,No Feedback
3069,2025-07-20,CUST1089,Noah Brown,Returning,Premium Wash,Youtube,Charlotte,Port Charlotte,70,82.0,10.0,92.0,41,Zelle,No Discount,3.0
3070,2025-05-28,CUST0790,John Johnson,Returning,Full Detail,Facebook,Charlotte,Port Charlotte,150,155.0,10.0,165.0,92,Venmo,VIP ,5.0
3071,2025-05-04,CUST0389,John Davis,Returning,Interior Detail,TikTok,Sarasota,North Port,90,90.0,5.0,95.0,93,Cash App,No Discount,5.0
3072,2025-01-01,CUST0396,Olivia Anderson,Returning,Basic Wash,Referral,Sarasota,Venice,40,45.0,10.0,55.0,132,Cash App,NEWCUSTOMER,No Feedback
3073,2025-09-04,CUST1078,Mary Anderson,Returning,Basic Wash,Unknown,Charlotte,Punta Gorda,40,46.0,0.0,46.0,84,Venmo,No Discount,4.0
3074,2025-12-09,CUST0510,Emma Garcia,Returning,Basic Wash,Referral,Charlotte,Port Charlotte,40,42.0,0.0,42.0,160,Cash,No Discount,5.0
3075,2025-05-08,CUST1168,Liam Wilson,Returning,Ceramic Coating,Instagram,Sarasota,North Port,350,352.0,0.0,352.0,169,Card,NEWCUSTOMER,3.0
3076,2025-07-10,CUST0367,Ava Anderson,Returning,Ceramic Coating,Youtube,Charlotte,Punta Gorda,350,387.0,15.0,402.0,66,Card,NEWCUSTOMER,5.0
3077,2025-03-08,CUST1144,Ava Johnson,Returning,Basic Wash,Referral,Sarasota,Sarasota,40,38.0,0.0,38.0,168,Venmo,No Discount,4.0
3078,2025-01-04,CUST1144,Liam Martinez,Returning,Interior Detail,Referral,Sarasota,Sarasota,90,90.0,0.0,90.0,180,Cash,No Discount,5.0
3079,2025-10-30,CUST0851,Alex Martinez,Returning,Ceramic Coating,TikTok,Sarasota,Sarasota,350,390.0,15.0,405.0,41,Card,No Discount,4.0
3080,2025-10-21,CUST0217,Alex Miller,Returning,Premium Wash,TikTok,Charlotte,Punta Gorda,70,72.0,0.0,72.0,118,Venmo,No Discount,4.0
3081,2025-05-23,CUST1181,Olivia Wilson,Returning,Full Detail,TikTok,Charlotte,Punta Gorda,150,150.0,10.0,160.0,179,Cash,VIP ,5.0
3082,2025-07-10,CUST0734,Liam Miller,Returning,Full Detail,Referral,Sarasota,North Port,150,165.0,15.0,180.0,45,Cash App,VIP ,4.0
3083,2025-01-21,CUST0940,Olivia Wilson,Returning,Premium Wash,TikTok,Sarasota,North Port,70,72.0,15.0,87.0,62,Cash,No Discount,5.0
3084,2025-08-15,CUST0875,Liam Miller,Returning,Basic Wash,Instagram,Charlotte,Punta Gorda,40,39.0,20.0,59.0,153,Venmo,NEWCUSTOMER,4.0
3085,2025-11-09,CUST0214,Liam Johnson,Returning,Premium Wash,Youtube,Sarasota,North Port,70,75.0,5.0,80.0,77,Card,No Discount,5.0
3086,2025-04-27,CUST0342,Liam Wilson,Returning,Interior Detail,Referral,Sarasota,Sarasota,90,90.0,0.0,90.0,153,Zelle,No Discount,4.0
3087,2025-10-29,CUST0370,Ava Taylor,Returning,Full Detail,Facebook,Charlotte,Port Charlotte,150,165.0,10.0,175.0,172,Card,No Discount,4.0
3088,2025-05-22,CUST1127,Emma Taylor,Returning,Full Detail,Unknown,Charlotte,Port Charlotte,150,150.0,15.0,165.0,51,Cash,NEWCUSTOMER,5.0
3089,2025-02-08,CUST0823,Emma Anderson,Returning,Premium Wash,Referral,Charlotte,Port Charlotte,70,65.0,10.0,75.0,71,Card,SUMMER10,5.0
3090,2025-12-21,CUST1034,Alex Anderson,Returning,Ceramic Coating,Referral,Charlotte,Port Charlotte,350,383.0,5.0,388.0,79,Card,No Discount,4.0
3091,2025-09-09,CUST0692,Lewis Miller,Returning,Interior Detail,TikTok,Charlotte,Punta Gorda,90,104.0,0.0,104.0,63,Cash,NEWCUSTOMER,5.0
3092,2025-11-29,CUST0324,John Miller,Returning,Full Detail,Instagram,Sarasota,Venice,150,170.0,15.0,185.0,149,Cash,No Discount,5.0
3093,2025-07-26,CUST1094,Mary Taylor,Returning,Ceramic Coating,Facebook,Charlotte,Punta Gorda,350,385.0,0.0,385.0,165,Cash,SUMMER10,4.0
3094,2025-07-29,CUST0908,Liam Martinez,Returning,Ceramic Coating,Youtube,Sarasota,Sarasota,350,390.0,5.0,395.0,139,Zelle,No Discount,5.0
3095,2025-04-25,CUST0722,Alex Anderson,Returning,Basic Wash,Youtube,Sarasota,Sarasota,40,35.0,10.0,45.0,42,Cash App,NEWCUSTOMER,4.0
3096,2025-08-13,CUST0646,Mary Brown,Returning,Premium Wash,Facebook,Charlotte,Punta Gorda,70,75.0,15.0,90.0,116,Cash,No Discount,5.0
3097,2025-05-14,CUST1127,Emma Garcia,Returning,Full Detail,Instagram,Charlotte,Port Charlotte,150,152.0,15.0,167.0,111,Cash,SUMMER10,5.0
3098,2025-09-08,CUST0665,Noah Brown,Returning,Full Detail,TikTok,Charlotte,Port Charlotte,150,163.0,0.0,163.0,169,Venmo,SUMMER10,4.0
3099,2025-08-07,CUST0762,Lewis Anderson,Returning,Premium Wash,Instagram,Sarasota,Venice,70,79.0,10.0,89.0,58,Card,SUMMER10,4.0
3100,2025-04-01,CUST0845,Liam Garcia,Returning,Full Detail,Instagram,Sarasota,Venice,150,150.0,20.0,170.0,34,Card,No Discount,4.0
3101,2025-12-20,CUST0882,Mary Wilson,Returning,Premium Wash,Instagram,Charlotte,Punta Gorda,70,79.0,5.0,84.0,89,Zelle,VIP ,5.0
3102,2025-02-15,CUST0663,Mary Wilson,Returning,Full Detail,Instagram,Sarasota,Sarasota,150,145.0,0.0,145.0,97,Zelle,No Discount,4.0
3103,2025-02-07,CUST0493,Ava Davis,Returning,Full Detail,Facebook,Charlotte,Port Charlotte,150,148.0,5.0,153.0,49,Venmo,No Discount,4.0
3104,2025-05-22,CUST1154,Mary Davis,Returning,Premium Wash,Youtube,Sarasota,North Port,70,70.0,15.0,85.0,152,Cash,NEWCUSTOMER,3.0
3105,2025-04-10,CUST1118,Sofia Brown,Returning,Interior Detail,TikTok,Sarasota,Venice,90,95.0,20.0,115.0,107,Cash,VIP ,4.0
3106,2025-11-24,CUST0439,Emma Anderson,Returning,Full Detail,Facebook,Sarasota,Sarasota,150,160.0,20.0,180.0,163,Zelle,VIP ,4.0
3107,2025-07-09,CUST0769,Emma Davis,Returning,Interior Detail,TikTok,Charlotte,Port Charlotte,90,99.0,0.0,99.0,51,Card,SUMMER10,No Feedback
3108,2025-02-04,CUST1127,Ava Brown,Returning,Ceramic Coating,Instagram,Charlotte,Port Charlotte,350,345.0,0.0,345.0,124,Cash,NEWCUSTOMER,4.0
3109,2025-05-27,CUST0521,Ava Miller,Returning,Basic Wash,Facebook,Charlotte,Port Charlotte,40,40.0,20.0,60.0,132,Card,SUMMER10,4.0
3110,2025-01-30,CUST0738,Emma Garcia,Returning,Interior Detail,Instagram,Sarasota,North Port,90,92.0,20.0,112.0,93,Card,NEWCUSTOMER,5.0
3111,2025-11-30,CUST0927,Ava Wilson,Returning,Full Detail,Other,Sarasota,North Port,150,165.0,5.0,170.0,83,Venmo,No Discount,4.0
3112,2025-03-25,CUST0917,John Anderson,New,Full Detail,TikTok,Sarasota,Sarasota,150,150.0,10.0,160.0,53,Zelle,SUMMER10,3.0
3113,2025-10-08,CUST0814,Ava Garcia,Returning,Full Detail,Facebook,Sarasota,Venice,150,165.0,0.0,165.0,118,Card,No Discount,5.0
3114,2025-12-10,CUST0001,Olivia Davis,Returning,Ceramic Coating,Instagram,Sarasota,Sarasota,350,383.0,0.0,383.0,153,Cash,No Discount,3.0
3115,2025-09-27,CUST0071,Olivia Garcia,Returning,Full Detail,Referral,Sarasota,Venice,150,170.0,0.0,170.0,41,Cash,No Discount,4.0
3116,2025-06-03,CUST0583,Sofia Johnson,Returning,Ceramic Coating,Youtube,Sarasota,Sarasota,350,348.0,0.0,348.0,54,Venmo,VIP ,5.0
3117,2025-04-12,CUST0034,Noah Garcia,Returning,Full Detail,Facebook,Sarasota,North Port,150,150.0,5.0,155.0,56,Cash App,VIP ,5.0
3118,2025-08-03,CUST1061,Alex Anderson,Returning,Premium Wash,Instagram,Sarasota,Sarasota,70,77.0,10.0,87.0,165,Cash App,NEWCUSTOMER,5.0
3119,2025-05-30,CUST0277,Ava Johnson,Returning,Basic Wash,TikTok,Charlotte,Port Charlotte,40,38.0,20.0,58.0,46,Cash App,NEWCUSTOMER,3.0
3120,2025-03-24,CUST0619,Olivia Smith,Returning,Ceramic Coating,Facebook,Sarasota,Sarasota,350,350.0,5.0,355.0,123,Venmo,NEWCUSTOMER,3.0
3121,2025-04-20,CUST0014,Liam Anderson,Returning,Basic Wash,Youtube,Sarasota,Sarasota,40,38.0,20.0,58.0,39,Cash,No Discount,5.0
3122,2025-10-02,CUST0616,Liam Wilson,Returning,Basic Wash,Youtube,Charlotte,Punta Gorda,40,39.0,5.0,44.0,38,Cash,No Discount,4.0
3123,2025-07-20,CUST0455,Alex Brown,Returning,Full Detail,Referral,Sarasota,Sarasota,150,170.0,10.0,180.0,162,Cash,VIP ,5.0
3124,2025-10-11,CUST0440,Noah Taylor,Returning,Premium Wash,Instagram,Sarasota,Venice,70,79.0,15.0,94.0,66,Cash,No Discount,5.0
3125,2025-06-22,CUST0645,Emma Johnson,Returning,Ceramic Coating,TikTok,Charlotte,Punta Gorda,350,355.0,20.0,375.0,177,Card,VIP ,No Feedback
3126,2025-11-23,CUST0045,Emma Martinez,Returning,Full Detail,Youtube,Sarasota,Sarasota,150,163.0,0.0,163.0,148,Zelle,No Discount,5.0
3127,2025-07-25,CUST0566,Liam Miller,Returning,Interior Detail,TikTok,Sarasota,North Port,90,94.0,0.0,94.0,138,Card,VIP ,4.0
3128,2025-03-04,CUST1134,John Taylor,Returning,Full Detail,Youtube,Sarasota,North Port,150,150.0,0.0,150.0,37,Cash App,No Discount,3.0
3129,2025-03-14,CUST1048,John Martinez,Returning,Basic Wash,Youtube,Charlotte,Punta Gorda,40,40.0,0.0,40.0,99,Zelle,NEWCUSTOMER,5.0
3130,2025-09-08,CUST1140,Liam Garcia,Returning,Basic Wash,TikTok,Charlotte,Port Charlotte,40,49.0,10.0,59.0,165,Zelle,SUMMER10,4.0
3131,2025-05-04,CUST1169,Lewis Garcia,Returning,Full Detail,Youtube,Sarasota,Venice,150,150.0,20.0,170.0,123,Zelle,No Discount,4.0
3132,2025-05-01,CUST1171,Alex Johnson,Returning,Interior Detail,TikTok,Sarasota,North Port,90,92.0,0.0,92.0,101,Cash,No Discount,5.0
3133,2025-10-02,CUST0317,Sofia Martinez,Returning,Interior Detail,Youtube,Charlotte,Port Charlotte,90,97.0,20.0,117.0,35,Cash,SUMMER10,No Feedback
3134,2025-04-30,CUST0194,Emma Miller,Returning,Premium Wash,TikTok,Sarasota,Venice,70,68.0,10.0,78.0,47,Cash App,SUMMER10,4.0
3135,2025-11-13,CUST0078,Olivia Davis,Returning,Interior Detail,Referral,Sarasota,North Port,90,101.0,15.0,116.0,121,Card,VIP ,5.0
3136,2025-06-13,CUST0943,Olivia Anderson,Returning,Full Detail,Facebook,Charlotte,Punta Gorda,150,148.0,20.0,168.0,37,Zelle,No Discount,5.0
3137,2025-10-13,CUST0729,Ava Smith,Returning,Full Detail,Instagram,Sarasota,Sarasota,150,167.0,10.0,177.0,149,Card,No Discount,5.0
3138,2025-09-22,CUST0320,Liam Davis,Returning,Interior Detail,TikTok,Sarasota,Sarasota,90,101.0,0.0,101.0,169,Venmo,SUMMER10,3.0
3139,2025-11-16,CUST0284,Alex Davis,Returning,Ceramic Coating,Youtube,Sarasota,North Port,350,385.0,0.0,385.0,32,Card,VIP ,No Feedback
3140,2025-06-10,CUST0543,John Martinez,Returning,Basic Wash,Facebook,Sarasota,Sarasota,40,40.0,10.0,50.0,153,Card,No Discount,3.0
3141,2025-11-04,CUST0752,Alex Miller,Returning,Full Detail,Facebook,Sarasota,North Port,150,160.0,20.0,180.0,178,Cash,VIP ,5.0
3142,2025-03-30,CUST1193,Lewis Anderson,Returning,Basic Wash,Instagram,Sarasota,Venice,40,38.0,0.0,38.0,91,Zelle,VIP ,5.0
3143,2025-05-22,CUST0512,Mary Johnson,Returning,Basic Wash,Instagram,Sarasota,North Port,40,45.0,10.0,55.0,101,Cash App,SUMMER10,5.0
3144,2025-07-22,CUST0478,Emma Taylor,Returning,Interior Detail,Facebook,Sarasota,North Port,90,94.0,5.0,99.0,111,Cash,NEWCUSTOMER,4.0
3145,2025-11-05,CUST0525,John Martinez,Returning,Premium Wash,TikTok,Sarasota,Sarasota,70,77.0,0.0,77.0,56,Cash App,No Discount,4.0
3146,2025-08-15,CUST0616,Mary Miller,Returning,Ceramic Coating,Youtube,Charlotte,Punta Gorda,350,385.0,10.0,395.0,79,Card,No Discount,3.0
3147,2025-11-30,CUST0189,Liam Garcia,Returning,Full Detail,Instagram,Sarasota,Sarasota,150,167.0,5.0,187.0,94,Zelle,No Discount,4.0
3148,2025-08-10,CUST1169,Alex Wilson,Returning,Full Detail,Youtube,Sarasota,Venice,150,165.0,0.0,165.0,154,Card,VIP ,4.0
3149,2025-02-10,CUST0819,Mary Smith,Returning,Full Detail,Instagram,Charlotte,Punta Gorda,150,150.0,20.0,170.0,106,Card,No Discount,5.0
3150,2025-07-15,CUST1166,Lewis Brown,Returning,Premium Wash,Youtube,Sarasota,North Port,70,77.0,20.0,97.0,143,Cash,No Discount,4.0
3151,2025-03-09,CUST0446,John Brown,Returning,Premium Wash,Referral,Charlotte,Punta Gorda,70,68.0,0.0,68.0,115,Cash,SUMMER10,4.0
3152,2025-09-21,CUST0159,Olivia Martinez,New,Basic Wash,Youtube,Charlotte,Port Charlotte,40,44.0,10.0,54.0,165,Card,No Discount,No Feedback
3153,2025-01-02,CUST0665,Lewis Brown,Returning,Basic Wash,TikTok,Charlotte,Port Charlotte,40,45.0,0.0,45.0,68,Card,No Discount,No Feedback
3154,2025-12-27,CUST0989,Noah Miller,Returning,Basic Wash,Instagram,Sarasota,North Port,40,42.0,5.0,47.0,54,Card,SUMMER10,No Feedback
3155,2025-05-05,CUST0355,Emma Johnson,Returning,Ceramic Coating,Referral,Sarasota,North Port,350,345.0,10.0,355.0,177,Cash App,VIP ,3.0
3156,2025-04-20,CUST1000,Liam Miller,Returning,Full Detail,Instagram,Sarasota,Sarasota,150,150.0,5.0,155.0,178,Zelle,VIP ,5.0
3157,2025-03-27,CUST1181,Mary Davis,Returning,Ceramic Coating,TikTok,Charlotte,Punta Gorda,350,345.0,5.0,350.0,54,Card,No Discount,4.0
3158,2025-04-30,CUST0196,Olivia Davis,Returning,Basic Wash,Youtube,Sarasota,Sarasota,40,40.0,20.0,60.0,125,Cash,No Discount,4.0
3159,2025-05-07,CUST0616,Liam Miller,Returning,Interior Detail,Youtube,Charlotte,Punta Gorda,90,88.0,0.0,88.0,119,Card,SUMMER10,5.0
3160,2025-09-12,CUST0077,Lewis Wilson,Returning,Premium Wash,Referral,Sarasota,Sarasota,70,82.0,0.0,82.0,84,Cash,No Discount,3.0
3161,2025-07-02,CUST1181,Noah Wilson,Returning,Premium Wash,TikTok,Charlotte,Punta Gorda,70,77.0,0.0,77.0,96,Venmo,SUMMER10,4.0
3162,2025-01-16,CUST0782,Alex Taylor,Returning,Ceramic Coating,TikTok,Charlotte,Punta Gorda,350,348.0,0.0,348.0,151,Zelle,No Discount,4.0
3163,2025-03-03,CUST0161,Sofia Brown,Returning,Full Detail,Instagram,Charlotte,Port Charlotte,150,152.0,15.0,167.0,141,Cash,No Discount,4.0
3164,2025-06-07,CUST0115,Olivia Smith,Returning,Ceramic Coating,Instagram,Sarasota,Sarasota,350,350.0,15.0,365.0,51,Cash,No Discount,No Feedback
3165,2025-09-25,CUST0685,Ava Anderson,New,Ceramic Coating,Referral,Charlotte,Punta Gorda,350,387.0,5.0,392.0,179,Card,VIP ,No Feedback
3166,2025-02-04,CUST0713,Alex Brown,Returning,Interior Detail,Youtube,Charlotte,Port Charlotte,90,85.0,5.0,90.0,105,Cash App,No Discount,5.0
3167,2025-09-24,CUST0890,Lewis Miller,Returning,Basic Wash,Instagram,Sarasota,North Port,40,49.0,5.0,54.0,90,Zelle,NEWCUSTOMER,4.0
3168,2025-03-05,CUST0854,Ava Taylor,Returning,Premium Wash,TikTok,Sarasota,Sarasota,70,72.0,5.0,77.0,121,Venmo,VIP ,No Feedback
3169,2025-02-19,CUST0247,Alex Taylor,Returning,Full Detail,Referral,Sarasota,North Port,150,150.0,5.0,155.0,43,Venmo,VIP ,No Feedback
3170,2025-09-12,CUST0465,Liam Anderson,New,Premium Wash,TikTok,Charlotte,Port Charlotte,70,77.0,15.0,92.0,175,Cash,NEWCUSTOMER,4.0
3171,2025-05-29,CUST0024,Ava Davis,Returning,Premium Wash,Instagram,Charlotte,Port Charlotte,70,65.0,0.0,65.0,68,Card,NEWCUSTOMER,4.0
3172,2025-11-21,CUST0784,Mary Miller,Returning,Interior Detail,Referral,Charlotte,Port Charlotte,90,104.0,10.0,114.0,83,Venmo,NEWCUSTOMER,5.0
3173,2025-10-31,CUST0111,John Taylor,Returning,Interior Detail,Facebook,Sarasota,Sarasota,90,99.0,10.0,109.0,158,Card,SUMMER10,5.0
3174,2025-10-03,CUST0625,Noah Anderson,Returning,Full Detail,Facebook,Sarasota,Sarasota,150,170.0,0.0,170.0,41,Zelle,SUMMER10,4.0
3175,2025-12-23,CUST1074,Noah Johnson,Returning,Premium Wash,TikTok,Sarasota,Sarasota,70,79.0,0.0,79.0,83,Zelle,NEWCUSTOMER,5.0
3176,2025-06-21,CUST0085,Alex Miller,New,Interior Detail,Instagram,Charlotte,Punta Gorda,90,95.0,20.0,115.0,142,Zelle,No Discount,4.0
3177,2025-07-20,CUST0654,Alex Smith,Returning,Full Detail,Youtube,Charlotte,Punta Gorda,150,165.0,0.0,165.0,133,Venmo,SUMMER10,No Feedback
3178,2025-11-20,CUST1106,Alex Brown,Returning,Ceramic Coating,Youtube,Sarasota,North Port,350,390.0,0.0,390.0,59,Card,No Discount,3.0
3179,2025-02-04,CUST1157,Sofia Wilson,Returning,Basic Wash,TikTok,Charlotte,Port Charlotte,40,40.0,10.0,50.0,167,Cash,No Discount,3.0
3180,2025-08-04,CUST0307,Mary Brown,Returning,Full Detail,Facebook,Charlotte,Punta Gorda,150,170.0,15.0,185.0,118,Card,NEWCUSTOMER,5.0
3181,2025-03-06,CUST0670,Liam Martinez,Returning,Interior Detail,TikTok,Sarasota,North Port,90,90.0,20.0,110.0,98,Cash App,SUMMER10,5.0
3182,2025-01-08,CUST1029,Ava Miller,Returning,Full Detail,Facebook,Charlotte,Port Charlotte,150,152.0,20.0,172.0,138,Venmo,No Discount,4.0
3183,2025-10-28,CUST0453,Olivia Miller,Returning,Ceramic Coating,Referral,Charlotte,Punta Gorda,350,383.0,10.0,393.0,90,Cash,No Discount,No Feedback
3184,2025-12-09,CUST0314,Liam Johnson,Returning,Basic Wash,Youtube,Charlotte,Port Charlotte,40,49.0,15.0,64.0,111,Cash,No Discount,5.0
3185,2025-11-28,CUST0104,Olivia Anderson,Returning,Premium Wash,Instagram,Charlotte,Punta Gorda,70,75.0,20.0,95.0,46,Cash App,No Discount,3.0
3186,2025-03-17,CUST0805,Alex Wilson,Returning,Basic Wash,Youtube,Charlotte,Port Charlotte,40,40.0,0.0,40.0,70,Cash App,SUMMER10,5.0
3187,2025-06-23,CUST0913,Sofia Wilson,Returning,Interior Detail,Youtube,Sarasota,Venice,90,90.0,0.0,90.0,94,Card,No Discount,4.0
3188,2025-02-16,CUST1179,Sofia Johnson,Returning,Premium Wash,Referral,Sarasota,North Port,70,72.0,15.0,87.0,63,Zelle,No Discount,No Feedback
3189,2025-01-15,CUST1034,Alex Garcia,Returning,Premium Wash,Referral,Charlotte,Port Charlotte,70,70.0,0.0,70.0,53,Card,No Discount,No Feedback
3190,2025-12-27,CUST0185,Noah Anderson,Returning,Interior Detail,Youtube,Sarasota,Venice,90,94.0,10.0,104.0,170,Cash,No Discount,4.0
3191,2025-05-27,CUST0455,Liam Johnson,Returning,Interior Detail,Unknown,Sarasota,Sarasota,90,88.0,10.0,98.0,180,Cash,VIP ,4.0
3192,2025-01-26,CUST0885,Mary Wilson,Returning,Premium Wash,Referral,Charlotte,Punta Gorda,70,65.0,5.0,70.0,129,Zelle,No Discount,5.0
3193,2025-11-04,CUST0594,Lewis Davis,Returning,Interior Detail,Facebook,Charlotte,Port Charlotte,90,101.0,0.0,101.0,136,Cash,No Discount,4.0
3194,2025-04-03,CUST0808,Sofia Smith,Returning,Interior Detail,Referral,Charlotte,Port Charlotte,90,88.0,5.0,93.0,42,Venmo,SUMMER10,4.0
3195,2025-08-20,CUST0304,Sofia Martinez,Returning,Interior Detail,Instagram,Charlotte,Port Charlotte,90,94.0,0.0,94.0,89,Cash App,No Discount,No Feedback
3196,2025-01-21,CUST0271,John Davis,Returning,Interior Detail,TikTok,Charlotte,Punta Gorda,90,92.0,0.0,92.0,65,Cash,No Discount,4.0
3197,2025-11-03,CUST0689,Mary Davis,Returning,Premium Wash,Referral,Sarasota,North Port,70,79.0,0.0,79.0,130,Card,No Discount,4.0
3198,2025-02-07,CUST0170,Lewis Davis,Returning,Interior Detail,Referral,Sarasota,North Port,90,90.0,10.0,100.0,110,Card,VIP ,No Feedback
3199,2025-10-03,CUST0975,Liam Martinez,Returning,Ceramic Coating,Referral,Sarasota,Sarasota,350,380.0,0.0,380.0,158,Card,No Discount,4.0
3200,2025-06-06,CUST1171,Sofia Wilson,Returning,Ceramic Coating,TikTok,Sarasota,North Port,350,345.0,20.0,365.0,175,Card,No Discount,4.0
3201,2025-06-28,CUST0101,John Brown,Returning,Interior Detail,Instagram,Sarasota,Sarasota,90,90.0,5.0,95.0,171,Cash,VIP ,No Feedback
3202,2025-05-12,CUST1123,Alex Garcia,Returning,Full Detail,Referral,Sarasota,Venice,150,152.0,0.0,152.0,124,Card,No Discount,5.0
3203,2025-11-07,CUST0818,Sofia Garcia,Returning,Interior Detail,Instagram,Sarasota,North Port,90,94.0,15.0,109.0,146,Cash,SUMMER10,3.0
3204,2025-12-14,CUST0538,Ava Davis,Returning,Basic Wash,Youtube,Sarasota,North Port,40,44.0,5.0,49.0,91,Card,No Discount,3.0
3205,2025-01-28,CUST0175,Mary Brown,Returning,Full Detail,Instagram,Sarasota,Sarasota,150,150.0,15.0,165.0,63,Card,No Discount,4.0
3206,2025-09-17,CUST0817,John Smith,New,Ceramic Coating,Facebook,Sarasota,Venice,350,380.0,0.0,380.0,166,Card,NEWCUSTOMER,4.0
3207,2025-03-17,CUST1028,Liam Smith,Returning,Premium Wash,Youtube,Sarasota,Venice,70,68.0,0.0,68.0,118,Venmo,No Discount,No Feedback
3208,2025-03-08,CUST0890,Lewis Wilson,Returning,Full Detail,Instagram,Sarasota,North Port,150,155.0,20.0,175.0,89,Cash App,NEWCUSTOMER,4.0
3209,2025-12-08,CUST0268,Olivia Smith,Returning,Basic Wash,Unknown,Charlotte,Punta Gorda,40,44.0,0.0,44.0,124,Venmo,No Discount,4.0
3210,2025-07-13,CUST0277,Noah Anderson,Returning,Interior Detail,TikTok,Charlotte,Port Charlotte,90,101.0,15.0,116.0,173,Card,No Discount,5.0
3211,2025-06-11,CUST0985,John Miller,Returning,Premium Wash,Youtube,Sarasota,Venice,70,65.0,15.0,80.0,42,Cash,No Discount,5.0
3212,2025-12-13,CUST1146,Lewis Miller,Returning,Full Detail,TikTok,Charlotte,Punta Gorda,150,163.0,15.0,178.0,94,Card,No Discount,4.0
3213,2025-12-27,CUST0406,Liam Anderson,Returning,Premium Wash,TikTok,Sarasota,Sarasota,70,79.0,15.0,94.0,67,Cash,No Discount,No Feedback
3214,2025-09-14,CUST1000,Noah Miller,Returning,Premium Wash,Instagram,Sarasota,Sarasota,70,75.0,0.0,75.0,154,Card,No Discount,4.0
3215,2025-03-13,CUST0810,Liam Miller,Returning,Premium Wash,Referral,Sarasota,Sarasota,70,65.0,0.0,65.0,83,Venmo,No Discount,5.0
3216,2025-03-28,CUST1171,Ava Brown,Returning,Full Detail,TikTok,Sarasota,North Port,150,150.0,15.0,165.0,117,Card,NEWCUSTOMER,4.0
3217,2025-09-19,CUST0402,Mary Garcia,Returning,Ceramic Coating,Youtube,Charlotte,Port Charlotte,350,390.0,5.0,395.0,36,Cash App,NEWCUSTOMER,No Feedback
3218,2025-08-02,CUST1150,Liam Johnson,Returning,Interior Detail,Facebook,Sarasota,Sarasota,90,104.0,10.0,114.0,101,Card,No Discount,5.0
3219,2025-06-02,CUST1074,Olivia Smith,Returning,Interior Detail,TikTok,Sarasota,Sarasota,90,90.0,20.0,110.0,78,Venmo,No Discount,5.0
3220,2025-07-29,CUST0505,Liam Smith,Returning,Interior Detail,TikTok,Sarasota,North Port,90,99.0,20.0,119.0,146,Cash,No Discount,5.0
3221,2025-03-02,CUST0497,Lewis Johnson,Returning,Premium Wash,Facebook,Sarasota,Sarasota,70,72.0,20.0,92.0,123,Cash,NEWCUSTOMER,5.0
3222,2025-09-25,CUST0147,Olivia Davis,Returning,Ceramic Coating,Referral,Sarasota,Sarasota,350,390.0,5.0,395.0,68,Card,SUMMER10,5.0
3223,2025-09-19,CUST0546,John Wilson,Returning,Premium Wash,Unknown,Charlotte,Punta Gorda,70,72.0,10.0,82.0,104,Cash App,No Discount,5.0
3224,2025-08-06,CUST0881,Alex Davis,New,Premium Wash,TikTok,Sarasota,Venice,70,75.0,0.0,75.0,91,Cash App,No Discount,5.0
3225,2025-10-10,CUST0663,Sofia Garcia,Returning,Premium Wash,Instagram,Sarasota,Sarasota,70,72.0,0.0,72.0,132,Card,NEWCUSTOMER,3.0
3226,2025-05-16,CUST1180,Ava Martinez,Returning,Interior Detail,TikTok,Charlotte,Punta Gorda,90,90.0,5.0,95.0,80,Card,No Discount,5.0
3227,2025-12-28,CUST0184,Sofia Davis,Returning,Full Detail,Instagram,Sarasota,Sarasota,150,170.0,0.0,170.0,152,Zelle,No Discount,5.0
3228,2025-03-04,CUST0231,Lewis Wilson,Returning,Interior Detail,Facebook,Sarasota,North Port,90,92.0,0.0,92.0,100,Cash App,No Discount,4.0
3229,2025-04-19,CUST0848,Noah Brown,Returning,Ceramic Coating,TikTok,Sarasota,Sarasota,350,345.0,0.0,345.0,141,Card,NEWCUSTOMER,4.0
3230,2025-08-29,CUST0868,Liam Taylor,Returning,Premium Wash,Youtube,Sarasota,Venice,70,82.0,20.0,102.0,85,Cash,NEWCUSTOMER,No Feedback
3231,2025-12-21,CUST0749,Ava Anderson,Returning,Ceramic Coating,TikTok,Charlotte,Punta Gorda,350,380.0,0.0,380.0,128,Cash,No Discount,4.0
3232,2025-05-22,CUST0714,John Smith,Returning,Interior Detail,TikTok,Charlotte,Port Charlotte,90,90.0,15.0,105.0,135,Card,SUMMER10,4.0
3233,2025-10-18,CUST0391,Ava Smith,Returning,Basic Wash,Referral,Sarasota,North Port,40,44.0,0.0,44.0,135,Cash,NEWCUSTOMER,No Feedback
3234,2025-08-25,CUST0657,Noah Miller,Returning,Full Detail,Referral,Charlotte,Punta Gorda,150,165.0,15.0,180.0,89,Card,SUMMER10,4.0
3235,2025-12-06,CUST0706,Liam Taylor,Returning,Basic Wash,Other,Sarasota,Venice,40,49.0,15.0,64.0,80,Cash,No Discount,5.0
3236,2025-11-08,CUST0050,Liam Davis,New,Full Detail,Youtube,Sarasota,Venice,150,165.0,20.0,185.0,178,Zelle,No Discount,3.0
3237,2025-06-26,CUST0625,Lewis Garcia,Returning,Basic Wash,Facebook,Sarasota,Sarasota,40,38.0,0.0,38.0,73,Cash,No Discount,No Feedback
3238,2025-05-21,CUST0347,Sofia Anderson,Returning,Full Detail,TikTok,Charlotte,Port Charlotte,150,150.0,0.0,150.0,157,Card,No Discount,4.0
3239,2025-07-08,CUST0717,Lewis Taylor,Returning,Premium Wash,Facebook,Charlotte,Punta Gorda,70,77.0,10.0,87.0,49,Card,SUMMER10,4.0
3240,2025-02-18,CUST0906,Alex Smith,New,Full Detail,Youtube,Sarasota,Sarasota,150,145.0,5.0,150.0,112,Card,SUMMER10,4.0
3241,2025-10-29,CUST0299,Noah Davis,Returning,Full Detail,TikTok,Charlotte,Punta Gorda,150,160.0,15.0,175.0,158,Cash,SUMMER10,5.0
3242,2025-07-09,CUST0903,Alex Smith,Returning,Full Detail,Youtube,Sarasota,North Port,150,165.0,0.0,165.0,41,Cash App,No Discount,5.0
3243,2025-05-16,CUST0092,Lewis Martinez,Returning,Basic Wash,Youtube,Charlotte,Port Charlotte,40,42.0,0.0,42.0,109,Cash App,SUMMER10,5.0
3244,2025-02-12,CUST0479,Ava Davis,Returning,Ceramic Coating,Referral,Sarasota,Venice,350,350.0,0.0,350.0,57,Card,No Discount,5.0
3245,2025-12-19,CUST0409,Alex Davis,Returning,Interior Detail,Referral,Sarasota,Sarasota,90,101.0,0.0,101.0,112,Zelle,NEWCUSTOMER,3.0
3246,2025-03-31,CUST0766,Mary Garcia,Returning,Interior Detail,Referral,Sarasota,North Port,90,95.0,0.0,95.0,80,Venmo,No Discount,4.0
3247,2025-10-22,CUST0320,Liam Johnson,Returning,Full Detail,TikTok,Sarasota,Sarasota,150,167.0,20.0,187.0,177,Zelle,No Discount,No Feedback
3248,2025-12-07,CUST0176,John Davis,Returning,Full Detail,Referral,Sarasota,Venice,150,165.0,15.0,180.0,138,Zelle,NEWCUSTOMER,3.0
3249,2025-09-02,CUST0231,Liam Wilson,Returning,Ceramic Coating,Facebook,Sarasota,North Port,350,380.0,0.0,380.0,116,Cash,VIP ,No Feedback
3250,2025-07-11,CUST0112,Olivia Miller,Returning,Basic Wash,Instagram,Charlotte,Port Charlotte,40,42.0,20.0,62.0,175,Zelle,No Discount,4.0
3251,2025-11-14,CUST0498,Lewis Brown,Returning,Ceramic Coating,Youtube,Charlotte,Port Charlotte,350,385.0,0.0,385.0,107,Venmo,No Discount,5.0
3252,2025-04-16,CUST0303,Liam Johnson,Returning,Premium Wash,TikTok,Charlotte,Port Charlotte,70,68.0,15.0,83.0,96,Card,No Discount,4.0
3253,2025-12-29,CUST0590,Lewis Johnson,Returning,Premium Wash,Instagram,Charlotte,Port Charlotte,70,75.0,0.0,75.0,111,Cash,No Discount,No Feedback
3254,2025-11-06,CUST0029,Lewis Smith,Returning,Interior Detail,Instagram,Sarasota,Venice,90,99.0,0.0,99.0,132,Card,VIP ,4.0
3255,2025-08-21,CUST0704,Noah Taylor,Returning,Premium Wash,Facebook,Charlotte,Port Charlotte,70,77.0,5.0,82.0,83,Venmo,No Discount,5.0
3256,2025-09-22,CUST0228,Alex Brown,Returning,Interior Detail,Youtube,Sarasota,Sarasota,90,94.0,20.0,114.0,171,Zelle,No Discount,3.0
3257,2025-12-10,CUST0625,Olivia Brown,Returning,Premium Wash,Facebook,Sarasota,Sarasota,70,82.0,10.0,92.0,161,Card,No Discount,5.0
3258,2025-02-06,CUST0922,Noah Wilson,Returning,Premium Wash,Youtube,Sarasota,North Port,70,72.0,5.0,77.0,115,Cash App,No Discount,3.0
3259,2025-11-01,CUST0965,Noah Johnson,Returning,Ceramic Coating,Facebook,Sarasota,Venice,350,385.0,5.0,390.0,137,Zelle,No Discount,No Feedback
3260,2025-02-10,CUST0047,Noah Johnson,Returning,Basic Wash,Youtube,Sarasota,Venice,40,35.0,0.0,35.0,114,Cash,SUMMER10,5.0
3261,2025-01-17,CUST0680,Mary Smith,Returning,Ceramic Coating,Instagram,Charlotte,Port Charlotte,350,348.0,20.0,368.0,167,Card,No Discount,3.0
3262,2025-12-10,CUST0429,Lewis Anderson,Returning,Interior Detail,TikTok,Charlotte,Punta Gorda,90,94.0,5.0,99.0,158,Card,NEWCUSTOMER,4.0
3263,2025-10-04,CUST1102,Liam Anderson,Returning,Premium Wash,Referral,Charlotte,Port Charlotte,70,79.0,10.0,89.0,170,Zelle,NEWCUSTOMER,3.0
3264,2025-11-03,CUST0434,Emma Taylor,Returning,Full Detail,Facebook,Sarasota,North Port,150,167.0,15.0,182.0,38,Cash,No Discount,No Feedback
3265,2025-02-28,CUST0418,Liam Johnson,Returning,Full Detail,TikTok,Sarasota,North Port,150,150.0,0.0,150.0,79,Card,No Discount,3.0
3266,2025-07-02,CUST1120,Sofia Anderson,Returning,Ceramic Coating,Youtube,Charlotte,Punta Gorda,350,385.0,0.0,385.0,178,Cash,VIP ,4.0
3267,2025-02-10,CUST1072,Liam Garcia,Returning,Premium Wash,Referral,Charlotte,Port Charlotte,70,75.0,15.0,90.0,121,Venmo,VIP ,3.0
3268,2025-02-08,CUST0530,Liam Martinez,Returning,Interior Detail,Instagram,Sarasota,Venice,90,95.0,5.0,100.0,99,Card,VIP ,No Feedback
3269,2025-07-11,CUST1124,Ava Wilson,Returning,Full Detail,Facebook,Sarasota,Sarasota,150,160.0,10.0,170.0,93,Cash,NEWCUSTOMER,4.0
3270,2025-09-24,CUST0990,Alex Garcia,Returning,Premium Wash,Facebook,Charlotte,Punta Gorda,70,72.0,0.0,72.0,108,Card,No Discount,5.0
3271,2025-05-27,CUST0290,Emma Martinez,Returning,Interior Detail,TikTok,Sarasota,North Port,90,88.0,0.0,88.0,132,Cash,No Discount,4.0
3272,2025-11-29,CUST0038,Ava Anderson,New,Full Detail,Referral,Sarasota,Venice,150,165.0,5.0,170.0,128,Card,SUMMER10,4.0
3273,2025-05-07,CUST0772,Ava Smith,Returning,Premium Wash,Youtube,Charlotte,Punta Gorda,70,65.0,15.0,80.0,179,Zelle,SUMMER10,No Feedback
3274,2025-02-15,CUST1194,Lewis Davis,Returning,Premium Wash,Referral,Charlotte,Port Charlotte,70,70.0,15.0,85.0,88,Zelle,No Discount,5.0
3275,2025-02-14,CUST1079,Ava Davis,Returning,Premium Wash,TikTok,Sarasota,North Port,70,68.0,20.0,88.0,97,Cash,VIP ,5.0
3276,2025-01-01,CUST0090,Mary Miller,Returning,Interior Detail,TikTok,Sarasota,Venice,90,92.0,15.0,107.0,72,Card,No Discount,5.0
3277,2025-06-17,CUST0524,John Martinez,Returning,Ceramic Coating,Youtube,Charlotte,Punta Gorda,350,348.0,5.0,353.0,144,Cash App,SUMMER10,4.0
3278,2025-04-18,CUST0349,Alex Martinez,Returning,Interior Detail,Youtube,Charlotte,Port Charlotte,90,88.0,20.0,108.0,163,Cash,No Discount,5.0
3279,2025-01-19,CUST0124,Alex Davis,Returning,Interior Detail,TikTok,Charlotte,Punta Gorda,90,88.0,0.0,88.0,98,Cash,No Discount,4.0
3280,2025-11-28,CUST0582,John Martinez,Returning,Interior Detail,TikTok,Sarasota,North Port,90,99.0,10.0,109.0,130,Card,No Discount,No Feedback
3281,2025-03-13,CUST0412,Alex Garcia,Returning,Full Detail,Instagram,Sarasota,Venice,150,150.0,0.0,150.0,153,Cash,NEWCUSTOMER,4.0
3282,2025-04-19,CUST0556,Mary Brown,Returning,Premium Wash,TikTok,Sarasota,North Port,70,75.0,0.0,75.0,159,Venmo,VIP ,4.0
3283,2025-09-25,CUST0109,Liam Johnson,Returning,Ceramic Coating,TikTok,Sarasota,Venice,350,385.0,10.0,395.0,39,Venmo,SUMMER10,No Feedback
3284,2025-08-28,CUST0953,Lewis Anderson,Returning,Premium Wash,Youtube,Charlotte,Port Charlotte,70,77.0,10.0,87.0,163,Cash,SUMMER10,3.0
3285,2025-10-28,CUST0018,Lewis Johnson,Returning,Interior Detail,Youtube,Sarasota,Sarasota,90,94.0,0.0,94.0,76,Venmo,No Discount,4.0
3286,2025-03-31,CUST0137,Alex Miller,Returning,Ceramic Coating,Facebook,Sarasota,North Port,350,350.0,0.0,350.0,65,Cash,No Discount,No Feedback
3287,2025-04-13,CUST0796,Lewis Miller,Returning,Full Detail,Youtube,Charlotte,Punta Gorda,150,155.0,0.0,155.0,65,Cash App,No Discount,4.0
3288,2025-09-07,CUST0556,Emma Smith,Returning,Ceramic Coating,TikTok,Sarasota,North Port,350,385.0,5.0,390.0,65,Card,No Discount,5.0
3289,2025-01-08,CUST0738,Lewis Miller,Returning,Ceramic Coating,Instagram,Sarasota,North Port,350,350.0,0.0,350.0,175,Cash App,VIP ,No Feedback
3290,2025-06-02,CUST0221,Noah Davis,Returning,Premium Wash,Youtube,Sarasota,Sarasota,70,65.0,10.0,75.0,57,Venmo,No Discount,3.0
3291,2025-12-13,CUST0040,Olivia Anderson,Returning,Interior Detail,TikTok,Sarasota,North Port,90,99.0,20.0,119.0,180,Venmo,No Discount,5.0
3292,2025-06-23,CUST0600,Noah Garcia,Returning,Premium Wash,Instagram,Sarasota,Venice,70,72.0,0.0,72.0,86,Zelle,No Discount,4.0
3293,2025-12-09,CUST0792,Mary Martinez,Returning,Interior Detail,Referral,Charlotte,Punta Gorda,90,99.0,20.0,119.0,141,Cash,NEWCUSTOMER,5.0
3294,2025-06-07,CUST0474,Olivia Anderson,Returning,Full Detail,Instagram,Sarasota,Venice,150,150.0,20.0,170.0,37,Cash App,NEWCUSTOMER,5.0
3295,2025-08-03,CUST0780,Alex Wilson,Returning,Premium Wash,TikTok,Charlotte,Punta Gorda,70,77.0,20.0,97.0,157,Cash,No Discount,No Feedback
3296,2025-06-26,CUST1042,Noah Martinez,Returning,Basic Wash,TikTok,Sarasota,Venice,40,40.0,5.0,45.0,104,Zelle,VIP ,No Feedback
3297,2025-06-24,CUST0204,Mary Garcia,Returning,Basic Wash,Facebook,Sarasota,North Port,40,45.0,15.0,60.0,130,Cash,NEWCUSTOMER,4.0
3298,2025-12-06,CUST0647,Ava Taylor,Returning,Interior Detail,Instagram,Charlotte,Punta Gorda,90,104.0,20.0,124.0,138,Cash App,No Discount,4.0
3299,2025-12-04,CUST0993,Noah Taylor,Returning,Full Detail,Referral,Sarasota,Sarasota,150,165.0,15.0,180.0,85,Venmo,NEWCUSTOMER,5.0
3300,2025-05-26,CUST1089,Olivia Martinez,Returning,Interior Detail,Youtube,Charlotte,Port Charlotte,90,90.0,15.0,105.0,57,Card,No Discount,5.0
3301,2025-11-20,CUST0181,Lewis Garcia,Returning,Basic Wash,TikTok,Sarasota,North Port,40,44.0,10.0,54.0,110,Cash,No Discount,5.0
3302,2025-06-10,CUST0382,Sofia Miller,Returning,Full Detail,Youtube,Charlotte,Port Charlotte,150,148.0,15.0,163.0,146,Venmo,No Discount,No Feedback
3303,2025-05-07,CUST0408,John Davis,Returning,Ceramic Coating,TikTok,Sarasota,Sarasota,350,352.0,0.0,352.0,48,Zelle,VIP ,5.0
3304,2025-03-23,CUST1026,Sofia Taylor,Returning,Basic Wash,Facebook,Sarasota,Venice,40,35.0,15.0,50.0,70,Venmo,No Discount,3.0
3305,2025-05-27,CUST0938,Liam Martinez,Returning,Basic Wash,Referral,Sarasota,Sarasota,40,40.0,5.0,45.0,130,Cash,No Discount,5.0
3306,2025-08-27,CUST1149,John Davis,Returning,Premium Wash,TikTok,Sarasota,North Port,70,75.0,20.0,95.0,62,Cash App,VIP ,5.0
3307,2025-03-25,CUST0045,Noah Anderson,Returning,Premium Wash,Youtube,Sarasota,Sarasota,70,70.0,0.0,70.0,66,Venmo,No Discount,No Feedback
3308,2025-04-23,CUST0082,Alex Johnson,Returning,Ceramic Coating,Instagram,Sarasota,Venice,350,345.0,15.0,360.0,155,Cash,SUMMER10,4.0
3309,2025-08-13,CUST0507,Mary Davis,Returning,Ceramic Coating,Referral,Charlotte,Port Charlotte,350,387.0,0.0,387.0,168,Cash,No Discount,No Feedback
3310,2025-11-28,CUST1085,John Brown,Returning,Basic Wash,Facebook,Sarasota,Venice,40,46.0,0.0,46.0,126,Card,No Discount,No Feedback
3311,2025-08-31,CUST0625,Lewis Davis,Returning,Premium Wash,Other,Sarasota,Sarasota,70,77.0,15.0,92.0,165,Venmo,VIP ,5.0
3312,2025-05-23,CUST0684,Olivia Martinez,New,Premium Wash,Youtube,Sarasota,Sarasota,70,70.0,5.0,75.0,109,Cash,SUMMER10,5.0
3313,2025-02-10,CUST1004,Ava Wilson,Returning,Ceramic Coating,Instagram,Charlotte,Port Charlotte,350,350.0,0.0,350.0,32,Cash,No Discount,No Feedback
3314,2025-09-15,CUST0806,Emma Johnson,New,Premium Wash,Facebook,Charlotte,Punta Gorda,70,77.0,20.0,97.0,151,Cash,NEWCUSTOMER,5.0
3315,2025-10-12,CUST0322,Mary Taylor,Returning,Full Detail,Youtube,Sarasota,Venice,150,170.0,0.0,170.0,150,Cash,No Discount,3.0
3316,2025-04-15,CUST0038,Emma Davis,Returning,Basic Wash,Referral,Sarasota,Venice,40,35.0,10.0,45.0,170,Card,No Discount,4.0
3317,2025-07-21,CUST0711,Emma Taylor,Returning,Basic Wash,Facebook,Charlotte,Punta Gorda,40,39.0,20.0,59.0,54,Cash App,VIP ,3.0
3318,2025-11-03,CUST0721,Alex Brown,Returning,Full Detail,TikTok,Charlotte,Punta Gorda,150,160.0,15.0,175.0,118,Cash,NEWCUSTOMER,No Feedback
3319,2025-11-27,CUST0728,Sofia Brown,Returning,Interior Detail,Youtube,Sarasota,North Port,90,99.0,0.0,99.0,180,Venmo,No Discount,4.0
3320,2025-09-23,CUST0620,John Anderson,New,Ceramic Coating,TikTok,Sarasota,Sarasota,350,385.0,10.0,395.0,59,Cash,No Discount,3.0
3321,2025-07-29,CUST0484,Noah Martinez,Returning,Interior Detail,Youtube,Charlotte,Punta Gorda,90,99.0,20.0,119.0,45,Venmo,No Discount,5.0
3322,2025-02-20,CUST1027,Ava Taylor,Returning,Ceramic Coating,Youtube,Charlotte,Punta Gorda,350,345.0,20.0,365.0,97,Venmo,No Discount,4.0
3323,2025-04-28,CUST0565,Noah Wilson,Returning,Premium Wash,Instagram,Charlotte,Punta Gorda,70,75.0,20.0,95.0,140,Cash,VIP ,5.0
3324,2025-07-20,CUST0127,Liam Miller,Returning,Basic Wash,Instagram,Sarasota,Venice,40,39.0,0.0,39.0,166,Cash,NEWCUSTOMER,5.0
3325,2025-02-08,CUST0528,Liam Taylor,Returning,Interior Detail,TikTok,Charlotte,Punta Gorda,90,88.0,20.0,108.0,53,Card,No Discount,5.0
3326,2025-01-28,CUST0793,John Garcia,Returning,Full Detail,Unknown,Sarasota,North Port,150,150.0,0.0,150.0,48,Venmo,No Discount,No Feedback
3327,2025-09-16,CUST0061,Olivia Wilson,Returning,Full Detail,Instagram,Charlotte,Port Charlotte,150,167.0,5.0,172.0,139,Cash,NEWCUSTOMER,5.0
3328,2025-03-25,CUST1137,Sofia Johnson,Returning,Premium Wash,Referral,Sarasota,Sarasota,70,72.0,5.0,77.0,112,Cash,VIP ,5.0
3329,2025-06-04,CUST0574,Lewis Smith,Returning,Premium Wash,Youtube,Sarasota,Venice,70,75.0,0.0,75.0,87,Card,VIP ,4.0
3330,2025-04-27,CUST0462,Olivia Garcia,Returning,Full Detail,TikTok,Sarasota,North Port,150,145.0,15.0,160.0,30,Card,No Discount,No Feedback
3331,2025-01-02,CUST0311,Emma Garcia,Returning,Basic Wash,Instagram,Charlotte,Port Charlotte,40,42.0,20.0,62.0,144,Venmo,SUMMER10,5.0
3332,2025-04-03,CUST0700,Olivia Anderson,Returning,Premium Wash,Facebook,Charlotte,Punta Gorda,70,70.0,0.0,70.0,78,Venmo,VIP ,4.0
3333,2025-06-15,CUST0805,Mary Davis,Returning,Interior Detail,Youtube,Charlotte,Port Charlotte,90,90.0,15.0,105.0,137,Cash App,No Discount,5.0
3334,2025-12-16,CUST0282,Mary Taylor,Returning,Full Detail,Unknown,Sarasota,North Port,150,160.0,5.0,165.0,99,Cash,No Discount,4.0
3335,2025-10-23,CUST0180,Alex Martinez,Returning,Basic Wash,Youtube,Charlotte,Punta Gorda,40,44.0,15.0,59.0,99,Card,SUMMER10,4.0
3336,2025-09-15,CUST0783,Olivia Martinez,New,Full Detail,Facebook,Sarasota,North Port,150,163.0,0.0,163.0,178,Card,NEWCUSTOMER,3.0
3337,2025-03-22,CUST1067,Noah Taylor,Returning,Basic Wash,Referral,Sarasota,North Port,40,38.0,0.0,38.0,78,Card,No Discount,5.0
3338,2025-09-25,CUST0466,Lewis Miller,Returning,Full Detail,Youtube,Charlotte,Port Charlotte,150,165.0,0.0,165.0,153,Cash,No Discount,5.0
3339,2025-08-23,CUST0855,Sofia Taylor,Returning,Full Detail,Youtube,Sarasota,Venice,150,165.0,5.0,170.0,120,Zelle,No Discount,No Feedback
3340,2025-11-17,CUST0493,Ava Garcia,Returning,Basic Wash,Unknown,Charlotte,Port Charlotte,40,44.0,15.0,59.0,130,Card,No Discount,3.0
3341,2025-11-07,CUST1174,Mary Miller,Returning,Basic Wash,Instagram,Sarasota,North Port,40,49.0,10.0,59.0,168,Zelle,VIP ,5.0
3342,2025-10-28,CUST0313,Mary Davis,Returning,Full Detail,Facebook,Sarasota,Sarasota,150,163.0,15.0,178.0,81,Cash,No Discount,4.0
3343,2025-12-23,CUST0874,Liam Smith,Returning,Interior Detail,Referral,Charlotte,Punta Gorda,90,94.0,15.0,109.0,135,Cash App,No Discount,4.0
3344,2025-08-01,CUST0640,Lewis Johnson,Returning,Ceramic Coating,TikTok,Charlotte,Punta Gorda,350,387.0,15.0,402.0,107,Card,No Discount,4.0
3345,2025-03-03,CUST0675,Mary Wilson,Returning,Basic Wash,TikTok,Sarasota,Sarasota,40,38.0,5.0,43.0,87,Zelle,VIP ,5.0
3346,2025-02-18,CUST0920,Ava Smith,Returning,Basic Wash,Youtube,Sarasota,North Port,40,35.0,10.0,45.0,69,Cash App,NEWCUSTOMER,5.0
3347,2025-05-07,CUST1111,Olivia Davis,Returning,Premium Wash,Instagram,Charlotte,Punta Gorda,70,65.0,10.0,75.0,95,Zelle,No Discount,3.0
3348,2025-08-11,CUST0270,Sofia Miller,New,Interior Detail,TikTok,Sarasota,Venice,90,99.0,10.0,109.0,82,Cash,No Discount,5.0
3349,2025-10-06,CUST0424,Liam Johnson,Returning,Interior Detail,Youtube,Sarasota,Sarasota,90,97.0,0.0,97.0,41,Card,No Discount,5.0
3350,2025-10-21,CUST0284,Noah Davis,Returning,Interior Detail,Youtube,Sarasota,North Port,90,94.0,10.0,104.0,107,Card,SUMMER10,4.0
3351,2025-10-11,CUST1190,Emma Martinez,Returning,Basic Wash,Referral,Sarasota,Venice,40,44.0,5.0,49.0,90,Card,SUMMER10,5.0
3352,2025-10-04,CUST1109,John Taylor,Returning,Basic Wash,Youtube,Charlotte,Punta Gorda,40,46.0,5.0,51.0,154,Cash App,No Discount,3.0
3353,2025-04-17,CUST0415,Liam Taylor,Returning,Ceramic Coating,Referral,Charlotte,Punta Gorda,350,350.0,0.0,350.0,44,Card,SUMMER10,4.0
3354,2025-05-26,CUST0283,Mary Brown,Returning,Full Detail,Facebook,Sarasota,North Port,150,150.0,5.0,155.0,122,Card,No Discount,4.0
3355,2025-04-09,CUST0633,Lewis Brown,Returning,Basic Wash,Facebook,Sarasota,Sarasota,40,40.0,0.0,40.0,140,Cash,No Discount,3.0
3356,2025-03-14,CUST1073,Olivia Wilson,Returning,Interior Detail,Referral,Sarasota,North Port,90,85.0,20.0,105.0,170,Zelle,SUMMER10,4.0
3357,2025-05-02,CUST0277,Noah Johnson,Returning,Interior Detail,TikTok,Charlotte,Port Charlotte,90,90.0,20.0,110.0,55,Cash,SUMMER10,5.0
3358,2025-01-30,CUST0881,Emma Taylor,Returning,Interior Detail,TikTok,Sarasota,Venice,90,92.0,0.0,92.0,111,Card,No Discount,4.0
3359,2025-07-07,CUST0298,Liam Davis,Returning,Premium Wash,Youtube,Charlotte,Port Charlotte,70,72.0,15.0,87.0,168,Cash,SUMMER10,4.0
3360,2025-12-30,CUST1157,Sofia Wilson,Returning,Ceramic Coating,Other,Charlotte,Port Charlotte,350,390.0,15.0,405.0,127,Cash App,SUMMER10,5.0
3361,2025-12-20,CUST0324,Lewis Martinez,Returning,Ceramic Coating,Instagram,Sarasota,Venice,350,385.0,5.0,390.0,163,Cash App,No Discount,4.0
3362,2025-10-15,CUST0651,Liam Martinez,Returning,Full Detail,TikTok,Sarasota,Sarasota,150,165.0,0.0,165.0,158,Zelle,No Discount,3.0
3363,2025-07-14,CUST0139,Mary Garcia,Returning,Interior Detail,Referral,Charlotte,Punta Gorda,90,99.0,20.0,119.0,155,Zelle,No Discount,5.0
3364,2025-06-05,CUST1142,Liam Smith,Returning,Basic Wash,Instagram,Sarasota,Sarasota,40,40.0,5.0,45.0,118,Cash App,VIP ,3.0
3365,2025-06-21,CUST1092,Noah Davis,New,Full Detail,Referral,Charlotte,Punta Gorda,150,148.0,15.0,163.0,109,Card,VIP ,5.0
3366,2025-12-01,CUST0243,Ava Miller,Returning,Full Detail,TikTok,Charlotte,Punta Gorda,150,163.0,0.0,163.0,86,Cash App,No Discount,5.0
3367,2025-02-10,CUST0378,Olivia Wilson,Returning,Premium Wash,Youtube,Charlotte,Port Charlotte,70,75.0,0.0,75.0,170,Zelle,NEWCUSTOMER,5.0
3368,2025-03-04,CUST0651,Sofia Johnson,Returning,Full Detail,TikTok,Sarasota,Sarasota,150,152.0,5.0,157.0,159,Card,No Discount,5.0
3369,2025-01-23,CUST0299,Sofia Taylor,Returning,Basic Wash,TikTok,Charlotte,Punta Gorda,40,40.0,5.0,45.0,43,Card,SUMMER10,4.0
3370,2025-12-26,CUST0061,Liam Smith,Returning,Premium Wash,Instagram,Charlotte,Port Charlotte,70,77.0,5.0,82.0,75,Venmo,No Discount,No Feedback
3371,2025-03-16,CUST0653,Ava Brown,Returning,Premium Wash,Instagram,Sarasota,Sarasota,70,65.0,0.0,65.0,71,Cash App,NEWCUSTOMER,5.0
3372,2025-02-17,CUST0848,Liam Johnson,Returning,Interior Detail,TikTok,Sarasota,Sarasota,90,85.0,0.0,85.0,118,Cash,VIP ,No Feedback
3373,2025-06-09,CUST0843,Mary Johnson,Returning,Full Detail,Instagram,Charlotte,Punta Gorda,150,150.0,5.0,155.0,30,Zelle,No Discount,No Feedback
3374,2025-11-09,CUST0622,Alex Martinez,Returning,Interior Detail,Instagram,Sarasota,Sarasota,90,101.0,10.0,111.0,121,Cash,No Discount,4.0
3375,2025-04-28,CUST0908,Sofia Wilson,Returning,Interior Detail,Youtube,Sarasota,Sarasota,90,90.0,10.0,100.0,118,Card,No Discount,5.0
3376,2025-04-10,CUST0561,Alex Wilson,Returning,Premium Wash,Referral,Sarasota,North Port,70,70.0,0.0,70.0,75,Cash,No Discount,5.0
3377,2025-06-16,CUST0312,Liam Garcia,Returning,Interior Detail,Facebook,Charlotte,Port Charlotte,90,90.0,0.0,90.0,58,Card,No Discount,5.0
3378,2025-10-17,CUST0385,Lewis Wilson,Returning,Ceramic Coating,Instagram,Sarasota,Venice,350,385.0,20.0,405.0,44,Cash App,NEWCUSTOMER,No Feedback
3379,2025-06-05,CUST0219,Ava Taylor,Returning,Ceramic Coating,Instagram,Sarasota,North Port,350,355.0,20.0,375.0,158,Cash,VIP ,No Feedback
3380,2025-01-07,CUST0270,Olivia Miller,Returning,Interior Detail,TikTok,Sarasota,Venice,90,95.0,0.0,95.0,118,Card,No Discount,3.0
3381,2025-07-15,CUST0379,Olivia Miller,Returning,Premium Wash,Referral,Charlotte,Punta Gorda,70,77.0,5.0,82.0,45,Card,No Discount,3.0
3382,2025-02-25,CUST0054,John Johnson,Returning,Ceramic Coating,Referral,Charlotte,Port Charlotte,350,345.0,0.0,345.0,93,Card,No Discount,5.0
3383,2025-11-17,CUST0547,Liam Anderson,Returning,Basic Wash,Facebook,Sarasota,Venice,40,42.0,10.0,52.0,80,Cash,No Discount,No Feedback
3384,2025-07-12,CUST1162,Ava Garcia,Returning,Premium Wash,Youtube,Sarasota,Venice,70,75.0,20.0,95.0,112,Cash,No Discount,4.0
3385,2025-02-16,CUST0473,Sofia Smith,New,Premium Wash,TikTok,Charlotte,Port Charlotte,70,70.0,0.0,70.0,150,Cash,No Discount,4.0
3386,2025-05-28,CUST0476,John Johnson,Returning,Basic Wash,Referral,Charlotte,Port Charlotte,40,40.0,20.0,60.0,89,Card,VIP ,5.0
3387,2025-10-02,CUST0473,Mary Wilson,Returning,Full Detail,TikTok,Charlotte,Port Charlotte,150,165.0,5.0,170.0,120,Venmo,NEWCUSTOMER,No Feedback
3388,2025-06-06,CUST0054,Lewis Martinez,Returning,Premium Wash,Referral,Charlotte,Port Charlotte,70,68.0,15.0,83.0,62,Cash,NEWCUSTOMER,No Feedback
3389,2025-07-21,CUST0736,Emma Miller,Returning,Interior Detail,Unknown,Charlotte,Port Charlotte,90,99.0,0.0,99.0,32,Cash App,No Discount,3.0
3390,2025-05-06,CUST0163,Olivia Taylor,Returning,Basic Wash,Instagram,Sarasota,Sarasota,40,45.0,20.0,65.0,39,Venmo,NEWCUSTOMER,3.0
3391,2025-11-01,CUST0977,Lewis Taylor,Returning,Ceramic Coating,Instagram,Charlotte,Port Charlotte,350,390.0,5.0,395.0,49,Cash,SUMMER10,4.0
3392,2025-10-21,CUST0275,Noah Anderson,Returning,Full Detail,TikTok,Charlotte,Punta Gorda,150,167.0,5.0,172.0,166,Cash,No Discount,5.0
3393,2025-03-05,CUST1029,Emma Smith,Returning,Basic Wash,Facebook,Charlotte,Port Charlotte,40,40.0,20.0,60.0,103,Zelle,NEWCUSTOMER,5.0
3394,2025-11-21,CUST0961,John Anderson,Returning,Ceramic Coating,Youtube,Sarasota,Venice,350,385.0,5.0,390.0,81,Cash,VIP ,3.0
3395,2025-06-25,CUST0766,Sofia Garcia,Returning,Interior Detail,Referral,Sarasota,North Port,90,85.0,0.0,85.0,65,Cash App,SUMMER10,5.0
3396,2025-04-26,CUST0377,Liam Garcia,Returning,Full Detail,Youtube,Charlotte,Punta Gorda,150,145.0,0.0,145.0,41,Cash,VIP ,4.0
3397,2025-07-23,CUST0794,Olivia Davis,Returning,Basic Wash,Youtube,Sarasota,North Port,40,42.0,0.0,42.0,167,Card,No Discount,4.0
3398,2025-11-17,CUST1007,Noah Brown,Returning,Interior Detail,Facebook,Charlotte,Port Charlotte,90,101.0,0.0,101.0,121,Venmo,No Discount,4.0
3399,2025-01-31,CUST0971,Ava Smith,Returning,Full Detail,Instagram,Sarasota,Sarasota,150,150.0,5.0,155.0,148,Zelle,SUMMER10,4.0
3400,2025-04-23,CUST0282,Noah Anderson,Returning,Ceramic Coating,Instagram,Sarasota,North Port,350,355.0,0.0,355.0,162,Zelle,No Discount,5.0
3401,2025-12-31,CUST0336,Noah Miller,Returning,Premium Wash,Youtube,Charlotte,Punta Gorda,70,77.0,5.0,92.0,51,Cash App,NEWCUSTOMER,5.0
3402,2025-11-21,CUST0396,John Anderson,Returning,Premium Wash,Referral,Sarasota,Venice,70,79.0,15.0,94.0,143,Cash,No Discount,4.0
3403,2025-12-10,CUST0464,Mary Smith,Returning,Basic Wash,Facebook,Sarasota,North Port,40,42.0,0.0,42.0,176,Cash,SUMMER10,5.0
3404,2025-03-08,CUST0067,Sofia Johnson,Returning,Premium Wash,Youtube,Sarasota,Sarasota,70,70.0,15.0,85.0,36,Venmo,NEWCUSTOMER,3.0
3405,2025-03-16,CUST0837,Liam Brown,Returning,Basic Wash,Referral,Charlotte,Punta Gorda,40,40.0,5.0,45.0,108,Cash App,No Discount,5.0
3406,2025-02-14,CUST0031,Lewis Davis,Returning,Interior Detail,Facebook,Sarasota,Sarasota,90,92.0,20.0,112.0,171,Cash,No Discount,No Feedback
3407,2025-09-17,CUST0553,Mary Wilson,Returning,Basic Wash,TikTok,Sarasota,North Port,40,44.0,5.0,49.0,134,Card,SUMMER10,4.0
3408,2025-06-03,CUST0846,Mary Davis,Returning,Premium Wash,Youtube,Charlotte,Port Charlotte,70,70.0,0.0,70.0,118,Cash,No Discount,5.0
3409,2025-06-04,CUST0456,John Taylor,Returning,Full Detail,Facebook,Charlotte,Port Charlotte,150,150.0,20.0,170.0,75,Zelle,VIP ,5.0
3410,2025-12-29,CUST0416,Mary Smith,Returning,Basic Wash,Facebook,Charlotte,Punta Gorda,40,44.0,0.0,44.0,79,Card,No Discount,4.0
3411,2025-08-22,CUST0419,Mary Wilson,Returning,Interior Detail,Referral,Charlotte,Port Charlotte,90,97.0,10.0,107.0,176,Venmo,No Discount,No Feedback
3412,2025-02-20,CUST0136,Noah Brown,Returning,Basic Wash,TikTok,Sarasota,Venice,40,40.0,5.0,45.0,42,Card,SUMMER10,4.0
3413,2025-11-02,CUST0363,Lewis Brown,Returning,Interior Detail,Facebook,Charlotte,Port Charlotte,90,104.0,20.0,124.0,67,Cash,No Discount,5.0
3414,2025-09-19,CUST0900,Liam Miller,Returning,Ceramic Coating,Instagram,Sarasota,North Port,350,380.0,0.0,380.0,156,Card,No Discount,5.0
3415,2025-11-11,CUST1004,Olivia Johnson,Returning,Ceramic Coating,Instagram,Charlotte,Port Charlotte,350,383.0,0.0,383.0,62,Cash App,No Discount,4.0
3416,2025-05-05,CUST0666,Emma Davis,Returning,Premium Wash,Facebook,Charlotte,Port Charlotte,70,75.0,20.0,95.0,101,Cash,SUMMER10,No Feedback
3417,2025-09-02,CUST0938,Ava Taylor,Returning,Premium Wash,Referral,Sarasota,Sarasota,70,77.0,5.0,82.0,156,Cash,NEWCUSTOMER,No Feedback
3418,2025-01-30,CUST0506,Mary Miller,Returning,Full Detail,Youtube,Charlotte,Punta Gorda,150,150.0,15.0,165.0,95,Cash App,NEWCUSTOMER,No Feedback
3419,2025-05-02,CUST0876,Lewis Martinez,Returning,Premium Wash,Referral,Sarasota,Venice,70,68.0,10.0,78.0,58,Cash App,No Discount,No Feedback
3420,2025-05-05,CUST0830,Ava Smith,Returning,Interior Detail,Youtube,Charlotte,Port Charlotte,90,92.0,0.0,92.0,161,Card,NEWCUSTOMER,4.0
3421,2025-02-06,CUST0086,Olivia Davis,Returning,Ceramic Coating,Facebook,Sarasota,Venice,350,355.0,15.0,370.0,51,Card,NEWCUSTOMER,5.0
3422,2025-06-19,CUST0780,John Miller,Returning,Full Detail,TikTok,Charlotte,Punta Gorda,150,150.0,15.0,165.0,39,Card,No Discount,4.0
3423,2025-05-04,CUST0641,Emma Smith,Returning,Basic Wash,Instagram,Sarasota,Sarasota,40,45.0,5.0,50.0,173,Venmo,No Discount,3.0
3424,2025-12-23,CUST0808,Olivia Johnson,Returning,Ceramic Coating,Referral,Charlotte,Port Charlotte,350,383.0,0.0,383.0,98,Cash,No Discount,3.0
3425,2025-02-04,CUST1172,Sofia Brown,Returning,Premium Wash,Facebook,Charlotte,Port Charlotte,70,68.0,0.0,68.0,170,Card,No Discount,No Feedback
3426,2025-03-28,CUST1099,Lewis Anderson,Returning,Basic Wash,TikTok,Charlotte,Punta Gorda,40,45.0,5.0,50.0,137,Venmo,No Discount,5.0
3427,2025-05-14,CUST1076,Mary Martinez,New,Full Detail,Instagram,Charlotte,Port Charlotte,150,148.0,0.0,148.0,152,Zelle,No Discount,5.0
3428,2025-07-15,CUST0079,Alex Garcia,New,Basic Wash,TikTok,Sarasota,Sarasota,40,42.0,0.0,42.0,60,Card,VIP ,5.0
3429,2025-01-10,CUST1067,Lewis Garcia,Returning,Premium Wash,Referral,Sarasota,North Port,70,72.0,0.0,72.0,115,Venmo,SUMMER10,3.0
3430,2025-07-20,CUST0224,Sofia Davis,Returning,Interior Detail,Youtube,Charlotte,Port Charlotte,90,99.0,0.0,99.0,125,Cash,SUMMER10,3.0
3431,2025-10-12,CUST0925,Mary Anderson,Returning,Ceramic Coating,Facebook,Charlotte,Port Charlotte,350,385.0,10.0,395.0,46,Cash App,No Discount,4.0
3432,2025-03-18,CUST0936,Sofia Martinez,Returning,Full Detail,Facebook,Sarasota,North Port,150,152.0,0.0,152.0,126,Cash,NEWCUSTOMER,5.0
3433,2025-02-28,CUST0087,Noah Davis,Returning,Ceramic Coating,TikTok,Charlotte,Punta Gorda,350,350.0,0.0,350.0,128,Card,No Discount,4.0
3434,2025-05-06,CUST0504,Mary Brown,Returning,Interior Detail,TikTok,Charlotte,Punta Gorda,90,90.0,0.0,90.0,155,Card,No Discount,5.0
3435,2025-04-19,CUST1063,Mary Martinez,Returning,Premium Wash,TikTok,Charlotte,Punta Gorda,70,72.0,15.0,87.0,68,Card,VIP ,3.0
3436,2025-08-12,CUST1102,Sofia Miller,Returning,Basic Wash,Referral,Charlotte,Port Charlotte,40,44.0,15.0,59.0,101,Cash,NEWCUSTOMER,5.0
3437,2025-10-05,CUST0811,Lewis Miller,Returning,Interior Detail,TikTok,Charlotte,Punta Gorda,90,94.0,15.0,109.0,133,Card,NEWCUSTOMER,3.0
3438,2025-03-09,CUST0081,Mary Taylor,Returning,Premium Wash,Youtube,Sarasota,Venice,70,72.0,0.0,72.0,67,Zelle,No Discount,3.0
3439,2025-03-10,CUST1143,Liam Davis,Returning,Basic Wash,Youtube,Charlotte,Punta Gorda,40,38.0,20.0,58.0,61,Venmo,SUMMER10,No Feedback
3440,2025-06-14,CUST0794,Lewis Anderson,Returning,Ceramic Coating,Youtube,Sarasota,North Port,350,355.0,5.0,360.0,135,Cash,SUMMER10,4.0
3441,2025-11-01,CUST1058,Olivia Wilson,Returning,Premium Wash,Facebook,Charlotte,Punta Gorda,70,77.0,5.0,82.0,106,Zelle,No Discount,No Feedback
3442,2025-06-11,CUST0101,Ava Davis,Returning,Ceramic Coating,Instagram,Sarasota,Sarasota,350,348.0,0.0,348.0,80,Cash,VIP ,No Feedback
3443,2025-12-31,CUST0389,Emma Martinez,Returning,Full Detail,TikTok,Sarasota,North Port,150,160.0,0.0,160.0,159,Cash,No Discount,4.0
3444,2025-12-08,CUST0597,Noah Miller,Returning,Interior Detail,Unknown,Sarasota,Venice,90,104.0,10.0,114.0,108,Card,No Discount,4.0
3445,2025-11-05,CUST0901,Noah Anderson,Returning,Full Detail,Facebook,Sarasota,Sarasota,150,160.0,5.0,165.0,71,Cash,VIP ,5.0
3446,2025-12-09,CUST0816,Noah Brown,Returning,Full Detail,Facebook,Sarasota,Venice,150,167.0,0.0,167.0,114,Card,No Discount,3.0
3447,2025-02-11,CUST0624,Emma Brown,Returning,Ceramic Coating,Facebook,Charlotte,Punta Gorda,350,355.0,15.0,370.0,161,Zelle,No Discount,4.0
3448,2025-12-20,CUST0586,Emma Garcia,Returning,Interior Detail,TikTok,Charlotte,Punta Gorda,90,99.0,0.0,99.0,64,Zelle,VIP ,5.0
3449,2025-04-19,CUST0945,Sofia Wilson,Returning,Full Detail,Unknown,Sarasota,North Port,150,148.0,20.0,168.0,93,Venmo,VIP ,4.0
3450,2025-02-20,CUST0341,Ava Martinez,Returning,Interior Detail,Referral,Sarasota,Sarasota,90,90.0,0.0,90.0,140,Venmo,No Discount,5.0
3451,2025-09-07,CUST0866,Sofia Smith,Returning,Premium Wash,Referral,Charlotte,Punta Gorda,70,77.0,10.0,87.0,102,Cash,SUMMER10,5.0
3452,2025-12-07,CUST0603,Emma Miller,Returning,Full Detail,Instagram,Sarasota,Sarasota,150,165.0,5.0,170.0,158,Zelle,VIP ,5.0
3453,2025-01-21,CUST0112,John Miller,Returning,Premium Wash,Instagram,Charlotte,Port Charlotte,70,70.0,10.0,80.0,99,Cash,No Discount,5.0
3454,2025-10-27,CUST1059,Lewis Taylor,Returning,Basic Wash,Referral,Charlotte,Port Charlotte,40,44.0,15.0,59.0,52,Card,No Discount,3.0
3455,2025-05-19,CUST0292,Sofia Garcia,Returning,Basic Wash,TikTok,Sarasota,Sarasota,40,45.0,20.0,65.0,74,Cash,No Discount,4.0
3456,2025-12-25,CUST0950,Emma Anderson,Returning,Ceramic Coating,Instagram,Sarasota,North Port,350,390.0,0.0,390.0,77,Cash,No Discount,5.0
3457,2025-11-20,CUST0926,Alex Miller,Returning,Ceramic Coating,Youtube,Charlotte,Port Charlotte,350,385.0,5.0,390.0,61,Card,No Discount,5.0
3458,2025-04-02,CUST0186,Liam Smith,Returning,Full Detail,Youtube,Sarasota,Venice,150,150.0,10.0,160.0,128,Venmo,No Discount,5.0
3459,2025-10-07,CUST1026,John Johnson,Returning,Premium Wash,Facebook,Sarasota,Venice,70,75.0,20.0,95.0,171,Card,VIP ,4.0
3460,2025-05-05,CUST0232,Alex Garcia,Returning,Interior Detail,TikTok,Sarasota,Sarasota,90,88.0,10.0,98.0,55,Cash,No Discount,5.0
3461,2025-04-21,CUST0369,Liam Taylor,Returning,Ceramic Coating,Facebook,Sarasota,Sarasota,350,345.0,10.0,355.0,65,Venmo,SUMMER10,No Feedback
3462,2025-12-20,CUST1199,Noah Taylor,Returning,Ceramic Coating,TikTok,Charlotte,Punta Gorda,350,387.0,10.0,397.0,112,Card,SUMMER10,5.0
3463,2025-05-19,CUST1120,Ava Johnson,Returning,Ceramic Coating,Youtube,Charlotte,Punta Gorda,350,355.0,10.0,365.0,180,Cash App,No Discount,4.0
3464,2025-09-30,CUST0278,Olivia Anderson,Returning,Basic Wash,Youtube,Sarasota,Venice,40,44.0,5.0,49.0,171,Card,NEWCUSTOMER,4.0
3465,2025-04-09,CUST0806,John Brown,Returning,Interior Detail,Facebook,Charlotte,Punta Gorda,90,95.0,5.0,100.0,128,Cash,No Discount,No Feedback
3466,2025-09-09,CUST0847,Sofia Wilson,Returning,Ceramic Coating,Referral,Sarasota,Venice,350,390.0,0.0,390.0,168,Cash,No Discount,No Feedback
3467,2025-12-04,CUST0663,Olivia Brown,Returning,Premium Wash,Instagram,Sarasota,Sarasota,70,82.0,5.0,87.0,64,Venmo,VIP ,4.0
3468,2025-04-14,CUST0924,Mary Davis,Returning,Full Detail,Referral,Charlotte,Port Charlotte,150,150.0,5.0,170.0,164,Card,No Discount,5.0
3469,2025-08-02,CUST0052,Olivia Wilson,Returning,Full Detail,Referral,Sarasota,North Port,150,165.0,5.0,170.0,57,Card,No Discount,5.0
3470,2025-09-06,CUST0367,Liam Johnson,Returning,Ceramic Coating,Youtube,Charlotte,Punta Gorda,350,383.0,5.0,388.0,120,Cash,VIP ,3.0
3471,2025-06-01,CUST0930,Mary Johnson,Returning,Premium Wash,Instagram,Charlotte,Port Charlotte,70,70.0,10.0,80.0,150,Venmo,No Discount,5.0
3472,2025-09-07,CUST0414,Emma Johnson,Returning,Premium Wash,TikTok,Charlotte,Punta Gorda,70,77.0,5.0,82.0,169,Card,NEWCUSTOMER,5.0
3473,2025-10-02,CUST0932,Mary Anderson,Returning,Full Detail,Facebook,Sarasota,Sarasota,150,167.0,15.0,182.0,163,Card,No Discount,5.0
3474,2025-06-14,CUST0185,Alex Martinez,Returning,Interior Detail,Youtube,Sarasota,Venice,90,92.0,0.0,92.0,148,Cash App,SUMMER10,4.0
3475,2025-12-07,CUST0513,John Brown,Returning,Ceramic Coating,TikTok,Charlotte,Port Charlotte,350,385.0,0.0,385.0,127,Cash App,SUMMER10,4.0
3476,2025-01-08,CUST0664,Noah Davis,Returning,Basic Wash,Referral,Sarasota,Venice,40,40.0,0.0,40.0,141,Cash App,VIP ,3.0
3477,2025-10-11,CUST0336,Noah Anderson,Returning,Interior Detail,Youtube,Charlotte,Punta Gorda,90,99.0,0.0,99.0,130,Zelle,No Discount,No Feedback
3478,2025-01-05,CUST0254,Alex Johnson,Returning,Premium Wash,Instagram,Sarasota,Venice,70,75.0,5.0,80.0,38,Zelle,No Discount,4.0
3479,2025-05-25,CUST0187,Lewis Garcia,Returning,Interior Detail,TikTok,Charlotte,Punta Gorda,90,90.0,5.0,95.0,73,Cash,No Discount,5.0
3480,2025-04-11,CUST0234,Ava Smith,Returning,Basic Wash,Youtube,Sarasota,Sarasota,40,35.0,0.0,35.0,86,Venmo,SUMMER10,4.0
3481,2025-06-13,CUST0921,Ava Smith,Returning,Ceramic Coating,Instagram,Sarasota,Sarasota,350,345.0,5.0,350.0,167,Cash App,NEWCUSTOMER,4.0
3482,2025-05-27,CUST0744,John Anderson,Returning,Premium Wash,Facebook,Charlotte,Punta Gorda,70,65.0,5.0,70.0,152,Cash,SUMMER10,5.0
3483,2025-03-05,CUST0175,Emma Smith,Returning,Ceramic Coating,Instagram,Sarasota,Sarasota,350,355.0,0.0,355.0,141,Zelle,No Discount,5.0
3484,2025-04-01,CUST1073,Mary Taylor,Returning,Ceramic Coating,Referral,Sarasota,North Port,350,348.0,0.0,348.0,58,Card,SUMMER10,4.0
3485,2025-04-27,CUST0787,Liam Martinez,Returning,Premium Wash,Instagram,Sarasota,North Port,70,65.0,10.0,75.0,47,Cash,No Discount,4.0
3486,2025-12-20,CUST1048,Sofia Davis,Returning,Premium Wash,Youtube,Charlotte,Punta Gorda,70,72.0,5.0,77.0,39,Card,VIP ,No Feedback
3487,2025-09-24,CUST0328,Olivia Davis,Returning,Basic Wash,TikTok,Sarasota,Sarasota,40,44.0,0.0,44.0,172,Card,No Discount,3.0
3488,2025-11-06,CUST0776,Mary Anderson,Returning,Ceramic Coating,Youtube,Sarasota,North Port,350,385.0,0.0,385.0,159,Card,VIP ,4.0
3489,2025-06-22,CUST1128,Liam Wilson,Returning,Basic Wash,Youtube,Charlotte,Port Charlotte,40,45.0,15.0,60.0,49,Card,No Discount,5.0
3490,2025-02-16,CUST0780,Ava Johnson,Returning,Premium Wash,TikTok,Charlotte,Punta Gorda,70,75.0,0.0,75.0,129,Card,No Discount,3.0
3491,2025-05-20,CUST0090,Noah Smith,Returning,Ceramic Coating,TikTok,Sarasota,Venice,350,350.0,0.0,350.0,82,Cash App,No Discount,5.0
3492,2025-09-03,CUST0350,Lewis Johnson,Returning,Full Detail,Facebook,Charlotte,Port Charlotte,150,165.0,20.0,185.0,141,Zelle,NEWCUSTOMER,No Feedback
3493,2025-05-29,CUST0687,Lewis Johnson,Returning,Premium Wash,TikTok,Sarasota,Venice,70,70.0,5.0,75.0,128,Card,No Discount,3.0
3494,2025-09-03,CUST1159,Liam Martinez,Returning,Interior Detail,Instagram,Charlotte,Port Charlotte,90,99.0,0.0,99.0,95,Card,No Discount,5.0
3495,2025-01-05,CUST0308,John Martinez,Returning,Premium Wash,Referral,Sarasota,Sarasota,70,68.0,20.0,88.0,78,Cash,VIP ,5.0
3496,2025-07-03,CUST0333,Mary Miller,Returning,Full Detail,Instagram,Sarasota,Venice,150,170.0,15.0,185.0,43,Venmo,No Discount,5.0
3497,2025-01-20,CUST0297,Sofia Miller,Returning,Basic Wash,Instagram,Sarasota,North Port,40,42.0,15.0,57.0,153,Cash,NEWCUSTOMER,3.0
3498,2025-02-15,CUST0367,Liam Taylor,Returning,Basic Wash,Youtube,Charlotte,Punta Gorda,40,38.0,15.0,53.0,34,Cash App,VIP ,5.0
3499,2025-01-12,CUST0106,Liam Smith,Returning,Premium Wash,TikTok,Sarasota,Venice,70,72.0,5.0,77.0,93,Zelle,NEWCUSTOMER,3.0
3500,2025-03-11,CUST0860,Noah Garcia,Returning,Ceramic Coating,TikTok,Sarasota,Venice,350,345.0,5.0,350.0,75,Card,No Discount,4.0
3501,2025-01-17,CUST0631,Ava Smith,Returning,Premium Wash,Facebook,Sarasota,Venice,70,75.0,0.0,75.0,150,Card,No Discount,5.0
3502,2025-05-27,CUST0634,Liam Miller,Returning,Interior Detail,Instagram,Sarasota,Venice,90,90.0,15.0,105.0,129,Card,VIP ,3.0
3503,2025-06-03,CUST0914,Lewis Martinez,Returning,Interior Detail,TikTok,Charlotte,Port Charlotte,90,85.0,5.0,90.0,93,Card,No Discount,3.0
3504,2025-10-31,CUST0592,Mary Johnson,Returning,Interior Detail,Referral,Charlotte,Port Charlotte,90,104.0,0.0,104.0,143,Card,NEWCUSTOMER,3.0
3505,2025-04-18,CUST0371,Emma Wilson,Returning,Ceramic Coating,TikTok,Charlotte,Punta Gorda,350,345.0,20.0,365.0,164,Cash,SUMMER10,3.0
3506,2025-08-24,CUST0241,Emma Martinez,Returning,Full Detail,Facebook,Charlotte,Punta Gorda,150,160.0,5.0,165.0,126,Card,NEWCUSTOMER,3.0
3507,2025-11-04,CUST0270,Noah Johnson,Returning,Ceramic Coating,TikTok,Sarasota,Venice,350,387.0,15.0,402.0,103,Cash,SUMMER10,No Feedback
3508,2025-12-18,CUST0416,Liam Taylor,Returning,Ceramic Coating,Facebook,Charlotte,Punta Gorda,350,390.0,20.0,410.0,33,Cash,No Discount,5.0
3509,2025-03-11,CUST0008,Lewis Smith,Returning,Full Detail,Unknown,Sarasota,Venice,150,150.0,0.0,150.0,94,Cash App,VIP ,5.0
3510,2025-07-02,CUST0519,Mary Wilson,Returning,Premium Wash,Instagram,Charlotte,Punta Gorda,70,75.0,0.0,75.0,104,Card,VIP ,No Feedback
3511,2025-09-07,CUST0026,John Johnson,Returning,Basic Wash,Youtube,Charlotte,Punta Gorda,40,42.0,0.0,42.0,130,Cash App,NEWCUSTOMER,No Feedback
3512,2025-08-16,CUST0940,Lewis Davis,Returning,Full Detail,TikTok,Sarasota,North Port,150,165.0,20.0,185.0,161,Cash,No Discount,3.0
3513,2025-04-12,CUST1020,John Johnson,Returning,Premium Wash,TikTok,Sarasota,Sarasota,70,70.0,20.0,90.0,88,Zelle,No Discount,4.0
3514,2025-03-16,CUST1022,Sofia Johnson,Returning,Full Detail,Facebook,Sarasota,Venice,150,145.0,20.0,165.0,121,Card,NEWCUSTOMER,5.0
3515,2025-08-04,CUST1114,Mary Anderson,Returning,Full Detail,Facebook,Sarasota,North Port,150,163.0,10.0,173.0,125,Venmo,NEWCUSTOMER,No Feedback
3516,2025-07-22,CUST0012,Alex Wilson,Returning,Full Detail,TikTok,Sarasota,Venice,150,160.0,20.0,180.0,109,Cash App,VIP ,4.0
3517,2025-07-11,CUST1011,Mary Brown,Returning,Premium Wash,TikTok,Charlotte,Port Charlotte,70,75.0,10.0,85.0,138,Cash,No Discount,3.0
3518,2025-09-06,CUST0488,Emma Anderson,Returning,Basic Wash,TikTok,Sarasota,Sarasota,40,44.0,5.0,49.0,56,Cash,No Discount,No Feedback
3519,2025-08-30,CUST0445,Emma Garcia,Returning,Premium Wash,Unknown,Sarasota,North Port,70,79.0,10.0,89.0,147,Zelle,No Discount,4.0
3520,2025-06-28,CUST0975,Olivia Davis,Returning,Ceramic Coating,Referral,Sarasota,Sarasota,350,355.0,15.0,370.0,163,Cash,No Discount,4.0
3521,2025-08-07,CUST0930,John Wilson,Returning,Full Detail,Instagram,Charlotte,Port Charlotte,150,167.0,10.0,177.0,79,Zelle,NEWCUSTOMER,No Feedback
3522,2025-03-23,CUST0840,John Johnson,Returning,Ceramic Coating,Facebook,Sarasota,North Port,350,348.0,15.0,363.0,92,Cash,No Discount,5.0
3523,2025-04-02,CUST0905,Emma Davis,Returning,Interior Detail,Referral,Charlotte,Port Charlotte,90,90.0,5.0,95.0,153,Card,VIP ,4.0
3524,2025-06-24,CUST0163,John Martinez,Returning,Ceramic Coating,Instagram,Sarasota,Sarasota,350,352.0,15.0,367.0,103,Card,No Discount,3.0
3525,2025-08-27,CUST0014,Lewis Miller,Returning,Full Detail,Youtube,Sarasota,Sarasota,150,160.0,0.0,160.0,105,Zelle,VIP ,No Feedback
3526,2025-09-17,CUST0502,Ava Davis,Returning,Ceramic Coating,Referral,Charlotte,Punta Gorda,350,387.0,0.0,387.0,105,Venmo,SUMMER10,No Feedback
3527,2025-12-31,CUST1121,Emma Taylor,Returning,Premium Wash,Youtube,Sarasota,Venice,70,72.0,0.0,72.0,154,Zelle,VIP ,5.0
3528,2025-06-12,CUST0570,John Smith,Returning,Basic Wash,Youtube,Sarasota,Venice,40,38.0,10.0,48.0,78,Zelle,No Discount,3.0
3529,2025-02-17,CUST1142,Sofia Brown,Returning,Interior Detail,Instagram,Sarasota,Sarasota,90,85.0,20.0,105.0,142,Cash,VIP ,3.0
3530,2025-11-25,CUST0426,Liam Martinez,Returning,Premium Wash,Facebook,Charlotte,Punta Gorda,70,72.0,0.0,72.0,128,Cash App,SUMMER10,5.0
3531,2025-11-24,CUST0101,Alex Brown,Returning,Interior Detail,Instagram,Sarasota,Sarasota,90,94.0,15.0,109.0,61,Cash,No Discount,5.0
3532,2025-04-26,CUST0379,Ava Brown,Returning,Premium Wash,Referral,Charlotte,Punta Gorda,70,75.0,0.0,75.0,60,Zelle,No Discount,3.0
3533,2025-12-03,CUST0304,Noah Johnson,Returning,Basic Wash,Instagram,Charlotte,Port Charlotte,40,49.0,5.0,64.0,98,Cash App,No Discount,5.0
3534,2025-12-03,CUST0113,Sofia Martinez,Returning,Premium Wash,Youtube,Charlotte,Port Charlotte,70,82.0,0.0,82.0,168,Cash App,VIP ,4.0
3535,2025-08-13,CUST0715,Mary Taylor,Returning,Full Detail,Referral,Charlotte,Port Charlotte,150,165.0,0.0,165.0,91,Cash App,No Discount,No Feedback
3536,2025-12-18,CUST0076,Liam Anderson,Returning,Interior Detail,Facebook,Charlotte,Punta Gorda,90,94.0,5.0,99.0,30,Venmo,No Discount,No Feedback
3537,2025-11-24,CUST0298,Emma Brown,Returning,Premium Wash,Youtube,Charlotte,Port Charlotte,70,82.0,0.0,82.0,156,Cash App,VIP ,4.0
3538,2025-05-27,CUST0067,Olivia Taylor,Returning,Full Detail,Youtube,Sarasota,Sarasota,150,150.0,20.0,170.0,135,Cash,SUMMER10,No Feedback
3539,2025-03-04,CUST1184,Ava Wilson,Returning,Basic Wash,Referral,Charlotte,Port Charlotte,40,35.0,0.0,35.0,88,Card,No Discount,4.0
3540,2025-10-21,CUST0612,Olivia Anderson,Returning,Full Detail,Instagram,Sarasota,North Port,150,167.0,15.0,182.0,138,Venmo,No Discount,3.0
3541,2025-11-19,CUST0679,Noah Johnson,Returning,Interior Detail,Referral,Sarasota,North Port,90,94.0,0.0,94.0,98,Venmo,SUMMER10,5.0
3542,2025-11-21,CUST0180,Mary Taylor,Returning,Premium Wash,Youtube,Charlotte,Punta Gorda,70,77.0,5.0,82.0,168,Cash,No Discount,3.0
3543,2025-01-13,CUST0101,Olivia Johnson,Returning,Basic Wash,Instagram,Sarasota,Sarasota,40,40.0,5.0,45.0,141,Card,NEWCUSTOMER,3.0
3544,2025-07-08,CUST0224,Ava Brown,Returning,Premium Wash,Youtube,Charlotte,Port Charlotte,70,79.0,0.0,79.0,106,Zelle,SUMMER10,5.0
3545,2025-10-14,CUST0854,Emma Taylor,Returning,Premium Wash,TikTok,Sarasota,Sarasota,70,72.0,10.0,82.0,122,Cash,No Discount,4.0
3546,2025-07-27,CUST0366,John Garcia,Returning,Interior Detail,Youtube,Charlotte,Punta Gorda,90,104.0,15.0,119.0,92,Venmo,VIP ,4.0
3547,2025-04-24,CUST0331,Emma Garcia,Returning,Basic Wash,Youtube,Sarasota,Venice,40,42.0,5.0,47.0,125,Cash,No Discount,4.0
3548,2025-01-22,CUST0583,Alex Taylor,Returning,Interior Detail,Youtube,Sarasota,Sarasota,90,88.0,15.0,103.0,77,Zelle,No Discount,5.0
3549,2025-12-15,CUST1173,Emma Smith,Returning,Premium Wash,Referral,Sarasota,North Port,70,72.0,15.0,87.0,101,Venmo,No Discount,4.0
3550,2025-08-02,CUST1152,Emma Taylor,Returning,Ceramic Coating,TikTok,Sarasota,North Port,350,390.0,0.0,390.0,46,Card,No Discount,No Feedback
3551,2025-06-20,CUST0364,Noah Miller,Returning,Basic Wash,Facebook,Sarasota,North Port,40,40.0,5.0,45.0,126,Cash,No Discount,4.0
3552,2025-11-19,CUST0933,Emma Martinez,Returning,Full Detail,Facebook,Charlotte,Punta Gorda,150,165.0,10.0,175.0,33,Cash,NEWCUSTOMER,No Feedback
3553,2025-02-23,CUST1186,Olivia Wilson,Returning,Ceramic Coating,Instagram,Charlotte,Punta Gorda,350,348.0,0.0,348.0,128,Cash App,No Discount,4.0
3554,2025-10-25,CUST0738,Sofia Miller,Returning,Full Detail,Instagram,Sarasota,North Port,150,165.0,0.0,165.0,109,Card,No Discount,4.0
3555,2025-11-16,CUST0074,Noah Brown,Returning,Ceramic Coating,Referral,Sarasota,Venice,350,383.0,15.0,398.0,101,Card,No Discount,No Feedback
3556,2025-05-06,CUST0191,Lewis Johnson,Returning,Full Detail,Referral,Sarasota,Sarasota,150,152.0,10.0,162.0,102,Cash App,No Discount,4.0
3557,2025-10-04,CUST0613,Lewis Martinez,Returning,Full Detail,Facebook,Charlotte,Port Charlotte,150,165.0,5.0,170.0,41,Card,No Discount,5.0
3558,2025-07-23,CUST0662,John Davis,Returning,Ceramic Coating,Referral,Charlotte,Port Charlotte,350,390.0,20.0,410.0,168,Zelle,No Discount,No Feedback
3559,2025-07-13,CUST0755,Noah Miller,Returning,Full Detail,Referral,Charlotte,Punta Gorda,150,165.0,0.0,165.0,139,Card,No Discount,5.0
3560,2025-06-18,CUST0777,Emma Davis,Returning,Full Detail,Instagram,Sarasota,Sarasota,150,148.0,10.0,158.0,134,Cash,No Discount,No Feedback
3561,2025-06-01,CUST0139,Olivia Davis,Returning,Premium Wash,Referral,Charlotte,Punta Gorda,70,75.0,10.0,85.0,79,Card,SUMMER10,4.0
3562,2025-02-04,CUST0876,Alex Miller,Returning,Premium Wash,Referral,Sarasota,Venice,70,68.0,0.0,68.0,131,Venmo,NEWCUSTOMER,No Feedback
3563,2025-07-03,CUST1128,Noah Johnson,Returning,Full Detail,Youtube,Charlotte,Port Charlotte,150,165.0,20.0,185.0,167,Venmo,NEWCUSTOMER,5.0
3564,2025-10-13,CUST0133,Sofia Miller,Returning,Premium Wash,TikTok,Sarasota,North Port,70,79.0,10.0,89.0,34,Cash,No Discount,5.0
3565,2025-02-26,CUST0600,Sofia Anderson,Returning,Ceramic Coating,Instagram,Sarasota,Venice,350,350.0,15.0,365.0,52,Cash,No Discount,3.0
3566,2025-08-10,CUST0965,Liam Taylor,Returning,Basic Wash,Facebook,Sarasota,Venice,40,39.0,0.0,39.0,40,Venmo,No Discount,5.0
3567,2025-10-30,CUST0276,Mary Miller,Returning,Basic Wash,TikTok,Sarasota,Venice,40,44.0,10.0,54.0,49,Cash,No Discount,4.0
3568,2025-06-12,CUST0250,John Martinez,Returning,Interior Detail,Referral,Charlotte,Port Charlotte,90,92.0,15.0,107.0,35,Cash,No Discount,3.0
3569,2025-01-19,CUST0563,Mary Miller,Returning,Premium Wash,TikTok,Sarasota,North Port,70,70.0,15.0,85.0,92,Zelle,NEWCUSTOMER,4.0
3570,2025-09-21,CUST0675,Olivia Miller,Returning,Interior Detail,TikTok,Sarasota,Sarasota,90,101.0,5.0,106.0,35,Cash,No Discount,No Feedback
3571,2025-10-09,CUST1080,Noah Miller,New,Interior Detail,Referral,Charlotte,Punta Gorda,90,99.0,10.0,109.0,132,Card,No Discount,5.0
3572,2025-04-23,CUST0848,Noah Anderson,Returning,Premium Wash,TikTok,Sarasota,Sarasota,70,68.0,15.0,83.0,80,Card,SUMMER10,4.0
3573,2025-11-23,CUST1075,Alex Taylor,Returning,Premium Wash,Youtube,Sarasota,North Port,70,77.0,0.0,77.0,82,Card,VIP ,4.0
3574,2025-01-30,CUST0430,Alex Johnson,Returning,Basic Wash,TikTok,Sarasota,North Port,40,40.0,5.0,45.0,154,Cash App,NEWCUSTOMER,3.0
3575,2025-05-15,CUST0429,Lewis Martinez,Returning,Basic Wash,TikTok,Charlotte,Punta Gorda,40,38.0,5.0,43.0,94,Cash,VIP ,4.0
3576,2025-03-08,CUST0120,Lewis Garcia,Returning,Basic Wash,TikTok,Sarasota,Venice,40,42.0,10.0,52.0,176,Cash App,No Discount,4.0
3577,2025-03-06,CUST0224,Noah Smith,Returning,Interior Detail,Youtube,Charlotte,Port Charlotte,90,95.0,0.0,95.0,138,Cash App,No Discount,5.0
3578,2025-10-19,CUST1171,Olivia Miller,Returning,Full Detail,Unknown,Sarasota,North Port,150,163.0,15.0,178.0,139,Zelle,No Discount,4.0
3579,2025-01-25,CUST1084,Ava Martinez,Returning,Basic Wash,Referral,Charlotte,Port Charlotte,40,40.0,15.0,55.0,67,Zelle,VIP ,No Feedback
3580,2025-02-06,CUST0180,Ava Brown,Returning,Ceramic Coating,Youtube,Charlotte,Punta Gorda,350,355.0,20.0,375.0,172,Venmo,No Discount,5.0
3581,2025-01-01,CUST0991,Noah Anderson,Returning,Full Detail,Youtube,Sarasota,Venice,150,150.0,10.0,160.0,153,Zelle,No Discount,No Feedback
3582,2025-02-06,CUST0589,Emma Smith,Returning,Interior Detail,Youtube,Charlotte,Punta Gorda,90,90.0,0.0,90.0,98,Zelle,No Discount,3.0
3583,2025-05-21,CUST0875,Lewis Brown,Returning,Interior Detail,Instagram,Charlotte,Punta Gorda,90,95.0,15.0,110.0,161,Cash,NEWCUSTOMER,4.0
3584,2025-08-20,CUST0649,Mary Anderson,Returning,Ceramic Coating,Instagram,Sarasota,Sarasota,350,387.0,0.0,387.0,160,Venmo,No Discount,5.0
3585,2025-05-16,CUST0532,Lewis Brown,Returning,Full Detail,Instagram,Charlotte,Port Charlotte,150,150.0,0.0,150.0,138,Cash,NEWCUSTOMER,5.0
3586,2025-07-07,CUST1077,John Martinez,Returning,Premium Wash,Referral,Sarasota,North Port,70,82.0,15.0,97.0,85,Cash,No Discount,No Feedback
3587,2025-05-08,CUST1178,Lewis Garcia,Returning,Ceramic Coating,Facebook,Charlotte,Port Charlotte,350,345.0,20.0,365.0,118,Venmo,No Discount,No Feedback
3588,2025-07-20,CUST0725,Liam Taylor,Returning,Interior Detail,Instagram,Sarasota,Venice,90,101.0,0.0,101.0,74,Cash,VIP ,No Feedback
3589,2025-05-07,CUST0266,Olivia Johnson,Returning,Ceramic Coating,Facebook,Sarasota,Venice,350,350.0,10.0,360.0,51,Cash,VIP ,4.0
3590,2025-09-14,CUST1153,Alex Garcia,Returning,Full Detail,Facebook,Sarasota,Sarasota,150,165.0,0.0,165.0,79,Card,No Discount,4.0
3591,2025-06-13,CUST1017,Noah Davis,Returning,Premium Wash,Youtube,Charlotte,Punta Gorda,70,70.0,15.0,85.0,153,Card,SUMMER10,4.0
3592,2025-02-04,CUST1065,Olivia Taylor,Returning,Ceramic Coating,Referral,Charlotte,Punta Gorda,350,350.0,5.0,355.0,51,Zelle,No Discount,4.0
3593,2025-07-13,CUST1020,Ava Smith,Returning,Full Detail,Unknown,Sarasota,Sarasota,150,170.0,0.0,170.0,137,Card,No Discount,3.0
3594,2025-07-10,CUST1009,Alex Brown,Returning,Interior Detail,Instagram,Sarasota,Sarasota,90,99.0,0.0,99.0,92,Card,VIP ,4.0
3595,2025-04-14,CUST0369,Emma Johnson,Returning,Ceramic Coating,Facebook,Sarasota,Sarasota,350,350.0,0.0,350.0,144,Card,VIP ,3.0
3596,2025-01-23,CUST0477,Olivia Anderson,Returning,Ceramic Coating,TikTok,Sarasota,Sarasota,350,345.0,0.0,345.0,132,Venmo,No Discount,No Feedback
3597,2025-09-22,CUST0595,John Anderson,New,Basic Wash,Instagram,Charlotte,Punta Gorda,40,42.0,20.0,62.0,141,Card,VIP ,No Feedback
3598,2025-10-17,CUST0397,John Garcia,Returning,Ceramic Coating,Youtube,Sarasota,Sarasota,350,385.0,5.0,390.0,170,Venmo,No Discount,5.0
3599,2025-09-17,CUST0004,Liam Johnson,Returning,Premium Wash,Instagram,Charlotte,Punta Gorda,70,79.0,10.0,89.0,134,Card,VIP ,3.0
3600,2025-12-24,CUST0243,Lewis Smith,Returning,Full Detail,TikTok,Charlotte,Punta Gorda,150,163.0,0.0,163.0,78,Cash,NEWCUSTOMER,4.0
3601,2025-03-16,CUST0050,Mary Taylor,Returning,Full Detail,Youtube,Sarasota,Venice,150,148.0,15.0,163.0,121,Cash,No Discount,3.0
3602,2025-12-21,CUST0953,Emma Brown,Returning,Ceramic Coating,Youtube,Charlotte,Port Charlotte,350,385.0,0.0,385.0,50,Zelle,SUMMER10,5.0
3603,2025-03-13,CUST0242,Lewis Garcia,Returning,Premium Wash,Referral,Sarasota,North Port,70,68.0,10.0,78.0,120,Cash,SUMMER10,5.0
3604,2025-09-16,CUST0425,Sofia Wilson,Returning,Interior Detail,Facebook,Sarasota,Venice,90,99.0,10.0,109.0,137,Cash,No Discount,5.0
3605,2025-07-07,CUST0850,Alex Martinez,Returning,Interior Detail,Youtube,Sarasota,Sarasota,90,97.0,15.0,112.0,159,Cash,NEWCUSTOMER,No Feedback
3606,2025-06-22,CUST0848,Olivia Anderson,Returning,Full Detail,TikTok,Sarasota,Sarasota,150,152.0,20.0,172.0,57,Zelle,NEWCUSTOMER,5.0
3607,2025-10-17,CUST0094,Lewis Smith,Returning,Premium Wash,Referral,Charlotte,Port Charlotte,70,75.0,10.0,85.0,82,Cash App,SUMMER10,3.0
3608,2025-02-14,CUST0684,Mary Taylor,Returning,Basic Wash,Youtube,Sarasota,Sarasota,40,35.0,10.0,45.0,96,Cash,SUMMER10,No Feedback
3609,2025-03-02,CUST0717,Sofia Taylor,Returning,Ceramic Coating,Facebook,Charlotte,Punta Gorda,350,350.0,5.0,355.0,46,Cash,No Discount,4.0
3610,2025-03-24,CUST1148,Olivia Smith,Returning,Premium Wash,Facebook,Charlotte,Punta Gorda,70,68.0,20.0,88.0,58,Card,SUMMER10,4.0
3611,2025-05-03,CUST0435,Noah Brown,New,Full Detail,Referral,Sarasota,Venice,150,150.0,0.0,150.0,180,Cash,No Discount,5.0
3612,2025-12-24,CUST0024,John Miller,Returning,Premium Wash,Instagram,Charlotte,Port Charlotte,70,79.0,0.0,79.0,58,Zelle,SUMMER10,3.0
3613,2025-01-16,CUST0413,Liam Anderson,Returning,Premium Wash,Instagram,Charlotte,Punta Gorda,70,70.0,10.0,80.0,102,Card,No Discount,3.0
3614,2025-03-07,CUST0577,Alex Miller,Returning,Premium Wash,Facebook,Sarasota,Venice,70,68.0,15.0,83.0,63,Card,VIP ,3.0
3615,2025-05-25,CUST0522,Lewis Wilson,Returning,Interior Detail,Facebook,Sarasota,Sarasota,90,90.0,5.0,95.0,36,Card,No Discount,No Feedback
3616,2025-06-11,CUST0139,Mary Smith,Returning,Interior Detail,Referral,Charlotte,Punta Gorda,90,92.0,5.0,97.0,60,Cash,No Discount,No Feedback
3617,2025-08-22,CUST0631,Olivia Taylor,Returning,Basic Wash,Facebook,Sarasota,Venice,40,44.0,5.0,49.0,110,Card,SUMMER10,4.0
3618,2025-05-24,CUST0615,Lewis Taylor,Returning,Premium Wash,Youtube,Sarasota,Sarasota,70,70.0,5.0,75.0,67,Cash App,No Discount,4.0
3619,2025-12-24,CUST1038,Ava Johnson,Returning,Full Detail,Youtube,Charlotte,Port Charlotte,150,167.0,0.0,167.0,71,Card,VIP ,5.0
3620,2025-07-07,CUST1127,Lewis Smith,Returning,Premium Wash,Instagram,Charlotte,Port Charlotte,70,79.0,0.0,79.0,150,Card,SUMMER10,4.0
3621,2025-11-18,CUST0664,John Martinez,Returning,Ceramic Coating,Unknown,Sarasota,Venice,350,383.0,10.0,393.0,97,Zelle,VIP ,5.0
3622,2025-01-13,CUST0013,Emma Johnson,Returning,Basic Wash,TikTok,Charlotte,Punta Gorda,40,40.0,20.0,60.0,39,Zelle,No Discount,No Feedback
3623,2025-07-03,CUST0234,John Smith,Returning,Full Detail,Youtube,Sarasota,Sarasota,150,160.0,20.0,180.0,34,Cash,SUMMER10,4.0
3624,2025-04-21,CUST0683,Liam Garcia,New,Interior Detail,Referral,Sarasota,North Port,90,85.0,15.0,100.0,172,Zelle,SUMMER10,3.0
3625,2025-10-17,CUST0700,Ava Anderson,Returning,Full Detail,Facebook,Charlotte,Punta Gorda,150,165.0,20.0,185.0,84,Zelle,NEWCUSTOMER,5.0
3626,2025-10-22,CUST0812,Olivia Martinez,Returning,Ceramic Coating,Youtube,Sarasota,Sarasota,350,383.0,20.0,403.0,171,Cash,NEWCUSTOMER,No Feedback
3627,2025-08-03,CUST1166,Mary Davis,Returning,Interior Detail,Unknown,Sarasota,North Port,90,99.0,10.0,109.0,170,Venmo,NEWCUSTOMER,No Feedback
3628,2025-04-30,CUST0060,Alex Smith,Returning,Premium Wash,TikTok,Charlotte,Punta Gorda,70,65.0,5.0,70.0,134,Cash App,SUMMER10,4.0
3629,2025-02-24,CUST0360,Sofia Anderson,Returning,Premium Wash,Referral,Charlotte,Port Charlotte,70,72.0,15.0,87.0,75,Cash,No Discount,4.0
3630,2025-01-27,CUST0398,Noah Martinez,Returning,Interior Detail,Instagram,Charlotte,Punta Gorda,90,85.0,0.0,85.0,71,Venmo,NEWCUSTOMER,No Feedback
3631,2025-04-28,CUST0677,Alex Miller,Returning,Full Detail,Referral,Sarasota,Sarasota,150,148.0,15.0,163.0,136,Card,VIP ,5.0
3632,2025-08-09,CUST0693,Liam Anderson,Returning,Premium Wash,Referral,Charlotte,Punta Gorda,70,72.0,0.0,72.0,152,Cash,No Discount,3.0
3633,2025-08-19,CUST0982,John Wilson,Returning,Interior Detail,TikTok,Charlotte,Punta Gorda,90,97.0,0.0,97.0,54,Card,No Discount,5.0
3634,2025-02-22,CUST0972,Emma Johnson,Returning,Basic Wash,Unknown,Charlotte,Port Charlotte,40,40.0,0.0,40.0,159,Cash App,No Discount,3.0
3635,2025-10-22,CUST0073,Liam Wilson,Returning,Interior Detail,Youtube,Charlotte,Punta Gorda,90,94.0,0.0,94.0,49,Cash,NEWCUSTOMER,5.0
3636,2025-11-17,CUST0279,Ava Johnson,Returning,Interior Detail,Youtube,Charlotte,Punta Gorda,90,101.0,10.0,111.0,91,Card,No Discount,5.0
3637,2025-08-21,CUST0987,Sofia Garcia,Returning,Basic Wash,Facebook,Sarasota,North Port,40,39.0,5.0,44.0,174,Cash App,No Discount,3.0
3638,2025-06-07,CUST0319,Sofia Miller,Returning,Full Detail,Youtube,Sarasota,Sarasota,150,152.0,5.0,157.0,44,Cash App,VIP ,5.0
3639,2025-09-26,CUST0944,Noah Garcia,Returning,Interior Detail,Youtube,Charlotte,Port Charlotte,90,104.0,0.0,104.0,137,Cash App,VIP ,No Feedback
3640,2025-01-21,CUST1100,Olivia Davis,Returning,Full Detail,Youtube,Charlotte,Punta Gorda,150,145.0,10.0,155.0,143,Card,SUMMER10,4.0
3641,2025-02-22,CUST0687,Emma Miller,Returning,Basic Wash,TikTok,Sarasota,Venice,40,40.0,20.0,60.0,82,Cash,NEWCUSTOMER,No Feedback
3642,2025-10-02,CUST0948,Emma Miller,Returning,Basic Wash,TikTok,Charlotte,Punta Gorda,40,44.0,0.0,44.0,30,Cash App,SUMMER10,3.0
3643,2025-11-09,CUST0848,Alex Davis,Returning,Interior Detail,TikTok,Sarasota,Sarasota,90,99.0,10.0,109.0,73,Zelle,No Discount,4.0
3644,2025-10-08,CUST0115,Emma Brown,Returning,Ceramic Coating,Instagram,Sarasota,Sarasota,350,390.0,0.0,390.0,107,Cash App,NEWCUSTOMER,4.0
3645,2025-08-02,CUST1068,Sofia Johnson,Returning,Basic Wash,Facebook,Charlotte,Port Charlotte,40,44.0,0.0,44.0,35,Card,VIP ,5.0
3646,2025-01-31,CUST0614,Olivia Wilson,Returning,Ceramic Coating,Other,Sarasota,Venice,350,348.0,15.0,363.0,44,Venmo,No Discount,5.0
3647,2025-12-03,CUST1158,Noah Davis,Returning,Basic Wash,Referral,Sarasota,North Port,40,46.0,10.0,56.0,99,Card,No Discount,No Feedback
3648,2025-02-07,CUST0647,Olivia Smith,Returning,Premium Wash,Instagram,Charlotte,Punta Gorda,70,77.0,5.0,82.0,173,Cash,NEWCUSTOMER,5.0
3649,2025-01-23,CUST1138,Ava Smith,Returning,Full Detail,Facebook,Charlotte,Port Charlotte,150,152.0,0.0,152.0,142,Card,No Discount,5.0
3650,2025-02-01,CUST1098,Emma Smith,Returning,Basic Wash,Youtube,Sarasota,Venice,40,40.0,5.0,45.0,165,Card,No Discount,No Feedback
3651,2025-03-15,CUST0039,Mary Martinez,Returning,Full Detail,Facebook,Charlotte,Port Charlotte,150,150.0,0.0,150.0,43,Cash App,No Discount,4.0
3652,2025-01-10,CUST0427,Noah Brown,Returning,Basic Wash,Instagram,Sarasota,Venice,40,38.0,5.0,43.0,57,Cash,VIP ,5.0
3653,2025-02-23,CUST1183,John Smith,Returning,Ceramic Coating,Referral,Sarasota,Sarasota,350,350.0,0.0,350.0,144,Venmo,NEWCUSTOMER,4.0
3654,2025-02-21,CUST0680,John Anderson,Returning,Premium Wash,Instagram,Charlotte,Port Charlotte,70,65.0,0.0,65.0,118,Venmo,SUMMER10,5.0
3655,2025-05-28,CUST0725,Emma Anderson,Returning,Full Detail,Instagram,Sarasota,Venice,150,150.0,10.0,160.0,58,Cash,NEWCUSTOMER,4.0
3656,2025-06-09,CUST0136,John Wilson,Returning,Basic Wash,TikTok,Sarasota,Venice,40,38.0,5.0,43.0,120,Zelle,No Discount,No Feedback
3657,2025-01-14,CUST0306,Lewis Garcia,Returning,Basic Wash,Facebook,Charlotte,Port Charlotte,40,42.0,5.0,47.0,80,Card,No Discount,No Feedback
3658,2025-06-27,CUST0575,Noah Miller,Returning,Full Detail,Instagram,Sarasota,North Port,150,145.0,5.0,150.0,155,Cash,NEWCUSTOMER,4.0
3659,2025-02-22,CUST0064,Sofia Wilson,Returning,Premium Wash,Youtube,Charlotte,Punta Gorda,70,72.0,5.0,77.0,130,Cash,No Discount,4.0
3660,2025-12-01,CUST0695,Olivia Wilson,New,Full Detail,Referral,Sarasota,North Port,150,160.0,5.0,165.0,86,Cash App,SUMMER10,3.0
3661,2025-01-22,CUST0769,Noah Martinez,Returning,Interior Detail,TikTok,Charlotte,Port Charlotte,90,90.0,15.0,105.0,57,Card,SUMMER10,5.0
3662,2025-01-30,CUST1095,Alex Taylor,Returning,Interior Detail,Facebook,Charlotte,Punta Gorda,90,92.0,0.0,92.0,94,Cash App,No Discount,4.0
3663,2025-07-10,CUST0340,Liam Wilson,Returning,Premium Wash,Instagram,Sarasota,North Port,70,72.0,5.0,77.0,71,Cash App,No Discount,3.0
3664,2025-09-17,CUST1170,Liam Miller,Returning,Ceramic Coating,Instagram,Sarasota,Sarasota,350,380.0,15.0,395.0,93,Venmo,VIP ,4.0
3665,2025-07-24,CUST0798,John Miller,Returning,Full Detail,Instagram,Sarasota,North Port,150,160.0,0.0,160.0,49,Cash,SUMMER10,4.0
3666,2025-02-28,CUST0384,Alex Garcia,Returning,Full Detail,Youtube,Sarasota,Venice,150,150.0,10.0,160.0,105,Cash,No Discount,5.0
3667,2025-09-21,CUST0240,John Garcia,Returning,Full Detail,TikTok,Charlotte,Port Charlotte,150,163.0,20.0,183.0,146,Cash App,No Discount,4.0
3668,2025-01-12,CUST0632,Sofia Taylor,Returning,Interior Detail,Referral,Sarasota,North Port,90,90.0,20.0,110.0,77,Card,No Discount,3.0
3669,2025-04-29,CUST0645,Olivia Miller,Returning,Full Detail,TikTok,Charlotte,Punta Gorda,150,145.0,0.0,145.0,72,Cash,NEWCUSTOMER,5.0
3670,2025-10-17,CUST0065,Alex Taylor,Returning,Full Detail,Instagram,Sarasota,Sarasota,150,170.0,5.0,175.0,153,Zelle,NEWCUSTOMER,5.0
3671,2025-12-04,CUST0557,Lewis Davis,Returning,Basic Wash,Facebook,Charlotte,Port Charlotte,40,46.0,15.0,61.0,109,Cash App,No Discount,5.0
3672,2025-09-05,CUST0848,Olivia Miller,Returning,Basic Wash,Unknown,Sarasota,Sarasota,40,44.0,15.0,59.0,84,Cash,No Discount,4.0
3673,2025-12-20,CUST0178,Mary Davis,Returning,Basic Wash,Referral,Sarasota,Venice,40,46.0,0.0,46.0,62,Card,No Discount,4.0
3674,2025-05-07,CUST1018,John Johnson,New,Interior Detail,Referral,Sarasota,Sarasota,90,88.0,0.0,88.0,109,Card,No Discount,No Feedback
3675,2025-03-16,CUST0487,Liam Wilson,Returning,Basic Wash,Facebook,Sarasota,Sarasota,40,35.0,0.0,35.0,122,Card,VIP ,5.0
3676,2025-12-27,CUST0762,John Wilson,Returning,Ceramic Coating,Instagram,Sarasota,Venice,350,385.0,20.0,405.0,101,Card,No Discount,5.0
3677,2025-07-23,CUST0926,Ava Garcia,Returning,Premium Wash,Youtube,Charlotte,Port Charlotte,70,77.0,10.0,87.0,126,Card,No Discount,5.0
3678,2025-02-18,CUST0620,Alex Davis,Returning,Premium Wash,TikTok,Sarasota,Sarasota,70,68.0,20.0,88.0,108,Venmo,VIP ,5.0
3679,2025-03-20,CUST0443,Mary Wilson,Returning,Ceramic Coating,TikTok,Sarasota,Sarasota,350,348.0,20.0,368.0,108,Cash,NEWCUSTOMER,4.0
3680,2025-08-29,CUST1076,Alex Taylor,Returning,Interior Detail,Instagram,Charlotte,Port Charlotte,90,104.0,5.0,109.0,66,Card,No Discount,5.0
3681,2025-12-15,CUST0620,John Smith,Returning,Ceramic Coating,TikTok,Sarasota,Sarasota,350,385.0,15.0,400.0,97,Card,NEWCUSTOMER,3.0
3682,2025-06-03,CUST0359,Olivia Miller,Returning,Interior Detail,TikTok,Charlotte,Punta Gorda,90,90.0,0.0,90.0,108,Card,SUMMER10,3.0
3683,2025-10-01,CUST0230,Sofia Wilson,New,Interior Detail,Referral,Charlotte,Punta Gorda,90,104.0,20.0,124.0,144,Card,No Discount,No Feedback
3684,2025-06-04,CUST0767,Ava Davis,Returning,Premium Wash,Youtube,Sarasota,Venice,70,70.0,5.0,75.0,94,Card,SUMMER10,4.0
3685,2025-08-02,CUST0077,Emma Martinez,Returning,Premium Wash,Referral,Sarasota,Sarasota,70,75.0,10.0,85.0,123,Cash,No Discount,5.0
3686,2025-10-21,CUST0414,John Brown,Returning,Premium Wash,TikTok,Charlotte,Punta Gorda,70,77.0,20.0,97.0,79,Cash,No Discount,5.0
3687,2025-07-28,CUST0190,Noah Davis,Returning,Full Detail,Instagram,Sarasota,Venice,150,167.0,20.0,187.0,130,Cash,SUMMER10,3.0
3688,2025-12-09,CUST0909,Alex Taylor,Returning,Interior Detail,Unknown,Sarasota,North Port,90,99.0,0.0,99.0,173,Venmo,No Discount,3.0
3689,2025-03-29,CUST1037,Sofia Brown,Returning,Ceramic Coating,Instagram,Sarasota,Sarasota,350,348.0,0.0,348.0,111,Card,No Discount,3.0
3690,2025-11-02,CUST0052,John Davis,Returning,Basic Wash,Referral,Sarasota,North Port,40,49.0,0.0,49.0,50,Venmo,No Discount,No Feedback
3691,2025-09-21,CUST0989,Mary Davis,Returning,Full Detail,Instagram,Sarasota,North Port,150,165.0,0.0,165.0,58,Venmo,VIP ,4.0
3692,2025-11-21,CUST1025,Ava Smith,Returning,Ceramic Coating,Referral,Charlotte,Port Charlotte,350,385.0,0.0,385.0,173,Zelle,No Discount,4.0
3693,2025-11-16,CUST0316,Lewis Taylor,Returning,Premium Wash,TikTok,Sarasota,North Port,70,79.0,0.0,79.0,50,Card,No Discount,No Feedback
3694,2025-06-06,CUST0390,Lewis Brown,Returning,Premium Wash,Referral,Charlotte,Punta Gorda,70,72.0,5.0,77.0,32,Venmo,No Discount,No Feedback
3695,2025-06-05,CUST0697,Alex Johnson,Returning,Ceramic Coating,Youtube,Sarasota,North Port,350,352.0,20.0,372.0,82,Venmo,VIP ,3.0
3696,2025-05-19,CUST0991,John Garcia,Returning,Ceramic Coating,Youtube,Sarasota,Venice,350,350.0,10.0,360.0,174,Cash App,No Discount,No Feedback
3697,2025-05-01,CUST1073,Emma Miller,Returning,Basic Wash,Referral,Sarasota,North Port,40,35.0,15.0,50.0,42,Zelle,VIP ,4.0
3698,2025-03-06,CUST0636,Alex Martinez,Returning,Premium Wash,Facebook,Charlotte,Punta Gorda,70,70.0,5.0,75.0,50,Cash,SUMMER10,4.0
3699,2025-04-17,CUST0671,Olivia Garcia,Returning,Interior Detail,Youtube,Sarasota,North Port,90,90.0,0.0,90.0,161,Zelle,No Discount,5.0
3700,2025-05-27,CUST0294,Olivia Brown,Returning,Premium Wash,TikTok,Charlotte,Punta Gorda,70,75.0,10.0,85.0,37,Venmo,VIP ,5.0
3701,2025-05-17,CUST0202,John Brown,Returning,Premium Wash,Facebook,Sarasota,Venice,70,72.0,15.0,87.0,172,Card,SUMMER10,5.0
3702,2025-06-11,CUST1058,Alex Brown,Returning,Ceramic Coating,Facebook,Charlotte,Punta Gorda,350,350.0,0.0,350.0,64,Venmo,No Discount,4.0
3703,2025-04-10,CUST0272,Emma Wilson,Returning,Premium Wash,Referral,Charlotte,Punta Gorda,70,65.0,10.0,75.0,122,Cash,No Discount,4.0
3704,2025-12-04,CUST0421,Ava Anderson,Returning,Basic Wash,Referral,Sarasota,Sarasota,40,39.0,5.0,44.0,168,Zelle,No Discount,5.0
3705,2025-11-03,CUST0075,Liam Wilson,New,Basic Wash,Facebook,Sarasota,North Port,40,42.0,20.0,62.0,130,Cash App,NEWCUSTOMER,No Feedback
3706,2025-05-21,CUST0941,Noah Anderson,Returning,Basic Wash,Youtube,Charlotte,Port Charlotte,40,38.0,10.0,48.0,101,Venmo,VIP ,No Feedback
3707,2025-03-24,CUST0794,Lewis Davis,Returning,Premium Wash,Youtube,Sarasota,North Port,70,72.0,10.0,82.0,70,Venmo,No Discount,4.0
3708,2025-06-26,CUST1070,Sofia Wilson,Returning,Ceramic Coating,Referral,Sarasota,North Port,350,348.0,0.0,348.0,40,Cash,NEWCUSTOMER,5.0
3709,2025-07-17,CUST0238,Emma Miller,Returning,Interior Detail,Youtube,Charlotte,Punta Gorda,90,97.0,5.0,102.0,41,Card,No Discount,4.0
3710,2025-04-22,CUST0009,Alex Smith,Returning,Ceramic Coating,Referral,Charlotte,Punta Gorda,350,352.0,0.0,352.0,79,Cash,No Discount,5.0
3711,2025-02-25,CUST0637,Liam Anderson,Returning,Basic Wash,Youtube,Sarasota,Sarasota,40,40.0,0.0,40.0,79,Cash,NEWCUSTOMER,5.0
3712,2025-06-28,CUST0091,Emma Garcia,Returning,Full Detail,Referral,Sarasota,Venice,150,148.0,15.0,163.0,48,Cash App,NEWCUSTOMER,3.0
3713,2025-07-05,CUST0179,Mary Brown,Returning,Full Detail,Youtube,Sarasota,Venice,150,165.0,10.0,175.0,46,Card,No Discount,4.0
3714,2025-08-06,CUST0683,Liam Wilson,Returning,Premium Wash,Referral,Sarasota,North Port,70,75.0,10.0,85.0,172,Venmo,No Discount,4.0
3715,2025-11-12,CUST0957,Mary Brown,Returning,Full Detail,TikTok,Sarasota,Sarasota,150,163.0,15.0,178.0,82,Card,No Discount,No Feedback
3716,2025-08-05,CUST0095,John Wilson,Returning,Full Detail,Instagram,Sarasota,Venice,150,165.0,0.0,165.0,44,Cash,No Discount,No Feedback
3717,2025-04-30,CUST0212,John Garcia,Returning,Full Detail,Facebook,Sarasota,Sarasota,150,145.0,20.0,165.0,144,Cash App,SUMMER10,3.0
3718,2025-06-24,CUST1067,Noah Johnson,Returning,Interior Detail,Referral,Sarasota,North Port,90,92.0,20.0,112.0,47,Zelle,No Discount,No Feedback
3719,2025-01-23,CUST0640,Ava Garcia,Returning,Interior Detail,TikTok,Charlotte,Punta Gorda,90,90.0,5.0,95.0,144,Card,VIP ,5.0
3720,2025-08-01,CUST0047,Mary Davis,Returning,Basic Wash,Youtube,Sarasota,Venice,40,46.0,20.0,66.0,52,Card,No Discount,4.0
3721,2025-08-23,CUST1183,Noah Garcia,Returning,Interior Detail,Referral,Sarasota,Sarasota,90,104.0,0.0,104.0,86,Card,No Discount,5.0
3722,2025-01-13,CUST0640,Ava Johnson,Returning,Ceramic Coating,TikTok,Charlotte,Punta Gorda,350,350.0,0.0,350.0,171,Cash,SUMMER10,4.0
3723,2025-04-11,CUST0430,Emma Wilson,Returning,Full Detail,TikTok,Sarasota,North Port,150,145.0,0.0,145.0,168,Cash,No Discount,5.0
3724,2025-01-24,CUST0658,Olivia Martinez,Returning,Basic Wash,Referral,Sarasota,North Port,40,40.0,0.0,40.0,151,Cash,No Discount,4.0
3725,2025-12-30,CUST0411,Lewis Anderson,Returning,Full Detail,Referral,Sarasota,North Port,150,165.0,0.0,165.0,143,Cash App,No Discount,No Feedback
3726,2025-01-11,CUST0395,Alex Anderson,Returning,Basic Wash,Youtube,Sarasota,Sarasota,40,38.0,0.0,38.0,125,Cash App,No Discount,4.0
3727,2025-09-30,CUST0587,Liam Martinez,Returning,Full Detail,Youtube,Sarasota,Sarasota,150,165.0,15.0,180.0,128,Card,SUMMER10,4.0
3728,2025-10-08,CUST0567,Alex Wilson,Returning,Interior Detail,Facebook,Charlotte,Punta Gorda,90,104.0,0.0,104.0,170,Zelle,No Discount,5.0
3729,2025-04-04,CUST1091,Ava Miller,Returning,Ceramic Coating,Facebook,Charlotte,Port Charlotte,350,355.0,5.0,360.0,158,Cash App,VIP ,5.0
3730,2025-07-20,CUST0654,Liam Johnson,Returning,Ceramic Coating,Youtube,Charlotte,Punta Gorda,350,385.0,0.0,385.0,138,Zelle,No Discount,4.0
3731,2025-01-21,CUST0904,Lewis Brown,Returning,Premium Wash,Referral,Charlotte,Port Charlotte,70,68.0,0.0,68.0,85,Cash,No Discount,5.0
3732,2025-12-06,CUST0241,Liam Miller,Returning,Interior Detail,Facebook,Charlotte,Punta Gorda,90,101.0,15.0,116.0,176,Venmo,VIP ,No Feedback
3733,2025-07-30,CUST0559,Mary Brown,New,Premium Wash,Facebook,Charlotte,Port Charlotte,70,79.0,5.0,84.0,100,Cash App,NEWCUSTOMER,No Feedback
3734,2025-05-20,CUST0306,Alex Wilson,Returning,Interior Detail,Facebook,Charlotte,Port Charlotte,90,92.0,10.0,102.0,145,Cash,No Discount,4.0
3735,2025-10-20,CUST0323,Mary Johnson,Returning,Premium Wash,Instagram,Sarasota,Sarasota,70,79.0,5.0,84.0,67,Card,NEWCUSTOMER,5.0
3736,2025-10-25,CUST0561,John Wilson,Returning,Ceramic Coating,Unknown,Sarasota,North Port,350,385.0,20.0,405.0,123,Card,No Discount,No Feedback
3737,2025-04-11,CUST0235,Lewis Smith,Returning,Interior Detail,Youtube,Charlotte,Punta Gorda,90,90.0,5.0,95.0,122,Venmo,No Discount,5.0
3738,2025-10-31,CUST0032,Noah Johnson,Returning,Interior Detail,TikTok,Sarasota,North Port,90,97.0,20.0,117.0,53,Zelle,SUMMER10,No Feedback
3739,2025-12-25,CUST1147,Lewis Taylor,Returning,Ceramic Coating,Referral,Charlotte,Port Charlotte,350,383.0,0.0,383.0,43,Card,NEWCUSTOMER,4.0
3740,2025-01-28,CUST1053,John Johnson,Returning,Basic Wash,Referral,Sarasota,Sarasota,40,42.0,10.0,52.0,125,Venmo,NEWCUSTOMER,5.0
3741,2025-02-10,CUST0210,Alex Taylor,Returning,Full Detail,TikTok,Sarasota,North Port,150,145.0,5.0,150.0,116,Card,No Discount,4.0
3742,2025-12-21,CUST0424,Ava Smith,Returning,Full Detail,Youtube,Sarasota,Sarasota,150,163.0,0.0,163.0,154,Card,No Discount,4.0
3743,2025-10-30,CUST1112,Lewis Anderson,Returning,Premium Wash,Referral,Charlotte,Port Charlotte,70,79.0,15.0,94.0,180,Cash,No Discount,5.0
3744,2025-05-26,CUST0718,Lewis Martinez,Returning,Basic Wash,Instagram,Sarasota,North Port,40,42.0,0.0,42.0,53,Zelle,No Discount,5.0
3745,2025-09-13,CUST1126,Noah Davis,Returning,Interior Detail,Facebook,Sarasota,Sarasota,90,99.0,0.0,99.0,169,Venmo,No Discount,3.0
3746,2025-08-15,CUST0653,Mary Anderson,Returning,Full Detail,Instagram,Sarasota,Sarasota,150,160.0,0.0,160.0,162,Cash,VIP ,4.0
3747,2025-08-24,CUST0556,Olivia Martinez,Returning,Interior Detail,TikTok,Sarasota,North Port,90,99.0,5.0,104.0,97,Cash,No Discount,4.0
3748,2025-12-27,CUST0290,Liam Taylor,Returning,Full Detail,TikTok,Sarasota,North Port,150,165.0,0.0,165.0,143,Card,No Discount,4.0
3749,2025-01-13,CUST0581,Emma Anderson,Returning,Full Detail,Facebook,Sarasota,North Port,150,150.0,0.0,150.0,32,Cash,SUMMER10,No Feedback
3750,2025-07-29,CUST1176,Alex Miller,Returning,Ceramic Coating,Facebook,Sarasota,Venice,350,383.0,5.0,388.0,68,Zelle,VIP ,5.0
3751,2025-08-17,CUST0502,John Brown,Returning,Basic Wash,Referral,Charlotte,Punta Gorda,40,49.0,0.0,49.0,110,Card,NEWCUSTOMER,5.0
3752,2025-04-10,CUST0351,Mary Taylor,Returning,Full Detail,Facebook,Charlotte,Punta Gorda,150,150.0,15.0,165.0,96,Zelle,No Discount,No Feedback
3753,2025-01-31,CUST0146,Mary Johnson,Returning,Basic Wash,Facebook,Sarasota,Sarasota,40,45.0,5.0,50.0,75,Zelle,NEWCUSTOMER,3.0
3754,2025-01-16,CUST0638,Sofia Smith,Returning,Interior Detail,Facebook,Sarasota,North Port,90,95.0,10.0,105.0,129,Cash,No Discount,3.0
3755,2025-05-17,CUST0694,Noah Anderson,Returning,Full Detail,Referral,Sarasota,Sarasota,150,152.0,20.0,172.0,37,Card,SUMMER10,5.0
3756,2025-11-25,CUST1108,Mary Johnson,Returning,Ceramic Coating,Youtube,Charlotte,Port Charlotte,350,390.0,0.0,390.0,147,Card,No Discount,5.0
3757,2025-06-15,CUST0909,Mary Martinez,Returning,Premium Wash,Youtube,Sarasota,North Port,70,65.0,0.0,65.0,82,Cash,No Discount,3.0
3758,2025-11-06,CUST0104,Olivia Garcia,Returning,Full Detail,Instagram,Charlotte,Punta Gorda,150,160.0,5.0,165.0,162,Cash,No Discount,4.0
3759,2025-04-10,CUST0267,Liam Johnson,Returning,Basic Wash,Referral,Charlotte,Port Charlotte,40,40.0,15.0,55.0,35,Cash App,No Discount,4.0
3760,2025-04-19,CUST0060,Lewis Smith,Returning,Full Detail,TikTok,Charlotte,Punta Gorda,150,145.0,0.0,145.0,91,Venmo,No Discount,5.0
3761,2025-12-09,CUST0965,Sofia Smith,Returning,Full Detail,Facebook,Sarasota,Venice,150,167.0,0.0,167.0,50,Card,SUMMER10,5.0
3762,2025-06-22,CUST0104,Alex Davis,Returning,Ceramic Coating,Instagram,Charlotte,Punta Gorda,350,350.0,0.0,350.0,164,Cash,No Discount,4.0
3763,2025-08-25,CUST0217,Olivia Johnson,Returning,Full Detail,TikTok,Charlotte,Punta Gorda,150,163.0,0.0,163.0,71,Cash App,No Discount,5.0
3764,2025-06-11,CUST0786,Olivia Miller,Returning,Premium Wash,Instagram,Charlotte,Port Charlotte,70,70.0,0.0,70.0,86,Zelle,NEWCUSTOMER,4.0
3765,2025-08-04,CUST0111,Mary Brown,Returning,Basic Wash,Facebook,Sarasota,Sarasota,40,44.0,15.0,59.0,106,Cash,No Discount,4.0
3766,2025-09-21,CUST0177,Ava Brown,Returning,Full Detail,Youtube,Sarasota,North Port,150,160.0,15.0,175.0,123,Zelle,No Discount,No Feedback
3767,2025-09-20,CUST0874,Liam Davis,Returning,Ceramic Coating,Referral,Charlotte,Punta Gorda,350,385.0,0.0,385.0,178,Card,No Discount,4.0
3768,2025-10-19,CUST0803,Emma Davis,Returning,Premium Wash,Instagram,Charlotte,Punta Gorda,70,79.0,10.0,89.0,68,Card,No Discount,4.0
3769,2025-10-01,CUST0367,Noah Wilson,Returning,Full Detail,Youtube,Charlotte,Punta Gorda,150,165.0,10.0,175.0,71,Card,No Discount,No Feedback
3770,2025-01-03,CUST0914,Noah Brown,Returning,Interior Detail,TikTok,Charlotte,Port Charlotte,90,85.0,0.0,85.0,147,Cash,SUMMER10,No Feedback
3771,2025-01-28,CUST0729,Noah Davis,Returning,Basic Wash,Instagram,Sarasota,Sarasota,40,38.0,20.0,58.0,50,Venmo,No Discount,5.0
3772,2025-11-22,CUST0640,Lewis Anderson,Returning,Full Detail,TikTok,Charlotte,Punta Gorda,150,160.0,0.0,160.0,43,Cash,NEWCUSTOMER,No Feedback
3773,2025-05-29,CUST0681,Sofia Wilson,Returning,Full Detail,Youtube,Charlotte,Port Charlotte,150,148.0,10.0,158.0,67,Cash,No Discount,5.0
3774,2025-01-28,CUST0406,Lewis Smith,Returning,Ceramic Coating,TikTok,Sarasota,Sarasota,350,350.0,20.0,370.0,129,Cash App,NEWCUSTOMER,5.0
3775,2025-11-06,CUST1093,Mary Smith,Returning,Premium Wash,TikTok,Sarasota,Sarasota,70,75.0,10.0,85.0,34,Card,SUMMER10,No Feedback
3776,2025-03-06,CUST0161,Olivia Garcia,Returning,Premium Wash,Unknown,Charlotte,Port Charlotte,70,70.0,20.0,90.0,35,Card,VIP ,3.0
3777,2025-12-22,CUST0954,Ava Brown,New,Interior Detail,Facebook,Sarasota,Sarasota,90,101.0,20.0,121.0,126,Card,NEWCUSTOMER,5.0
3778,2025-01-21,CUST1163,Mary Taylor,Returning,Full Detail,Instagram,Sarasota,North Port,150,150.0,20.0,170.0,104,Cash App,SUMMER10,4.0
3779,2025-09-09,CUST0270,Alex Garcia,Returning,Full Detail,TikTok,Sarasota,Venice,150,167.0,10.0,177.0,70,Venmo,No Discount,4.0
3780,2025-08-23,CUST0191,Liam Davis,Returning,Ceramic Coating,Referral,Sarasota,Sarasota,350,387.0,5.0,392.0,129,Card,SUMMER10,No Feedback
3781,2025-08-15,CUST0960,Mary Brown,Returning,Ceramic Coating,Referral,Sarasota,North Port,350,385.0,10.0,395.0,122,Cash App,NEWCUSTOMER,4.0
3782,2025-01-13,CUST0200,Liam Smith,Returning,Basic Wash,TikTok,Charlotte,Punta Gorda,40,38.0,5.0,43.0,43,Cash,No Discount,5.0
3783,2025-11-09,CUST0934,Mary Taylor,Returning,Premium Wash,TikTok,Sarasota,Sarasota,70,77.0,15.0,92.0,38,Cash App,No Discount,5.0
3784,2025-02-18,CUST0636,Noah Brown,Returning,Interior Detail,Facebook,Charlotte,Punta Gorda,90,85.0,10.0,95.0,72,Cash,SUMMER10,4.0
3785,2025-04-28,CUST0954,Mary Johnson,Returning,Premium Wash,Facebook,Sarasota,Sarasota,70,72.0,5.0,77.0,170,Cash App,No Discount,4.0
3786,2025-02-23,CUST0964,Olivia Johnson,Returning,Interior Detail,Instagram,Sarasota,Venice,90,95.0,10.0,105.0,68,Card,No Discount,No Feedback
3787,2025-05-18,CUST0475,Emma Brown,Returning,Ceramic Coating,Referral,Sarasota,North Port,350,345.0,15.0,360.0,94,Cash,No Discount,No Feedback
3788,2025-02-22,CUST0459,Mary Johnson,Returning,Basic Wash,Referral,Charlotte,Port Charlotte,40,38.0,0.0,38.0,154,Card,No Discount,3.0
3789,2025-02-13,CUST0295,Ava Wilson,Returning,Interior Detail,Instagram,Charlotte,Punta Gorda,90,90.0,5.0,95.0,169,Venmo,No Discount,3.0
3790,2025-10-30,CUST0529,John Anderson,Returning,Interior Detail,Instagram,Charlotte,Punta Gorda,90,97.0,15.0,112.0,67,Cash App,No Discount,No Feedback
3791,2025-02-22,CUST0745,Mary Smith,Returning,Basic Wash,TikTok,Sarasota,North Port,40,38.0,0.0,38.0,127,Card,SUMMER10,4.0
3792,2025-03-15,CUST0803,Emma Wilson,Returning,Basic Wash,Instagram,Charlotte,Punta Gorda,40,35.0,10.0,45.0,157,Card,No Discount,No Feedback
3793,2025-02-15,CUST0376,Liam Martinez,New,Ceramic Coating,TikTok,Sarasota,Venice,350,345.0,5.0,350.0,102,Venmo,VIP ,4.0
3794,2025-01-13,CUST0677,John Miller,Returning,Ceramic Coating,Referral,Sarasota,Sarasota,350,352.0,5.0,357.0,45,Cash,SUMMER10,4.0
3795,2025-06-14,CUST0666,John Brown,Returning,Ceramic Coating,Facebook,Charlotte,Port Charlotte,350,350.0,0.0,350.0,38,Cash,SUMMER10,5.0
3796,2025-04-12,CUST0929,John Taylor,Returning,Full Detail,Youtube,Sarasota,Sarasota,150,150.0,0.0,150.0,52,Cash,No Discount,3.0
3797,2025-10-07,CUST0999,John Miller,Returning,Interior Detail,Instagram,Sarasota,Sarasota,90,94.0,20.0,114.0,117,Card,No Discount,4.0
3798,2025-09-15,CUST0062,Sofia Miller,New,Full Detail,TikTok,Charlotte,Punta Gorda,150,170.0,5.0,175.0,40,Venmo,No Discount,3.0
3799,2025-12-03,CUST0134,Sofia Davis,Returning,Premium Wash,TikTok,Sarasota,North Port,70,79.0,15.0,94.0,77,Cash App,VIP ,4.0
3800,2025-12-22,CUST0974,Noah Garcia,Returning,Basic Wash,TikTok,Charlotte,Port Charlotte,40,49.0,5.0,54.0,132,Cash App,No Discount,5.0
3801,2025-05-18,CUST0232,Emma Davis,Returning,Full Detail,TikTok,Sarasota,Sarasota,150,152.0,10.0,162.0,75,Zelle,No Discount,5.0
3802,2025-06-12,CUST0720,Noah Wilson,Returning,Basic Wash,Youtube,Charlotte,Punta Gorda,40,40.0,20.0,60.0,120,Cash,VIP ,5.0
3803,2025-04-21,CUST0981,Ava Taylor,Returning,Premium Wash,Facebook,Sarasota,Venice,70,70.0,10.0,80.0,90,Cash,SUMMER10,5.0
3804,2025-12-04,CUST0945,Ava Garcia,Returning,Ceramic Coating,Youtube,Sarasota,North Port,350,352.0,0.0,352.0,139,Card,No Discount,4.0
3805,2025-01-17,CUST0350,Emma Davis,Returning,Ceramic Coating,Facebook,Charlotte,Port Charlotte,350,350.0,0.0,350.0,94,Zelle,No Discount,5.0
3806,2025-09-25,CUST0579,Lewis Smith,Returning,Premium Wash,Youtube,Charlotte,Punta Gorda,70,79.0,5.0,84.0,50,Card,SUMMER10,4.0
3807,2025-07-01,CUST0714,Olivia Garcia,Returning,Full Detail,TikTok,Charlotte,Port Charlotte,150,160.0,20.0,180.0,76,Cash,VIP ,5.0
3808,2025-01-24,CUST1177,Mary Brown,Returning,Ceramic Coating,Facebook,Charlotte,Port Charlotte,350,350.0,0.0,350.0,112,Cash App,No Discount,3.0
3809,2025-01-29,CUST0261,Noah Anderson,Returning,Ceramic Coating,Referral,Sarasota,Venice,350,352.0,0.0,352.0,179,Cash,No Discount,No Feedback
3810,2025-06-20,CUST1041,Emma Garcia,New,Interior Detail,Instagram,Sarasota,Sarasota,90,90.0,0.0,90.0,40,Card,VIP ,5.0
3811,2025-08-16,CUST0211,Lewis Martinez,Returning,Premium Wash,Youtube,Sarasota,Venice,70,77.0,5.0,82.0,72,Card,NEWCUSTOMER,No Feedback
3812,2025-07-07,CUST0831,Olivia Garcia,Returning,Premium Wash,Facebook,Charlotte,Punta Gorda,70,77.0,20.0,97.0,81,Card,VIP ,4.0
3813,2025-12-12,CUST0220,Emma Miller,Returning,Full Detail,Facebook,Charlotte,Punta Gorda,150,163.0,0.0,163.0,129,Card,No Discount,4.0
3814,2025-08-18,CUST0668,Lewis Garcia,Returning,Premium Wash,TikTok,Charlotte,Port Charlotte,70,77.0,10.0,87.0,150,Zelle,NEWCUSTOMER,No Feedback
3815,2025-11-17,CUST1139,Mary Brown,Returning,Premium Wash,Facebook,Sarasota,Sarasota,70,72.0,0.0,72.0,166,Venmo,SUMMER10,5.0
3816,2025-12-06,CUST0146,John Brown,Returning,Ceramic Coating,Facebook,Sarasota,Sarasota,350,385.0,20.0,405.0,82,Cash App,NEWCUSTOMER,5.0
3817,2025-04-29,CUST0619,Ava Anderson,Returning,Basic Wash,Facebook,Sarasota,Sarasota,40,35.0,10.0,45.0,44,Cash App,VIP ,4.0
3818,2025-06-05,CUST1092,Emma Anderson,Returning,Basic Wash,Referral,Charlotte,Punta Gorda,40,42.0,10.0,52.0,127,Cash,No Discount,4.0
3819,2025-09-29,CUST0945,Lewis Taylor,Returning,Full Detail,Youtube,Sarasota,North Port,150,165.0,15.0,180.0,139,Card,SUMMER10,4.0
3820,2025-06-24,CUST0821,Olivia Taylor,Returning,Basic Wash,Instagram,Sarasota,North Port,40,40.0,0.0,40.0,84,Cash,No Discount,4.0
3821,2025-04-14,CUST0847,Noah Davis,Returning,Premium Wash,Referral,Sarasota,Venice,70,68.0,15.0,83.0,40,Cash,No Discount,3.0
3822,2025-04-02,CUST0489,Alex Wilson,Returning,Interior Detail,Facebook,Charlotte,Port Charlotte,90,92.0,0.0,92.0,161,Cash App,No Discount,5.0
3823,2025-07-05,CUST0500,Liam Davis,Returning,Premium Wash,Youtube,Sarasota,Sarasota,70,77.0,5.0,82.0,43,Cash App,SUMMER10,5.0
3824,2025-10-10,CUST1123,Noah Wilson,Returning,Full Detail,Referral,Sarasota,Venice,150,163.0,0.0,163.0,172,Cash App,NEWCUSTOMER,5.0
3825,2025-06-30,CUST0326,Ava Garcia,Returning,Full Detail,Referral,Sarasota,Venice,150,152.0,0.0,152.0,67,Cash App,SUMMER10,5.0
3826,2025-06-19,CUST0988,Liam Wilson,Returning,Full Detail,Referral,Sarasota,North Port,150,150.0,0.0,150.0,109,Cash,VIP ,4.0
3827,2025-07-06,CUST0787,John Taylor,Returning,Ceramic Coating,Instagram,Sarasota,North Port,350,387.0,15.0,402.0,164,Card,No Discount,No Feedback
3828,2025-06-24,CUST0136,Alex Martinez,Returning,Premium Wash,TikTok,Sarasota,Venice,70,70.0,15.0,85.0,88,Card,No Discount,5.0
3829,2025-08-10,CUST0698,Olivia Smith,Returning,Full Detail,Youtube,Sarasota,North Port,150,160.0,10.0,170.0,74,Venmo,No Discount,3.0
3830,2025-08-21,CUST0427,Liam Davis,Returning,Basic Wash,Instagram,Sarasota,Venice,40,42.0,15.0,57.0,62,Card,No Discount,4.0
3831,2025-06-11,CUST0883,John Taylor,Returning,Full Detail,Youtube,Sarasota,Sarasota,150,155.0,0.0,155.0,111,Cash App,SUMMER10,4.0
3832,2025-05-14,CUST0892,Lewis Brown,Returning,Basic Wash,Facebook,Sarasota,Sarasota,40,38.0,15.0,53.0,51,Cash,SUMMER10,5.0
3833,2025-08-12,CUST1162,Olivia Anderson,Returning,Interior Detail,Youtube,Sarasota,Venice,90,99.0,0.0,99.0,49,Venmo,No Discount,No Feedback
3834,2025-06-02,CUST0701,Alex Wilson,Returning,Premium Wash,TikTok,Sarasota,Sarasota,70,72.0,10.0,82.0,46,Card,NEWCUSTOMER,No Feedback
3835,2025-02-02,CUST1116,Olivia Brown,Returning,Premium Wash,Instagram,Sarasota,North Port,70,72.0,0.0,72.0,90,Cash,No Discount,4.0
3836,2025-02-24,CUST0484,John Wilson,Returning,Basic Wash,Youtube,Charlotte,Punta Gorda,40,45.0,0.0,45.0,121,Card,No Discount,5.0
3837,2025-01-07,CUST0355,Ava Brown,Returning,Full Detail,Referral,Sarasota,North Port,150,155.0,15.0,170.0,38,Card,SUMMER10,5.0
3838,2025-09-01,CUST0160,Ava Garcia,Returning,Basic Wash,Youtube,Sarasota,Sarasota,40,49.0,5.0,54.0,134,Cash,No Discount,5.0
3839,2025-11-09,CUST1176,John Miller,Returning,Premium Wash,Facebook,Sarasota,Venice,70,75.0,20.0,95.0,60,Zelle,VIP ,4.0
3840,2025-05-06,CUST0997,John Anderson,Returning,Basic Wash,Referral,Charlotte,Punta Gorda,40,38.0,5.0,43.0,54,Venmo,No Discount,5.0
3841,2025-01-12,CUST0235,Lewis Brown,Returning,Premium Wash,Youtube,Charlotte,Punta Gorda,70,68.0,5.0,73.0,86,Card,VIP ,4.0
3842,2025-01-16,CUST0949,Noah Martinez,Returning,Interior Detail,TikTok,Charlotte,Punta Gorda,90,88.0,10.0,98.0,151,Venmo,No Discount,4.0
3843,2025-07-27,CUST0667,Noah Johnson,Returning,Basic Wash,Youtube,Charlotte,Port Charlotte,40,44.0,0.0,44.0,77,Venmo,No Discount,5.0
3844,2025-02-12,CUST1137,Alex Garcia,Returning,Basic Wash,Referral,Sarasota,Sarasota,40,45.0,5.0,50.0,176,Card,No Discount,5.0
3845,2025-05-15,CUST0200,Sofia Brown,Returning,Ceramic Coating,TikTok,Charlotte,Punta Gorda,350,355.0,15.0,370.0,150,Card,No Discount,3.0
3846,2025-08-16,CUST0912,Mary Wilson,Returning,Premium Wash,TikTok,Charlotte,Port Charlotte,70,77.0,5.0,82.0,67,Cash,No Discount,No Feedback
3847,2025-04-21,CUST0361,Sofia Smith,Returning,Premium Wash,Youtube,Sarasota,Sarasota,70,70.0,15.0,85.0,173,Cash,No Discount,3.0
3848,2025-11-03,CUST0631,Alex Davis,Returning,Basic Wash,Facebook,Sarasota,Venice,40,49.0,0.0,49.0,76,Cash,NEWCUSTOMER,No Feedback
3849,2025-06-09,CUST0832,Olivia Wilson,Returning,Full Detail,Facebook,Sarasota,North Port,150,150.0,20.0,170.0,137,Cash,No Discount,3.0
3850,2025-11-27,CUST0143,Lewis Taylor,Returning,Ceramic Coating,Referral,Charlotte,Punta Gorda,350,383.0,5.0,388.0,123,Zelle,No Discount,4.0
3851,2025-09-21,CUST0223,Lewis Davis,Returning,Interior Detail,TikTok,Sarasota,North Port,90,97.0,0.0,97.0,69,Cash,No Discount,No Feedback
3852,2025-08-13,CUST0777,John Taylor,Returning,Premium Wash,Instagram,Sarasota,Sarasota,70,77.0,5.0,82.0,81,Cash,No Discount,5.0
3853,2025-08-05,CUST0671,Liam Taylor,Returning,Ceramic Coating,Youtube,Sarasota,North Port,350,380.0,0.0,380.0,42,Card,VIP ,No Feedback
3854,2025-02-14,CUST1013,Noah Taylor,Returning,Full Detail,Youtube,Charlotte,Punta Gorda,150,148.0,0.0,148.0,45,Venmo,No Discount,5.0
3855,2025-08-02,CUST0126,John Anderson,New,Premium Wash,Referral,Sarasota,Sarasota,70,77.0,0.0,77.0,88,Cash App,SUMMER10,3.0
3856,2025-02-28,CUST0186,John Johnson,Returning,Interior Detail,Youtube,Sarasota,Venice,90,95.0,15.0,110.0,170,Cash App,VIP ,4.0
3857,2025-05-12,CUST0446,John Smith,Returning,Interior Detail,Referral,Charlotte,Punta Gorda,90,90.0,20.0,110.0,146,Card,VIP ,5.0
3858,2025-04-14,CUST0285,John Johnson,Returning,Interior Detail,Referral,Sarasota,Sarasota,90,95.0,15.0,110.0,92,Cash,SUMMER10,5.0
3859,2025-07-14,CUST1190,Ava Johnson,Returning,Basic Wash,Referral,Sarasota,Venice,40,44.0,20.0,64.0,86,Cash App,SUMMER10,5.0
3860,2025-06-06,CUST0001,John Taylor,Returning,Full Detail,Instagram,Sarasota,Sarasota,150,148.0,5.0,153.0,96,Venmo,SUMMER10,4.0
3861,2025-04-08,CUST0301,Emma Wilson,Returning,Full Detail,Facebook,Charlotte,Port Charlotte,150,155.0,20.0,175.0,118,Cash,SUMMER10,4.0
3862,2025-08-14,CUST0306,Lewis Smith,Returning,Interior Detail,Facebook,Charlotte,Port Charlotte,90,99.0,0.0,99.0,92,Venmo,VIP ,No Feedback
3863,2025-07-24,CUST0928,Ava Brown,Returning,Interior Detail,Referral,Charlotte,Port Charlotte,90,101.0,0.0,101.0,84,Card,No Discount,4.0
3864,2025-03-20,CUST1089,Liam Johnson,Returning,Basic Wash,Youtube,Charlotte,Port Charlotte,40,35.0,0.0,35.0,131,Venmo,No Discount,4.0
3865,2025-05-04,CUST0597,Olivia Johnson,Returning,Interior Detail,Referral,Sarasota,Venice,90,88.0,20.0,108.0,100,Venmo,NEWCUSTOMER,4.0
3866,2025-08-06,CUST0799,Mary Anderson,Returning,Basic Wash,Instagram,Charlotte,Punta Gorda,40,44.0,15.0,59.0,53,Cash,No Discount,5.0
3867,2025-01-04,CUST1184,Emma Taylor,Returning,Premium Wash,Referral,Charlotte,Port Charlotte,70,70.0,0.0,70.0,99,Cash App,VIP ,No Feedback
3868,2025-03-31,CUST0916,Liam Smith,Returning,Premium Wash,Youtube,Sarasota,Sarasota,70,75.0,5.0,80.0,88,Venmo,NEWCUSTOMER,No Feedback
3869,2025-04-14,CUST0401,Ava Martinez,Returning,Interior Detail,Instagram,Charlotte,Punta Gorda,90,92.0,0.0,92.0,167,Card,No Discount,4.0
3870,2025-04-29,CUST0422,Lewis Anderson,Returning,Premium Wash,Referral,Sarasota,Sarasota,70,70.0,10.0,80.0,105,Cash,No Discount,5.0
3871,2025-05-13,CUST0649,Olivia Davis,Returning,Ceramic Coating,Instagram,Sarasota,Sarasota,350,348.0,20.0,368.0,104,Card,VIP ,4.0
3872,2025-11-08,CUST0614,Noah Smith,Returning,Basic Wash,TikTok,Sarasota,Venice,40,42.0,0.0,42.0,32,Zelle,No Discount,4.0
3873,2025-04-06,CUST1168,Alex Wilson,Returning,Premium Wash,Instagram,Sarasota,North Port,70,65.0,15.0,80.0,35,Cash,No Discount,5.0
3874,2025-11-27,CUST0624,Mary Johnson,Returning,Basic Wash,Facebook,Charlotte,Punta Gorda,40,42.0,0.0,42.0,68,Venmo,VIP ,5.0
3875,2025-05-23,CUST0891,Ava Martinez,Returning,Basic Wash,Instagram,Sarasota,North Port,40,42.0,0.0,42.0,108,Card,No Discount,No Feedback
3876,2025-10-15,CUST0706,John Martinez,Returning,Full Detail,Youtube,Sarasota,Venice,150,167.0,20.0,187.0,160,Cash App,No Discount,5.0
3877,2025-01-28,CUST0183,Olivia Taylor,Returning,Basic Wash,TikTok,Sarasota,North Port,40,45.0,0.0,45.0,168,Venmo,No Discount,5.0
3878,2025-10-05,CUST1194,Sofia Miller,Returning,Full Detail,Referral,Charlotte,Port Charlotte,150,165.0,20.0,185.0,106,Cash,No Discount,4.0
3879,2025-08-21,CUST0017,Olivia Miller,Returning,Full Detail,Facebook,Sarasota,Venice,150,160.0,0.0,160.0,111,Venmo,VIP ,5.0
3880,2025-01-17,CUST1046,Liam Miller,Returning,Basic Wash,Instagram,Charlotte,Punta Gorda,40,40.0,0.0,40.0,173,Zelle,No Discount,5.0
3881,2025-02-28,CUST0828,Lewis Brown,Returning,Full Detail,Youtube,Sarasota,Venice,150,155.0,0.0,155.0,167,Venmo,No Discount,4.0
3882,2025-03-31,CUST0262,Emma Wilson,Returning,Interior Detail,TikTok,Charlotte,Port Charlotte,90,90.0,0.0,90.0,105,Zelle,SUMMER10,5.0
3883,2025-07-18,CUST0603,Emma Martinez,Returning,Basic Wash,Other,Sarasota,Sarasota,40,49.0,5.0,54.0,149,Cash,No Discount,4.0
3884,2025-12-28,CUST0128,Alex Smith,Returning,Premium Wash,Unknown,Charlotte,Port Charlotte,70,75.0,0.0,75.0,70,Card,No Discount,4.0
3885,2025-01-26,CUST0757,Noah Wilson,Returning,Ceramic Coating,Youtube,Sarasota,Venice,350,350.0,0.0,350.0,42,Card,No Discount,5.0
3886,2025-01-25,CUST1125,Alex Davis,Returning,Interior Detail,Referral,Sarasota,Venice,90,88.0,15.0,103.0,46,Card,No Discount,5.0
3887,2025-10-28,CUST0109,Emma Wilson,Returning,Full Detail,TikTok,Sarasota,Venice,150,170.0,15.0,185.0,117,Cash App,VIP ,5.0
3888,2025-12-05,CUST0002,Lewis Anderson,Returning,Ceramic Coating,Youtube,Sarasota,Venice,350,387.0,15.0,402.0,156,Card,NEWCUSTOMER,5.0
3889,2025-09-24,CUST1147,Emma Smith,Returning,Full Detail,Referral,Charlotte,Port Charlotte,150,165.0,5.0,170.0,119,Cash App,No Discount,4.0
3890,2025-06-30,CUST0736,Noah Anderson,Returning,Interior Detail,Instagram,Charlotte,Port Charlotte,90,95.0,20.0,115.0,33,Cash,No Discount,3.0
3891,2025-12-26,CUST0225,Emma Garcia,New,Interior Detail,Referral,Charlotte,Punta Gorda,90,99.0,5.0,104.0,133,Cash,NEWCUSTOMER,3.0
3892,2025-03-09,CUST0578,Liam Garcia,Returning,Basic Wash,Facebook,Charlotte,Punta Gorda,40,40.0,15.0,55.0,53,Card,NEWCUSTOMER,5.0
3893,2025-12-17,CUST0064,Noah Miller,Returning,Premium Wash,Youtube,Charlotte,Punta Gorda,70,75.0,0.0,75.0,72,Card,NEWCUSTOMER,4.0
3894,2025-11-17,CUST0482,Alex Taylor,Returning,Interior Detail,Instagram,Charlotte,Punta Gorda,90,99.0,0.0,99.0,108,Card,No Discount,No Feedback
3895,2025-02-18,CUST0885,Lewis Garcia,Returning,Basic Wash,Referral,Charlotte,Punta Gorda,40,38.0,0.0,38.0,177,Card,NEWCUSTOMER,4.0
3896,2025-06-24,CUST0808,Sofia Brown,Returning,Premium Wash,Referral,Charlotte,Port Charlotte,70,75.0,20.0,95.0,145,Venmo,VIP ,5.0
3897,2025-02-21,CUST0652,Noah Johnson,Returning,Basic Wash,TikTok,Charlotte,Port Charlotte,40,35.0,0.0,35.0,120,Venmo,NEWCUSTOMER,5.0
3898,2025-04-12,CUST0784,Noah Miller,Returning,Interior Detail,Referral,Charlotte,Port Charlotte,90,88.0,0.0,88.0,65,Cash App,SUMMER10,3.0
3899,2025-08-04,CUST0832,John Garcia,Returning,Premium Wash,Facebook,Sarasota,North Port,70,75.0,20.0,95.0,161,Cash App,No Discount,No Feedback
3900,2025-07-07,CUST0782,Liam Smith,Returning,Ceramic Coating,TikTok,Charlotte,Punta Gorda,350,385.0,15.0,400.0,52,Zelle,No Discount,5.0
3901,2025-02-26,CUST0892,Sofia Miller,Returning,Basic Wash,Facebook,Sarasota,Sarasota,40,40.0,0.0,40.0,58,Venmo,No Discount,5.0
3902,2025-02-16,CUST1117,Mary Miller,New,Ceramic Coating,TikTok,Sarasota,North Port,350,352.0,20.0,372.0,89,Cash App,SUMMER10,No Feedback
3903,2025-06-08,CUST0433,John Johnson,Returning,Premium Wash,TikTok,Sarasota,Sarasota,70,72.0,0.0,72.0,86,Cash,NEWCUSTOMER,3.0
3904,2025-06-23,CUST0356,Mary Wilson,Returning,Premium Wash,Youtube,Sarasota,Venice,70,72.0,20.0,92.0,51,Cash,No Discount,4.0
3905,2025-08-30,CUST0973,Sofia Smith,Returning,Premium Wash,TikTok,Charlotte,Punta Gorda,70,77.0,10.0,87.0,93,Card,SUMMER10,5.0
3906,2025-10-09,CUST0285,Alex Johnson,Returning,Basic Wash,Referral,Sarasota,Sarasota,40,46.0,15.0,61.0,123,Cash,No Discount,4.0
3907,2025-08-29,CUST0386,Ava Smith,Returning,Premium Wash,Youtube,Sarasota,Sarasota,70,77.0,20.0,97.0,82,Venmo,No Discount,4.0
3908,2025-01-05,CUST1138,Mary Smith,Returning,Interior Detail,Facebook,Charlotte,Port Charlotte,90,92.0,0.0,92.0,83,Card,No Discount,4.0
3909,2025-03-25,CUST0788,Noah Davis,Returning,Ceramic Coating,Instagram,Charlotte,Punta Gorda,350,350.0,5.0,355.0,157,Zelle,No Discount,No Feedback
3910,2025-11-04,CUST0738,Emma Smith,Returning,Full Detail,Instagram,Sarasota,North Port,150,167.0,10.0,177.0,35,Cash,No Discount,4.0
3911,2025-12-27,CUST0855,Noah Davis,Returning,Full Detail,Youtube,Sarasota,Venice,150,165.0,10.0,175.0,121,Card,NEWCUSTOMER,3.0
3912,2025-09-05,CUST0316,Ava Davis,Returning,Premium Wash,TikTok,Sarasota,North Port,70,75.0,20.0,95.0,131,Cash App,No Discount,No Feedback
3913,2025-02-23,CUST0591,Lewis Smith,New,Full Detail,Youtube,Sarasota,North Port,150,150.0,20.0,170.0,153,Zelle,No Discount,No Feedback
3914,2025-06-10,CUST0258,Noah Martinez,Returning,Basic Wash,Facebook,Charlotte,Port Charlotte,40,35.0,20.0,55.0,118,Zelle,No Discount,4.0
3915,2025-08-14,CUST0276,Sofia Anderson,Returning,Full Detail,TikTok,Sarasota,Venice,150,165.0,15.0,180.0,150,Zelle,No Discount,5.0
3916,2025-01-15,CUST0024,Sofia Martinez,Returning,Premium Wash,Instagram,Charlotte,Port Charlotte,70,75.0,5.0,80.0,57,Cash,No Discount,5.0
3917,2025-08-12,CUST0147,Olivia Miller,Returning,Basic Wash,Referral,Sarasota,Sarasota,40,46.0,10.0,56.0,36,Zelle,No Discount,4.0
3918,2025-03-02,CUST0033,Ava Wilson,Returning,Interior Detail,TikTok,Sarasota,North Port,90,90.0,20.0,110.0,166,Zelle,No Discount,4.0
3919,2025-05-02,CUST0295,Noah Johnson,Returning,Full Detail,Instagram,Charlotte,Punta Gorda,150,155.0,10.0,165.0,135,Zelle,SUMMER10,3.0
3920,2025-10-04,CUST0997,Mary Smith,Returning,Interior Detail,Referral,Charlotte,Punta Gorda,90,99.0,0.0,99.0,132,Cash,SUMMER10,5.0
3921,2025-02-15,CUST0895,John Brown,Returning,Interior Detail,Youtube,Charlotte,Punta Gorda,90,90.0,15.0,105.0,175,Venmo,No Discount,3.0
3922,2025-10-21,CUST0279,Olivia Smith,Returning,Interior Detail,Youtube,Charlotte,Punta Gorda,90,99.0,20.0,119.0,109,Card,SUMMER10,4.0
3923,2025-03-03,CUST0174,Mary Davis,Returning,Full Detail,Facebook,Sarasota,North Port,150,145.0,5.0,150.0,79,Zelle,SUMMER10,5.0
3924,2025-03-27,CUST0282,Emma Davis,Returning,Full Detail,Instagram,Sarasota,North Port,150,152.0,0.0,152.0,35,Zelle,NEWCUSTOMER,No Feedback
3925,2025-07-29,CUST0852,Lewis Davis,Returning,Basic Wash,TikTok,Charlotte,Punta Gorda,40,46.0,5.0,51.0,96,Cash,VIP ,4.0
3926,2025-03-19,CUST0934,Liam Taylor,Returning,Full Detail,TikTok,Sarasota,Sarasota,150,155.0,5.0,160.0,168,Card,No Discount,5.0
3927,2025-07-21,CUST0872,Liam Davis,Returning,Ceramic Coating,TikTok,Sarasota,Sarasota,350,390.0,0.0,390.0,179,Venmo,NEWCUSTOMER,4.0
3928,2025-10-29,CUST0369,Liam Smith,Returning,Ceramic Coating,Facebook,Sarasota,Sarasota,350,390.0,10.0,400.0,122,Zelle,No Discount,3.0
3929,2025-08-11,CUST0931,Lewis Anderson,Returning,Interior Detail,Youtube,Charlotte,Punta Gorda,90,101.0,15.0,116.0,151,Cash,No Discount,4.0
3930,2025-08-10,CUST1044,John Martinez,Returning,Basic Wash,TikTok,Sarasota,North Port,40,49.0,0.0,49.0,31,Card,No Discount,5.0
3931,2025-01-03,CUST0869,Liam Brown,Returning,Full Detail,Youtube,Sarasota,Sarasota,150,148.0,0.0,148.0,144,Cash,No Discount,No Feedback
3932,2025-01-06,CUST1131,Ava Anderson,Returning,Ceramic Coating,Facebook,Charlotte,Port Charlotte,350,348.0,0.0,348.0,133,Cash,NEWCUSTOMER,5.0
3933,2025-04-03,CUST0922,Sofia Davis,Returning,Premium Wash,Youtube,Sarasota,North Port,70,75.0,10.0,85.0,79,Card,VIP ,4.0
3934,2025-01-08,CUST0788,Alex Johnson,Returning,Premium Wash,Instagram,Charlotte,Punta Gorda,70,65.0,10.0,75.0,66,Card,No Discount,5.0
3935,2025-08-23,CUST0728,Emma Anderson,Returning,Premium Wash,Youtube,Sarasota,North Port,70,75.0,0.0,75.0,101,Card,No Discount,3.0
3936,2025-04-18,CUST0463,Ava Smith,Returning,Ceramic Coating,Youtube,Sarasota,Sarasota,350,355.0,10.0,365.0,138,Card,No Discount,5.0
3937,2025-06-10,CUST0381,John Davis,Returning,Basic Wash,Referral,Sarasota,North Port,40,38.0,20.0,58.0,86,Zelle,VIP ,4.0
3938,2025-07-28,CUST0870,Lewis Martinez,New,Premium Wash,Instagram,Sarasota,Venice,70,79.0,15.0,94.0,53,Card,VIP ,3.0
3939,2025-08-28,CUST0016,Olivia Brown,Returning,Ceramic Coating,Youtube,Sarasota,North Port,350,390.0,15.0,405.0,117,Cash,SUMMER10,3.0
3940,2025-11-27,CUST1184,Lewis Davis,Returning,Ceramic Coating,Referral,Charlotte,Port Charlotte,350,380.0,0.0,380.0,90,Card,No Discount,5.0
3941,2025-11-29,CUST1021,Ava Smith,Returning,Premium Wash,Youtube,Charlotte,Port Charlotte,70,82.0,5.0,87.0,138,Card,NEWCUSTOMER,5.0
3942,2025-02-19,CUST0485,Olivia Taylor,Returning,Premium Wash,Instagram,Charlotte,Punta Gorda,70,75.0,0.0,75.0,43,Cash,VIP ,4.0
3943,2025-01-11,CUST1028,Lewis Wilson,Returning,Basic Wash,Youtube,Sarasota,Venice,40,38.0,20.0,58.0,58,Cash,SUMMER10,4.0
3944,2025-12-17,CUST0552,Noah Anderson,Returning,Interior Detail,Facebook,Sarasota,Sarasota,90,104.0,15.0,119.0,80,Cash App,SUMMER10,4.0
3945,2025-06-05,CUST0842,Ava Anderson,Returning,Ceramic Coating,Youtube,Charlotte,Punta Gorda,350,352.0,0.0,352.0,82,Venmo,No Discount,4.0
3946,2025-03-11,CUST1119,Olivia Miller,Returning,Interior Detail,Facebook,Charlotte,Punta Gorda,90,90.0,15.0,105.0,133,Venmo,No Discount,5.0
3947,2025-06-18,CUST1181,Mary Smith,Returning,Interior Detail,TikTok,Charlotte,Punta Gorda,90,88.0,0.0,88.0,39,Card,VIP ,4.0
3948,2025-09-29,CUST0752,Liam Wilson,Returning,Ceramic Coating,Facebook,Sarasota,North Port,350,385.0,0.0,385.0,30,Cash,No Discount,3.0
3949,2025-03-09,CUST0069,Emma Wilson,Returning,Premium Wash,Facebook,Charlotte,Port Charlotte,70,75.0,5.0,80.0,115,Card,No Discount,5.0
3950,2025-12-21,CUST0078,Lewis Davis,Returning,Ceramic Coating,Referral,Sarasota,North Port,350,387.0,15.0,402.0,110,Cash,NEWCUSTOMER,4.0
3951,2025-09-09,CUST1164,Liam Taylor,New,Premium Wash,TikTok,Sarasota,Venice,70,82.0,20.0,102.0,173,Cash App,NEWCUSTOMER,3.0
3952,2025-02-17,CUST0990,Liam Brown,Returning,Premium Wash,Facebook,Charlotte,Punta Gorda,70,75.0,0.0,75.0,121,Cash,VIP ,3.0
3953,2025-07-03,CUST0755,Alex Taylor,Returning,Interior Detail,Referral,Charlotte,Punta Gorda,90,97.0,0.0,97.0,40,Venmo,NEWCUSTOMER,No Feedback
3954,2025-11-16,CUST0232,John Taylor,Returning,Premium Wash,TikTok,Sarasota,Sarasota,70,77.0,10.0,87.0,126,Cash,VIP ,No Feedback
3955,2025-07-06,CUST1189,Liam Anderson,Returning,Full Detail,Facebook,Charlotte,Punta Gorda,150,167.0,20.0,187.0,166,Cash App,VIP ,No Feedback
3956,2025-03-31,CUST0987,Lewis Garcia,Returning,Premium Wash,Facebook,Sarasota,North Port,70,68.0,15.0,83.0,88,Cash,No Discount,4.0
3957,2025-11-28,CUST0164,Lewis Garcia,Returning,Basic Wash,Referral,Sarasota,Venice,40,44.0,5.0,49.0,32,Cash App,No Discount,3.0
3958,2025-05-19,CUST0291,Liam Johnson,Returning,Basic Wash,Referral,Charlotte,Port Charlotte,40,38.0,0.0,38.0,68,Cash,SUMMER10,No Feedback
3959,2025-12-23,CUST1079,Liam Martinez,Returning,Premium Wash,TikTok,Sarasota,North Port,70,77.0,10.0,87.0,45,Cash,No Discount,4.0
3960,2025-03-30,CUST0573,Liam Brown,Returning,Interior Detail,Instagram,Charlotte,Punta Gorda,90,90.0,20.0,110.0,56,Venmo,No Discount,5.0
3961,2025-10-01,CUST0953,Lewis Anderson,Returning,Interior Detail,Youtube,Charlotte,Port Charlotte,90,101.0,0.0,101.0,151,Card,No Discount,No Feedback
3962,2025-01-19,CUST1059,Sofia Miller,Returning,Premium Wash,Referral,Charlotte,Port Charlotte,70,70.0,15.0,85.0,120,Card,NEWCUSTOMER,3.0
3963,2025-11-07,CUST0161,Alex Taylor,Returning,Interior Detail,Instagram,Charlotte,Port Charlotte,90,99.0,15.0,114.0,173,Venmo,No Discount,No Feedback
3964,2025-12-24,CUST1072,Lewis Davis,Returning,Basic Wash,Referral,Charlotte,Port Charlotte,40,42.0,5.0,47.0,53,Cash,SUMMER10,No Feedback
3965,2025-06-03,CUST0182,Lewis Martinez,Returning,Interior Detail,Instagram,Sarasota,Sarasota,90,90.0,10.0,100.0,76,Cash App,SUMMER10,5.0
3966,2025-09-17,CUST0503,Ava Taylor,Returning,Premium Wash,TikTok,Sarasota,Venice,70,82.0,10.0,92.0,86,Cash,No Discount,5.0
3967,2025-04-18,CUST0968,Emma Taylor,Returning,Ceramic Coating,Referral,Sarasota,North Port,350,350.0,5.0,355.0,99,Cash,No Discount,3.0
3968,2025-10-12,CUST0160,Emma Brown,Returning,Full Detail,Youtube,Sarasota,Sarasota,150,165.0,5.0,170.0,37,Card,No Discount,5.0
3969,2025-02-28,CUST1105,Sofia Brown,Returning,Basic Wash,Youtube,Sarasota,Venice,40,42.0,5.0,47.0,140,Cash,No Discount,4.0
3970,2025-05-05,CUST1188,Ava Johnson,New,Interior Detail,Referral,Charlotte,Punta Gorda,90,95.0,0.0,95.0,71,Venmo,No Discount,4.0
3971,2025-12-20,CUST0640,Ava Davis,Returning,Premium Wash,TikTok,Charlotte,Punta Gorda,70,82.0,20.0,102.0,31,Card,No Discount,5.0
3972,2025-09-30,CUST0109,Mary Brown,Returning,Full Detail,TikTok,Sarasota,Venice,150,163.0,0.0,163.0,169,Venmo,NEWCUSTOMER,4.0
3973,2025-04-17,CUST0704,Olivia Wilson,Returning,Full Detail,Facebook,Charlotte,Port Charlotte,150,148.0,5.0,153.0,125,Card,NEWCUSTOMER,5.0
3974,2025-10-26,CUST1096,Mary Brown,Returning,Basic Wash,Youtube,Charlotte,Port Charlotte,40,44.0,0.0,44.0,85,Cash,No Discount,3.0
3975,2025-09-02,CUST0023,Olivia Brown,Returning,Premium Wash,TikTok,Charlotte,Punta Gorda,70,77.0,20.0,97.0,169,Card,SUMMER10,3.0
3976,2025-12-02,CUST0961,Noah Garcia,Returning,Ceramic Coating,Youtube,Sarasota,Venice,350,390.0,0.0,390.0,124,Cash,No Discount,5.0
3977,2025-09-04,CUST0930,Lewis Martinez,Returning,Full Detail,Instagram,Charlotte,Port Charlotte,150,170.0,0.0,170.0,85,Venmo,NEWCUSTOMER,3.0
3978,2025-01-08,CUST1050,Ava Garcia,Returning,Ceramic Coating,TikTok,Charlotte,Punta Gorda,350,348.0,15.0,363.0,66,Card,No Discount,5.0
3979,2025-05-21,CUST0961,Liam Garcia,Returning,Full Detail,Youtube,Sarasota,Venice,150,152.0,5.0,157.0,89,Card,NEWCUSTOMER,3.0
3980,2025-12-28,CUST1176,Olivia Davis,Returning,Basic Wash,Facebook,Sarasota,Venice,40,49.0,15.0,64.0,55,Card,SUMMER10,4.0
3981,2025-01-08,CUST0679,Noah Taylor,Returning,Ceramic Coating,Referral,Sarasota,North Port,350,348.0,10.0,358.0,76,Cash,SUMMER10,5.0
3982,2025-12-18,CUST0863,Liam Johnson,Returning,Full Detail,Instagram,Sarasota,Sarasota,150,160.0,0.0,160.0,65,Cash,VIP ,4.0
3983,2025-04-04,CUST0723,Lewis Taylor,Returning,Interior Detail,Facebook,Charlotte,Port Charlotte,90,90.0,0.0,90.0,48,Cash App,No Discount,5.0
3984,2025-11-17,CUST0604,Noah Martinez,Returning,Ceramic Coating,Facebook,Charlotte,Punta Gorda,350,385.0,0.0,385.0,176,Cash,No Discount,No Feedback
3985,2025-02-08,CUST0593,Noah Johnson,Returning,Premium Wash,Youtube,Sarasota,Sarasota,70,65.0,0.0,65.0,169,Card,NEWCUSTOMER,3.0
3986,2025-03-22,CUST0344,Emma Wilson,Returning,Premium Wash,TikTok,Sarasota,North Port,70,65.0,0.0,65.0,163,Cash,No Discount,4.0
3987,2025-07-06,CUST0073,Sofia Davis,Returning,Interior Detail,Youtube,Charlotte,Punta Gorda,90,99.0,20.0,119.0,31,Cash,No Discount,4.0
3988,2025-03-25,CUST0623,Ava Davis,Returning,Basic Wash,Youtube,Sarasota,Venice,40,40.0,0.0,40.0,150,Card,NEWCUSTOMER,No Feedback
3989,2025-03-29,CUST1155,Sofia Smith,Returning,Full Detail,Referral,Sarasota,Venice,150,148.0,10.0,158.0,65,Cash,SUMMER10,4.0
3990,2025-08-30,CUST0534,Noah Davis,Returning,Ceramic Coating,TikTok,Sarasota,Venice,350,390.0,10.0,400.0,106,Zelle,VIP ,No Feedback
3991,2025-12-08,CUST0126,Alex Smith,Returning,Ceramic Coating,Referral,Sarasota,Sarasota,350,385.0,10.0,395.0,151,Card,SUMMER10,4.0
3992,2025-04-03,CUST0970,Olivia Johnson,Returning,Ceramic Coating,Facebook,Charlotte,Punta Gorda,350,345.0,20.0,365.0,104,Card,VIP ,5.0
3993,2025-03-27,CUST1185,Olivia Martinez,Returning,Interior Detail,Referral,Sarasota,North Port,90,85.0,20.0,105.0,147,Card,No Discount,3.0
3994,2025-02-13,CUST0347,Noah Anderson,Returning,Basic Wash,TikTok,Charlotte,Port Charlotte,40,45.0,10.0,55.0,47,Card,SUMMER10,5.0
3995,2025-05-17,CUST1174,Alex Wilson,Returning,Interior Detail,Instagram,Sarasota,North Port,90,92.0,5.0,97.0,141,Zelle,SUMMER10,4.0
3996,2025-03-15,CUST0106,Alex Davis,Returning,Full Detail,TikTok,Sarasota,Venice,150,148.0,15.0,163.0,90,Cash,NEWCUSTOMER,5.0
3997,2025-02-05,CUST0598,John Garcia,Returning,Basic Wash,Instagram,Charlotte,Port Charlotte,40,42.0,5.0,47.0,61,Cash App,NEWCUSTOMER,4.0
3998,2025-04-11,CUST0056,John Johnson,Returning,Premium Wash,Facebook,Charlotte,Punta Gorda,70,72.0,15.0,87.0,144,Venmo,No Discount,3.0
3999,2025-06-05,CUST0588,Noah Martinez,Returning,Full Detail,TikTok,Sarasota,Sarasota,150,150.0,0.0,150.0,118,Cash,SUMMER10,3.0
4000,2025-09-12,CUST0993,Olivia Martinez,Returning,Interior Detail,Referral,Sarasota,Sarasota,90,97.0,0.0,97.0,169,Card,No Discount,3.0
4001,2025-06-20,CUST0169,Liam Anderson,Returning,Full Detail,Facebook,Charlotte,Port Charlotte,150,145.0,0.0,145.0,119,Zelle,VIP ,5.0
4002,2025-08-04,CUST0260,Lewis Martinez,Returning,Full Detail,TikTok,Charlotte,Port Charlotte,150,160.0,0.0,160.0,108,Cash,VIP ,4.0
4003,2025-06-19,CUST1036,Liam Brown,Returning,Full Detail,Referral,Sarasota,North Port,150,150.0,5.0,155.0,159,Cash,No Discount,No Feedback
4004,2025-09-09,CUST0158,Olivia Martinez,Returning,Ceramic Coating,TikTok,Sarasota,Venice,350,383.0,20.0,403.0,95,Card,SUMMER10,4.0
4005,2025-12-26,CUST0570,Olivia Johnson,Returning,Interior Detail,Youtube,Sarasota,Venice,90,94.0,0.0,94.0,148,Card,No Discount,3.0
4006,2025-11-18,CUST0517,Noah Taylor,Returning,Premium Wash,Referral,Sarasota,North Port,70,77.0,15.0,92.0,69,Card,No Discount,5.0
4007,2025-02-24,CUST0272,Ava Anderson,Returning,Interior Detail,Referral,Charlotte,Punta Gorda,90,90.0,5.0,95.0,142,Cash App,VIP ,5.0
4008,2025-04-01,CUST0576,Ava Taylor,Returning,Premium Wash,Unknown,Charlotte,Port Charlotte,70,70.0,5.0,75.0,76,Zelle,SUMMER10,No Feedback
4009,2025-10-05,CUST0564,Mary Martinez,Returning,Interior Detail,Instagram,Charlotte,Punta Gorda,90,101.0,5.0,106.0,132,Card,No Discount,5.0
4010,2025-04-11,CUST0527,Olivia Wilson,New,Full Detail,TikTok,Sarasota,North Port,150,150.0,5.0,155.0,37,Venmo,No Discount,4.0
4011,2025-06-04,CUST0030,Ava Taylor,New,Basic Wash,Youtube,Sarasota,Sarasota,40,45.0,0.0,45.0,138,Cash,NEWCUSTOMER,No Feedback
4012,2025-12-15,CUST0229,Mary Davis,New,Ceramic Coating,TikTok,Sarasota,Sarasota,350,385.0,0.0,385.0,73,Cash App,No Discount,3.0
4013,2025-12-30,CUST0358,Olivia Smith,Returning,Premium Wash,TikTok,Sarasota,Venice,70,72.0,5.0,72.0,113,Zelle,No Discount,4.0
4014,2025-05-21,CUST0310,Mary Anderson,Returning,Interior Detail,Referral,Sarasota,Sarasota,90,95.0,0.0,95.0,123,Zelle,NEWCUSTOMER,No Feedback
4015,2025-06-22,CUST0915,Alex Miller,Returning,Interior Detail,Unknown,Charlotte,Punta Gorda,90,88.0,5.0,93.0,80,Cash App,No Discount,3.0
4016,2025-01-10,CUST0758,Mary Miller,New,Premium Wash,Facebook,Sarasota,Sarasota,70,75.0,0.0,75.0,34,Card,SUMMER10,4.0
4017,2025-08-16,CUST0360,Liam Johnson,Returning,Interior Detail,Referral,Charlotte,Port Charlotte,90,99.0,0.0,99.0,88,Venmo,No Discount,3.0
4018,2025-09-22,CUST0536,Sofia Garcia,Returning,Full Detail,Instagram,Sarasota,North Port,150,167.0,5.0,172.0,108,Cash App,No Discount,5.0
4019,2025-09-05,CUST0484,Noah Johnson,Returning,Ceramic Coating,Unknown,Charlotte,Punta Gorda,350,390.0,0.0,390.0,41,Cash,No Discount,5.0
4020,2025-09-04,CUST0994,Olivia Anderson,Returning,Basic Wash,Referral,Sarasota,Venice,40,39.0,0.0,39.0,131,Venmo,No Discount,No Feedback
4021,2025-06-04,CUST0371,Alex Wilson,Returning,Premium Wash,TikTok,Charlotte,Punta Gorda,70,70.0,10.0,80.0,62,Card,No Discount,5.0
4022,2025-02-03,CUST1081,Olivia Martinez,Returning,Ceramic Coating,Facebook,Sarasota,Sarasota,350,350.0,0.0,350.0,33,Venmo,No Discount,3.0
4023,2025-05-09,CUST0068,Emma Davis,Returning,Interior Detail,Youtube,Charlotte,Port Charlotte,90,90.0,15.0,105.0,149,Cash App,No Discount,3.0
4024,2025-06-09,CUST0703,Lewis Brown,Returning,Premium Wash,Instagram,Charlotte,Punta Gorda,70,68.0,15.0,83.0,67,Card,No Discount,4.0
4025,2025-03-30,CUST0173,Alex Taylor,Returning,Basic Wash,Youtube,Sarasota,Sarasota,40,45.0,5.0,50.0,42,Cash,No Discount,No Feedback
4026,2025-04-03,CUST0298,Alex Smith,Returning,Basic Wash,Youtube,Charlotte,Port Charlotte,40,38.0,5.0,48.0,36,Venmo,VIP ,4.0
4027,2025-11-23,CUST0316,Lewis Garcia,Returning,Basic Wash,TikTok,Sarasota,North Port,40,44.0,15.0,59.0,91,Cash,No Discount,4.0
4028,2025-08-29,CUST1016,Olivia Miller,Returning,Full Detail,TikTok,Sarasota,Venice,150,163.0,5.0,168.0,77,Cash,SUMMER10,5.0
4029,2025-11-19,CUST0846,Lewis Johnson,Returning,Premium Wash,Youtube,Charlotte,Port Charlotte,70,77.0,10.0,87.0,122,Card,No Discount,3.0
4030,2025-04-27,CUST0785,Mary Anderson,Returning,Premium Wash,Referral,Sarasota,Venice,70,75.0,20.0,95.0,81,Card,No Discount,4.0
4031,2025-04-04,CUST0488,Alex Anderson,Returning,Full Detail,TikTok,Sarasota,Sarasota,150,155.0,15.0,170.0,86,Card,No Discount,5.0
4032,2025-06-12,CUST0902,Lewis Anderson,Returning,Basic Wash,Other,Sarasota,Sarasota,40,40.0,15.0,55.0,120,Venmo,No Discount,4.0
4033,2025-04-09,CUST0343,John Brown,Returning,Premium Wash,Youtube,Charlotte,Punta Gorda,70,68.0,15.0,83.0,122,Venmo,No Discount,4.0
4034,2025-04-23,CUST0432,Noah Brown,Returning,Premium Wash,Youtube,Sarasota,North Port,70,68.0,20.0,88.0,99,Card,No Discount,4.0
4035,2025-12-25,CUST1184,Liam Garcia,Returning,Basic Wash,Referral,Charlotte,Port Charlotte,40,44.0,10.0,54.0,63,Zelle,VIP ,4.0
4036,2025-04-01,CUST0707,Noah Anderson,Returning,Premium Wash,Other,Sarasota,North Port,70,70.0,10.0,80.0,87,Card,SUMMER10,5.0
4037,2025-12-12,CUST0112,John Smith,Returning,Basic Wash,Instagram,Charlotte,Port Charlotte,40,42.0,10.0,52.0,159,Cash,No Discount,No Feedback
4038,2025-07-25,CUST0542,Liam Smith,Returning,Ceramic Coating,Facebook,Sarasota,Venice,350,385.0,15.0,400.0,174,Venmo,NEWCUSTOMER,No Feedback
4039,2025-01-17,CUST0238,Alex Brown,Returning,Interior Detail,Youtube,Charlotte,Punta Gorda,90,85.0,0.0,85.0,47,Cash,No Discount,4.0
4040,2025-10-01,CUST0108,Noah Wilson,Returning,Premium Wash,Referral,Charlotte,Punta Gorda,70,82.0,15.0,97.0,49,Venmo,No Discount,4.0
4041,2025-06-22,CUST0344,Olivia Anderson,Returning,Ceramic Coating,TikTok,Sarasota,North Port,350,350.0,10.0,360.0,87,Card,NEWCUSTOMER,3.0
4042,2025-04-26,CUST0951,Olivia Smith,Returning,Interior Detail,Youtube,Charlotte,Port Charlotte,90,95.0,0.0,95.0,162,Card,No Discount,3.0
4043,2025-12-15,CUST0817,Noah Johnson,Returning,Premium Wash,Facebook,Sarasota,Venice,70,77.0,0.0,77.0,162,Cash App,VIP ,5.0
4044,2025-06-30,CUST0976,Ava Martinez,Returning,Ceramic Coating,Facebook,Sarasota,North Port,350,348.0,10.0,358.0,37,Zelle,SUMMER10,4.0
4045,2025-04-01,CUST0618,Mary Garcia,Returning,Premium Wash,TikTok,Sarasota,North Port,70,68.0,5.0,73.0,48,Cash,No Discount,No Feedback
4046,2025-03-23,CUST0976,Emma Smith,Returning,Premium Wash,Facebook,Sarasota,North Port,70,70.0,15.0,85.0,85,Zelle,VIP ,5.0
4047,2025-11-20,CUST1091,Alex Anderson,Returning,Basic Wash,Facebook,Charlotte,Port Charlotte,40,44.0,15.0,59.0,107,Card,NEWCUSTOMER,No Feedback
4048,2025-04-24,CUST0479,Olivia Davis,Returning,Full Detail,Referral,Sarasota,Venice,150,150.0,5.0,155.0,49,Card,No Discount,3.0
4049,2025-09-14,CUST0778,Olivia Taylor,Returning,Premium Wash,Referral,Charlotte,Punta Gorda,70,75.0,0.0,75.0,102,Venmo,No Discount,4.0
4050,2025-02-27,CUST0799,Olivia Johnson,Returning,Basic Wash,Instagram,Charlotte,Punta Gorda,40,42.0,0.0,42.0,36,Card,No Discount,5.0
4051,2025-06-03,CUST0972,Ava Taylor,Returning,Basic Wash,Youtube,Charlotte,Port Charlotte,40,40.0,0.0,40.0,73,Cash,SUMMER10,5.0
4052,2025-12-31,CUST0538,Noah Garcia,Returning,Full Detail,Youtube,Sarasota,North Port,150,163.0,5.0,178.0,138,Cash,VIP ,3.0
4053,2025-04-26,CUST0298,Olivia Garcia,Returning,Ceramic Coating,Youtube,Charlotte,Port Charlotte,350,350.0,10.0,360.0,88,Card,NEWCUSTOMER,No Feedback
4054,2025-12-09,CUST1087,Mary Miller,Returning,Full Detail,Instagram,Sarasota,Venice,150,163.0,5.0,168.0,119,Cash,No Discount,5.0
4055,2025-09-23,CUST0891,Ava Wilson,Returning,Ceramic Coating,Instagram,Sarasota,North Port,350,390.0,0.0,390.0,175,Cash App,No Discount,4.0
4056,2025-11-11,CUST0025,John Davis,Returning,Basic Wash,Instagram,Charlotte,Punta Gorda,40,42.0,10.0,52.0,148,Card,No Discount,4.0
4057,2025-07-22,CUST0592,Noah Smith,Returning,Basic Wash,Referral,Charlotte,Port Charlotte,40,44.0,20.0,64.0,179,Card,No Discount,5.0
4058,2025-02-10,CUST0920,Lewis Johnson,Returning,Basic Wash,Youtube,Sarasota,North Port,40,40.0,5.0,45.0,108,Venmo,NEWCUSTOMER,4.0
4059,2025-04-15,CUST0783,Liam Smith,Returning,Full Detail,Facebook,Sarasota,North Port,150,148.0,0.0,148.0,147,Venmo,No Discount,5.0
4060,2025-12-07,CUST0647,Emma Taylor,Returning,Basic Wash,Instagram,Charlotte,Punta Gorda,40,44.0,0.0,44.0,85,Cash App,No Discount,5.0
4061,2025-10-05,CUST1086,Liam Brown,Returning,Ceramic Coating,Instagram,Charlotte,Punta Gorda,350,380.0,0.0,380.0,153,Cash,NEWCUSTOMER,5.0
4062,2025-12-20,CUST0085,Ava Garcia,Returning,Ceramic Coating,Instagram,Charlotte,Punta Gorda,350,385.0,15.0,400.0,35,Zelle,No Discount,3.0
4063,2025-08-25,CUST0200,Sofia Anderson,Returning,Basic Wash,TikTok,Charlotte,Punta Gorda,40,39.0,0.0,39.0,139,Card,No Discount,5.0
4064,2025-08-09,CUST1089,Alex Martinez,Returning,Premium Wash,Youtube,Charlotte,Port Charlotte,70,77.0,5.0,82.0,39,Cash App,No Discount,3.0
4065,2025-03-09,CUST0725,Liam Anderson,Returning,Full Detail,Instagram,Sarasota,Venice,150,150.0,20.0,170.0,154,Cash,No Discount,4.0
4066,2025-07-16,CUST0885,Ava Martinez,Returning,Full Detail,Referral,Charlotte,Punta Gorda,150,170.0,0.0,170.0,138,Zelle,NEWCUSTOMER,5.0
4067,2025-09-13,CUST0559,Mary Taylor,Returning,Full Detail,Facebook,Charlotte,Port Charlotte,150,170.0,10.0,180.0,34,Venmo,VIP ,No Feedback
4068,2025-05-19,CUST0687,Emma Miller,Returning,Premium Wash,TikTok,Sarasota,Venice,70,72.0,0.0,72.0,168,Card,No Discount,5.0
4069,2025-11-08,CUST0554,Lewis Johnson,Returning,Premium Wash,Referral,Sarasota,North Port,70,77.0,10.0,87.0,114,Cash,NEWCUSTOMER,5.0
4070,2025-05-29,CUST0547,Liam Johnson,Returning,Premium Wash,Facebook,Sarasota,Venice,70,70.0,20.0,90.0,152,Cash,NEWCUSTOMER,3.0
4071,2025-04-09,CUST0202,Alex Martinez,Returning,Premium Wash,Unknown,Sarasota,Venice,70,75.0,0.0,75.0,139,Zelle,No Discount,4.0
4072,2025-03-17,CUST0523,Liam Garcia,Returning,Ceramic Coating,TikTok,Sarasota,North Port,350,352.0,0.0,352.0,160,Cash App,No Discount,No Feedback
4073,2025-10-09,CUST1197,Alex Brown,Returning,Interior Detail,TikTok,Sarasota,Venice,90,101.0,20.0,121.0,120,Cash,NEWCUSTOMER,5.0
4074,2025-04-19,CUST0802,Liam Martinez,Returning,Basic Wash,Facebook,Sarasota,North Port,40,40.0,15.0,55.0,69,Cash,VIP ,4.0
4075,2025-07-07,CUST0945,Lewis Anderson,Returning,Basic Wash,Youtube,Sarasota,North Port,40,49.0,5.0,54.0,107,Card,No Discount,5.0
4076,2025-07-18,CUST0496,Lewis Brown,Returning,Full Detail,Referral,Charlotte,Punta Gorda,150,163.0,15.0,178.0,86,Cash,No Discount,4.0
4077,2025-10-30,CUST0400,Ava Martinez,Returning,Interior Detail,Other,Sarasota,Sarasota,90,104.0,5.0,109.0,90,Venmo,No Discount,5.0
4078,2025-11-23,CUST1065,Olivia Miller,Returning,Ceramic Coating,Referral,Charlotte,Punta Gorda,350,387.0,15.0,402.0,158,Card,No Discount,5.0
4079,2025-06-03,CUST0692,Olivia Anderson,Returning,Basic Wash,TikTok,Charlotte,Punta Gorda,40,42.0,5.0,47.0,107,Venmo,No Discount,3.0
4080,2025-02-09,CUST0369,Alex Martinez,Returning,Interior Detail,Facebook,Sarasota,Sarasota,90,90.0,10.0,100.0,162,Card,No Discount,3.0
4081,2025-05-13,CUST0642,Sofia Garcia,Returning,Interior Detail,TikTok,Charlotte,Port Charlotte,90,85.0,20.0,105.0,123,Venmo,No Discount,5.0
4082,2025-05-12,CUST1122,Mary Taylor,Returning,Basic Wash,Instagram,Charlotte,Punta Gorda,40,42.0,0.0,42.0,88,Cash,No Discount,4.0
4083,2025-10-06,CUST0022,Ava Miller,Returning,Full Detail,Youtube,Sarasota,Sarasota,150,165.0,15.0,180.0,96,Venmo,No Discount,5.0
4084,2025-12-28,CUST0018,Ava Anderson,Returning,Basic Wash,Youtube,Sarasota,Sarasota,40,46.0,10.0,56.0,50,Cash,NEWCUSTOMER,4.0
4085,2025-03-25,CUST0140,Emma Taylor,Returning,Interior Detail,Instagram,Sarasota,North Port,90,85.0,10.0,95.0,49,Cash,VIP ,4.0
4086,2025-08-30,CUST0025,Olivia Smith,Returning,Full Detail,Instagram,Charlotte,Punta Gorda,150,160.0,20.0,180.0,108,Cash App,VIP ,4.0
4087,2025-04-26,CUST0843,Emma Taylor,Returning,Basic Wash,Instagram,Charlotte,Punta Gorda,40,45.0,5.0,45.0,54,Venmo,No Discount,No Feedback
4088,2025-04-19,CUST0201,Mary Davis,Returning,Interior Detail,Facebook,Sarasota,Venice,90,95.0,5.0,100.0,95,Cash,No Discount,4.0
4089,2025-08-09,CUST1076,Olivia Garcia,Returning,Basic Wash,Instagram,Charlotte,Port Charlotte,40,44.0,0.0,44.0,41,Zelle,No Discount,No Feedback
4090,2025-02-10,CUST0213,John Taylor,Returning,Interior Detail,Facebook,Charlotte,Port Charlotte,90,92.0,10.0,102.0,36,Card,No Discount,5.0
4091,2025-05-27,CUST0914,Sofia Smith,Returning,Ceramic Coating,TikTok,Charlotte,Port Charlotte,350,348.0,20.0,368.0,78,Cash,SUMMER10,No Feedback
4092,2025-04-22,CUST0720,Olivia Anderson,Returning,Ceramic Coating,Youtube,Charlotte,Punta Gorda,350,345.0,5.0,350.0,82,Venmo,SUMMER10,3.0
4093,2025-04-13,CUST0450,Noah Brown,Returning,Ceramic Coating,Youtube,Charlotte,Punta Gorda,350,348.0,0.0,348.0,58,Venmo,No Discount,3.0
4094,2025-02-15,CUST0581,Alex Davis,Returning,Ceramic Coating,Facebook,Sarasota,North Port,350,350.0,15.0,365.0,74,Cash App,NEWCUSTOMER,4.0
4095,2025-11-20,CUST0516,Noah Taylor,Returning,Premium Wash,Facebook,Charlotte,Punta Gorda,70,77.0,0.0,77.0,95,Zelle,No Discount,5.0
4096,2025-09-28,CUST0396,Lewis Wilson,Returning,Interior Detail,Referral,Sarasota,Venice,90,101.0,10.0,111.0,42,Cash App,No Discount,4.0
4097,2025-07-14,CUST0070,Lewis Taylor,Returning,Ceramic Coating,Instagram,Sarasota,North Port,350,385.0,0.0,385.0,44,Zelle,No Discount,4.0
4098,2025-10-07,CUST0049,Sofia Martinez,Returning,Full Detail,TikTok,Sarasota,Venice,150,165.0,0.0,165.0,77,Venmo,No Discount,4.0
4099,2025-10-10,CUST0189,Mary Martinez,Returning,Interior Detail,Instagram,Sarasota,Sarasota,90,99.0,15.0,114.0,165,Zelle,No Discount,3.0
4100,2025-02-09,CUST0117,Lewis Brown,Returning,Premium Wash,Youtube,Sarasota,Sarasota,70,70.0,0.0,70.0,158,Cash,No Discount,4.0
4101,2025-07-08,CUST0445,Ava Johnson,Returning,Premium Wash,TikTok,Sarasota,North Port,70,75.0,0.0,75.0,75,Card,VIP ,5.0
4102,2025-06-13,CUST0250,Lewis Davis,Returning,Basic Wash,Referral,Charlotte,Port Charlotte,40,40.0,20.0,60.0,48,Cash,NEWCUSTOMER,3.0
4103,2025-01-24,CUST0246,John Martinez,Returning,Premium Wash,TikTok,Charlotte,Punta Gorda,70,72.0,10.0,82.0,79,Cash,No Discount,No Feedback
4104,2025-01-24,CUST0177,Noah Martinez,Returning,Full Detail,Youtube,Sarasota,North Port,150,155.0,0.0,155.0,74,Card,SUMMER10,3.0
4105,2025-01-04,CUST0267,Noah Miller,Returning,Ceramic Coating,Referral,Charlotte,Port Charlotte,350,350.0,5.0,355.0,178,Card,No Discount,5.0
4106,2025-11-19,CUST0770,Liam Johnson,Returning,Premium Wash,Youtube,Sarasota,North Port,70,75.0,0.0,75.0,178,Zelle,VIP ,No Feedback
4107,2025-10-17,CUST1160,Emma Davis,Returning,Full Detail,Instagram,Sarasota,Venice,150,165.0,10.0,175.0,59,Zelle,No Discount,3.0
4108,2025-06-30,CUST0379,Emma Wilson,Returning,Interior Detail,Referral,Charlotte,Punta Gorda,90,90.0,5.0,95.0,57,Card,SUMMER10,4.0
4109,2025-09-05,CUST0228,Alex Taylor,Returning,Ceramic Coating,Youtube,Sarasota,Sarasota,350,380.0,0.0,380.0,159,Card,No Discount,5.0
4110,2025-04-26,CUST0378,Mary Miller,Returning,Basic Wash,Youtube,Charlotte,Port Charlotte,40,45.0,20.0,65.0,107,Cash,No Discount,3.0
4111,2025-10-06,CUST0519,Ava Smith,Returning,Interior Detail,Instagram,Charlotte,Punta Gorda,90,97.0,20.0,117.0,47,Zelle,No Discount,5.0
4112,2025-12-31,CUST0604,Ava Martinez,Returning,Premium Wash,Facebook,Charlotte,Punta Gorda,70,77.0,20.0,97.0,38,Cash,No Discount,5.0
4113,2025-03-10,CUST0957,Alex Martinez,Returning,Full Detail,TikTok,Sarasota,Sarasota,150,145.0,15.0,160.0,119,Cash,No Discount,4.0
4114,2025-12-17,CUST0156,Alex Taylor,Returning,Ceramic Coating,Facebook,Sarasota,North Port,350,383.0,20.0,403.0,52,Card,SUMMER10,5.0
4115,2025-09-11,CUST0929,Alex Wilson,Returning,Ceramic Coating,Youtube,Sarasota,Sarasota,350,385.0,0.0,385.0,108,Card,NEWCUSTOMER,4.0
4116,2025-06-30,CUST0567,Liam Garcia,Returning,Ceramic Coating,Facebook,Charlotte,Punta Gorda,350,350.0,5.0,355.0,140,Venmo,SUMMER10,5.0
4117,2025-11-14,CUST0875,Lewis Brown,Returning,Ceramic Coating,Instagram,Charlotte,Punta Gorda,350,383.0,20.0,403.0,145,Zelle,No Discount,No Feedback
4118,2025-06-18,CUST0663,Lewis Wilson,Returning,Basic Wash,Instagram,Sarasota,Sarasota,40,40.0,5.0,45.0,38,Cash App,VIP ,5.0
4119,2025-11-09,CUST0528,Olivia Smith,Returning,Premium Wash,TikTok,Charlotte,Punta Gorda,70,72.0,0.0,72.0,157,Cash,SUMMER10,3.0
4120,2025-09-06,CUST0332,Olivia Davis,Returning,Full Detail,Referral,Charlotte,Punta Gorda,150,160.0,10.0,170.0,178,Venmo,VIP ,No Feedback
4121,2025-07-07,CUST0152,John Garcia,Returning,Interior Detail,Referral,Sarasota,Sarasota,90,99.0,5.0,104.0,64,Zelle,VIP ,4.0
4122,2025-02-23,CUST0568,Olivia Davis,Returning,Basic Wash,Youtube,Sarasota,Venice,40,38.0,5.0,43.0,136,Cash,No Discount,5.0
4123,2025-11-22,CUST0128,Liam Johnson,Returning,Premium Wash,Facebook,Charlotte,Port Charlotte,70,72.0,0.0,72.0,50,Cash,NEWCUSTOMER,4.0
4124,2025-12-23,CUST0784,Noah Anderson,Returning,Full Detail,Referral,Charlotte,Port Charlotte,150,160.0,5.0,165.0,30,Zelle,No Discount,4.0
4125,2025-11-09,CUST0796,Mary Miller,Returning,Basic Wash,Youtube,Charlotte,Punta Gorda,40,39.0,0.0,39.0,114,Card,SUMMER10,4.0
4126,2025-05-18,CUST0682,Liam Wilson,Returning,Basic Wash,Instagram,Sarasota,North Port,40,45.0,5.0,50.0,170,Card,SUMMER10,No Feedback
4127,2025-06-17,CUST0124,Sofia Brown,Returning,Full Detail,TikTok,Charlotte,Punta Gorda,150,150.0,20.0,170.0,146,Cash,SUMMER10,5.0
4128,2025-04-13,CUST0529,Sofia Miller,Returning,Interior Detail,Instagram,Charlotte,Punta Gorda,90,92.0,0.0,92.0,32,Venmo,No Discount,No Feedback
4129,2025-03-26,CUST0543,Lewis Taylor,Returning,Ceramic Coating,Facebook,Sarasota,Sarasota,350,350.0,0.0,350.0,130,Cash,VIP ,4.0
4130,2025-11-13,CUST0365,John Garcia,Returning,Interior Detail,Youtube,Sarasota,North Port,90,99.0,0.0,99.0,112,Card,No Discount,No Feedback
4131,2025-07-31,CUST0903,Emma Miller,Returning,Full Detail,Youtube,Sarasota,North Port,150,160.0,10.0,170.0,144,Venmo,No Discount,3.0
4132,2025-01-03,CUST0143,Ava Brown,Returning,Ceramic Coating,Referral,Charlotte,Punta Gorda,350,350.0,15.0,365.0,69,Cash,VIP ,5.0
4133,2025-06-28,CUST1008,Sofia Davis,Returning,Ceramic Coating,Youtube,Charlotte,Port Charlotte,350,350.0,0.0,350.0,168,Zelle,NEWCUSTOMER,4.0
4134,2025-12-08,CUST0411,Liam Smith,Returning,Basic Wash,Referral,Sarasota,North Port,40,49.0,0.0,49.0,53,Card,VIP ,No Feedback
4135,2025-10-30,CUST0805,Noah Miller,Returning,Premium Wash,Youtube,Charlotte,Port Charlotte,70,72.0,15.0,87.0,123,Card,NEWCUSTOMER,4.0
4136,2025-11-28,CUST0366,Ava Smith,Returning,Basic Wash,Youtube,Charlotte,Punta Gorda,40,44.0,0.0,44.0,149,Venmo,No Discount,4.0
4137,2025-02-07,CUST1008,Noah Garcia,Returning,Interior Detail,Youtube,Charlotte,Port Charlotte,90,85.0,20.0,105.0,96,Card,NEWCUSTOMER,5.0
4138,2025-08-27,CUST0223,Liam Garcia,Returning,Full Detail,TikTok,Sarasota,North Port,150,165.0,0.0,165.0,61,Card,SUMMER10,4.0
4139,2025-06-18,CUST0295,Ava Wilson,Returning,Full Detail,Instagram,Charlotte,Punta Gorda,150,145.0,20.0,165.0,33,Card,No Discount,4.0
4140,2025-12-09,CUST1108,Lewis Anderson,Returning,Interior Detail,Youtube,Charlotte,Port Charlotte,90,99.0,0.0,99.0,177,Cash,NEWCUSTOMER,5.0
4141,2025-11-10,CUST0884,Olivia Martinez,Returning,Full Detail,Referral,Charlotte,Punta Gorda,150,165.0,0.0,165.0,81,Zelle,No Discount,No Feedback
4142,2025-11-02,CUST0448,Olivia Smith,Returning,Premium Wash,Instagram,Charlotte,Punta Gorda,70,79.0,5.0,84.0,91,Cash,No Discount,5.0
4143,2025-01-30,CUST0218,Noah Anderson,Returning,Ceramic Coating,Youtube,Sarasota,Sarasota,350,345.0,15.0,360.0,78,Card,No Discount,4.0
4144,2025-07-09,CUST0905,Mary Brown,Returning,Basic Wash,Referral,Charlotte,Port Charlotte,40,44.0,0.0,44.0,68,Cash,No Discount,4.0
4145,2025-12-23,CUST0531,John Anderson,Returning,Ceramic Coating,Youtube,Sarasota,Venice,350,387.0,20.0,407.0,57,Card,No Discount,3.0
4146,2025-01-25,CUST0212,Lewis Taylor,Returning,Basic Wash,Facebook,Sarasota,Sarasota,40,35.0,15.0,50.0,154,Card,No Discount,3.0
4147,2025-04-22,CUST0072,Emma Wilson,Returning,Basic Wash,Referral,Sarasota,Sarasota,40,38.0,5.0,53.0,106,Cash,VIP ,4.0
4148,2025-07-25,CUST0150,Emma Garcia,Returning,Ceramic Coating,Facebook,Charlotte,Punta Gorda,350,380.0,15.0,395.0,111,Cash,No Discount,No Feedback
4149,2025-07-04,CUST0145,Mary Taylor,Returning,Full Detail,Referral,Sarasota,Sarasota,150,167.0,5.0,172.0,55,Zelle,SUMMER10,5.0
4150,2025-02-16,CUST1171,John Martinez,Returning,Basic Wash,TikTok,Sarasota,North Port,40,40.0,0.0,40.0,50,Card,No Discount,5.0
4151,2025-08-16,CUST0514,Ava Davis,Returning,Full Detail,TikTok,Sarasota,Venice,150,160.0,0.0,160.0,137,Cash App,NEWCUSTOMER,3.0
4152,2025-02-08,CUST0914,Emma Davis,Returning,Premium Wash,TikTok,Charlotte,Port Charlotte,70,70.0,20.0,90.0,69,Card,No Discount,5.0
4153,2025-01-16,CUST0039,Mary Anderson,Returning,Ceramic Coating,Facebook,Charlotte,Port Charlotte,350,350.0,0.0,350.0,175,Card,VIP ,4.0
4154,2025-01-22,CUST1020,Liam Garcia,Returning,Ceramic Coating,TikTok,Sarasota,Sarasota,350,355.0,15.0,370.0,34,Cash,NEWCUSTOMER,4.0
4155,2025-08-01,CUST0305,Olivia Brown,Returning,Ceramic Coating,Youtube,Charlotte,Port Charlotte,350,385.0,20.0,405.0,180,Card,No Discount,4.0
4156,2025-11-06,CUST0002,Ava Miller,Returning,Full Detail,Youtube,Sarasota,Venice,150,167.0,0.0,167.0,52,Cash,No Discount,3.0
4157,2025-05-29,CUST0078,Mary Smith,Returning,Interior Detail,Referral,Sarasota,North Port,90,92.0,10.0,102.0,80,Cash,SUMMER10,No Feedback
4158,2025-08-29,CUST0800,Lewis Smith,New,Premium Wash,TikTok,Sarasota,North Port,70,82.0,0.0,82.0,31,Card,No Discount,4.0
4159,2025-09-29,CUST0546,Liam Taylor,Returning,Full Detail,TikTok,Charlotte,Punta Gorda,150,167.0,5.0,172.0,39,Cash,No Discount,5.0
4160,2025-02-28,CUST0311,Mary Davis,Returning,Interior Detail,Unknown,Charlotte,Port Charlotte,90,85.0,5.0,90.0,165,Cash App,No Discount,5.0
4161,2025-10-14,CUST0676,Sofia Garcia,Returning,Full Detail,Youtube,Sarasota,Venice,150,167.0,0.0,167.0,52,Cash,No Discount,No Feedback
4162,2025-07-21,CUST0802,Ava Davis,Returning,Premium Wash,Facebook,Sarasota,North Port,70,75.0,5.0,80.0,83,Card,VIP ,No Feedback
4163,2025-02-01,CUST1177,Alex Wilson,Returning,Premium Wash,Facebook,Charlotte,Port Charlotte,70,72.0,10.0,82.0,54,Cash,VIP ,4.0
4164,2025-06-11,CUST0008,Lewis Smith,Returning,Basic Wash,Facebook,Sarasota,Venice,40,35.0,20.0,55.0,72,Cash App,No Discount,4.0
4165,2025-09-12,CUST1056,Emma Miller,Returning,Full Detail,Youtube,Charlotte,Punta Gorda,150,163.0,20.0,183.0,153,Zelle,No Discount,4.0
4166,2025-09-11,CUST1005,Ava Smith,Returning,Basic Wash,Referral,Sarasota,North Port,40,39.0,20.0,59.0,48,Zelle,No Discount,4.0
4167,2025-09-01,CUST0980,Noah Miller,Returning,Full Detail,Referral,Charlotte,Punta Gorda,150,150.0,5.0,155.0,106,Zelle,VIP ,4.0
4168,2025-05-19,CUST0894,Mary Martinez,Returning,Full Detail,Facebook,Sarasota,Sarasota,150,150.0,10.0,160.0,109,Cash,SUMMER10,4.0
4169,2025-01-10,CUST0828,Lewis Martinez,Returning,Ceramic Coating,Youtube,Sarasota,Venice,350,355.0,15.0,370.0,62,Venmo,No Discount,4.0
4170,2025-08-02,CUST0144,John Smith,New,Full Detail,Facebook,Sarasota,Sarasota,150,167.0,5.0,172.0,100,Cash,No Discount,5.0
4171,2025-09-30,CUST1107,Alex Brown,Returning,Interior Detail,Facebook,Charlotte,Port Charlotte,90,101.0,5.0,106.0,126,Venmo,SUMMER10,4.0
4172,2025-11-20,CUST0463,Ava Davis,Returning,Ceramic Coating,Youtube,Sarasota,Sarasota,350,383.0,15.0,398.0,105,Venmo,No Discount,4.0
4173,2025-02-17,CUST0007,Liam Johnson,Returning,Basic Wash,Instagram,Sarasota,Sarasota,40,40.0,15.0,55.0,147,Cash,No Discount,4.0
4174,2025-04-21,CUST0788,Ava Anderson,Returning,Interior Detail,Instagram,Charlotte,Punta Gorda,90,90.0,10.0,100.0,90,Zelle,No Discount,No Feedback
4175,2025-06-02,CUST0988,Mary Wilson,Returning,Full Detail,Referral,Sarasota,North Port,150,152.0,10.0,162.0,177,Cash App,No Discount,No Feedback
4176,2025-05-03,CUST0249,Alex Miller,Returning,Full Detail,TikTok,Sarasota,Venice,150,148.0,0.0,148.0,70,Card,SUMMER10,5.0
4177,2025-12-23,CUST1162,Alex Garcia,Returning,Premium Wash,Youtube,Sarasota,Venice,70,72.0,20.0,92.0,177,Card,No Discount,5.0
4178,2025-04-12,CUST1097,Liam Martinez,Returning,Full Detail,Referral,Charlotte,Port Charlotte,150,155.0,0.0,155.0,153,Card,No Discount,4.0
4179,2025-08-29,CUST0736,Sofia Taylor,Returning,Basic Wash,Instagram,Charlotte,Port Charlotte,40,44.0,10.0,54.0,130,Cash App,No Discount,5.0
4180,2025-11-17,CUST0683,Olivia Garcia,Returning,Premium Wash,Referral,Sarasota,North Port,70,72.0,15.0,87.0,141,Card,No Discount,4.0
4181,2025-07-10,CUST0621,Liam Davis,Returning,Basic Wash,Facebook,Charlotte,Punta Gorda,40,44.0,0.0,44.0,45,Card,NEWCUSTOMER,5.0
4182,2025-08-05,CUST0821,Lewis Smith,Returning,Basic Wash,Instagram,Sarasota,North Port,40,46.0,15.0,61.0,36,Venmo,No Discount,4.0
4183,2025-02-20,CUST0114,Emma Davis,Returning,Ceramic Coating,TikTok,Charlotte,Port Charlotte,350,350.0,0.0,350.0,76,Cash,VIP ,No Feedback
4184,2025-10-19,CUST0186,Olivia Johnson,Returning,Premium Wash,Youtube,Sarasota,Venice,70,79.0,10.0,89.0,136,Cash,VIP ,5.0
4185,2025-03-22,CUST0749,Lewis Miller,Returning,Premium Wash,TikTok,Charlotte,Punta Gorda,70,75.0,0.0,75.0,70,Cash App,SUMMER10,4.0
4186,2025-03-29,CUST1095,Mary Davis,Returning,Full Detail,Facebook,Charlotte,Punta Gorda,150,155.0,0.0,155.0,109,Zelle,No Discount,5.0
4187,2025-07-13,CUST0697,Ava Davis,Returning,Premium Wash,Youtube,Sarasota,North Port,70,77.0,5.0,82.0,167,Cash App,VIP ,5.0
4188,2025-04-14,CUST0165,John Wilson,Returning,Basic Wash,Referral,Sarasota,North Port,40,40.0,5.0,45.0,54,Cash App,No Discount,No Feedback
4189,2025-09-28,CUST0942,John Taylor,Returning,Basic Wash,Instagram,Charlotte,Punta Gorda,40,44.0,5.0,64.0,81,Zelle,No Discount,5.0
4190,2025-04-06,CUST0594,Lewis Anderson,Returning,Ceramic Coating,Facebook,Charlotte,Port Charlotte,350,345.0,20.0,365.0,43,Cash,VIP ,4.0
4191,2025-07-17,CUST0416,Liam Taylor,Returning,Full Detail,Unknown,Charlotte,Punta Gorda,150,170.0,15.0,185.0,98,Card,NEWCUSTOMER,5.0
4192,2025-01-01,CUST0362,Noah Garcia,Returning,Basic Wash,TikTok,Sarasota,North Port,40,35.0,5.0,40.0,111,Cash App,No Discount,4.0
4193,2025-06-16,CUST1136,Noah Taylor,Returning,Interior Detail,Referral,Sarasota,Venice,90,90.0,0.0,90.0,51,Cash,VIP ,4.0
4194,2025-05-06,CUST0081,Alex Taylor,Returning,Ceramic Coating,Youtube,Sarasota,Venice,350,350.0,0.0,350.0,139,Card,No Discount,5.0
4195,2025-11-09,CUST0787,Ava Wilson,Returning,Interior Detail,Instagram,Sarasota,North Port,90,94.0,10.0,104.0,152,Card,SUMMER10,5.0
4196,2025-03-22,CUST0392,Lewis Wilson,New,Basic Wash,Instagram,Sarasota,Venice,40,45.0,10.0,55.0,169,Zelle,SUMMER10,4.0
4197,2025-09-08,CUST0613,Emma Garcia,Returning,Ceramic Coating,Facebook,Charlotte,Port Charlotte,350,385.0,5.0,390.0,60,Cash,NEWCUSTOMER,5.0
4198,2025-06-18,CUST0799,Ava Miller,Returning,Basic Wash,Instagram,Charlotte,Punta Gorda,40,40.0,20.0,60.0,65,Venmo,No Discount,4.0
4199,2025-03-14,CUST0219,Lewis Johnson,Returning,Interior Detail,Instagram,Sarasota,North Port,90,92.0,15.0,107.0,80,Card,No Discount,5.0
4200,2025-05-21,CUST0736,Alex Wilson,Returning,Ceramic Coating,Instagram,Charlotte,Port Charlotte,350,345.0,0.0,345.0,80,Venmo,No Discount,5.0
4201,2025-03-11,CUST0997,Liam Martinez,Returning,Ceramic Coating,Referral,Charlotte,Punta Gorda,350,345.0,5.0,350.0,129,Cash App,No Discount,5.0
4202,2025-09-19,CUST0174,John Garcia,Returning,Premium Wash,Facebook,Sarasota,North Port,70,72.0,10.0,82.0,145,Card,No Discount,3.0
4203,2025-12-06,CUST0897,Ava Garcia,Returning,Full Detail,TikTok,Charlotte,Port Charlotte,150,165.0,0.0,165.0,91,Cash,NEWCUSTOMER,4.0
4204,2025-11-04,CUST0389,Emma Smith,Returning,Interior Detail,TikTok,Sarasota,North Port,90,104.0,0.0,104.0,93,Zelle,NEWCUSTOMER,No Feedback
4205,2025-09-02,CUST0287,John Davis,Returning,Basic Wash,Facebook,Charlotte,Port Charlotte,40,49.0,10.0,59.0,75,Card,No Discount,3.0
4206,2025-01-03,CUST0074,Emma Johnson,Returning,Full Detail,Referral,Sarasota,Venice,150,155.0,5.0,160.0,158,Cash,No Discount,No Feedback
4207,2025-12-03,CUST0396,Emma Davis,Returning,Basic Wash,Referral,Sarasota,Venice,40,49.0,5.0,54.0,112,Card,No Discount,4.0
4208,2025-03-04,CUST0052,Liam Brown,Returning,Interior Detail,Other,Sarasota,North Port,90,85.0,0.0,85.0,108,Venmo,No Discount,5.0
4209,2025-02-18,CUST0489,Alex Anderson,Returning,Interior Detail,Facebook,Charlotte,Port Charlotte,90,85.0,20.0,105.0,107,Cash,No Discount,4.0
4210,2025-03-17,CUST1002,Olivia Brown,Returning,Premium Wash,Facebook,Charlotte,Punta Gorda,70,70.0,0.0,70.0,121,Card,No Discount,3.0
4211,2025-06-24,CUST0797,Alex Brown,Returning,Ceramic Coating,Instagram,Sarasota,North Port,350,350.0,15.0,365.0,121,Card,No Discount,4.0
4212,2025-04-19,CUST0130,Ava Brown,Returning,Full Detail,Facebook,Charlotte,Port Charlotte,150,150.0,20.0,170.0,140,Card,NEWCUSTOMER,5.0
4213,2025-07-02,CUST1108,Olivia Johnson,Returning,Premium Wash,Youtube,Charlotte,Port Charlotte,70,72.0,10.0,82.0,78,Cash,No Discount,4.0
4214,2025-07-11,CUST0631,Ava Miller,Returning,Ceramic Coating,Facebook,Sarasota,Venice,350,390.0,15.0,405.0,50,Cash App,VIP ,4.0
4215,2025-03-06,CUST1024,Noah Brown,Returning,Premium Wash,Youtube,Charlotte,Port Charlotte,70,65.0,15.0,80.0,113,Cash,No Discount,No Feedback
4216,2025-12-03,CUST1094,Sofia Taylor,Returning,Basic Wash,Facebook,Charlotte,Punta Gorda,40,44.0,5.0,49.0,179,Card,No Discount,4.0
4217,2025-09-28,CUST0921,Alex Smith,Returning,Basic Wash,Instagram,Sarasota,Sarasota,40,44.0,10.0,54.0,176,Venmo,No Discount,4.0
4218,2025-04-10,CUST0034,John Garcia,Returning,Basic Wash,Facebook,Sarasota,North Port,40,40.0,10.0,50.0,123,Zelle,SUMMER10,No Feedback
4219,2025-02-01,CUST0076,Lewis Brown,Returning,Full Detail,Facebook,Charlotte,Punta Gorda,150,150.0,5.0,155.0,162,Cash,No Discount,4.0
4220,2025-12-18,CUST0695,Noah Wilson,Returning,Full Detail,Referral,Sarasota,North Port,150,165.0,10.0,175.0,54,Cash App,No Discount,3.0
4221,2025-05-08,CUST0115,Sofia Martinez,Returning,Basic Wash,Unknown,Sarasota,Sarasota,40,42.0,5.0,47.0,33,Zelle,No Discount,4.0
4222,2025-12-05,CUST0692,Lewis Martinez,Returning,Full Detail,TikTok,Charlotte,Punta Gorda,150,170.0,0.0,170.0,140,Cash,No Discount,5.0
4223,2025-02-12,CUST0088,Sofia Smith,Returning,Basic Wash,Facebook,Sarasota,North Port,40,38.0,0.0,38.0,167,Card,No Discount,5.0
4224,2025-03-19,CUST0831,Noah Smith,Returning,Premium Wash,Facebook,Charlotte,Punta Gorda,70,70.0,0.0,70.0,106,Card,SUMMER10,5.0
4225,2025-11-10,CUST0243,Liam Anderson,Returning,Premium Wash,TikTok,Charlotte,Punta Gorda,70,72.0,0.0,72.0,128,Zelle,No Discount,4.0
4226,2025-10-16,CUST0434,Emma Miller,Returning,Interior Detail,Facebook,Sarasota,North Port,90,99.0,0.0,99.0,68,Card,NEWCUSTOMER,5.0
4227,2025-09-27,CUST1072,Alex Miller,Returning,Ceramic Coating,Referral,Charlotte,Port Charlotte,350,385.0,10.0,395.0,106,Cash,VIP ,4.0
4228,2025-06-11,CUST0939,Noah Miller,Returning,Ceramic Coating,Referral,Sarasota,Venice,350,348.0,0.0,348.0,118,Card,SUMMER10,4.0
4229,2025-07-08,CUST1099,Sofia Garcia,Returning,Full Detail,TikTok,Charlotte,Punta Gorda,150,163.0,10.0,173.0,30,Cash,SUMMER10,3.0
4230,2025-09-04,CUST0306,Mary Wilson,Returning,Premium Wash,Facebook,Charlotte,Port Charlotte,70,75.0,5.0,80.0,137,Venmo,VIP ,No Feedback
4231,2025-08-04,CUST1187,Mary Smith,Returning,Ceramic Coating,Instagram,Sarasota,Sarasota,350,387.0,0.0,387.0,175,Cash,No Discount,3.0
4232,2025-11-11,CUST0478,Liam Anderson,Returning,Full Detail,Unknown,Sarasota,North Port,150,170.0,15.0,185.0,89,Card,No Discount,4.0
4233,2025-12-05,CUST0148,John Miller,Returning,Ceramic Coating,Facebook,Charlotte,Port Charlotte,350,385.0,15.0,400.0,75,Card,No Discount,4.0
4234,2025-06-17,CUST0076,Sofia Taylor,Returning,Full Detail,Facebook,Charlotte,Punta Gorda,150,155.0,5.0,160.0,180,Venmo,SUMMER10,No Feedback
4235,2025-12-05,CUST0290,Alex Miller,Returning,Basic Wash,TikTok,Sarasota,North Port,40,44.0,0.0,44.0,112,Card,No Discount,3.0
4236,2025-07-12,CUST1002,Sofia Martinez,Returning,Premium Wash,Facebook,Charlotte,Punta Gorda,70,75.0,10.0,85.0,131,Cash,No Discount,5.0
4237,2025-10-10,CUST0040,Liam Garcia,Returning,Premium Wash,TikTok,Sarasota,North Port,70,77.0,0.0,77.0,116,Venmo,No Discount,5.0
4238,2025-12-02,CUST0966,John Johnson,Returning,Basic Wash,TikTok,Sarasota,Sarasota,40,44.0,20.0,64.0,171,Cash,No Discount,3.0
4239,2025-01-13,CUST0094,Lewis Johnson,Returning,Basic Wash,Referral,Charlotte,Port Charlotte,40,38.0,5.0,43.0,80,Venmo,No Discount,4.0
4240,2025-08-28,CUST0498,Sofia Garcia,Returning,Basic Wash,Youtube,Charlotte,Port Charlotte,40,42.0,0.0,42.0,143,Cash App,SUMMER10,3.0
4241,2025-11-16,CUST0268,Emma Taylor,Returning,Full Detail,Instagram,Charlotte,Punta Gorda,150,167.0,20.0,187.0,125,Zelle,No Discount,3.0
4242,2025-05-27,CUST0030,Olivia Anderson,Returning,Basic Wash,Youtube,Sarasota,Sarasota,40,38.0,0.0,38.0,166,Card,SUMMER10,4.0
4243,2025-07-23,CUST0353,Ava Smith,Returning,Interior Detail,Referral,Charlotte,Port Charlotte,90,94.0,5.0,99.0,90,Cash,NEWCUSTOMER,5.0
4244,2025-03-21,CUST0103,John Smith,Returning,Basic Wash,Instagram,Sarasota,North Port,40,38.0,20.0,58.0,107,Card,SUMMER10,4.0
4245,2025-02-12,CUST0630,Noah Brown,Returning,Basic Wash,Instagram,Sarasota,North Port,40,45.0,5.0,50.0,144,Zelle,NEWCUSTOMER,4.0
4246,2025-03-30,CUST0200,Olivia Smith,Returning,Basic Wash,TikTok,Charlotte,Punta Gorda,40,40.0,5.0,45.0,159,Cash,NEWCUSTOMER,3.0
4247,2025-05-28,CUST0935,Noah Wilson,Returning,Interior Detail,Other,Sarasota,Sarasota,90,88.0,10.0,98.0,167,Cash App,No Discount,4.0
4248,2025-04-05,CUST0350,John Taylor,Returning,Premium Wash,Facebook,Charlotte,Port Charlotte,70,70.0,5.0,75.0,49,Cash App,No Discount,4.0
4249,2025-05-31,CUST0131,Sofia Johnson,Returning,Premium Wash,Instagram,Sarasota,Venice,70,70.0,0.0,70.0,117,Cash,No Discount,3.0
4250,2025-01-02,CUST0218,Olivia Anderson,Returning,Ceramic Coating,Youtube,Sarasota,Sarasota,350,345.0,10.0,355.0,80,Zelle,No Discount,No Feedback
4251,2025-01-22,CUST0234,Olivia Brown,Returning,Ceramic Coating,Youtube,Sarasota,Sarasota,350,348.0,15.0,363.0,96,Cash,No Discount,5.0
4252,2025-11-09,CUST1019,Mary Brown,Returning,Interior Detail,Youtube,Sarasota,Venice,90,104.0,0.0,104.0,77,Cash App,NEWCUSTOMER,No Feedback
4253,2025-11-24,CUST0452,Sofia Brown,Returning,Basic Wash,Instagram,Sarasota,Venice,40,49.0,5.0,54.0,111,Card,No Discount,5.0
4254,2025-01-07,CUST0130,Liam Johnson,Returning,Ceramic Coating,Facebook,Charlotte,Port Charlotte,350,348.0,0.0,348.0,74,Card,VIP ,4.0
4255,2025-07-25,CUST0416,Sofia Davis,Returning,Basic Wash,Facebook,Charlotte,Punta Gorda,40,44.0,0.0,44.0,148,Card,No Discount,5.0
4256,2025-04-24,CUST0873,Mary Martinez,Returning,Interior Detail,Instagram,Charlotte,Port Charlotte,90,90.0,15.0,105.0,152,Cash App,No Discount,4.0
4257,2025-09-29,CUST0691,Emma Johnson,Returning,Basic Wash,Referral,Sarasota,Venice,40,46.0,0.0,46.0,154,Venmo,No Discount,No Feedback
4258,2025-03-24,CUST0824,Noah Johnson,Returning,Premium Wash,Facebook,Sarasota,Venice,70,70.0,20.0,90.0,68,Venmo,No Discount,5.0
4259,2025-06-28,CUST0665,Lewis Wilson,Returning,Basic Wash,TikTok,Charlotte,Port Charlotte,40,40.0,20.0,60.0,174,Card,No Discount,5.0
4260,2025-07-29,CUST0248,John Johnson,Returning,Premium Wash,TikTok,Charlotte,Port Charlotte,70,75.0,15.0,90.0,72,Cash App,No Discount,5.0
4261,2025-11-24,CUST1180,Mary Johnson,Returning,Premium Wash,TikTok,Charlotte,Punta Gorda,70,72.0,0.0,72.0,72,Zelle,NEWCUSTOMER,4.0
4262,2025-05-04,CUST1118,John Smith,Returning,Interior Detail,TikTok,Sarasota,Venice,90,90.0,20.0,110.0,54,Cash App,No Discount,4.0
4263,2025-04-23,CUST0282,John Wilson,Returning,Basic Wash,Instagram,Sarasota,North Port,40,40.0,5.0,45.0,108,Zelle,VIP ,4.0
4264,2025-01-12,CUST0659,John Smith,Returning,Full Detail,TikTok,Charlotte,Punta Gorda,150,148.0,0.0,148.0,175,Cash,NEWCUSTOMER,4.0
4265,2025-05-06,CUST0437,Mary Davis,Returning,Basic Wash,Referral,Sarasota,Venice,40,40.0,5.0,45.0,92,Zelle,VIP ,4.0
4266,2025-02-22,CUST0094,Lewis Miller,Returning,Ceramic Coating,Referral,Charlotte,Port Charlotte,350,355.0,0.0,355.0,133,Card,No Discount,5.0
4267,2025-11-27,CUST0356,Liam Martinez,Returning,Full Detail,Youtube,Sarasota,Venice,150,163.0,20.0,183.0,137,Cash,No Discount,3.0
4268,2025-10-10,CUST0688,Noah Miller,Returning,Ceramic Coating,Instagram,Sarasota,North Port,350,385.0,10.0,395.0,99,Zelle,No Discount,4.0
4269,2025-05-20,CUST0130,Ava Johnson,Returning,Full Detail,Facebook,Charlotte,Port Charlotte,150,152.0,0.0,152.0,53,Card,VIP ,3.0
4270,2025-04-07,CUST0248,John Anderson,Returning,Basic Wash,TikTok,Charlotte,Port Charlotte,40,45.0,0.0,45.0,93,Cash,NEWCUSTOMER,3.0
4271,2025-01-05,CUST0561,Lewis Anderson,Returning,Interior Detail,Referral,Sarasota,North Port,90,88.0,10.0,98.0,43,Cash,No Discount,4.0
4272,2025-02-26,CUST0290,Sofia Brown,Returning,Ceramic Coating,TikTok,Sarasota,North Port,350,345.0,0.0,345.0,142,Zelle,No Discount,4.0
4273,2025-11-30,CUST0851,Noah Johnson,Returning,Ceramic Coating,Unknown,Sarasota,Sarasota,350,385.0,0.0,385.0,72,Zelle,No Discount,3.0
4274,2025-03-10,CUST0345,Liam Brown,Returning,Ceramic Coating,Instagram,Charlotte,Punta Gorda,350,352.0,10.0,362.0,141,Cash,VIP ,5.0
4275,2025-04-28,CUST0758,Alex Martinez,Returning,Ceramic Coating,Facebook,Sarasota,Sarasota,350,350.0,20.0,370.0,160,Zelle,SUMMER10,3.0
4276,2025-02-28,CUST1134,Noah Taylor,Returning,Full Detail,Youtube,Sarasota,North Port,150,145.0,10.0,155.0,151,Cash,No Discount,5.0
4277,2025-02-02,CUST0338,Liam Miller,Returning,Interior Detail,Facebook,Sarasota,Sarasota,90,90.0,15.0,105.0,122,Card,No Discount,3.0
4278,2025-11-14,CUST0899,John Martinez,Returning,Basic Wash,Instagram,Charlotte,Port Charlotte,40,49.0,20.0,69.0,122,Zelle,VIP ,5.0
4279,2025-02-19,CUST0499,Alex Martinez,Returning,Full Detail,Youtube,Charlotte,Punta Gorda,150,145.0,10.0,155.0,56,Zelle,VIP ,4.0
4280,2025-01-19,CUST1192,John Taylor,Returning,Interior Detail,Referral,Charlotte,Port Charlotte,90,95.0,5.0,100.0,62,Cash App,No Discount,No Feedback
4281,2025-08-02,CUST0084,John Garcia,Returning,Interior Detail,Instagram,Charlotte,Port Charlotte,90,104.0,5.0,109.0,178,Venmo,No Discount,5.0
4282,2025-07-16,CUST0274,Noah Johnson,Returning,Premium Wash,Referral,Charlotte,Punta Gorda,70,77.0,5.0,82.0,89,Cash App,SUMMER10,3.0
4283,2025-02-16,CUST0205,Lewis Johnson,Returning,Ceramic Coating,TikTok,Sarasota,Venice,350,350.0,15.0,365.0,93,Cash,No Discount,No Feedback
4284,2025-06-16,CUST0771,John Davis,Returning,Basic Wash,Referral,Sarasota,Sarasota,40,42.0,10.0,52.0,68,Cash,SUMMER10,No Feedback
4285,2025-10-16,CUST0324,Alex Smith,Returning,Full Detail,Instagram,Sarasota,Venice,150,160.0,10.0,170.0,117,Cash,VIP ,4.0
4286,2025-05-21,CUST0033,Ava Smith,Returning,Premium Wash,TikTok,Sarasota,North Port,70,65.0,0.0,65.0,60,Venmo,NEWCUSTOMER,3.0
4287,2025-03-25,CUST0998,Lewis Martinez,Returning,Full Detail,Youtube,Charlotte,Punta Gorda,150,155.0,0.0,155.0,135,Card,No Discount,No Feedback
4288,2025-07-01,CUST0166,Sofia Taylor,Returning,Premium Wash,Facebook,Sarasota,North Port,70,75.0,0.0,75.0,33,Venmo,No Discount,5.0
4289,2025-03-20,CUST0014,Liam Miller,Returning,Premium Wash,Youtube,Sarasota,Sarasota,70,70.0,0.0,70.0,137,Venmo,SUMMER10,No Feedback
4290,2025-08-03,CUST0015,Liam Garcia,Returning,Basic Wash,Facebook,Charlotte,Port Charlotte,40,44.0,20.0,64.0,113,Cash App,NEWCUSTOMER,3.0
4291,2025-01-14,CUST0368,Emma Davis,Returning,Full Detail,Instagram,Charlotte,Punta Gorda,150,155.0,10.0,165.0,55,Card,VIP ,No Feedback
4292,2025-08-03,CUST0183,John Smith,Returning,Basic Wash,TikTok,Sarasota,North Port,40,39.0,5.0,44.0,105,Cash App,No Discount,4.0
4293,2025-05-08,CUST0582,Sofia Johnson,Returning,Ceramic Coating,TikTok,Sarasota,North Port,350,355.0,20.0,375.0,137,Zelle,No Discount,5.0
4294,2025-11-06,CUST0853,Sofia Martinez,Returning,Ceramic Coating,Unknown,Sarasota,Venice,350,385.0,5.0,390.0,73,Venmo,No Discount,No Feedback
4295,2025-09-05,CUST0975,Ava Taylor,Returning,Interior Detail,Referral,Sarasota,Sarasota,90,99.0,15.0,114.0,30,Zelle,NEWCUSTOMER,5.0
4296,2025-01-29,CUST0260,Olivia Wilson,Returning,Premium Wash,TikTok,Charlotte,Port Charlotte,70,65.0,0.0,65.0,159,Cash App,No Discount,3.0
4297,2025-10-07,CUST0423,Ava Anderson,Returning,Basic Wash,Facebook,Sarasota,Venice,40,39.0,10.0,49.0,75,Cash,No Discount,5.0
4298,2025-12-04,CUST0294,Alex Miller,Returning,Interior Detail,TikTok,Charlotte,Punta Gorda,90,97.0,15.0,112.0,166,Cash App,No Discount,5.0
4299,2025-11-15,CUST0555,Liam Brown,New,Premium Wash,TikTok,Sarasota,North Port,70,79.0,10.0,89.0,66,Card,SUMMER10,4.0
4300,2025-07-21,CUST1072,Mary Garcia,Returning,Basic Wash,Referral,Charlotte,Port Charlotte,40,44.0,20.0,64.0,61,Zelle,No Discount,5.0
4301,2025-12-27,CUST0923,Noah Brown,Returning,Premium Wash,Youtube,Charlotte,Port Charlotte,70,75.0,0.0,75.0,128,Card,VIP ,No Feedback
4302,2025-02-26,CUST0844,Sofia Anderson,Returning,Full Detail,Instagram,Sarasota,North Port,150,150.0,20.0,170.0,165,Zelle,NEWCUSTOMER,4.0
4303,2025-08-06,CUST0490,John Smith,Returning,Basic Wash,Youtube,Charlotte,Punta Gorda,40,39.0,0.0,39.0,39,Card,VIP ,5.0
4304,2025-03-03,CUST0358,Liam Miller,Returning,Ceramic Coating,TikTok,Sarasota,Venice,350,350.0,10.0,360.0,170,Venmo,No Discount,No Feedback
4305,2025-06-06,CUST0078,Mary Wilson,Returning,Ceramic Coating,Referral,Sarasota,North Port,350,345.0,10.0,355.0,105,Card,SUMMER10,No Feedback
4306,2025-07-21,CUST0369,Ava Davis,Returning,Ceramic Coating,Facebook,Sarasota,Sarasota,350,383.0,0.0,383.0,133,Venmo,NEWCUSTOMER,4.0
4307,2025-01-17,CUST1024,Noah Brown,Returning,Premium Wash,Youtube,Charlotte,Port Charlotte,70,68.0,0.0,68.0,64,Cash App,NEWCUSTOMER,5.0
4308,2025-11-18,CUST0181,Lewis Brown,Returning,Ceramic Coating,Unknown,Sarasota,North Port,350,385.0,20.0,405.0,97,Venmo,No Discount,5.0
4309,2025-01-06,CUST0617,Emma Smith,Returning,Interior Detail,Youtube,Sarasota,Sarasota,90,85.0,10.0,95.0,80,Card,VIP ,5.0
4310,2025-02-27,CUST0713,Mary Anderson,Returning,Full Detail,Youtube,Charlotte,Port Charlotte,150,150.0,5.0,155.0,51,Cash App,No Discount,4.0
4311,2025-11-21,CUST0858,Sofia Brown,Returning,Premium Wash,Facebook,Sarasota,Venice,70,79.0,15.0,94.0,178,Zelle,VIP ,5.0
4312,2025-11-14,CUST0010,John Wilson,Returning,Premium Wash,Instagram,Charlotte,Punta Gorda,70,77.0,20.0,97.0,137,Cash,SUMMER10,No Feedback
4313,2025-06-18,CUST1143,Emma Taylor,Returning,Full Detail,Youtube,Charlotte,Punta Gorda,150,150.0,0.0,150.0,56,Card,VIP ,No Feedback
4314,2025-03-23,CUST0483,Mary Johnson,Returning,Basic Wash,Facebook,Sarasota,Venice,40,40.0,0.0,40.0,98,Card,SUMMER10,5.0
4315,2025-08-07,CUST0394,Emma Smith,Returning,Full Detail,Youtube,Sarasota,Venice,150,165.0,20.0,185.0,128,Cash,No Discount,4.0
4316,2025-06-26,CUST0241,Lewis Taylor,Returning,Ceramic Coating,Unknown,Charlotte,Punta Gorda,350,350.0,0.0,350.0,46,Cash,VIP ,4.0
4317,2025-07-23,CUST1086,Alex Brown,Returning,Premium Wash,Instagram,Charlotte,Punta Gorda,70,77.0,5.0,82.0,73,Zelle,No Discount,4.0
4318,2025-03-12,CUST0196,Noah Anderson,Returning,Ceramic Coating,Youtube,Sarasota,Sarasota,350,345.0,10.0,355.0,112,Cash App,No Discount,3.0
4319,2025-09-23,CUST0742,John Brown,Returning,Basic Wash,Instagram,Charlotte,Port Charlotte,40,49.0,10.0,59.0,144,Cash,SUMMER10,5.0
4320,2025-04-08,CUST1106,Ava Johnson,Returning,Ceramic Coating,Youtube,Sarasota,North Port,350,352.0,5.0,357.0,170,Cash,No Discount,4.0
4321,2025-12-11,CUST1040,Sofia Garcia,New,Interior Detail,Unknown,Charlotte,Punta Gorda,90,94.0,20.0,114.0,37,Cash,SUMMER10,3.0
4322,2025-10-18,CUST0450,Lewis Davis,Returning,Premium Wash,Youtube,Charlotte,Punta Gorda,70,82.0,0.0,82.0,154,Cash,No Discount,4.0
4323,2025-07-27,CUST0951,Emma Martinez,Returning,Basic Wash,Youtube,Charlotte,Port Charlotte,40,49.0,5.0,54.0,160,Cash App,NEWCUSTOMER,3.0
4324,2025-01-02,CUST0427,Noah Davis,Returning,Interior Detail,Instagram,Sarasota,Venice,90,85.0,5.0,90.0,56,Cash,No Discount,4.0
4325,2025-05-04,CUST0567,Sofia Smith,Returning,Full Detail,Facebook,Charlotte,Punta Gorda,150,155.0,10.0,165.0,56,Card,VIP ,No Feedback
4326,2025-10-07,CUST0109,Mary Wilson,Returning,Basic Wash,TikTok,Sarasota,Venice,40,49.0,20.0,69.0,30,Card,VIP ,4.0
4327,2025-03-15,CUST0397,Alex Martinez,Returning,Full Detail,Youtube,Sarasota,Sarasota,150,150.0,0.0,150.0,45,Card,No Discount,4.0
4328,2025-06-15,CUST0231,Ava Martinez,Returning,Ceramic Coating,Facebook,Sarasota,North Port,350,348.0,0.0,348.0,156,Cash,SUMMER10,4.0
4329,2025-01-22,CUST0306,John Miller,Returning,Basic Wash,Facebook,Charlotte,Port Charlotte,40,45.0,0.0,45.0,41,Venmo,No Discount,4.0
4330,2025-06-03,CUST0972,Emma Garcia,Returning,Full Detail,Youtube,Charlotte,Port Charlotte,150,148.0,20.0,168.0,78,Card,No Discount,4.0
4331,2025-10-22,CUST1019,Sofia Martinez,Returning,Ceramic Coating,Youtube,Sarasota,Venice,350,385.0,20.0,405.0,174,Zelle,No Discount,3.0
4332,2025-08-07,CUST0362,Lewis Martinez,Returning,Interior Detail,TikTok,Sarasota,North Port,90,101.0,5.0,106.0,50,Venmo,No Discount,4.0
4333,2025-06-06,CUST0328,Emma Anderson,Returning,Interior Detail,TikTok,Sarasota,Sarasota,90,88.0,5.0,93.0,155,Cash,No Discount,5.0
4334,2025-08-18,CUST0089,Liam Taylor,Returning,Premium Wash,Other,Charlotte,Punta Gorda,70,72.0,0.0,72.0,96,Zelle,VIP ,4.0
4335,2025-01-20,CUST0111,Liam Wilson,Returning,Full Detail,Facebook,Sarasota,Sarasota,150,145.0,10.0,155.0,131,Card,No Discount,5.0
4336,2025-02-10,CUST0746,Liam Taylor,Returning,Premium Wash,Instagram,Charlotte,Port Charlotte,70,68.0,5.0,73.0,163,Venmo,No Discount,5.0
4337,2025-05-28,CUST0584,Mary Wilson,Returning,Basic Wash,TikTok,Sarasota,Sarasota,40,40.0,10.0,50.0,145,Card,SUMMER10,5.0
4338,2025-04-18,CUST0430,Alex Taylor,Returning,Premium Wash,TikTok,Sarasota,North Port,70,72.0,15.0,87.0,134,Cash App,No Discount,5.0
4339,2025-03-25,CUST0891,Emma Davis,Returning,Basic Wash,Instagram,Sarasota,North Port,40,45.0,0.0,45.0,79,Card,No Discount,No Feedback
4340,2025-11-18,CUST0515,Sofia Johnson,Returning,Interior Detail,TikTok,Sarasota,Sarasota,90,104.0,20.0,124.0,167,Venmo,VIP ,5.0
4341,2025-11-05,CUST0685,Mary Davis,Returning,Basic Wash,Referral,Charlotte,Punta Gorda,40,46.0,20.0,66.0,83,Card,No Discount,4.0
4342,2025-10-17,CUST0929,Mary Johnson,Returning,Basic Wash,Youtube,Sarasota,Sarasota,40,44.0,0.0,44.0,163,Card,SUMMER10,4.0
4343,2025-11-19,CUST0089,Ava Davis,Returning,Ceramic Coating,Referral,Charlotte,Punta Gorda,350,390.0,10.0,400.0,134,Card,VIP ,5.0
4344,2025-05-14,CUST0214,Ava Taylor,Returning,Premium Wash,Youtube,Sarasota,North Port,70,68.0,20.0,88.0,143,Cash,SUMMER10,5.0
4345,2025-07-26,CUST0108,Emma Davis,Returning,Ceramic Coating,Unknown,Charlotte,Punta Gorda,350,390.0,20.0,410.0,48,Card,No Discount,4.0
4346,2025-10-10,CUST1101,John Wilson,Returning,Basic Wash,Youtube,Sarasota,North Port,40,39.0,5.0,44.0,63,Zelle,NEWCUSTOMER,3.0
4347,2025-09-23,CUST0361,John Johnson,Returning,Full Detail,Youtube,Sarasota,Sarasota,150,170.0,20.0,190.0,46,Cash App,SUMMER10,3.0
4348,2025-03-14,CUST0324,Mary Martinez,Returning,Ceramic Coating,Instagram,Sarasota,Venice,350,355.0,15.0,370.0,32,Cash,No Discount,5.0
4349,2025-12-18,CUST0060,Liam Taylor,Returning,Full Detail,TikTok,Charlotte,Punta Gorda,150,163.0,5.0,168.0,134,Cash,No Discount,5.0
4350,2025-02-17,CUST0994,Noah Martinez,Returning,Ceramic Coating,Referral,Sarasota,Venice,350,355.0,0.0,355.0,40,Card,No Discount,4.0
4351,2025-11-22,CUST1055,Ava Anderson,New,Full Detail,TikTok,Sarasota,North Port,150,170.0,5.0,175.0,137,Venmo,VIP ,4.0
4352,2025-08-21,CUST0238,Emma Smith,Returning,Basic Wash,Youtube,Charlotte,Punta Gorda,40,44.0,10.0,54.0,64,Venmo,SUMMER10,4.0
4353,2025-04-10,CUST0146,Alex Taylor,Returning,Ceramic Coating,Facebook,Sarasota,Sarasota,350,355.0,0.0,355.0,136,Cash,NEWCUSTOMER,5.0
4354,2025-02-28,CUST0482,Sofia Davis,Returning,Ceramic Coating,Instagram,Charlotte,Punta Gorda,350,352.0,0.0,352.0,157,Cash,SUMMER10,5.0
4355,2025-09-15,CUST0911,John Johnson,Returning,Basic Wash,TikTok,Charlotte,Port Charlotte,40,46.0,10.0,56.0,159,Cash,VIP ,3.0
4356,2025-03-06,CUST1188,Lewis Brown,Returning,Interior Detail,Referral,Charlotte,Punta Gorda,90,90.0,20.0,110.0,154,Venmo,No Discount,5.0
4357,2025-03-24,CUST0668,Emma Davis,Returning,Basic Wash,TikTok,Charlotte,Port Charlotte,40,40.0,0.0,40.0,46,Zelle,SUMMER10,4.0
4358,2025-06-03,CUST0859,John Anderson,Returning,Full Detail,Instagram,Sarasota,North Port,150,145.0,5.0,150.0,148,Cash App,SUMMER10,3.0
4359,2025-09-23,CUST0408,Sofia Garcia,Returning,Full Detail,TikTok,Sarasota,Sarasota,150,160.0,5.0,165.0,72,Cash,No Discount,5.0
4360,2025-11-05,CUST0668,Ava Taylor,Returning,Premium Wash,TikTok,Charlotte,Port Charlotte,70,79.0,10.0,89.0,78,Card,SUMMER10,5.0
4361,2025-03-20,CUST0472,Alex Johnson,Returning,Premium Wash,Instagram,Charlotte,Punta Gorda,70,68.0,20.0,88.0,168,Card,No Discount,4.0
4362,2025-11-11,CUST0226,Alex Garcia,New,Ceramic Coating,Instagram,Charlotte,Port Charlotte,350,390.0,15.0,405.0,161,Cash App,SUMMER10,No Feedback
4363,2025-05-30,CUST0668,Alex Smith,Returning,Interior Detail,TikTok,Charlotte,Port Charlotte,90,90.0,20.0,110.0,41,Card,SUMMER10,3.0
4364,2025-02-17,CUST0467,Olivia Garcia,Returning,Premium Wash,Referral,Sarasota,Sarasota,70,72.0,0.0,72.0,164,Card,SUMMER10,No Feedback
4365,2025-09-05,CUST0201,John Davis,Returning,Interior Detail,Facebook,Sarasota,Venice,90,99.0,0.0,99.0,104,Zelle,No Discount,5.0
4366,2025-10-05,CUST0486,Olivia Miller,Returning,Full Detail,TikTok,Sarasota,Sarasota,150,170.0,5.0,175.0,110,Cash App,NEWCUSTOMER,4.0
4367,2025-12-22,CUST0845,Liam Johnson,Returning,Premium Wash,Instagram,Sarasota,Venice,70,77.0,0.0,77.0,76,Cash App,SUMMER10,5.0
4368,2025-04-08,CUST0410,John Martinez,Returning,Interior Detail,Other,Sarasota,Venice,90,88.0,0.0,88.0,101,Cash,VIP ,No Feedback
4369,2025-01-25,CUST0770,Noah Miller,Returning,Premium Wash,Unknown,Sarasota,North Port,70,65.0,10.0,75.0,170,Venmo,VIP ,No Feedback
4370,2025-10-11,CUST0452,Olivia Anderson,Returning,Basic Wash,Other,Sarasota,Venice,40,49.0,20.0,69.0,70,Venmo,SUMMER10,4.0
4371,2025-10-28,CUST0151,Liam Brown,Returning,Full Detail,Referral,Sarasota,Sarasota,150,163.0,20.0,183.0,35,Cash,No Discount,5.0
4372,2025-03-09,CUST0965,Liam Anderson,Returning,Ceramic Coating,Facebook,Sarasota,Venice,350,348.0,0.0,348.0,58,Zelle,No Discount,5.0
4373,2025-01-07,CUST1199,Alex Taylor,Returning,Basic Wash,TikTok,Charlotte,Punta Gorda,40,40.0,20.0,60.0,75,Cash App,No Discount,4.0
4374,2025-11-01,CUST0993,Sofia Brown,Returning,Premium Wash,Referral,Sarasota,Sarasota,70,82.0,5.0,87.0,43,Zelle,No Discount,3.0
4375,2025-05-17,CUST0112,Noah Smith,Returning,Premium Wash,Instagram,Charlotte,Port Charlotte,70,70.0,5.0,75.0,68,Cash,No Discount,4.0
4376,2025-06-13,CUST0893,John Taylor,New,Premium Wash,Other,Sarasota,North Port,70,65.0,0.0,65.0,40,Cash App,No Discount,4.0
4377,2025-03-24,CUST0297,Emma Garcia,Returning,Interior Detail,Instagram,Sarasota,North Port,90,85.0,20.0,105.0,158,Card,No Discount,5.0
4378,2025-05-18,CUST0443,Mary Martinez,Returning,Interior Detail,Other,Sarasota,Sarasota,90,88.0,20.0,108.0,168,Cash App,No Discount,3.0
4379,2025-03-14,CUST0932,Olivia Brown,Returning,Ceramic Coating,Facebook,Sarasota,Sarasota,350,345.0,20.0,365.0,118,Cash App,SUMMER10,4.0
4380,2025-08-25,CUST0365,Lewis Miller,Returning,Basic Wash,Youtube,Sarasota,North Port,40,49.0,10.0,59.0,80,Card,VIP ,5.0
4381,2025-02-15,CUST0794,John Martinez,Returning,Premium Wash,Youtube,Sarasota,North Port,70,72.0,5.0,77.0,122,Card,No Discount,4.0
4382,2025-04-16,CUST0765,John Anderson,Returning,Premium Wash,TikTok,Charlotte,Punta Gorda,70,70.0,10.0,80.0,171,Card,SUMMER10,5.0
4383,2025-10-15,CUST0280,Sofia Miller,Returning,Premium Wash,TikTok,Sarasota,Venice,70,79.0,10.0,89.0,135,Venmo,VIP ,4.0
4384,2025-09-19,CUST0938,Ava Davis,Returning,Interior Detail,Referral,Sarasota,Sarasota,90,101.0,0.0,101.0,161,Card,No Discount,4.0
4385,2025-06-25,CUST0398,Sofia Johnson,Returning,Ceramic Coating,Instagram,Charlotte,Punta Gorda,350,355.0,0.0,355.0,115,Card,No Discount,5.0
4386,2025-06-15,CUST0735,Ava Wilson,Returning,Ceramic Coating,Instagram,Charlotte,Port Charlotte,350,348.0,0.0,348.0,135,Card,No Discount,5.0
4387,2025-05-25,CUST0553,Lewis Davis,Returning,Basic Wash,TikTok,Sarasota,North Port,40,35.0,20.0,55.0,175,Cash,No Discount,No Feedback
4388,2025-11-26,CUST0415,Emma Martinez,Returning,Basic Wash,Unknown,Charlotte,Punta Gorda,40,49.0,0.0,49.0,114,Cash,No Discount,3.0
4389,2025-10-10,CUST0688,Emma Wilson,Returning,Interior Detail,Instagram,Sarasota,North Port,90,99.0,0.0,99.0,152,Cash,No Discount,5.0
4390,2025-02-23,CUST0261,Noah Davis,Returning,Basic Wash,Referral,Sarasota,Venice,40,35.0,0.0,35.0,45,Cash,No Discount,4.0
4391,2025-06-27,CUST0066,Emma Martinez,Returning,Full Detail,Referral,Sarasota,North Port,150,155.0,10.0,165.0,45,Cash App,NEWCUSTOMER,3.0
4392,2025-09-01,CUST1165,Noah Garcia,Returning,Basic Wash,TikTok,Sarasota,North Port,40,44.0,5.0,49.0,56,Venmo,No Discount,5.0
4393,2025-12-07,CUST0123,Emma Smith,Returning,Premium Wash,Facebook,Sarasota,Sarasota,70,72.0,0.0,72.0,164,Cash,NEWCUSTOMER,5.0
4394,2025-05-07,CUST0575,Noah Anderson,Returning,Premium Wash,Instagram,Sarasota,North Port,70,75.0,10.0,85.0,160,Venmo,No Discount,4.0
4395,2025-09-28,CUST0280,Ava Garcia,Returning,Premium Wash,TikTok,Sarasota,Venice,70,75.0,10.0,85.0,58,Venmo,SUMMER10,3.0
4396,2025-05-12,CUST0228,Lewis Brown,Returning,Interior Detail,Youtube,Sarasota,Sarasota,90,90.0,5.0,95.0,64,Card,NEWCUSTOMER,3.0
4397,2025-04-03,CUST0954,Alex Miller,Returning,Premium Wash,Facebook,Sarasota,Sarasota,70,75.0,20.0,95.0,96,Cash,VIP ,4.0
4398,2025-03-14,CUST0940,Emma Martinez,Returning,Premium Wash,TikTok,Sarasota,North Port,70,75.0,0.0,75.0,77,Cash,NEWCUSTOMER,3.0
4399,2025-09-05,CUST0857,Noah Martinez,Returning,Ceramic Coating,Instagram,Sarasota,North Port,350,380.0,0.0,380.0,85,Cash App,NEWCUSTOMER,4.0
4400,2025-12-14,CUST0351,Lewis Brown,Returning,Full Detail,Facebook,Charlotte,Punta Gorda,150,165.0,0.0,165.0,128,Card,No Discount,5.0
4401,2025-09-30,CUST0704,Sofia Taylor,Returning,Full Detail,Facebook,Charlotte,Port Charlotte,150,163.0,5.0,168.0,32,Card,No Discount,5.0
4402,2025-02-12,CUST0451,Ava Davis,Returning,Premium Wash,Youtube,Sarasota,Sarasota,70,70.0,20.0,90.0,135,Card,No Discount,5.0
4403,2025-02-10,CUST0605,Ava Smith,Returning,Ceramic Coating,Facebook,Charlotte,Port Charlotte,350,345.0,5.0,350.0,120,Card,VIP ,4.0
4404,2025-06-19,CUST0322,Alex Smith,Returning,Interior Detail,Youtube,Sarasota,Venice,90,92.0,20.0,112.0,158,Venmo,SUMMER10,No Feedback
4405,2025-07-31,CUST0349,Ava Taylor,Returning,Basic Wash,Youtube,Charlotte,Port Charlotte,40,49.0,0.0,49.0,75,Cash,NEWCUSTOMER,4.0
4406,2025-06-17,CUST1184,Olivia Johnson,Returning,Premium Wash,Referral,Charlotte,Port Charlotte,70,65.0,20.0,85.0,138,Zelle,SUMMER10,4.0
4407,2025-02-08,CUST1133,Ava Garcia,Returning,Basic Wash,Facebook,Sarasota,North Port,40,38.0,0.0,38.0,141,Card,VIP ,4.0
4408,2025-09-02,CUST0471,John Garcia,Returning,Full Detail,TikTok,Charlotte,Punta Gorda,150,160.0,15.0,175.0,173,Cash,SUMMER10,3.0
4409,2025-05-31,CUST0178,Noah Taylor,Returning,Full Detail,Referral,Sarasota,Venice,150,155.0,0.0,155.0,69,Cash App,NEWCUSTOMER,4.0
4410,2025-04-21,CUST0844,Sofia Taylor,Returning,Ceramic Coating,Instagram,Sarasota,North Port,350,350.0,0.0,350.0,106,Zelle,No Discount,4.0
4411,2025-02-16,CUST1069,John Taylor,New,Premium Wash,Referral,Sarasota,North Port,70,70.0,0.0,70.0,59,Cash App,No Discount,3.0
4412,2025-03-04,CUST1002,Noah Davis,Returning,Interior Detail,Facebook,Charlotte,Punta Gorda,90,95.0,15.0,110.0,128,Cash App,SUMMER10,5.0
4413,2025-08-13,CUST0444,Ava Martinez,Returning,Premium Wash,TikTok,Sarasota,North Port,70,82.0,0.0,82.0,71,Card,VIP ,3.0
4414,2025-03-10,CUST0970,Emma Smith,Returning,Full Detail,Facebook,Charlotte,Punta Gorda,150,155.0,5.0,160.0,154,Cash App,VIP ,4.0
4415,2025-10-26,CUST0948,Liam Martinez,Returning,Basic Wash,TikTok,Charlotte,Punta Gorda,40,39.0,15.0,54.0,78,Cash,VIP ,No Feedback
4416,2025-10-17,CUST0572,Noah Davis,Returning,Basic Wash,Youtube,Charlotte,Port Charlotte,40,49.0,15.0,64.0,113,Cash,No Discount,4.0
4417,2025-10-23,CUST0030,Sofia Miller,Returning,Full Detail,Youtube,Sarasota,Sarasota,150,167.0,15.0,182.0,98,Card,No Discount,5.0
4418,2025-07-22,CUST0877,Mary Garcia,Returning,Interior Detail,Facebook,Sarasota,North Port,90,97.0,5.0,102.0,37,Cash App,No Discount,5.0
4419,2025-03-02,CUST0506,Lewis Smith,Returning,Basic Wash,Youtube,Charlotte,Punta Gorda,40,38.0,20.0,58.0,131,Zelle,NEWCUSTOMER,No Feedback
4420,2025-11-14,CUST0508,Liam Martinez,Returning,Basic Wash,TikTok,Sarasota,North Port,40,39.0,0.0,39.0,35,Zelle,No Discount,No Feedback
4421,2025-11-10,CUST0671,John Anderson,Returning,Full Detail,Youtube,Sarasota,North Port,150,170.0,0.0,170.0,66,Venmo,VIP ,No Feedback
4422,2025-06-10,CUST0890,Liam Brown,Returning,Interior Detail,Instagram,Sarasota,North Port,90,90.0,5.0,95.0,49,Cash App,No Discount,4.0
4423,2025-11-27,CUST1187,Ava Brown,Returning,Basic Wash,Instagram,Sarasota,Sarasota,40,39.0,15.0,54.0,162,Cash,No Discount,3.0
4424,2025-01-16,CUST0456,Noah Martinez,Returning,Full Detail,Facebook,Charlotte,Port Charlotte,150,150.0,15.0,165.0,44,Cash App,No Discount,No Feedback
4425,2025-12-04,CUST0306,Sofia Garcia,Returning,Ceramic Coating,Facebook,Charlotte,Port Charlotte,350,383.0,20.0,403.0,118,Cash,SUMMER10,4.0
4426,2025-04-04,CUST1175,Liam Garcia,Returning,Ceramic Coating,Youtube,Charlotte,Punta Gorda,350,350.0,0.0,350.0,77,Cash App,No Discount,3.0
4427,2025-10-31,CUST0011,Ava Smith,Returning,Premium Wash,Facebook,Charlotte,Punta Gorda,70,77.0,20.0,97.0,106,Card,NEWCUSTOMER,5.0
4428,2025-05-18,CUST0856,Emma Taylor,Returning,Interior Detail,Instagram,Sarasota,North Port,90,92.0,0.0,92.0,44,Card,No Discount,4.0
4429,2025-12-04,CUST0091,Ava Davis,Returning,Full Detail,Referral,Sarasota,Venice,150,165.0,5.0,185.0,39,Cash,NEWCUSTOMER,5.0
4430,2025-02-07,CUST0083,Olivia Anderson,Returning,Premium Wash,Referral,Sarasota,Sarasota,70,68.0,0.0,68.0,165,Zelle,VIP ,3.0
4431,2025-05-07,CUST0964,Mary Miller,Returning,Ceramic Coating,Unknown,Sarasota,Venice,350,355.0,0.0,355.0,167,Zelle,NEWCUSTOMER,4.0
4432,2025-10-02,CUST1033,Sofia Garcia,Returning,Full Detail,Instagram,Charlotte,Port Charlotte,150,160.0,0.0,160.0,98,Venmo,VIP ,5.0
4433,2025-06-13,CUST0069,Olivia Martinez,Returning,Full Detail,Facebook,Charlotte,Port Charlotte,150,155.0,0.0,155.0,59,Cash App,NEWCUSTOMER,4.0
4434,2025-11-15,CUST0872,Mary Johnson,Returning,Ceramic Coating,TikTok,Sarasota,Sarasota,350,387.0,20.0,407.0,170,Zelle,No Discount,3.0
4435,2025-03-18,CUST1088,Sofia Miller,Returning,Interior Detail,Instagram,Charlotte,Port Charlotte,90,95.0,0.0,95.0,102,Zelle,SUMMER10,No Feedback
4436,2025-06-23,CUST0808,Ava Anderson,Returning,Full Detail,Referral,Charlotte,Port Charlotte,150,150.0,15.0,165.0,51,Zelle,No Discount,4.0
4437,2025-12-24,CUST0982,Emma Davis,Returning,Interior Detail,TikTok,Charlotte,Punta Gorda,90,99.0,10.0,109.0,92,Venmo,SUMMER10,3.0
4438,2025-11-17,CUST0201,Emma Anderson,Returning,Interior Detail,Facebook,Sarasota,Venice,90,94.0,15.0,109.0,145,Cash App,VIP ,No Feedback
4439,2025-04-01,CUST0927,Sofia Anderson,Returning,Premium Wash,Instagram,Sarasota,North Port,70,72.0,5.0,77.0,110,Cash App,SUMMER10,5.0
4440,2025-08-26,CUST1015,Sofia Johnson,Returning,Full Detail,Youtube,Sarasota,North Port,150,163.0,10.0,173.0,140,Cash App,No Discount,5.0
4441,2025-09-21,CUST0493,John Anderson,Returning,Basic Wash,Facebook,Charlotte,Port Charlotte,40,42.0,10.0,52.0,32,Cash,No Discount,5.0
4442,2025-06-28,CUST0171,Ava Martinez,Returning,Full Detail,Referral,Charlotte,Punta Gorda,150,150.0,10.0,160.0,74,Cash App,No Discount,5.0
4443,2025-07-28,CUST1144,Alex Anderson,Returning,Interior Detail,Referral,Sarasota,Sarasota,90,97.0,15.0,112.0,106,Venmo,NEWCUSTOMER,5.0
4444,2025-03-14,CUST0026,Lewis Anderson,Returning,Basic Wash,Youtube,Charlotte,Punta Gorda,40,38.0,0.0,38.0,116,Cash App,No Discount,5.0
4445,2025-04-17,CUST0833,Sofia Martinez,Returning,Ceramic Coating,TikTok,Sarasota,Venice,350,352.0,10.0,362.0,40,Venmo,No Discount,No Feedback
4446,2025-12-11,CUST0447,Alex Wilson,Returning,Premium Wash,TikTok,Charlotte,Port Charlotte,70,79.0,15.0,94.0,75,Cash,No Discount,5.0
4447,2025-10-22,CUST0272,Noah Smith,Returning,Ceramic Coating,Referral,Charlotte,Punta Gorda,350,385.0,20.0,405.0,49,Cash App,No Discount,5.0
4448,2025-10-11,CUST0735,Lewis Anderson,Returning,Full Detail,Instagram,Charlotte,Port Charlotte,150,163.0,15.0,178.0,90,Zelle,NEWCUSTOMER,4.0
4449,2025-12-19,CUST0606,Olivia Anderson,Returning,Basic Wash,TikTok,Sarasota,North Port,40,46.0,0.0,46.0,56,Card,SUMMER10,4.0
4450,2025-07-01,CUST0490,John Martinez,Returning,Premium Wash,Youtube,Charlotte,Punta Gorda,70,72.0,5.0,77.0,45,Zelle,NEWCUSTOMER,4.0
4451,2025-02-06,CUST0186,Sofia Garcia,Returning,Basic Wash,Youtube,Sarasota,Venice,40,45.0,15.0,60.0,103,Card,No Discount,4.0
4452,2025-05-17,CUST0033,Emma Brown,Returning,Full Detail,TikTok,Sarasota,North Port,150,150.0,20.0,170.0,95,Card,No Discount,No Feedback
4453,2025-12-04,CUST0983,Olivia Johnson,Returning,Interior Detail,Instagram,Sarasota,Sarasota,90,94.0,0.0,94.0,55,Card,No Discount,3.0
4454,2025-02-25,CUST0625,Lewis Anderson,Returning,Ceramic Coating,Facebook,Sarasota,Sarasota,350,350.0,5.0,355.0,70,Card,No Discount,No Feedback
4455,2025-07-06,CUST0332,John Taylor,Returning,Basic Wash,Referral,Charlotte,Punta Gorda,40,39.0,0.0,39.0,69,Cash App,SUMMER10,No Feedback
4456,2025-12-07,CUST0941,Ava Smith,Returning,Ceramic Coating,Youtube,Charlotte,Port Charlotte,350,387.0,15.0,402.0,65,Cash,SUMMER10,4.0
4457,2025-09-15,CUST1169,Mary Johnson,Returning,Basic Wash,Youtube,Sarasota,Venice,40,39.0,0.0,39.0,80,Card,SUMMER10,No Feedback
4458,2025-02-27,CUST1196,Mary Martinez,Returning,Full Detail,TikTok,Sarasota,Sarasota,150,148.0,20.0,168.0,100,Card,NEWCUSTOMER,3.0
4459,2025-12-29,CUST0050,Lewis Miller,Returning,Basic Wash,Youtube,Sarasota,Venice,40,44.0,15.0,59.0,137,Venmo,VIP ,5.0
4460,2025-05-03,CUST0932,John Davis,Returning,Premium Wash,Facebook,Sarasota,Sarasota,70,75.0,20.0,95.0,46,Cash,NEWCUSTOMER,5.0
4461,2025-07-07,CUST0950,John Garcia,Returning,Interior Detail,Instagram,Sarasota,North Port,90,94.0,10.0,104.0,172,Cash App,No Discount,5.0
4462,2025-08-18,CUST0284,Lewis Garcia,Returning,Premium Wash,Youtube,Sarasota,North Port,70,79.0,0.0,79.0,109,Cash App,NEWCUSTOMER,5.0
4463,2025-06-17,CUST0831,Mary Davis,Returning,Interior Detail,Facebook,Charlotte,Punta Gorda,90,92.0,5.0,97.0,45,Cash,NEWCUSTOMER,4.0
4464,2025-04-24,CUST0379,John Smith,Returning,Basic Wash,Referral,Charlotte,Punta Gorda,40,40.0,15.0,55.0,78,Cash,VIP ,No Feedback
4465,2025-09-09,CUST0759,John Miller,Returning,Full Detail,Facebook,Sarasota,North Port,150,167.0,20.0,187.0,167,Cash App,No Discount,3.0
4466,2025-04-17,CUST0951,Alex Johnson,Returning,Premium Wash,Youtube,Charlotte,Port Charlotte,70,75.0,20.0,95.0,30,Cash,NEWCUSTOMER,5.0
4467,2025-02-06,CUST0003,Noah Taylor,Returning,Premium Wash,Facebook,Sarasota,Venice,70,72.0,10.0,82.0,36,Venmo,VIP ,5.0
4468,2025-12-01,CUST0145,Alex Martinez,Returning,Full Detail,Referral,Sarasota,Sarasota,150,167.0,10.0,177.0,126,Zelle,NEWCUSTOMER,5.0
4469,2025-04-02,CUST0789,Alex Anderson,Returning,Full Detail,Facebook,Sarasota,Sarasota,150,152.0,0.0,152.0,48,Card,No Discount,4.0
4470,2025-01-18,CUST0682,Noah Wilson,Returning,Interior Detail,Instagram,Sarasota,North Port,90,88.0,10.0,98.0,111,Cash,NEWCUSTOMER,4.0
4471,2025-12-20,CUST1088,Lewis Smith,Returning,Ceramic Coating,Instagram,Charlotte,Port Charlotte,350,380.0,5.0,385.0,52,Card,No Discount,5.0
4472,2025-03-04,CUST0067,Ava Taylor,Returning,Ceramic Coating,Youtube,Sarasota,Sarasota,350,350.0,15.0,365.0,135,Cash,SUMMER10,4.0
4473,2025-05-30,CUST0608,John Garcia,Returning,Ceramic Coating,Referral,Sarasota,Venice,350,355.0,5.0,360.0,138,Venmo,SUMMER10,No Feedback
4474,2025-05-19,CUST0873,Olivia Anderson,Returning,Basic Wash,Instagram,Charlotte,Port Charlotte,40,35.0,0.0,35.0,167,Zelle,No Discount,5.0
4475,2025-07-05,CUST0553,Alex Brown,Returning,Premium Wash,TikTok,Sarasota,North Port,70,72.0,0.0,72.0,60,Zelle,VIP ,5.0
4476,2025-07-04,CUST1111,Liam Johnson,Returning,Interior Detail,Instagram,Charlotte,Punta Gorda,90,99.0,20.0,119.0,71,Venmo,No Discount,4.0
4477,2025-07-24,CUST1179,John Davis,Returning,Basic Wash,Referral,Sarasota,North Port,40,44.0,15.0,59.0,103,Cash,SUMMER10,4.0
4478,2025-09-17,CUST0425,Ava Wilson,Returning,Premium Wash,Facebook,Sarasota,Venice,70,77.0,5.0,82.0,164,Cash,VIP ,4.0
4479,2025-08-02,CUST0166,Noah Miller,Returning,Full Detail,Facebook,Sarasota,North Port,150,170.0,10.0,180.0,90,Cash,No Discount,5.0
4480,2025-09-13,CUST0688,Sofia Brown,Returning,Full Detail,Instagram,Sarasota,North Port,150,167.0,20.0,187.0,92,Card,NEWCUSTOMER,No Feedback
4481,2025-05-15,CUST0113,Mary Miller,Returning,Basic Wash,Youtube,Charlotte,Port Charlotte,40,40.0,0.0,40.0,118,Card,No Discount,4.0
4482,2025-03-02,CUST1055,Lewis Anderson,Returning,Basic Wash,TikTok,Sarasota,North Port,40,40.0,0.0,40.0,68,Card,No Discount,No Feedback
4483,2025-12-29,CUST0746,John Taylor,Returning,Interior Detail,Instagram,Charlotte,Port Charlotte,90,101.0,15.0,116.0,132,Venmo,NEWCUSTOMER,4.0
4484,2025-11-06,CUST0106,Lewis Martinez,Returning,Full Detail,TikTok,Sarasota,Venice,150,165.0,0.0,165.0,137,Zelle,VIP ,4.0
4485,2025-03-29,CUST0228,John Johnson,Returning,Full Detail,Youtube,Sarasota,Sarasota,150,150.0,0.0,150.0,47,Card,No Discount,5.0
4486,2025-11-20,CUST0785,Alex Brown,Returning,Full Detail,Referral,Sarasota,Venice,150,167.0,0.0,167.0,99,Zelle,NEWCUSTOMER,5.0
4487,2025-07-26,CUST0749,Sofia Brown,Returning,Premium Wash,TikTok,Charlotte,Punta Gorda,70,77.0,0.0,77.0,148,Venmo,No Discount,4.0
4488,2025-05-09,CUST0954,Ava Smith,Returning,Basic Wash,Facebook,Sarasota,Sarasota,40,35.0,0.0,35.0,39,Cash,No Discount,4.0
4489,2025-11-07,CUST0084,Mary Wilson,Returning,Ceramic Coating,Instagram,Charlotte,Port Charlotte,350,385.0,15.0,400.0,135,Zelle,No Discount,No Feedback
4490,2025-01-03,CUST0749,Sofia Miller,Returning,Ceramic Coating,TikTok,Charlotte,Punta Gorda,350,352.0,15.0,367.0,154,Cash,SUMMER10,5.0
4491,2025-08-30,CUST0751,Alex Brown,Returning,Premium Wash,Unknown,Sarasota,North Port,70,82.0,0.0,82.0,65,Zelle,SUMMER10,No Feedback
4492,2025-05-01,CUST0359,Olivia Brown,Returning,Ceramic Coating,TikTok,Charlotte,Punta Gorda,350,350.0,20.0,370.0,117,Zelle,No Discount,5.0
4493,2025-04-12,CUST1145,Emma Brown,Returning,Ceramic Coating,Youtube,Sarasota,North Port,350,348.0,5.0,353.0,122,Card,VIP ,5.0
4494,2025-02-07,CUST0138,Ava Martinez,Returning,Ceramic Coating,Other,Sarasota,Sarasota,350,345.0,15.0,360.0,42,Venmo,NEWCUSTOMER,3.0
4495,2025-12-07,CUST1149,Emma Smith,Returning,Premium Wash,TikTok,Sarasota,North Port,70,75.0,0.0,75.0,167,Card,NEWCUSTOMER,5.0
4496,2025-05-13,CUST0420,Lewis Garcia,New,Ceramic Coating,Youtube,Charlotte,Punta Gorda,350,350.0,15.0,365.0,53,Cash App,No Discount,4.0
4497,2025-07-21,CUST0284,Ava Brown,Returning,Premium Wash,Youtube,Sarasota,North Port,70,77.0,0.0,77.0,79,Cash,No Discount,5.0
4498,2025-12-14,CUST0686,Sofia Anderson,Returning,Premium Wash,Facebook,Sarasota,Venice,70,79.0,10.0,89.0,39,Venmo,VIP ,4.0
4499,2025-01-21,CUST0489,Sofia Miller,Returning,Interior Detail,Facebook,Charlotte,Port Charlotte,90,90.0,20.0,110.0,139,Cash,No Discount,4.0
4500,2025-08-30,CUST1106,Noah Smith,Returning,Ceramic Coating,Youtube,Sarasota,North Port,350,385.0,0.0,385.0,90,Cash App,SUMMER10,4.0
4501,2025-04-19,CUST0233,Liam Brown,Returning,Interior Detail,Youtube,Charlotte,Punta Gorda,90,92.0,10.0,102.0,85,Venmo,No Discount,No Feedback
4502,2025-10-30,CUST0980,Ava Miller,Returning,Premium Wash,Referral,Charlotte,Punta Gorda,70,77.0,5.0,82.0,146,Card,No Discount,4.0
4503,2025-03-25,CUST1189,Alex Smith,Returning,Premium Wash,Facebook,Charlotte,Punta Gorda,70,75.0,0.0,75.0,156,Card,NEWCUSTOMER,5.0
4504,2025-03-24,CUST0430,Olivia Brown,Returning,Premium Wash,TikTok,Sarasota,North Port,70,70.0,15.0,85.0,64,Card,No Discount,5.0
4505,2025-10-18,CUST0462,Liam Brown,Returning,Interior Detail,TikTok,Sarasota,North Port,90,97.0,10.0,107.0,155,Cash App,No Discount,5.0
4506,2025-03-10,CUST0657,Ava Garcia,Returning,Interior Detail,Referral,Charlotte,Punta Gorda,90,90.0,10.0,100.0,171,Card,No Discount,4.0
4507,2025-05-09,CUST0723,Alex Garcia,Returning,Full Detail,Facebook,Charlotte,Port Charlotte,150,152.0,0.0,152.0,84,Venmo,No Discount,3.0
4508,2025-07-15,CUST0548,John Wilson,Returning,Full Detail,TikTok,Sarasota,North Port,150,170.0,0.0,170.0,136,Cash App,No Discount,5.0
4509,2025-05-20,CUST1032,Liam Martinez,Returning,Full Detail,TikTok,Sarasota,Sarasota,150,155.0,5.0,160.0,87,Venmo,NEWCUSTOMER,No Feedback
4510,2025-10-10,CUST0867,John Martinez,Returning,Interior Detail,TikTok,Sarasota,Sarasota,90,101.0,0.0,101.0,111,Venmo,No Discount,4.0
4511,2025-11-08,CUST0568,Liam Martinez,Returning,Premium Wash,Youtube,Sarasota,Venice,70,75.0,5.0,75.0,114,Zelle,NEWCUSTOMER,No Feedback
4512,2025-08-22,CUST0112,Noah Taylor,Returning,Interior Detail,Instagram,Charlotte,Port Charlotte,90,101.0,15.0,116.0,45,Cash,No Discount,4.0
4513,2025-01-23,CUST0130,Noah Wilson,Returning,Basic Wash,Facebook,Charlotte,Port Charlotte,40,42.0,20.0,62.0,33,Zelle,No Discount,5.0
4514,2025-06-02,CUST0764,Olivia Martinez,Returning,Interior Detail,Referral,Charlotte,Punta Gorda,90,92.0,15.0,107.0,145,Card,NEWCUSTOMER,4.0
4515,2025-10-04,CUST0708,Alex Smith,Returning,Premium Wash,Youtube,Charlotte,Punta Gorda,70,79.0,20.0,99.0,110,Card,No Discount,No Feedback
4516,2025-03-02,CUST0927,Liam Martinez,Returning,Premium Wash,Instagram,Sarasota,North Port,70,72.0,5.0,77.0,159,Venmo,No Discount,4.0
4517,2025-11-15,CUST0996,Alex Taylor,Returning,Full Detail,Facebook,Sarasota,Venice,150,165.0,20.0,185.0,80,Cash,NEWCUSTOMER,3.0
4518,2025-02-21,CUST1027,Mary Anderson,Returning,Full Detail,Youtube,Charlotte,Punta Gorda,150,155.0,0.0,155.0,121,Card,No Discount,3.0
4519,2025-12-10,CUST1079,Alex Garcia,Returning,Interior Detail,TikTok,Sarasota,North Port,90,99.0,10.0,109.0,64,Card,VIP ,5.0
4520,2025-06-02,CUST0252,Lewis Anderson,New,Premium Wash,Youtube,Charlotte,Punta Gorda,70,75.0,15.0,90.0,135,Cash,SUMMER10,No Feedback
4521,2025-08-25,CUST0963,Mary Smith,Returning,Interior Detail,Referral,Sarasota,Venice,90,104.0,5.0,109.0,36,Cash,No Discount,4.0
4522,2025-11-07,CUST1090,Lewis Taylor,Returning,Ceramic Coating,Facebook,Charlotte,Port Charlotte,350,387.0,20.0,407.0,135,Cash,No Discount,5.0
4523,2025-10-29,CUST1092,Alex Anderson,Returning,Interior Detail,Referral,Charlotte,Punta Gorda,90,97.0,0.0,97.0,131,Card,SUMMER10,4.0
4524,2025-02-01,CUST0599,Mary Anderson,Returning,Basic Wash,Youtube,Charlotte,Port Charlotte,40,40.0,0.0,40.0,41,Card,No Discount,4.0
4525,2025-02-24,CUST0926,Mary Anderson,Returning,Basic Wash,Youtube,Charlotte,Port Charlotte,40,35.0,5.0,40.0,84,Cash App,NEWCUSTOMER,No Feedback
4526,2025-12-18,CUST0754,Ava Johnson,Returning,Ceramic Coating,Referral,Sarasota,Sarasota,350,383.0,20.0,403.0,128,Cash,VIP ,No Feedback
4527,2025-02-05,CUST0135,Mary Anderson,Returning,Full Detail,TikTok,Charlotte,Punta Gorda,150,150.0,20.0,170.0,87,Card,NEWCUSTOMER,No Feedback
4528,2025-04-20,CUST0386,Mary Davis,Returning,Ceramic Coating,Youtube,Sarasota,Sarasota,350,355.0,15.0,370.0,107,Card,SUMMER10,4.0
4529,2025-06-26,CUST0938,Sofia Johnson,Returning,Interior Detail,Referral,Sarasota,Sarasota,90,85.0,15.0,100.0,135,Card,No Discount,5.0
4530,2025-12-28,CUST0179,John Brown,Returning,Basic Wash,Other,Sarasota,Venice,40,44.0,5.0,49.0,115,Card,No Discount,4.0
4531,2025-11-10,CUST0165,Lewis Brown,Returning,Basic Wash,Referral,Sarasota,North Port,40,49.0,15.0,64.0,151,Venmo,VIP ,5.0
4532,2025-10-22,CUST0801,Ava Martinez,Returning,Premium Wash,Youtube,Charlotte,Punta Gorda,70,79.0,20.0,99.0,113,Cash,No Discount,5.0
4533,2025-12-02,CUST0367,Emma Brown,Returning,Ceramic Coating,Other,Charlotte,Punta Gorda,350,385.0,15.0,400.0,124,Cash App,No Discount,4.0
4534,2025-04-07,CUST0591,Noah Garcia,Returning,Ceramic Coating,Youtube,Sarasota,North Port,350,348.0,0.0,348.0,35,Cash,SUMMER10,5.0
4535,2025-08-01,CUST0158,Mary Smith,Returning,Full Detail,TikTok,Sarasota,Venice,150,167.0,5.0,172.0,78,Cash,VIP ,5.0
4536,2025-11-13,CUST0224,Sofia Anderson,Returning,Full Detail,Youtube,Charlotte,Port Charlotte,150,170.0,15.0,185.0,30,Card,NEWCUSTOMER,4.0
4537,2025-05-17,CUST0338,Alex Taylor,Returning,Ceramic Coating,Facebook,Sarasota,Sarasota,350,350.0,10.0,360.0,66,Card,No Discount,4.0
4538,2025-01-06,CUST0566,Mary Wilson,Returning,Ceramic Coating,TikTok,Sarasota,North Port,350,350.0,5.0,355.0,122,Cash,NEWCUSTOMER,3.0
4539,2025-04-19,CUST0230,Alex Miller,Returning,Basic Wash,Referral,Charlotte,Punta Gorda,40,40.0,0.0,40.0,98,Card,NEWCUSTOMER,No Feedback
4540,2025-02-04,CUST0304,Sofia Wilson,Returning,Premium Wash,Instagram,Charlotte,Port Charlotte,70,72.0,10.0,82.0,172,Zelle,No Discount,5.0
4541,2025-02-08,CUST1017,Olivia Anderson,Returning,Full Detail,Youtube,Charlotte,Punta Gorda,150,150.0,0.0,150.0,74,Cash App,SUMMER10,No Feedback
4542,2025-05-30,CUST0309,Lewis Anderson,Returning,Basic Wash,TikTok,Charlotte,Punta Gorda,40,45.0,0.0,45.0,73,Card,SUMMER10,4.0
4543,2025-04-28,CUST0419,Mary Martinez,Returning,Ceramic Coating,Referral,Charlotte,Port Charlotte,350,350.0,0.0,350.0,80,Zelle,No Discount,5.0
4544,2025-09-18,CUST1067,Emma Smith,Returning,Basic Wash,Referral,Sarasota,North Port,40,44.0,15.0,59.0,53,Cash,NEWCUSTOMER,No Feedback
4545,2025-03-28,CUST0047,John Smith,Returning,Basic Wash,Youtube,Sarasota,Venice,40,42.0,5.0,47.0,173,Zelle,NEWCUSTOMER,5.0
4546,2025-03-17,CUST0601,Ava Davis,New,Basic Wash,Instagram,Sarasota,Sarasota,40,38.0,10.0,48.0,88,Card,SUMMER10,4.0
4547,2025-11-09,CUST0854,Ava Johnson,Returning,Interior Detail,TikTok,Sarasota,Sarasota,90,99.0,15.0,114.0,126,Card,No Discount,5.0
4548,2025-08-02,CUST1109,Olivia Taylor,Returning,Interior Detail,Youtube,Charlotte,Punta Gorda,90,99.0,0.0,99.0,133,Zelle,No Discount,5.0
4549,2025-10-12,CUST0271,John Martinez,Returning,Interior Detail,Unknown,Charlotte,Punta Gorda,90,101.0,10.0,111.0,175,Venmo,No Discount,3.0
4550,2025-08-27,CUST0971,Mary Smith,Returning,Full Detail,Instagram,Sarasota,Sarasota,150,160.0,0.0,160.0,118,Card,No Discount,5.0
4551,2025-06-14,CUST0711,Lewis Taylor,Returning,Premium Wash,Facebook,Charlotte,Punta Gorda,70,70.0,5.0,75.0,119,Card,VIP ,3.0
4552,2025-03-28,CUST0861,Liam Martinez,Returning,Basic Wash,TikTok,Charlotte,Port Charlotte,40,42.0,10.0,52.0,105,Cash App,SUMMER10,4.0
4553,2025-05-21,CUST0910,Noah Brown,Returning,Premium Wash,Instagram,Sarasota,North Port,70,70.0,5.0,75.0,66,Venmo,No Discount,5.0
4554,2025-06-09,CUST0044,Lewis Davis,Returning,Premium Wash,Youtube,Charlotte,Port Charlotte,70,65.0,0.0,65.0,154,Card,No Discount,5.0
4555,2025-02-15,CUST0598,Noah Wilson,Returning,Interior Detail,Instagram,Charlotte,Port Charlotte,90,88.0,5.0,88.0,35,Zelle,VIP ,4.0
4556,2025-04-22,CUST0388,John Smith,Returning,Ceramic Coating,Facebook,Sarasota,Venice,350,348.0,5.0,353.0,62,Card,No Discount,5.0
4557,2025-02-14,CUST0129,Sofia Miller,Returning,Full Detail,TikTok,Charlotte,Port Charlotte,150,150.0,0.0,150.0,105,Card,No Discount,4.0
4558,2025-09-04,CUST0046,Noah Brown,Returning,Basic Wash,Facebook,Charlotte,Punta Gorda,40,49.0,5.0,54.0,115,Zelle,SUMMER10,5.0
4559,2025-04-14,CUST0476,Lewis Davis,Returning,Interior Detail,Referral,Charlotte,Port Charlotte,90,92.0,0.0,92.0,136,Zelle,SUMMER10,4.0
4560,2025-03-26,CUST1065,Lewis Davis,Returning,Basic Wash,Referral,Charlotte,Punta Gorda,40,40.0,10.0,50.0,116,Zelle,VIP ,5.0
4561,2025-05-14,CUST0688,Liam Johnson,Returning,Full Detail,Instagram,Sarasota,North Port,150,148.0,10.0,158.0,58,Cash,SUMMER10,4.0
4562,2025-04-18,CUST0844,Emma Miller,Returning,Full Detail,Instagram,Sarasota,North Port,150,148.0,20.0,168.0,105,Cash,SUMMER10,4.0
4563,2025-01-18,CUST1186,Emma Garcia,Returning,Full Detail,Instagram,Charlotte,Punta Gorda,150,145.0,5.0,150.0,57,Card,SUMMER10,4.0
4564,2025-04-04,CUST0703,Noah Brown,Returning,Basic Wash,Instagram,Charlotte,Punta Gorda,40,42.0,15.0,57.0,142,Card,VIP ,3.0
4565,2025-05-30,CUST0669,Sofia Brown,Returning,Ceramic Coating,Instagram,Sarasota,North Port,350,350.0,20.0,370.0,179,Zelle,NEWCUSTOMER,4.0
4566,2025-09-03,CUST0996,Liam Taylor,Returning,Full Detail,Facebook,Sarasota,Venice,150,165.0,5.0,170.0,169,Card,No Discount,3.0
4567,2025-10-16,CUST1086,John Johnson,Returning,Interior Detail,Instagram,Charlotte,Punta Gorda,90,94.0,10.0,104.0,142,Cash,No Discount,3.0
4568,2025-07-28,CUST1124,Olivia Davis,Returning,Premium Wash,Facebook,Sarasota,Sarasota,70,75.0,20.0,95.0,140,Card,SUMMER10,5.0
4569,2025-05-06,CUST0912,Olivia Brown,Returning,Full Detail,TikTok,Charlotte,Port Charlotte,150,150.0,0.0,150.0,65,Zelle,NEWCUSTOMER,4.0
4570,2025-08-23,CUST0938,John Smith,Returning,Ceramic Coating,Referral,Sarasota,Sarasota,350,383.0,20.0,403.0,31,Cash,SUMMER10,4.0
4571,2025-05-02,CUST0623,Sofia Smith,Returning,Basic Wash,Youtube,Sarasota,Venice,40,38.0,10.0,48.0,106,Card,No Discount,5.0
4572,2025-05-18,CUST1162,Emma Garcia,Returning,Basic Wash,Youtube,Sarasota,Venice,40,40.0,15.0,55.0,140,Zelle,No Discount,5.0
4573,2025-04-25,CUST0271,Olivia Miller,Returning,Interior Detail,TikTok,Charlotte,Punta Gorda,90,90.0,0.0,90.0,166,Card,No Discount,4.0
4574,2025-06-11,CUST0628,Sofia Davis,New,Premium Wash,Facebook,Sarasota,North Port,70,68.0,10.0,78.0,151,Venmo,NEWCUSTOMER,5.0
4575,2025-07-20,CUST0352,Noah Garcia,New,Ceramic Coating,Youtube,Charlotte,Punta Gorda,350,385.0,20.0,405.0,119,Cash,NEWCUSTOMER,5.0
4576,2025-08-22,CUST0533,Lewis Taylor,Returning,Full Detail,Instagram,Sarasota,Sarasota,150,160.0,10.0,170.0,60,Card,NEWCUSTOMER,3.0
4577,2025-01-28,CUST0465,Olivia Martinez,Returning,Ceramic Coating,TikTok,Charlotte,Port Charlotte,350,345.0,20.0,365.0,113,Cash App,VIP ,5.0
4578,2025-01-11,CUST0992,Liam Wilson,Returning,Basic Wash,Youtube,Charlotte,Punta Gorda,40,35.0,15.0,50.0,31,Card,SUMMER10,3.0
4579,2025-07-25,CUST0762,Emma Taylor,Returning,Full Detail,Instagram,Sarasota,Venice,150,170.0,10.0,180.0,127,Cash,VIP ,3.0
4580,2025-06-16,CUST0591,Emma Johnson,Returning,Interior Detail,Youtube,Sarasota,North Port,90,90.0,0.0,90.0,156,Zelle,VIP ,4.0
4581,2025-09-04,CUST0097,Ava Anderson,Returning,Full Detail,Youtube,Sarasota,Sarasota,150,160.0,0.0,160.0,146,Cash,No Discount,5.0
4582,2025-02-16,CUST0304,Olivia Brown,Returning,Interior Detail,Instagram,Charlotte,Port Charlotte,90,85.0,0.0,85.0,163,Cash App,No Discount,3.0
4583,2025-09-03,CUST0724,Olivia Miller,Returning,Ceramic Coating,Referral,Sarasota,Sarasota,350,380.0,20.0,400.0,134,Venmo,No Discount,5.0
4584,2025-05-07,CUST0583,Lewis Miller,Returning,Interior Detail,Youtube,Sarasota,Sarasota,90,85.0,0.0,85.0,37,Card,NEWCUSTOMER,3.0
4585,2025-05-27,CUST0934,Noah Taylor,Returning,Premium Wash,TikTok,Sarasota,Sarasota,70,68.0,10.0,78.0,84,Card,No Discount,5.0
4586,2025-04-28,CUST0341,Noah Johnson,Returning,Ceramic Coating,Referral,Sarasota,Sarasota,350,355.0,5.0,360.0,178,Venmo,SUMMER10,3.0
4587,2025-06-01,CUST0330,Lewis Johnson,Returning,Full Detail,TikTok,Sarasota,North Port,150,150.0,20.0,170.0,33,Card,No Discount,3.0
4588,2025-03-13,CUST1097,Liam Taylor,Returning,Basic Wash,Referral,Charlotte,Port Charlotte,40,42.0,0.0,42.0,100,Card,VIP ,5.0
4589,2025-12-29,CUST0585,Sofia Smith,New,Basic Wash,Unknown,Sarasota,Venice,40,46.0,10.0,56.0,176,Zelle,No Discount,5.0
4590,2025-05-17,CUST0374,Alex Garcia,Returning,Ceramic Coating,Instagram,Sarasota,Sarasota,350,350.0,10.0,360.0,70,Cash,SUMMER10,No Feedback
4591,2025-06-24,CUST0360,Alex Miller,Returning,Premium Wash,Referral,Charlotte,Port Charlotte,70,65.0,0.0,65.0,93,Cash App,No Discount,4.0
4592,2025-10-16,CUST0315,Olivia Garcia,Returning,Ceramic Coating,Youtube,Sarasota,Venice,350,385.0,0.0,385.0,106,Card,No Discount,3.0
4593,2025-01-19,CUST0331,Ava Martinez,Returning,Interior Detail,Youtube,Sarasota,Venice,90,85.0,0.0,85.0,74,Venmo,No Discount,4.0
4594,2025-07-14,CUST0488,Ava Anderson,Returning,Premium Wash,TikTok,Sarasota,Sarasota,70,79.0,0.0,79.0,160,Venmo,No Discount,5.0
4595,2025-11-26,CUST0240,Sofia Smith,Returning,Basic Wash,TikTok,Charlotte,Port Charlotte,40,49.0,5.0,54.0,153,Cash App,SUMMER10,No Feedback
4596,2025-06-24,CUST0085,Alex Taylor,Returning,Ceramic Coating,Instagram,Charlotte,Punta Gorda,350,348.0,5.0,353.0,43,Venmo,No Discount,5.0
4597,2025-12-20,CUST0649,Noah Miller,Returning,Interior Detail,Unknown,Sarasota,Sarasota,90,99.0,20.0,119.0,137,Card,SUMMER10,3.0
4598,2025-05-21,CUST1177,Ava Martinez,Returning,Interior Detail,Facebook,Charlotte,Port Charlotte,90,85.0,20.0,105.0,137,Card,NEWCUSTOMER,4.0
4599,2025-09-03,CUST0260,Liam Anderson,Returning,Ceramic Coating,Unknown,Charlotte,Port Charlotte,350,390.0,0.0,390.0,172,Zelle,No Discount,4.0
4600,2025-04-03,CUST0903,John Brown,Returning,Premium Wash,Youtube,Sarasota,North Port,70,68.0,0.0,68.0,164,Venmo,No Discount,5.0
4601,2025-08-27,CUST0534,Olivia Johnson,Returning,Ceramic Coating,TikTok,Sarasota,Venice,350,383.0,0.0,383.0,62,Cash,NEWCUSTOMER,4.0
4602,2025-07-24,CUST0758,Lewis Taylor,Returning,Premium Wash,Facebook,Sarasota,Sarasota,70,77.0,10.0,87.0,33,Zelle,SUMMER10,5.0
4603,2025-02-17,CUST0378,Lewis Johnson,Returning,Full Detail,Youtube,Charlotte,Port Charlotte,150,150.0,0.0,150.0,84,Card,VIP ,No Feedback
4604,2025-09-02,CUST0421,John Martinez,Returning,Full Detail,Referral,Sarasota,Sarasota,150,170.0,0.0,170.0,166,Venmo,SUMMER10,5.0
4605,2025-11-16,CUST1152,Ava Wilson,Returning,Basic Wash,TikTok,Sarasota,North Port,40,39.0,20.0,59.0,178,Card,NEWCUSTOMER,3.0
4606,2025-11-13,CUST0072,Alex Martinez,Returning,Full Detail,Unknown,Sarasota,Sarasota,150,163.0,5.0,168.0,45,Zelle,SUMMER10,4.0
4607,2025-10-22,CUST0650,Emma Anderson,Returning,Premium Wash,TikTok,Charlotte,Port Charlotte,70,82.0,15.0,97.0,167,Cash,VIP ,4.0
4608,2025-05-08,CUST0705,Noah Brown,Returning,Premium Wash,TikTok,Charlotte,Port Charlotte,70,65.0,10.0,75.0,156,Card,NEWCUSTOMER,5.0
4609,2025-12-10,CUST0303,Liam Smith,Returning,Interior Detail,TikTok,Charlotte,Port Charlotte,90,101.0,20.0,121.0,124,Cash App,No Discount,No Feedback
4610,2025-10-09,CUST0764,Noah Garcia,Returning,Basic Wash,Referral,Charlotte,Punta Gorda,40,39.0,15.0,54.0,167,Cash,No Discount,4.0
4611,2025-01-17,CUST0919,Lewis Martinez,Returning,Premium Wash,Facebook,Charlotte,Punta Gorda,70,72.0,5.0,77.0,101,Card,NEWCUSTOMER,5.0
4612,2025-03-12,CUST1106,Lewis Brown,Returning,Interior Detail,Youtube,Sarasota,North Port,90,92.0,20.0,112.0,148,Cash App,No Discount,3.0
4613,2025-09-26,CUST0333,Noah Martinez,Returning,Full Detail,Instagram,Sarasota,Venice,150,165.0,15.0,180.0,59,Card,No Discount,4.0
4614,2025-11-21,CUST1093,Emma Wilson,Returning,Interior Detail,TikTok,Sarasota,Sarasota,90,94.0,10.0,104.0,152,Cash,SUMMER10,No Feedback
4615,2025-10-09,CUST0618,Mary Davis,Returning,Full Detail,TikTok,Sarasota,North Port,150,163.0,0.0,163.0,153,Cash App,NEWCUSTOMER,5.0
4616,2025-11-01,CUST0249,Sofia Wilson,Returning,Full Detail,TikTok,Sarasota,Venice,150,163.0,0.0,163.0,171,Cash,No Discount,5.0
4617,2025-01-07,CUST0052,John Johnson,Returning,Premium Wash,Referral,Sarasota,North Port,70,68.0,10.0,78.0,67,Cash,VIP ,3.0
4618,2025-11-10,CUST0829,Mary Brown,Returning,Basic Wash,TikTok,Charlotte,Punta Gorda,40,39.0,0.0,39.0,75,Card,No Discount,3.0
4619,2025-11-01,CUST1023,Mary Wilson,Returning,Interior Detail,Instagram,Sarasota,Sarasota,90,101.0,0.0,101.0,91,Card,NEWCUSTOMER,5.0
4620,2025-04-13,CUST0298,Liam Anderson,Returning,Interior Detail,Youtube,Charlotte,Port Charlotte,90,90.0,5.0,95.0,125,Venmo,SUMMER10,No Feedback
4621,2025-11-05,CUST0939,Lewis Taylor,Returning,Full Detail,Referral,Sarasota,Venice,150,160.0,0.0,160.0,161,Zelle,No Discount,4.0
4622,2025-07-12,CUST0656,Alex Miller,Returning,Interior Detail,Facebook,Sarasota,North Port,90,99.0,5.0,104.0,31,Zelle,NEWCUSTOMER,3.0
4623,2025-08-29,CUST0320,Alex Taylor,Returning,Full Detail,TikTok,Sarasota,Sarasota,150,167.0,0.0,167.0,87,Zelle,No Discount,No Feedback
4624,2025-03-03,CUST0009,Emma Anderson,Returning,Basic Wash,Referral,Charlotte,Punta Gorda,40,40.0,5.0,45.0,52,Cash,No Discount,5.0
4625,2025-01-17,CUST1119,Mary Johnson,Returning,Premium Wash,Facebook,Charlotte,Punta Gorda,70,72.0,0.0,72.0,179,Cash App,No Discount,5.0
4626,2025-06-20,CUST1040,Liam Davis,Returning,Premium Wash,Youtube,Charlotte,Punta Gorda,70,70.0,15.0,85.0,123,Cash App,NEWCUSTOMER,3.0
4627,2025-01-25,CUST0679,John Miller,Returning,Ceramic Coating,Referral,Sarasota,North Port,350,348.0,5.0,353.0,98,Cash,SUMMER10,4.0
4628,2025-09-08,CUST0606,Alex Martinez,Returning,Full Detail,TikTok,Sarasota,North Port,150,170.0,0.0,170.0,118,Cash,SUMMER10,5.0
4629,2025-09-10,CUST0971,Olivia Johnson,Returning,Basic Wash,Instagram,Sarasota,Sarasota,40,49.0,0.0,49.0,99,Cash,No Discount,5.0
4630,2025-07-26,CUST0594,Lewis Garcia,Returning,Interior Detail,Facebook,Charlotte,Port Charlotte,90,104.0,10.0,114.0,157,Card,VIP ,No Feedback
4631,2025-01-29,CUST1175,John Garcia,Returning,Premium Wash,Youtube,Charlotte,Punta Gorda,70,72.0,0.0,72.0,92,Venmo,NEWCUSTOMER,No Feedback
4632,2025-04-27,CUST0302,Ava Brown,Returning,Full Detail,Facebook,Sarasota,North Port,150,150.0,20.0,170.0,60,Zelle,No Discount,4.0
4633,2025-10-09,CUST1158,Mary Miller,Returning,Full Detail,Referral,Sarasota,North Port,150,165.0,20.0,185.0,124,Cash,NEWCUSTOMER,4.0
4634,2025-05-24,CUST0906,Alex Garcia,Returning,Basic Wash,Youtube,Sarasota,Sarasota,40,40.0,0.0,40.0,95,Cash App,No Discount,4.0
4635,2025-01-25,CUST0694,Olivia Martinez,Returning,Ceramic Coating,Referral,Sarasota,Sarasota,350,345.0,0.0,345.0,142,Card,VIP ,3.0
4636,2025-11-06,CUST0231,Olivia Brown,Returning,Basic Wash,Facebook,Sarasota,North Port,40,44.0,0.0,44.0,40,Cash App,No Discount,5.0
4637,2025-06-05,CUST0981,Lewis Martinez,Returning,Premium Wash,Facebook,Sarasota,Venice,70,68.0,0.0,68.0,171,Zelle,NEWCUSTOMER,4.0
4638,2025-03-14,CUST0083,Olivia Miller,Returning,Premium Wash,Referral,Sarasota,Sarasota,70,65.0,20.0,85.0,164,Cash App,SUMMER10,4.0
4639,2025-04-30,CUST0286,Mary Martinez,Returning,Basic Wash,Facebook,Sarasota,Venice,40,40.0,5.0,45.0,124,Cash,VIP ,3.0
4640,2025-11-08,CUST1129,Alex Johnson,New,Basic Wash,Instagram,Sarasota,Venice,40,44.0,0.0,44.0,71,Zelle,NEWCUSTOMER,4.0
4641,2025-11-17,CUST0240,Ava Smith,Returning,Premium Wash,TikTok,Charlotte,Port Charlotte,70,77.0,20.0,97.0,95,Cash,No Discount,5.0
4642,2025-04-03,CUST0631,Lewis Garcia,Returning,Premium Wash,Facebook,Sarasota,Venice,70,68.0,5.0,73.0,67,Card,No Discount,3.0
4643,2025-03-27,CUST0051,Emma Wilson,Returning,Interior Detail,Facebook,Charlotte,Punta Gorda,90,90.0,0.0,90.0,165,Card,No Discount,5.0
4644,2025-12-02,CUST0823,Sofia Brown,Returning,Premium Wash,Referral,Charlotte,Port Charlotte,70,75.0,0.0,75.0,65,Venmo,No Discount,4.0
4645,2025-12-30,CUST0452,John Taylor,Returning,Premium Wash,Instagram,Sarasota,Venice,70,77.0,5.0,82.0,103,Cash,SUMMER10,4.0
4646,2025-04-28,CUST0914,Olivia Garcia,Returning,Basic Wash,TikTok,Charlotte,Port Charlotte,40,40.0,0.0,40.0,43,Card,No Discount,5.0
4647,2025-08-21,CUST0732,Mary Martinez,Returning,Interior Detail,TikTok,Charlotte,Punta Gorda,90,97.0,20.0,117.0,127,Venmo,SUMMER10,5.0
4648,2025-07-18,CUST0190,Noah Smith,Returning,Full Detail,Instagram,Sarasota,Venice,150,160.0,0.0,160.0,82,Card,No Discount,5.0
4649,2025-07-25,CUST0669,John Martinez,Returning,Full Detail,Instagram,Sarasota,North Port,150,165.0,15.0,180.0,41,Card,No Discount,5.0
4650,2025-12-05,CUST0113,Noah Garcia,Returning,Basic Wash,Youtube,Charlotte,Port Charlotte,40,39.0,15.0,54.0,176,Card,SUMMER10,No Feedback
4651,2025-05-27,CUST0400,Emma Miller,Returning,Ceramic Coating,TikTok,Sarasota,Sarasota,350,350.0,10.0,360.0,43,Venmo,VIP ,5.0
4652,2025-09-28,CUST1195,John Taylor,Returning,Full Detail,Instagram,Charlotte,Punta Gorda,150,165.0,0.0,165.0,148,Cash App,NEWCUSTOMER,5.0
4653,2025-05-19,CUST1079,Ava Martinez,Returning,Interior Detail,TikTok,Sarasota,North Port,90,90.0,0.0,90.0,84,Card,NEWCUSTOMER,4.0
4654,2025-06-30,CUST0455,Noah Davis,Returning,Ceramic Coating,Referral,Sarasota,Sarasota,350,345.0,0.0,345.0,34,Venmo,No Discount,5.0
4655,2025-01-30,CUST0570,Emma Anderson,Returning,Ceramic Coating,Youtube,Sarasota,Venice,350,355.0,0.0,355.0,82,Cash App,No Discount,No Feedback
4656,2025-02-26,CUST0401,Sofia Miller,Returning,Premium Wash,Instagram,Charlotte,Punta Gorda,70,70.0,5.0,75.0,151,Venmo,SUMMER10,4.0
4657,2025-08-20,CUST0047,Noah Brown,Returning,Basic Wash,Youtube,Sarasota,Venice,40,46.0,20.0,66.0,137,Cash,No Discount,3.0
4658,2025-05-26,CUST0172,Liam Johnson,Returning,Premium Wash,Instagram,Charlotte,Punta Gorda,70,68.0,5.0,73.0,173,Card,SUMMER10,5.0
4659,2025-02-17,CUST1103,Mary Taylor,Returning,Premium Wash,Facebook,Sarasota,Venice,70,72.0,0.0,72.0,33,Card,VIP ,5.0
4660,2025-07-13,CUST0913,Lewis Smith,Returning,Ceramic Coating,Youtube,Sarasota,Venice,350,387.0,10.0,397.0,69,Card,NEWCUSTOMER,No Feedback
4661,2025-08-12,CUST0179,John Martinez,Returning,Full Detail,Other,Sarasota,Venice,150,170.0,5.0,175.0,166,Card,SUMMER10,5.0
4662,2025-05-16,CUST1049,John Miller,New,Basic Wash,Youtube,Sarasota,Sarasota,40,45.0,0.0,45.0,47,Card,No Discount,5.0
4663,2025-01-22,CUST0808,Ava Garcia,Returning,Interior Detail,Referral,Charlotte,Port Charlotte,90,90.0,0.0,90.0,116,Zelle,No Discount,No Feedback
4664,2025-01-06,CUST0399,Emma Miller,Returning,Premium Wash,Youtube,Sarasota,Venice,70,68.0,5.0,73.0,132,Cash App,No Discount,4.0
4665,2025-07-23,CUST1005,Noah Smith,Returning,Premium Wash,Referral,Sarasota,North Port,70,75.0,15.0,90.0,179,Venmo,No Discount,3.0
4666,2025-08-27,CUST0651,John Anderson,Returning,Premium Wash,TikTok,Sarasota,Sarasota,70,77.0,10.0,87.0,176,Card,No Discount,4.0
4667,2025-07-04,CUST1048,Liam Johnson,Returning,Ceramic Coating,Youtube,Charlotte,Punta Gorda,350,383.0,10.0,393.0,153,Cash App,No Discount,3.0
4668,2025-12-26,CUST0115,Olivia Wilson,Returning,Interior Detail,Instagram,Sarasota,Sarasota,90,104.0,20.0,124.0,48,Card,No Discount,4.0
4669,2025-10-19,CUST0740,Olivia Wilson,Returning,Basic Wash,Referral,Charlotte,Port Charlotte,40,46.0,10.0,56.0,130,Venmo,No Discount,4.0
4670,2025-12-01,CUST0815,Sofia Brown,Returning,Interior Detail,Youtube,Charlotte,Port Charlotte,90,94.0,5.0,99.0,116,Zelle,No Discount,5.0
4671,2025-08-08,CUST0303,Lewis Martinez,Returning,Premium Wash,TikTok,Charlotte,Port Charlotte,70,79.0,10.0,89.0,108,Card,No Discount,5.0
4672,2025-04-26,CUST0876,Emma Wilson,Returning,Ceramic Coating,Referral,Sarasota,Venice,350,355.0,0.0,355.0,165,Zelle,No Discount,5.0
4673,2025-11-09,CUST0758,Lewis Miller,Returning,Ceramic Coating,Facebook,Sarasota,Sarasota,350,385.0,5.0,390.0,112,Cash,No Discount,No Feedback
4674,2025-02-18,CUST0791,Lewis Taylor,Returning,Full Detail,TikTok,Charlotte,Punta Gorda,150,152.0,0.0,152.0,170,Cash,NEWCUSTOMER,3.0
4675,2025-06-22,CUST0764,Sofia Martinez,Returning,Ceramic Coating,Referral,Charlotte,Punta Gorda,350,345.0,0.0,345.0,131,Cash App,No Discount,No Feedback
4676,2025-03-23,CUST0025,Noah Johnson,Returning,Ceramic Coating,Instagram,Charlotte,Punta Gorda,350,348.0,10.0,358.0,141,Cash,No Discount,4.0
4677,2025-11-18,CUST0583,John Johnson,Returning,Basic Wash,Youtube,Sarasota,Sarasota,40,39.0,5.0,44.0,53,Card,No Discount,4.0
4678,2025-11-29,CUST0707,Lewis Miller,Returning,Interior Detail,Youtube,Sarasota,North Port,90,99.0,5.0,104.0,71,Card,SUMMER10,5.0
4679,2025-02-14,CUST0720,Ava Brown,Returning,Basic Wash,Youtube,Charlotte,Punta Gorda,40,35.0,10.0,45.0,132,Zelle,No Discount,3.0
4680,2025-12-01,CUST0631,Olivia Smith,Returning,Ceramic Coating,Facebook,Sarasota,Venice,350,380.0,5.0,385.0,144,Venmo,VIP ,3.0
4681,2025-01-20,CUST0913,Emma Anderson,Returning,Ceramic Coating,Youtube,Sarasota,Venice,350,355.0,5.0,360.0,41,Zelle,NEWCUSTOMER,5.0
4682,2025-08-09,CUST1149,Mary Garcia,Returning,Full Detail,TikTok,Sarasota,North Port,150,163.0,15.0,178.0,113,Cash,NEWCUSTOMER,5.0
4683,2025-05-03,CUST0180,Alex Taylor,Returning,Ceramic Coating,Youtube,Charlotte,Punta Gorda,350,350.0,5.0,355.0,52,Card,VIP ,4.0
4684,2025-08-22,CUST0442,Olivia Anderson,Returning,Full Detail,Referral,Sarasota,North Port,150,167.0,15.0,182.0,68,Venmo,No Discount,No Feedback
4685,2025-08-09,CUST0910,Olivia Martinez,Returning,Interior Detail,Instagram,Sarasota,North Port,90,97.0,20.0,117.0,52,Cash,NEWCUSTOMER,4.0
4686,2025-11-19,CUST0852,John Taylor,Returning,Premium Wash,TikTok,Charlotte,Punta Gorda,70,72.0,0.0,72.0,57,Cash App,NEWCUSTOMER,4.0
4687,2025-12-05,CUST0907,Mary Johnson,Returning,Ceramic Coating,Facebook,Sarasota,North Port,350,385.0,0.0,385.0,156,Card,No Discount,4.0
4688,2025-01-03,CUST0592,Mary Smith,Returning,Ceramic Coating,Referral,Charlotte,Port Charlotte,350,350.0,5.0,355.0,92,Cash App,NEWCUSTOMER,4.0
4689,2025-07-01,CUST0336,Emma Wilson,Returning,Ceramic Coating,Youtube,Charlotte,Punta Gorda,350,380.0,5.0,385.0,72,Venmo,VIP ,5.0
4690,2025-07-25,CUST0869,Noah Smith,Returning,Ceramic Coating,Youtube,Sarasota,Sarasota,350,383.0,5.0,388.0,150,Cash App,No Discount,5.0
4691,2025-11-16,CUST0849,Olivia Garcia,Returning,Full Detail,Facebook,Charlotte,Port Charlotte,150,163.0,0.0,163.0,39,Venmo,No Discount,3.0
4692,2025-02-09,CUST0286,Lewis Taylor,Returning,Full Detail,Facebook,Sarasota,Venice,150,150.0,0.0,150.0,110,Card,SUMMER10,5.0
4693,2025-02-28,CUST0177,John Anderson,Returning,Interior Detail,Youtube,Sarasota,North Port,90,90.0,5.0,95.0,165,Cash App,No Discount,3.0
4694,2025-03-03,CUST0295,Ava Anderson,Returning,Premium Wash,Instagram,Charlotte,Punta Gorda,70,68.0,0.0,68.0,135,Card,No Discount,No Feedback
4695,2025-05-12,CUST0426,John Davis,Returning,Ceramic Coating,Facebook,Charlotte,Punta Gorda,350,355.0,0.0,355.0,99,Zelle,No Discount,5.0
4696,2025-01-03,CUST0622,Alex Anderson,Returning,Basic Wash,Instagram,Sarasota,Sarasota,40,35.0,20.0,55.0,141,Venmo,VIP ,No Feedback
4697,2025-11-27,CUST0973,Ava Wilson,Returning,Ceramic Coating,Unknown,Charlotte,Punta Gorda,350,390.0,0.0,390.0,146,Venmo,No Discount,No Feedback
4698,2025-05-02,CUST1076,Ava Taylor,Returning,Basic Wash,Instagram,Charlotte,Port Charlotte,40,45.0,0.0,45.0,71,Cash App,No Discount,3.0
4699,2025-04-17,CUST0687,Mary Brown,Returning,Interior Detail,Other,Sarasota,Venice,90,90.0,20.0,110.0,62,Cash,No Discount,4.0
4700,2025-04-06,CUST0136,Liam Garcia,Returning,Ceramic Coating,TikTok,Sarasota,Venice,350,350.0,0.0,350.0,84,Cash,SUMMER10,4.0
4701,2025-12-13,CUST0770,Mary Brown,Returning,Interior Detail,Youtube,Sarasota,North Port,90,94.0,10.0,104.0,81,Cash App,NEWCUSTOMER,5.0
4702,2025-08-23,CUST0182,Emma Davis,Returning,Basic Wash,Instagram,Sarasota,Sarasota,40,42.0,0.0,42.0,133,Zelle,SUMMER10,No Feedback
4703,2025-03-03,CUST0014,Liam Miller,Returning,Full Detail,Unknown,Sarasota,Sarasota,150,152.0,10.0,162.0,140,Card,NEWCUSTOMER,5.0
4704,2025-09-13,CUST0839,Noah Garcia,Returning,Basic Wash,Facebook,Charlotte,Punta Gorda,40,44.0,5.0,49.0,41,Cash,No Discount,4.0
4705,2025-02-18,CUST0560,Ava Martinez,Returning,Interior Detail,Referral,Sarasota,North Port,90,88.0,10.0,98.0,87,Zelle,NEWCUSTOMER,4.0
4706,2025-12-14,CUST0849,Ava Taylor,Returning,Premium Wash,Facebook,Charlotte,Port Charlotte,70,77.0,0.0,77.0,140,Cash,NEWCUSTOMER,4.0
4707,2025-06-08,CUST0359,Noah Smith,Returning,Full Detail,TikTok,Charlotte,Punta Gorda,150,148.0,0.0,148.0,160,Card,No Discount,5.0
4708,2025-05-04,CUST1139,John Brown,Returning,Premium Wash,Facebook,Sarasota,Sarasota,70,75.0,20.0,95.0,152,Cash,No Discount,4.0
4709,2025-11-13,CUST0947,Olivia Taylor,Returning,Basic Wash,Instagram,Sarasota,Venice,40,42.0,20.0,62.0,50,Cash App,No Discount,3.0
4710,2025-07-26,CUST1164,Lewis Davis,Returning,Ceramic Coating,TikTok,Sarasota,Venice,350,385.0,10.0,395.0,105,Cash,VIP ,3.0
4711,2025-02-17,CUST0281,Olivia Brown,Returning,Basic Wash,Youtube,Charlotte,Port Charlotte,40,45.0,0.0,45.0,136,Venmo,No Discount,No Feedback
4712,2025-05-16,CUST0409,Emma Davis,Returning,Full Detail,Referral,Sarasota,Sarasota,150,145.0,0.0,145.0,102,Zelle,VIP ,4.0
4713,2025-07-20,CUST0381,Noah Smith,Returning,Basic Wash,Referral,Sarasota,North Port,40,42.0,5.0,47.0,83,Venmo,SUMMER10,5.0
4714,2025-09-07,CUST0782,Emma Garcia,Returning,Interior Detail,TikTok,Charlotte,Punta Gorda,90,99.0,10.0,109.0,73,Venmo,No Discount,5.0
4715,2025-11-10,CUST0593,Lewis Martinez,Returning,Ceramic Coating,Youtube,Sarasota,Sarasota,350,383.0,20.0,403.0,168,Cash,No Discount,No Feedback
4716,2025-12-23,CUST1135,Olivia Johnson,Returning,Interior Detail,Instagram,Sarasota,Sarasota,90,99.0,10.0,109.0,50,Card,SUMMER10,5.0
4717,2025-11-14,CUST1005,Noah Johnson,Returning,Full Detail,Referral,Sarasota,North Port,150,167.0,10.0,177.0,42,Cash,No Discount,No Feedback
4718,2025-10-22,CUST0087,Sofia Garcia,Returning,Interior Detail,TikTok,Charlotte,Punta Gorda,90,94.0,0.0,94.0,127,Cash App,No Discount,5.0
4719,2025-11-10,CUST0619,Sofia Smith,Returning,Ceramic Coating,Facebook,Sarasota,Sarasota,350,390.0,0.0,390.0,66,Zelle,No Discount,3.0
4720,2025-07-28,CUST1199,Mary Garcia,Returning,Basic Wash,TikTok,Charlotte,Punta Gorda,40,44.0,20.0,64.0,171,Venmo,NEWCUSTOMER,3.0
4721,2025-12-21,CUST0623,Sofia Davis,Returning,Ceramic Coating,Youtube,Sarasota,Venice,350,390.0,20.0,410.0,74,Cash App,SUMMER10,4.0
4722,2025-07-30,CUST1012,Emma Smith,Returning,Ceramic Coating,TikTok,Sarasota,Venice,350,383.0,10.0,393.0,71,Card,No Discount,No Feedback
4723,2025-07-11,CUST1146,Liam Garcia,Returning,Ceramic Coating,TikTok,Charlotte,Punta Gorda,350,385.0,10.0,395.0,48,Cash,No Discount,4.0
4724,2025-02-13,CUST0950,Sofia Smith,Returning,Ceramic Coating,Instagram,Sarasota,North Port,350,352.0,5.0,357.0,160,Card,NEWCUSTOMER,5.0
4725,2025-01-29,CUST0460,Mary Anderson,Returning,Interior Detail,Other,Sarasota,Sarasota,90,95.0,0.0,95.0,95,Card,VIP ,5.0
4726,2025-02-28,CUST0055,John Johnson,Returning,Interior Detail,Youtube,Sarasota,Venice,90,95.0,0.0,95.0,119,Venmo,VIP ,4.0
4727,2025-03-12,CUST0006,Liam Smith,Returning,Interior Detail,TikTok,Sarasota,Sarasota,90,92.0,20.0,112.0,147,Cash,SUMMER10,5.0
4728,2025-04-02,CUST0316,Mary Anderson,Returning,Interior Detail,TikTok,Sarasota,North Port,90,88.0,20.0,108.0,156,Cash,VIP ,5.0
4729,2025-09-22,CUST0538,Alex Garcia,Returning,Full Detail,Youtube,Sarasota,North Port,150,165.0,5.0,170.0,134,Zelle,No Discount,4.0
4730,2025-08-08,CUST0615,Emma Miller,Returning,Basic Wash,Youtube,Sarasota,Sarasota,40,49.0,0.0,49.0,31,Card,VIP ,3.0
4731,2025-08-03,CUST0968,Mary Garcia,Returning,Premium Wash,Referral,Sarasota,North Port,70,79.0,5.0,84.0,168,Card,No Discount,4.0
4732,2025-10-04,CUST0255,Sofia Martinez,Returning,Full Detail,Youtube,Sarasota,Venice,150,165.0,15.0,180.0,156,Venmo,No Discount,4.0
4733,2025-03-05,CUST0590,Noah Davis,Returning,Full Detail,Instagram,Charlotte,Port Charlotte,150,150.0,0.0,150.0,139,Card,SUMMER10,5.0
4734,2025-12-12,CUST0855,Noah Davis,Returning,Basic Wash,Other,Sarasota,Venice,40,44.0,15.0,59.0,132,Cash,VIP ,4.0
4735,2025-10-19,CUST0368,Olivia Wilson,Returning,Ceramic Coating,Instagram,Charlotte,Punta Gorda,350,383.0,10.0,393.0,117,Cash,SUMMER10,3.0
4736,2025-09-02,CUST1008,Emma Johnson,Returning,Basic Wash,Youtube,Charlotte,Port Charlotte,40,42.0,0.0,42.0,149,Card,No Discount,4.0
4737,2025-03-03,CUST0502,Ava Smith,Returning,Premium Wash,Referral,Charlotte,Punta Gorda,70,75.0,0.0,75.0,51,Card,No Discount,3.0
4738,2025-11-28,CUST0059,Emma Smith,Returning,Interior Detail,Facebook,Sarasota,Venice,90,101.0,20.0,121.0,71,Cash,NEWCUSTOMER,5.0
4739,2025-06-19,CUST0245,Olivia Johnson,Returning,Full Detail,Youtube,Sarasota,Venice,150,155.0,20.0,175.0,152,Zelle,SUMMER10,No Feedback
4740,2025-09-26,CUST0568,Liam Johnson,Returning,Ceramic Coating,Youtube,Sarasota,Venice,350,383.0,0.0,383.0,180,Cash,NEWCUSTOMER,4.0
4741,2025-09-24,CUST1010,Mary Brown,Returning,Basic Wash,Facebook,Charlotte,Port Charlotte,40,49.0,5.0,54.0,36,Venmo,SUMMER10,4.0
4742,2025-02-23,CUST0137,Mary Johnson,Returning,Premium Wash,Facebook,Sarasota,North Port,70,70.0,0.0,70.0,39,Cash App,SUMMER10,3.0
4743,2025-01-16,CUST0741,Sofia Anderson,Returning,Basic Wash,TikTok,Sarasota,North Port,40,35.0,20.0,55.0,124,Zelle,No Discount,No Feedback
4744,2025-01-08,CUST1191,Olivia Anderson,Returning,Basic Wash,Facebook,Sarasota,North Port,40,40.0,10.0,50.0,129,Zelle,SUMMER10,3.0
4745,2025-04-14,CUST0985,Olivia Anderson,Returning,Premium Wash,Youtube,Sarasota,Venice,70,70.0,20.0,90.0,128,Cash,SUMMER10,5.0
4746,2025-02-28,CUST1159,Olivia Johnson,Returning,Ceramic Coating,Instagram,Charlotte,Port Charlotte,350,352.0,10.0,362.0,105,Zelle,NEWCUSTOMER,4.0
4747,2025-11-09,CUST0894,Noah Anderson,Returning,Interior Detail,Facebook,Sarasota,Sarasota,90,99.0,10.0,109.0,169,Venmo,No Discount,5.0
4748,2025-02-09,CUST0529,Lewis Miller,Returning,Ceramic Coating,Instagram,Charlotte,Punta Gorda,350,345.0,15.0,360.0,121,Cash App,No Discount,5.0
4749,2025-08-25,CUST0975,Liam Taylor,Returning,Interior Detail,Referral,Sarasota,Sarasota,90,94.0,15.0,109.0,71,Card,No Discount,4.0
4750,2025-04-04,CUST0245,Liam Wilson,Returning,Basic Wash,Youtube,Sarasota,Venice,40,45.0,15.0,60.0,113,Venmo,No Discount,No Feedback
4751,2025-08-10,CUST0765,Sofia Taylor,Returning,Basic Wash,TikTok,Charlotte,Punta Gorda,40,44.0,0.0,44.0,155,Zelle,NEWCUSTOMER,5.0
4752,2025-07-23,CUST1050,Sofia Wilson,Returning,Ceramic Coating,TikTok,Charlotte,Punta Gorda,350,387.0,0.0,387.0,156,Card,VIP ,4.0
4753,2025-05-18,CUST1179,Liam Taylor,Returning,Full Detail,Referral,Sarasota,North Port,150,148.0,0.0,148.0,149,Card,No Discount,5.0
4754,2025-10-27,CUST0036,Sofia Martinez,Returning,Interior Detail,Youtube,Sarasota,Sarasota,90,99.0,15.0,114.0,49,Cash,VIP ,4.0
4755,2025-07-26,CUST0532,Liam Miller,Returning,Interior Detail,Instagram,Charlotte,Port Charlotte,90,99.0,15.0,114.0,154,Zelle,VIP ,4.0
4756,2025-12-02,CUST0334,Olivia Anderson,Returning,Full Detail,Youtube,Sarasota,Sarasota,150,170.0,20.0,190.0,72,Cash,No Discount,3.0
4757,2025-03-22,CUST1192,Sofia Johnson,Returning,Premium Wash,Referral,Charlotte,Port Charlotte,70,72.0,20.0,92.0,91,Card,NEWCUSTOMER,5.0
4758,2025-08-06,CUST0120,Lewis Brown,Returning,Ceramic Coating,TikTok,Sarasota,Venice,350,385.0,20.0,405.0,127,Card,No Discount,5.0
4759,2025-01-02,CUST0300,Sofia Wilson,Returning,Full Detail,Referral,Charlotte,Punta Gorda,150,150.0,0.0,150.0,56,Cash,NEWCUSTOMER,No Feedback
4760,2025-06-27,CUST0655,Alex Wilson,Returning,Interior Detail,Facebook,Sarasota,Sarasota,90,95.0,20.0,115.0,109,Cash App,NEWCUSTOMER,3.0
4761,2025-12-12,CUST0945,Ava Davis,Returning,Basic Wash,Youtube,Sarasota,North Port,40,39.0,20.0,59.0,161,Cash App,No Discount,5.0
4762,2025-10-06,CUST0278,Emma Brown,Returning,Interior Detail,Youtube,Sarasota,Venice,90,99.0,0.0,99.0,90,Venmo,NEWCUSTOMER,No Feedback
4763,2025-05-26,CUST0732,Lewis Smith,Returning,Basic Wash,TikTok,Charlotte,Punta Gorda,40,38.0,15.0,53.0,84,Venmo,No Discount,5.0
4764,2025-11-14,CUST0335,Noah Miller,Returning,Interior Detail,Referral,Sarasota,Sarasota,90,99.0,0.0,99.0,171,Venmo,No Discount,3.0
4765,2025-08-12,CUST0109,Liam Martinez,Returning,Basic Wash,TikTok,Sarasota,Venice,40,39.0,0.0,39.0,148,Venmo,NEWCUSTOMER,4.0
4766,2025-03-03,CUST0559,Alex Anderson,Returning,Full Detail,Facebook,Charlotte,Port Charlotte,150,150.0,5.0,155.0,60,Card,VIP ,3.0
4767,2025-10-21,CUST0740,Sofia Davis,Returning,Basic Wash,Referral,Charlotte,Port Charlotte,40,44.0,10.0,54.0,175,Zelle,No Discount,No Feedback
4768,2025-08-27,CUST0860,Emma Martinez,Returning,Basic Wash,TikTok,Sarasota,Venice,40,42.0,0.0,42.0,120,Cash App,No Discount,3.0
4769,2025-07-14,CUST0730,Emma Martinez,Returning,Premium Wash,TikTok,Charlotte,Port Charlotte,70,79.0,0.0,79.0,165,Cash App,VIP ,3.0
4770,2025-06-15,CUST0100,Noah Smith,Returning,Interior Detail,Facebook,Sarasota,Sarasota,90,92.0,15.0,107.0,162,Cash,No Discount,No Feedback
4771,2025-08-10,CUST0594,Sofia Miller,Returning,Basic Wash,Facebook,Charlotte,Port Charlotte,40,44.0,5.0,49.0,137,Cash,No Discount,5.0
4772,2025-03-02,CUST0598,John Johnson,Returning,Interior Detail,Instagram,Charlotte,Port Charlotte,90,85.0,0.0,85.0,119,Card,VIP ,4.0
4773,2025-05-09,CUST1085,Emma Garcia,Returning,Interior Detail,Facebook,Sarasota,Venice,90,88.0,15.0,103.0,98,Cash,SUMMER10,No Feedback
4774,2025-06-22,CUST0158,Liam Smith,Returning,Premium Wash,TikTok,Sarasota,Venice,70,75.0,5.0,80.0,65,Cash,No Discount,3.0
4775,2025-06-05,CUST1053,Mary Johnson,Returning,Full Detail,Referral,Sarasota,Sarasota,150,150.0,0.0,150.0,56,Card,SUMMER10,No Feedback
4776,2025-04-20,CUST0397,Emma Anderson,Returning,Premium Wash,Other,Sarasota,Sarasota,70,72.0,0.0,72.0,161,Card,SUMMER10,No Feedback
4777,2025-09-26,CUST0376,Liam Brown,Returning,Premium Wash,TikTok,Sarasota,Venice,70,77.0,0.0,77.0,49,Cash App,No Discount,4.0
4778,2025-12-22,CUST0194,Sofia Brown,Returning,Interior Detail,TikTok,Sarasota,Venice,90,99.0,0.0,99.0,137,Cash,No Discount,No Feedback
4779,2025-10-05,CUST0343,Ava Smith,Returning,Ceramic Coating,Youtube,Charlotte,Punta Gorda,350,385.0,20.0,405.0,87,Cash App,No Discount,5.0
4780,2025-03-15,CUST1114,John Johnson,Returning,Full Detail,Facebook,Sarasota,North Port,150,150.0,0.0,150.0,58,Cash,No Discount,5.0
4781,2025-07-26,CUST0661,Olivia Miller,Returning,Full Detail,TikTok,Charlotte,Punta Gorda,150,163.0,20.0,183.0,73,Card,NEWCUSTOMER,4.0
4782,2025-10-06,CUST0648,Emma Taylor,Returning,Premium Wash,Youtube,Charlotte,Port Charlotte,70,77.0,0.0,77.0,137,Zelle,VIP ,5.0
4783,2025-11-22,CUST0617,Sofia Miller,Returning,Full Detail,Youtube,Sarasota,Sarasota,150,170.0,15.0,185.0,105,Cash App,No Discount,No Feedback
4784,2025-12-06,CUST0556,Noah Anderson,Returning,Ceramic Coating,TikTok,Sarasota,North Port,350,385.0,0.0,385.0,170,Cash,SUMMER10,4.0
4785,2025-12-23,CUST0743,Alex Miller,New,Full Detail,Instagram,Sarasota,North Port,150,165.0,15.0,180.0,83,Zelle,NEWCUSTOMER,4.0
4786,2025-12-06,CUST0197,Noah Smith,Returning,Interior Detail,Unknown,Sarasota,Venice,90,101.0,10.0,111.0,124,Card,SUMMER10,No Feedback
4787,2025-07-23,CUST1095,Noah Miller,Returning,Ceramic Coating,Facebook,Charlotte,Punta Gorda,350,380.0,15.0,395.0,153,Cash App,NEWCUSTOMER,4.0
4788,2025-06-10,CUST1188,Ava Smith,Returning,Full Detail,Referral,Charlotte,Punta Gorda,150,150.0,20.0,170.0,132,Card,No Discount,5.0
4789,2025-01-28,CUST0721,Ava Taylor,Returning,Interior Detail,TikTok,Charlotte,Punta Gorda,90,92.0,5.0,97.0,148,Venmo,NEWCUSTOMER,3.0
4790,2025-09-14,CUST0295,Liam Martinez,Returning,Basic Wash,Instagram,Charlotte,Punta Gorda,40,39.0,0.0,39.0,169,Cash,No Discount,4.0
4791,2025-06-14,CUST0027,Lewis Wilson,Returning,Basic Wash,Youtube,Charlotte,Punta Gorda,40,45.0,15.0,60.0,164,Zelle,No Discount,5.0
4792,2025-03-04,CUST0281,Ava Miller,Returning,Full Detail,Youtube,Charlotte,Port Charlotte,150,152.0,20.0,172.0,74,Venmo,VIP ,5.0
4793,2025-01-22,CUST1062,Olivia Wilson,Returning,Premium Wash,Facebook,Sarasota,North Port,70,68.0,10.0,78.0,152,Card,No Discount,No Feedback
4794,2025-03-11,CUST0577,Noah Davis,Returning,Full Detail,Facebook,Sarasota,Venice,150,148.0,20.0,168.0,108,Card,VIP ,4.0
4795,2025-04-06,CUST0764,Mary Martinez,Returning,Interior Detail,Referral,Charlotte,Punta Gorda,90,90.0,0.0,90.0,113,Zelle,No Discount,5.0
4796,2025-06-12,CUST0994,Noah Garcia,Returning,Interior Detail,Unknown,Sarasota,Venice,90,95.0,0.0,95.0,33,Cash App,No Discount,3.0
4797,2025-03-20,CUST0844,Lewis Martinez,Returning,Full Detail,Instagram,Sarasota,North Port,150,148.0,0.0,148.0,44,Cash App,No Discount,3.0
4798,2025-01-05,CUST0697,Alex Miller,Returning,Basic Wash,Youtube,Sarasota,North Port,40,45.0,5.0,50.0,145,Zelle,NEWCUSTOMER,4.0
4799,2025-11-12,CUST0334,Sofia Garcia,Returning,Basic Wash,Youtube,Sarasota,Sarasota,40,44.0,10.0,54.0,85,Cash App,No Discount,5.0
4800,2025-04-30,CUST0210,Alex Anderson,Returning,Full Detail,TikTok,Sarasota,North Port,150,155.0,20.0,175.0,134,Card,VIP ,3.0
4801,2025-10-29,CUST0447,Liam Garcia,Returning,Ceramic Coating,TikTok,Charlotte,Port Charlotte,350,380.0,15.0,395.0,119,Cash App,VIP ,5.0
4802,2025-06-27,CUST0317,Sofia Martinez,Returning,Premium Wash,Youtube,Charlotte,Port Charlotte,70,70.0,15.0,85.0,170,Venmo,NEWCUSTOMER,4.0
4803,2025-06-25,CUST1031,Alex Davis,Returning,Premium Wash,TikTok,Sarasota,North Port,70,70.0,5.0,75.0,51,Cash App,NEWCUSTOMER,5.0
4804,2025-05-08,CUST0453,Ava Martinez,Returning,Ceramic Coating,Referral,Charlotte,Punta Gorda,350,385.0,0.0,385.0,59,Card,SUMMER10,5.0
4805,2025-02-25,CUST0386,Alex Anderson,Returning,Full Detail,Youtube,Sarasota,Sarasota,150,155.0,15.0,170.0,109,Venmo,NEWCUSTOMER,3.0
4806,2025-07-06,CUST1145,Mary Johnson,Returning,Full Detail,Youtube,Sarasota,North Port,150,163.0,0.0,163.0,176,Cash,NEWCUSTOMER,No Feedback
4807,2025-08-20,CUST1077,Ava Smith,Returning,Full Detail,Referral,Sarasota,North Port,150,160.0,0.0,160.0,167,Venmo,No Discount,5.0
4808,2025-09-12,CUST1090,Lewis Wilson,Returning,Full Detail,Facebook,Charlotte,Port Charlotte,150,160.0,20.0,180.0,64,Card,No Discount,5.0
4809,2025-04-14,CUST1129,Noah Johnson,Returning,Full Detail,Instagram,Sarasota,Venice,150,150.0,0.0,150.0,140,Cash,SUMMER10,4.0
4810,2025-03-18,CUST0234,Alex Wilson,Returning,Ceramic Coating,Youtube,Sarasota,Sarasota,350,350.0,15.0,365.0,78,Cash App,SUMMER10,4.0
4811,2025-08-18,CUST0855,Olivia Miller,Returning,Premium Wash,Youtube,Sarasota,Venice,70,77.0,15.0,92.0,78,Cash,VIP ,5.0
4812,2025-09-15,CUST0944,Emma Martinez,Returning,Basic Wash,Other,Charlotte,Port Charlotte,40,44.0,15.0,59.0,56,Zelle,SUMMER10,5.0
4813,2025-09-21,CUST0157,John Wilson,Returning,Premium Wash,Unknown,Sarasota,North Port,70,77.0,5.0,82.0,115,Card,VIP ,5.0
4814,2025-11-27,CUST0239,Noah Brown,Returning,Ceramic Coating,Facebook,Sarasota,Venice,350,383.0,5.0,388.0,58,Zelle,NEWCUSTOMER,4.0
4815,2025-07-01,CUST0269,Emma Taylor,Returning,Ceramic Coating,Facebook,Sarasota,Sarasota,350,385.0,0.0,385.0,139,Cash,No Discount,4.0
4816,2025-09-13,CUST0036,Liam Anderson,Returning,Ceramic Coating,Youtube,Sarasota,Sarasota,350,387.0,15.0,402.0,65,Cash,SUMMER10,5.0
4817,2025-02-07,CUST0983,John Anderson,Returning,Interior Detail,Instagram,Sarasota,Sarasota,90,90.0,5.0,95.0,93,Card,VIP ,3.0
4818,2025-06-25,CUST0714,Noah Brown,Returning,Ceramic Coating,TikTok,Charlotte,Port Charlotte,350,352.0,0.0,352.0,53,Cash App,No Discount,3.0
4819,2025-01-27,CUST0639,Noah Davis,Returning,Interior Detail,Instagram,Sarasota,Venice,90,85.0,0.0,85.0,82,Card,VIP ,4.0
4820,2025-10-03,CUST0743,Noah Davis,Returning,Interior Detail,Instagram,Sarasota,North Port,90,101.0,0.0,101.0,35,Venmo,VIP ,4.0
4821,2025-05-20,CUST0285,John Martinez,Returning,Full Detail,Referral,Sarasota,Sarasota,150,152.0,5.0,157.0,178,Cash App,NEWCUSTOMER,4.0
4822,2025-10-26,CUST0906,John Martinez,Returning,Full Detail,Youtube,Sarasota,Sarasota,150,167.0,0.0,167.0,109,Zelle,No Discount,5.0
4823,2025-10-14,CUST1072,Sofia Brown,Returning,Basic Wash,Referral,Charlotte,Port Charlotte,40,49.0,20.0,69.0,91,Cash,No Discount,4.0
4824,2025-04-01,CUST0701,Sofia Martinez,Returning,Ceramic Coating,TikTok,Sarasota,Sarasota,350,345.0,10.0,355.0,103,Venmo,No Discount,No Feedback
4825,2025-03-02,CUST0353,Olivia Smith,Returning,Full Detail,Referral,Charlotte,Port Charlotte,150,152.0,0.0,152.0,59,Cash,VIP ,No Feedback
4826,2025-12-31,CUST0624,Emma Wilson,Returning,Interior Detail,Facebook,Charlotte,Punta Gorda,90,99.0,0.0,99.0,135,Card,No Discount,No Feedback
4827,2025-12-13,CUST0059,Alex Smith,Returning,Premium Wash,Facebook,Sarasota,Venice,70,72.0,0.0,72.0,55,Cash,VIP ,5.0
4828,2025-06-12,CUST0243,Mary Taylor,Returning,Basic Wash,TikTok,Charlotte,Punta Gorda,40,38.0,10.0,48.0,153,Cash,No Discount,4.0
4829,2025-12-17,CUST0456,Emma Wilson,Returning,Ceramic Coating,Facebook,Charlotte,Port Charlotte,350,383.0,0.0,383.0,143,Venmo,No Discount,4.0
4830,2025-05-23,CUST0264,Liam Garcia,Returning,Premium Wash,Facebook,Sarasota,Sarasota,70,68.0,0.0,68.0,175,Venmo,No Discount,5.0
4831,2025-09-10,CUST0292,Alex Smith,Returning,Basic Wash,TikTok,Sarasota,Sarasota,40,44.0,15.0,59.0,104,Cash,NEWCUSTOMER,4.0
4832,2025-09-26,CUST0465,Alex Johnson,Returning,Basic Wash,TikTok,Charlotte,Port Charlotte,40,44.0,10.0,54.0,75,Cash App,VIP ,3.0
4833,2025-10-18,CUST0630,Mary Wilson,Returning,Premium Wash,Instagram,Sarasota,North Port,70,77.0,5.0,82.0,158,Cash App,No Discount,4.0
4834,2025-07-06,CUST0257,Sofia Garcia,Returning,Ceramic Coating,Instagram,Sarasota,Sarasota,350,383.0,5.0,388.0,47,Zelle,No Discount,5.0
4835,2025-10-31,CUST0430,Emma Miller,Returning,Premium Wash,TikTok,Sarasota,North Port,70,75.0,5.0,80.0,33,Card,NEWCUSTOMER,3.0
4836,2025-10-18,CUST0267,John Taylor,Returning,Premium Wash,Referral,Charlotte,Port Charlotte,70,77.0,0.0,77.0,178,Card,VIP ,3.0
4837,2025-03-27,CUST0161,Sofia Miller,Returning,Basic Wash,Instagram,Charlotte,Port Charlotte,40,35.0,10.0,45.0,114,Cash,SUMMER10,4.0
4838,2025-06-15,CUST0871,Emma Smith,Returning,Premium Wash,TikTok,Charlotte,Punta Gorda,70,70.0,5.0,75.0,92,Venmo,SUMMER10,4.0
4839,2025-04-24,CUST0229,Alex Wilson,Returning,Basic Wash,TikTok,Sarasota,Sarasota,40,40.0,15.0,55.0,95,Cash,No Discount,3.0
4840,2025-12-22,CUST0160,Noah Wilson,Returning,Interior Detail,Youtube,Sarasota,Sarasota,90,94.0,10.0,104.0,162,Zelle,No Discount,4.0
4841,2025-07-02,CUST0039,Emma Miller,Returning,Premium Wash,Facebook,Charlotte,Port Charlotte,70,77.0,15.0,92.0,91,Venmo,No Discount,5.0
4842,2025-07-26,CUST0992,Ava Garcia,Returning,Interior Detail,Youtube,Charlotte,Punta Gorda,90,99.0,10.0,109.0,51,Card,No Discount,5.0
4843,2025-09-13,CUST0884,Liam Brown,Returning,Basic Wash,Referral,Charlotte,Punta Gorda,40,49.0,5.0,54.0,38,Cash,VIP ,5.0
4844,2025-08-23,CUST0088,Noah Miller,Returning,Interior Detail,Facebook,Sarasota,North Port,90,104.0,20.0,124.0,108,Card,No Discount,5.0
4845,2025-12-21,CUST0403,Alex Davis,Returning,Full Detail,TikTok,Charlotte,Port Charlotte,150,170.0,20.0,190.0,87,Cash,No Discount,5.0
4846,2025-01-03,CUST0221,Emma Taylor,Returning,Full Detail,Youtube,Sarasota,Sarasota,150,152.0,0.0,152.0,108,Zelle,NEWCUSTOMER,4.0
4847,2025-07-27,CUST0068,Liam Johnson,Returning,Basic Wash,Youtube,Charlotte,Port Charlotte,40,44.0,0.0,44.0,77,Card,VIP ,5.0
4848,2025-07-16,CUST1052,Liam Taylor,Returning,Interior Detail,Youtube,Charlotte,Punta Gorda,90,99.0,0.0,99.0,80,Card,No Discount,4.0
4849,2025-12-07,CUST0122,John Smith,Returning,Ceramic Coating,Youtube,Charlotte,Port Charlotte,350,380.0,15.0,395.0,142,Cash,VIP ,4.0
4850,2025-05-05,CUST0961,Mary Davis,Returning,Basic Wash,Youtube,Sarasota,Venice,40,38.0,0.0,38.0,160,Card,No Discount,5.0
4851,2025-05-18,CUST0244,Sofia Anderson,Returning,Basic Wash,Instagram,Sarasota,North Port,40,40.0,0.0,40.0,45,Card,VIP ,4.0
4852,2025-12-05,CUST0519,Noah Martinez,Returning,Ceramic Coating,Instagram,Charlotte,Punta Gorda,350,383.0,5.0,403.0,131,Card,No Discount,No Feedback
4853,2025-01-25,CUST0089,Noah Miller,Returning,Ceramic Coating,Referral,Charlotte,Punta Gorda,350,350.0,5.0,355.0,105,Zelle,SUMMER10,3.0
4854,2025-03-09,CUST0136,Emma Brown,Returning,Basic Wash,TikTok,Sarasota,Venice,40,42.0,15.0,57.0,179,Cash,SUMMER10,4.0
4855,2025-03-02,CUST0618,Liam Garcia,Returning,Full Detail,TikTok,Sarasota,North Port,150,150.0,5.0,155.0,84,Card,No Discount,5.0
4856,2025-01-29,CUST0022,Noah Anderson,Returning,Ceramic Coating,Youtube,Sarasota,Sarasota,350,350.0,15.0,365.0,89,Cash,NEWCUSTOMER,No Feedback
4857,2025-01-19,CUST0198,Noah Miller,Returning,Interior Detail,Facebook,Sarasota,Sarasota,90,90.0,0.0,90.0,143,Card,No Discount,5.0
4858,2025-06-20,CUST0254,Olivia Brown,Returning,Interior Detail,Instagram,Sarasota,Venice,90,92.0,15.0,107.0,151,Card,No Discount,4.0
4859,2025-03-15,CUST0421,Sofia Wilson,Returning,Ceramic Coating,Referral,Sarasota,Sarasota,350,348.0,5.0,353.0,106,Card,No Discount,4.0
4860,2025-03-02,CUST0410,John Wilson,Returning,Interior Detail,Facebook,Sarasota,Venice,90,88.0,0.0,88.0,167,Cash App,SUMMER10,4.0
4861,2025-06-02,CUST0379,Alex Martinez,Returning,Ceramic Coating,Referral,Charlotte,Punta Gorda,350,355.0,5.0,360.0,82,Zelle,No Discount,4.0
4862,2025-10-03,CUST0720,Mary Johnson,Returning,Premium Wash,Youtube,Charlotte,Punta Gorda,70,79.0,20.0,99.0,82,Venmo,NEWCUSTOMER,3.0
4863,2025-02-17,CUST0060,Sofia Martinez,Returning,Interior Detail,TikTok,Charlotte,Punta Gorda,90,95.0,0.0,95.0,66,Card,VIP ,4.0
4864,2025-07-30,CUST0186,Lewis Garcia,Returning,Full Detail,Youtube,Sarasota,Venice,150,165.0,0.0,165.0,75,Card,VIP ,4.0
4865,2025-12-09,CUST0299,Alex Anderson,Returning,Full Detail,TikTok,Charlotte,Punta Gorda,150,165.0,15.0,180.0,60,Cash,No Discount,3.0
4866,2025-05-19,CUST0569,Mary Davis,Returning,Basic Wash,Facebook,Charlotte,Punta Gorda,40,42.0,15.0,57.0,140,Cash,VIP ,4.0
4867,2025-04-20,CUST1188,Ava Garcia,Returning,Full Detail,Referral,Charlotte,Punta Gorda,150,148.0,5.0,168.0,143,Cash,VIP ,4.0
4868,2025-07-02,CUST0713,John Johnson,Returning,Full Detail,Youtube,Charlotte,Port Charlotte,150,170.0,0.0,170.0,92,Venmo,No Discount,3.0
4869,2025-01-28,CUST0722,Olivia Davis,Returning,Full Detail,Youtube,Sarasota,Sarasota,150,150.0,5.0,155.0,153,Card,No Discount,4.0
4870,2025-07-16,CUST0329,Mary Garcia,Returning,Basic Wash,Referral,Sarasota,Venice,40,44.0,0.0,44.0,80,Cash App,No Discount,3.0
4871,2025-07-10,CUST1026,Ava Miller,Returning,Interior Detail,Facebook,Sarasota,Venice,90,97.0,20.0,117.0,127,Card,NEWCUSTOMER,5.0
4872,2025-11-11,CUST0496,Emma Brown,Returning,Ceramic Coating,Referral,Charlotte,Punta Gorda,350,390.0,20.0,410.0,52,Cash,No Discount,5.0
4873,2025-02-20,CUST1035,Noah Taylor,Returning,Interior Detail,Facebook,Sarasota,Venice,90,88.0,20.0,108.0,169,Venmo,SUMMER10,5.0
4874,2025-05-29,CUST1168,Liam Brown,Returning,Ceramic Coating,Instagram,Sarasota,North Port,350,352.0,15.0,367.0,130,Card,No Discount,4.0
4875,2025-09-25,CUST0140,Mary Johnson,Returning,Interior Detail,Instagram,Sarasota,North Port,90,99.0,5.0,104.0,32,Card,No Discount,3.0
4876,2025-02-19,CUST0203,Liam Martinez,Returning,Premium Wash,TikTok,Sarasota,Sarasota,70,70.0,20.0,90.0,93,Cash,VIP ,4.0
4877,2025-09-03,CUST1185,John Wilson,Returning,Ceramic Coating,Referral,Sarasota,North Port,350,390.0,20.0,410.0,66,Cash,NEWCUSTOMER,No Feedback
4878,2025-04-23,CUST0029,Lewis Anderson,Returning,Basic Wash,Instagram,Sarasota,Venice,40,45.0,5.0,50.0,94,Cash,VIP ,No Feedback
4879,2025-06-19,CUST1084,Noah Wilson,Returning,Ceramic Coating,Referral,Charlotte,Port Charlotte,350,350.0,10.0,360.0,44,Cash App,NEWCUSTOMER,4.0
4880,2025-06-15,CUST0445,John Brown,Returning,Full Detail,TikTok,Sarasota,North Port,150,145.0,20.0,165.0,138,Zelle,No Discount,5.0
4881,2025-01-14,CUST0393,Lewis Davis,Returning,Full Detail,Youtube,Sarasota,Venice,150,148.0,20.0,168.0,162,Cash,No Discount,5.0
4882,2025-07-22,CUST0578,Sofia Miller,Returning,Full Detail,Unknown,Charlotte,Punta Gorda,150,170.0,5.0,175.0,135,Cash App,No Discount,4.0
4883,2025-10-15,CUST0352,Mary Garcia,Returning,Full Detail,Youtube,Charlotte,Punta Gorda,150,165.0,0.0,165.0,73,Cash,NEWCUSTOMER,4.0
4884,2025-07-08,CUST1101,Sofia Martinez,Returning,Premium Wash,Youtube,Sarasota,North Port,70,77.0,20.0,97.0,84,Venmo,No Discount,No Feedback
4885,2025-06-04,CUST0009,Noah Wilson,Returning,Ceramic Coating,Referral,Charlotte,Punta Gorda,350,345.0,10.0,355.0,95,Cash,No Discount,3.0
4886,2025-02-24,CUST0203,Lewis Davis,Returning,Premium Wash,TikTok,Sarasota,Sarasota,70,72.0,0.0,72.0,46,Cash,SUMMER10,3.0
4887,2025-07-01,CUST0439,Noah Anderson,Returning,Basic Wash,Facebook,Sarasota,Sarasota,40,42.0,15.0,57.0,123,Cash,SUMMER10,No Feedback
4888,2025-07-29,CUST1033,Liam Miller,Returning,Basic Wash,Instagram,Charlotte,Port Charlotte,40,49.0,15.0,64.0,77,Card,VIP ,4.0
4889,2025-03-16,CUST0973,Noah Taylor,Returning,Basic Wash,TikTok,Charlotte,Punta Gorda,40,38.0,0.0,38.0,53,Cash App,No Discount,3.0
4890,2025-10-04,CUST0751,Alex Brown,Returning,Premium Wash,Youtube,Sarasota,North Port,70,82.0,10.0,92.0,167,Cash,SUMMER10,5.0
4891,2025-05-13,CUST0380,Noah Garcia,Returning,Full Detail,Youtube,Charlotte,Port Charlotte,150,152.0,0.0,152.0,99,Zelle,NEWCUSTOMER,5.0
4892,2025-12-09,CUST0901,Liam Davis,Returning,Full Detail,Facebook,Sarasota,Sarasota,150,165.0,0.0,165.0,45,Cash,NEWCUSTOMER,4.0
4893,2025-02-28,CUST0220,Noah Davis,Returning,Basic Wash,Facebook,Charlotte,Punta Gorda,40,35.0,5.0,40.0,177,Card,No Discount,5.0
4894,2025-12-11,CUST0371,Emma Garcia,Returning,Interior Detail,TikTok,Charlotte,Punta Gorda,90,99.0,20.0,119.0,162,Cash,VIP ,5.0
4895,2025-07-01,CUST0727,Liam Garcia,Returning,Full Detail,Facebook,Sarasota,North Port,150,165.0,0.0,165.0,40,Card,No Discount,5.0
4896,2025-12-05,CUST0778,Emma Anderson,Returning,Basic Wash,Referral,Charlotte,Punta Gorda,40,44.0,5.0,49.0,136,Card,No Discount,5.0
4897,2025-11-17,CUST0869,John Taylor,Returning,Full Detail,Youtube,Sarasota,Sarasota,150,163.0,5.0,168.0,61,Cash App,No Discount,5.0
4898,2025-03-05,CUST0439,Liam Anderson,Returning,Basic Wash,Facebook,Sarasota,Sarasota,40,45.0,10.0,55.0,92,Cash,VIP ,5.0
4899,2025-11-23,CUST1054,Ava Johnson,Returning,Basic Wash,Facebook,Sarasota,Sarasota,40,44.0,20.0,64.0,39,Card,NEWCUSTOMER,4.0
4900,2025-09-17,CUST0467,Alex Brown,Returning,Interior Detail,Referral,Sarasota,Sarasota,90,104.0,10.0,114.0,47,Venmo,SUMMER10,4.0
4901,2025-07-12,CUST0835,Sofia Garcia,Returning,Basic Wash,TikTok,Charlotte,Port Charlotte,40,49.0,0.0,49.0,59,Cash,NEWCUSTOMER,No Feedback
4902,2025-05-23,CUST0232,Sofia Martinez,Returning,Interior Detail,TikTok,Sarasota,Sarasota,90,92.0,5.0,97.0,151,Card,NEWCUSTOMER,4.0
4903,2025-04-14,CUST0644,Ava Wilson,Returning,Ceramic Coating,Referral,Sarasota,Sarasota,350,350.0,5.0,355.0,139,Card,VIP ,5.0
4904,2025-08-02,CUST0254,Alex Johnson,Returning,Full Detail,Instagram,Sarasota,Venice,150,165.0,0.0,165.0,122,Card,SUMMER10,4.0
4905,2025-08-30,CUST0955,Olivia Wilson,Returning,Interior Detail,Facebook,Sarasota,Sarasota,90,99.0,20.0,119.0,152,Card,No Discount,5.0
4906,2025-07-28,CUST0226,Olivia Taylor,Returning,Ceramic Coating,Instagram,Charlotte,Port Charlotte,350,390.0,0.0,390.0,65,Card,No Discount,4.0
4907,2025-04-03,CUST1065,Noah Smith,Returning,Full Detail,Referral,Charlotte,Punta Gorda,150,152.0,10.0,162.0,80,Cash,NEWCUSTOMER,4.0
4908,2025-05-22,CUST0279,Emma Miller,Returning,Premium Wash,Youtube,Charlotte,Punta Gorda,70,75.0,15.0,90.0,43,Zelle,No Discount,5.0
4909,2025-04-22,CUST1016,John Davis,Returning,Ceramic Coating,TikTok,Sarasota,Venice,350,348.0,0.0,348.0,72,Cash App,SUMMER10,4.0
4910,2025-02-28,CUST0740,Sofia Miller,Returning,Full Detail,Referral,Charlotte,Port Charlotte,150,148.0,0.0,148.0,162,Card,SUMMER10,5.0
4911,2025-02-12,CUST0591,Olivia Anderson,Returning,Basic Wash,Youtube,Sarasota,North Port,40,38.0,0.0,38.0,53,Card,No Discount,3.0
4912,2025-07-26,CUST1142,Emma Martinez,Returning,Basic Wash,Instagram,Sarasota,Sarasota,40,49.0,0.0,49.0,59,Card,No Discount,3.0
4913,2025-09-25,CUST0084,Liam Davis,Returning,Ceramic Coating,Instagram,Charlotte,Port Charlotte,350,380.0,0.0,380.0,161,Cash,SUMMER10,4.0
4914,2025-10-23,CUST0169,Emma Anderson,Returning,Basic Wash,Unknown,Charlotte,Port Charlotte,40,39.0,5.0,44.0,81,Zelle,NEWCUSTOMER,5.0
4915,2025-04-28,CUST0672,Liam Davis,Returning,Basic Wash,Facebook,Charlotte,Port Charlotte,40,42.0,0.0,42.0,40,Card,VIP ,3.0
4916,2025-01-20,CUST1012,John Smith,Returning,Basic Wash,TikTok,Sarasota,Venice,40,35.0,0.0,35.0,38,Cash,VIP ,3.0
4917,2025-08-10,CUST0237,Liam Brown,Returning,Basic Wash,Youtube,Charlotte,Port Charlotte,40,46.0,0.0,46.0,70,Card,No Discount,4.0
4918,2025-06-15,CUST0789,Ava Anderson,Returning,Interior Detail,Facebook,Sarasota,Sarasota,90,90.0,15.0,105.0,172,Cash App,No Discount,4.0
4919,2025-05-11,CUST0581,Mary Anderson,Returning,Ceramic Coating,Facebook,Sarasota,North Port,350,350.0,10.0,360.0,168,Zelle,No Discount,5.0
4920,2025-06-05,CUST0936,Alex Wilson,Returning,Interior Detail,Facebook,Sarasota,North Port,90,88.0,0.0,88.0,103,Cash,No Discount,3.0
4921,2025-07-03,CUST0639,Ava Taylor,Returning,Basic Wash,Instagram,Sarasota,Venice,40,46.0,10.0,56.0,38,Venmo,No Discount,5.0
4922,2025-03-31,CUST0910,Olivia Davis,Returning,Full Detail,Instagram,Sarasota,North Port,150,148.0,0.0,148.0,85,Card,No Discount,4.0
4923,2025-04-04,CUST0463,Liam Taylor,Returning,Ceramic Coating,Youtube,Sarasota,Sarasota,350,355.0,0.0,355.0,121,Venmo,SUMMER10,5.0
4924,2025-01-13,CUST1135,Sofia Davis,Returning,Full Detail,Instagram,Sarasota,Sarasota,150,148.0,15.0,163.0,56,Cash App,SUMMER10,5.0
4925,2025-11-18,CUST0835,Noah Miller,Returning,Premium Wash,TikTok,Charlotte,Port Charlotte,70,75.0,20.0,95.0,152,Card,NEWCUSTOMER,No Feedback
4926,2025-10-20,CUST0596,Olivia Garcia,Returning,Interior Detail,Referral,Sarasota,North Port,90,97.0,10.0,107.0,72,Venmo,No Discount,No Feedback
4927,2025-08-18,CUST0877,Ava Brown,Returning,Interior Detail,Facebook,Sarasota,North Port,90,99.0,20.0,119.0,120,Cash App,No Discount,No Feedback
4928,2025-11-18,CUST0387,Liam Anderson,Returning,Premium Wash,Referral,Sarasota,Venice,70,77.0,15.0,92.0,91,Cash,No Discount,4.0
4929,2025-10-19,CUST0143,Mary Miller,Returning,Basic Wash,Referral,Charlotte,Punta Gorda,40,44.0,15.0,59.0,39,Cash App,NEWCUSTOMER,4.0
4930,2025-01-26,CUST0975,John Brown,Returning,Basic Wash,Referral,Sarasota,Sarasota,40,45.0,5.0,50.0,133,Zelle,VIP ,4.0
4931,2025-03-16,CUST0753,Ava Anderson,Returning,Basic Wash,Facebook,Sarasota,Sarasota,40,40.0,5.0,55.0,92,Cash App,No Discount,5.0
4932,2025-12-30,CUST0368,Alex Smith,Returning,Premium Wash,Instagram,Charlotte,Punta Gorda,70,82.0,10.0,92.0,43,Cash App,NEWCUSTOMER,4.0
4933,2025-10-26,CUST0027,Noah Taylor,Returning,Premium Wash,Youtube,Charlotte,Punta Gorda,70,77.0,5.0,82.0,147,Cash,No Discount,4.0
4934,2025-05-30,CUST1007,John Martinez,Returning,Ceramic Coating,Facebook,Charlotte,Port Charlotte,350,350.0,10.0,360.0,161,Card,No Discount,5.0
4935,2025-05-28,CUST0216,Ava Martinez,New,Ceramic Coating,Youtube,Charlotte,Punta Gorda,350,352.0,0.0,352.0,97,Venmo,VIP ,3.0
4936,2025-01-08,CUST0812,Alex Anderson,Returning,Interior Detail,Unknown,Sarasota,Sarasota,90,85.0,10.0,95.0,73,Zelle,No Discount,4.0
4937,2025-01-29,CUST0898,Liam Johnson,Returning,Full Detail,Unknown,Sarasota,Venice,150,152.0,0.0,152.0,58,Cash,No Discount,3.0
4938,2025-10-23,CUST1071,Sofia Anderson,Returning,Premium Wash,Referral,Charlotte,Punta Gorda,70,72.0,15.0,87.0,82,Cash,No Discount,5.0
4939,2025-07-28,CUST0175,Lewis Martinez,Returning,Ceramic Coating,Instagram,Sarasota,Sarasota,350,390.0,0.0,390.0,108,Card,NEWCUSTOMER,4.0
4940,2025-05-08,CUST0245,Olivia Johnson,Returning,Basic Wash,Youtube,Sarasota,Venice,40,42.0,0.0,42.0,148,Zelle,No Discount,4.0
4941,2025-12-06,CUST0294,Lewis Anderson,Returning,Basic Wash,TikTok,Charlotte,Punta Gorda,40,42.0,20.0,62.0,55,Zelle,VIP ,4.0
4942,2025-04-26,CUST0809,Noah Miller,Returning,Full Detail,Youtube,Sarasota,Venice,150,145.0,0.0,145.0,98,Cash,NEWCUSTOMER,4.0
4943,2025-05-24,CUST0821,Lewis Johnson,Returning,Ceramic Coating,Instagram,Sarasota,North Port,350,350.0,20.0,370.0,52,Card,No Discount,5.0
4944,2025-11-14,CUST0209,Sofia Martinez,Returning,Interior Detail,Facebook,Sarasota,Venice,90,99.0,5.0,104.0,146,Zelle,SUMMER10,4.0
4945,2025-08-23,CUST0346,Liam Wilson,Returning,Interior Detail,Youtube,Sarasota,Sarasota,90,99.0,10.0,109.0,157,Card,No Discount,3.0
4946,2025-01-07,CUST0133,Lewis Wilson,Returning,Interior Detail,TikTok,Sarasota,North Port,90,88.0,0.0,88.0,149,Card,No Discount,4.0
4947,2025-02-14,CUST0745,Sofia Smith,Returning,Ceramic Coating,TikTok,Sarasota,North Port,350,348.0,20.0,368.0,149,Cash App,No Discount,3.0
4948,2025-08-27,CUST0408,John Johnson,Returning,Interior Detail,TikTok,Sarasota,Sarasota,90,94.0,5.0,99.0,156,Venmo,VIP ,4.0
4949,2025-06-04,CUST0694,Olivia Martinez,Returning,Full Detail,Referral,Sarasota,Sarasota,150,155.0,15.0,170.0,48,Cash,No Discount,No Feedback
4950,2025-06-30,CUST0411,John Anderson,Returning,Ceramic Coating,Referral,Sarasota,North Port,350,350.0,0.0,350.0,126,Venmo,VIP ,5.0
4951,2025-08-03,CUST0828,Liam Johnson,Returning,Premium Wash,Youtube,Sarasota,Venice,70,72.0,20.0,92.0,158,Venmo,NEWCUSTOMER,4.0
4952,2025-03-29,CUST0252,Noah Brown,Returning,Full Detail,Youtube,Charlotte,Punta Gorda,150,148.0,15.0,163.0,31,Card,No Discount,4.0
4953,2025-09-13,CUST0477,Noah Garcia,Returning,Interior Detail,TikTok,Sarasota,Sarasota,90,101.0,0.0,101.0,148,Card,No Discount,5.0
4954,2025-03-14,CUST0870,Olivia Wilson,Returning,Ceramic Coating,Instagram,Sarasota,Venice,350,345.0,5.0,350.0,132,Zelle,SUMMER10,3.0
4955,2025-06-28,CUST1023,Olivia Smith,Returning,Interior Detail,Instagram,Sarasota,Sarasota,90,88.0,5.0,93.0,147,Venmo,SUMMER10,No Feedback
4956,2025-07-31,CUST0571,Alex Taylor,Returning,Interior Detail,Instagram,Sarasota,Sarasota,90,99.0,20.0,119.0,166,Card,No Discount,4.0
4957,2025-10-20,CUST1192,Noah Miller,Returning,Ceramic Coating,Referral,Charlotte,Port Charlotte,350,383.0,0.0,383.0,159,Card,VIP ,3.0
4958,2025-08-22,CUST0560,Alex Garcia,Returning,Basic Wash,Referral,Sarasota,North Port,40,49.0,0.0,49.0,65,Venmo,SUMMER10,5.0
4959,2025-08-27,CUST0820,John Wilson,Returning,Interior Detail,Referral,Charlotte,Punta Gorda,90,101.0,15.0,116.0,109,Cash,No Discount,5.0
4960,2025-08-11,CUST0730,Alex Taylor,Returning,Interior Detail,TikTok,Charlotte,Port Charlotte,90,97.0,10.0,107.0,95,Cash,No Discount,4.0
4961,2025-04-29,CUST0975,Noah Brown,Returning,Ceramic Coating,Referral,Sarasota,Sarasota,350,352.0,0.0,352.0,62,Venmo,VIP ,4.0
4962,2025-11-09,CUST0829,Noah Anderson,Returning,Full Detail,TikTok,Charlotte,Punta Gorda,150,165.0,15.0,180.0,80,Cash,No Discount,No Feedback
4963,2025-09-21,CUST0993,Sofia Johnson,Returning,Premium Wash,Referral,Sarasota,Sarasota,70,75.0,0.0,75.0,173,Card,SUMMER10,No Feedback
4964,2025-07-26,CUST1048,Sofia Anderson,Returning,Basic Wash,Youtube,Charlotte,Punta Gorda,40,49.0,5.0,54.0,158,Zelle,No Discount,No Feedback
4965,2025-04-05,CUST0572,Lewis Miller,Returning,Basic Wash,Youtube,Charlotte,Port Charlotte,40,38.0,15.0,53.0,102,Card,NEWCUSTOMER,4.0
4966,2025-08-10,CUST0302,Emma Brown,Returning,Interior Detail,Facebook,Sarasota,North Port,90,94.0,15.0,109.0,112,Cash,NEWCUSTOMER,3.0
4967,2025-10-03,CUST0932,Sofia Anderson,Returning,Basic Wash,Facebook,Sarasota,Sarasota,40,44.0,20.0,64.0,141,Cash App,NEWCUSTOMER,No Feedback
4968,2025-08-19,CUST0222,Olivia Garcia,Returning,Full Detail,Instagram,Charlotte,Punta Gorda,150,160.0,10.0,170.0,143,Cash,No Discount,4.0
4969,2025-11-05,CUST0251,Emma Martinez,Returning,Full Detail,Facebook,Sarasota,Sarasota,150,167.0,15.0,182.0,155,Cash,No Discount,3.0
4970,2025-04-29,CUST0514,Alex Taylor,Returning,Full Detail,TikTok,Sarasota,Venice,150,145.0,20.0,165.0,126,Zelle,NEWCUSTOMER,3.0
4971,2025-09-25,CUST1003,Noah Anderson,Returning,Ceramic Coating,TikTok,Charlotte,Punta Gorda,350,385.0,10.0,395.0,57,Cash,No Discount,No Feedback
4972,2025-09-30,CUST1019,Mary Miller,Returning,Full Detail,Other,Sarasota,Venice,150,160.0,20.0,180.0,100,Card,No Discount,5.0
4973,2025-03-05,CUST0473,Liam Wilson,Returning,Ceramic Coating,TikTok,Charlotte,Port Charlotte,350,350.0,10.0,360.0,61,Cash,No Discount,5.0
4974,2025-10-25,CUST0276,Noah Davis,Returning,Full Detail,Other,Sarasota,Venice,150,165.0,5.0,170.0,124,Cash,No Discount,5.0
4975,2025-12-16,CUST0061,Mary Wilson,Returning,Full Detail,Instagram,Charlotte,Port Charlotte,150,167.0,5.0,172.0,173,Cash App,No Discount,4.0
4976,2025-01-11,CUST0204,Ava Garcia,Returning,Interior Detail,Facebook,Sarasota,North Port,90,90.0,20.0,110.0,82,Cash App,No Discount,No Feedback
4977,2025-04-08,CUST0109,Olivia Martinez,Returning,Basic Wash,TikTok,Sarasota,Venice,40,45.0,10.0,55.0,133,Cash,No Discount,5.0
4978,2025-03-12,CUST0140,John Miller,Returning,Basic Wash,Instagram,Sarasota,North Port,40,45.0,10.0,55.0,156,Venmo,No Discount,4.0
4979,2025-12-30,CUST1021,Mary Davis,Returning,Interior Detail,Youtube,Charlotte,Port Charlotte,90,99.0,10.0,109.0,103,Zelle,VIP ,3.0
4980,2025-02-27,CUST0055,John Johnson,Returning,Premium Wash,Youtube,Sarasota,Venice,70,65.0,0.0,65.0,144,Venmo,NEWCUSTOMER,5.0
4981,2025-10-17,CUST0367,Noah Miller,Returning,Ceramic Coating,Youtube,Charlotte,Punta Gorda,350,390.0,15.0,405.0,36,Cash,No Discount,5.0
4982,2025-09-08,CUST0784,Olivia Smith,Returning,Basic Wash,Referral,Charlotte,Port Charlotte,40,49.0,10.0,59.0,180,Cash,NEWCUSTOMER,4.0
4983,2025-10-03,CUST0670,Liam Johnson,Returning,Ceramic Coating,TikTok,Sarasota,North Port,350,387.0,20.0,407.0,53,Cash,No Discount,4.0
4984,2025-02-19,CUST0313,Alex Miller,Returning,Ceramic Coating,Facebook,Sarasota,Sarasota,350,345.0,15.0,360.0,143,Cash App,No Discount,No Feedback
4985,2025-12-24,CUST0621,Ava Anderson,Returning,Basic Wash,Facebook,Charlotte,Punta Gorda,40,44.0,0.0,44.0,146,Cash,No Discount,4.0
4986,2025-08-04,CUST0198,Alex Taylor,Returning,Premium Wash,Facebook,Sarasota,Sarasota,70,77.0,0.0,77.0,160,Card,No Discount,No Feedback
4987,2025-02-21,CUST0157,Mary Smith,Returning,Full Detail,Facebook,Sarasota,North Port,150,152.0,10.0,162.0,126,Cash,No Discount,4.0
4988,2025-09-28,CUST1065,John Anderson,Returning,Basic Wash,Referral,Charlotte,Punta Gorda,40,46.0,20.0,66.0,85,Venmo,No Discount,4.0
4989,2025-03-25,CUST1009,Emma Garcia,Returning,Interior Detail,Instagram,Sarasota,Sarasota,90,88.0,5.0,93.0,168,Cash,No Discount,4.0
4990,2025-10-20,CUST0955,Liam Garcia,Returning,Basic Wash,Facebook,Sarasota,Sarasota,40,42.0,20.0,62.0,67,Cash,NEWCUSTOMER,5.0
4991,2025-05-06,CUST0414,Ava Miller,Returning,Interior Detail,TikTok,Charlotte,Punta Gorda,90,90.0,15.0,105.0,51,Cash,NEWCUSTOMER,3.0
4992,2025-10-23,CUST0602,Olivia Johnson,Returning,Premium Wash,Youtube,Charlotte,Port Charlotte,70,77.0,0.0,77.0,96,Cash,VIP ,4.0
4993,2025-03-13,CUST1020,Liam Brown,Returning,Premium Wash,TikTok,Sarasota,Sarasota,70,75.0,10.0,85.0,61,Card,VIP ,3.0
4994,2025-10-23,CUST1005,Olivia Brown,Returning,Full Detail,Referral,Sarasota,North Port,150,165.0,0.0,165.0,91,Cash,No Discount,4.0
4995,2025-08-24,CUST1034,Liam Smith,Returning,Premium Wash,Referral,Charlotte,Port Charlotte,70,79.0,15.0,94.0,38,Card,VIP ,3.0
4996,2025-02-25,CUST0536,Olivia Anderson,Returning,Premium Wash,Instagram,Sarasota,North Port,70,70.0,15.0,85.0,107,Cash App,No Discount,4.0
4997,2025-12-26,CUST1111,Lewis Miller,Returning,Ceramic Coating,Instagram,Charlotte,Punta Gorda,350,385.0,0.0,385.0,90,Venmo,No Discount,4.0
4998,2025-04-20,CUST0704,Liam Martinez,Returning,Premium Wash,Facebook,Charlotte,Port Charlotte,70,75.0,0.0,75.0,93,Card,SUMMER10,No Feedback
4999,2025-07-11,CUST1108,Emma Brown,Returning,Ceramic Coating,Youtube,Charlotte,Port Charlotte,350,390.0,15.0,405.0,78,Card,NEWCUSTOMER,No Feedback
5000,2025-04-03,CUST1120,Lewis Miller,Returning,Interior Detail,Unknown,Charlotte,Punta Gorda,90,90.0,0.0,90.0,42,Venmo,No Discount,5.0
