Job_ID,Date,Customer_ID,Customer_Name,Customer_Type,Service,Channel,County,City,Base_Price_Jan_Jun,Final_Price,Tip,Total_Amount,Duration_Minutes,Payment_Method,Discount_Code,Rating
1,13-04-2025,CUST0947,Emma Davis ,New,Basic Wash,Instagram,Sarasota,Venice,40,40,10,50,60,cash ,,4
2,2025-12-15 00:00:00,CUST0632, Liam Anderson,New,Full Detail,Word of Mouth,Sarasota,North Port,150,160,20,180,175,cash ,SUMMER10,4
3,2025-09-28 00:00:00,CUST0045,ALEX MARTINEZ,New,Interior Detail,youtube,Sarasota,Sarasota,90,94,15,109,37,Venmo,VIP ,5
4,2025-04-17 00:00:00,CUST0811,Ava  Johnson,New,Premium Wash,TikTok,Charlotte,Punta Gorda,70,68,20,88,90,Cash,,4
5,2025-03-13 00:00:00,CUST0522, Emma Davis,New,Interior Detail,FaceBook ,Sarasota,Sarasota,90,85,15,100,150,cash ,,5
6,2025-07-08 00:00:00,CUST0007,Sofia  Wilson,New,Premium Wash,Insta,Sarasota,Sarasota,70,79,5,84,106,Venmo,,4
7,2025-01-21 00:00:00,CUST0447,Ava Anderson ,New,Ceramic Coating,TikTok,Charlotte,Port Charlotte,350,345,5,350,116,cash ,,5
8,2025-04-13 00:00:00,CUST1185,Liam Brown,New,Full Detail,Word of Mouth,Sarasota,North Port,150,150,10,160,161,Cash App,VIP ,
9,2025-05-02 00:00:00,CUST0150,john anderson,New,Ceramic Coating,FB,Charlotte,Punta Gorda,350,350,20,370,174,CARD,SUMMER10,
10,2025-08-03 00:00:00,CUST0093,Alex  Garcia,New,Premium Wash,YouTube,Charlotte,Port Charlotte,70,77,5,82,98,Zelle,,
11,2025-11-27 00:00:00,CUST0868,Lewis Brown,New,Full Detail,YOUTUBE ,Sarasota,Venice,150,170,0,170,39,CARD,,5
12,2025-03-29 00:00:00,CUST0706,Emma Johnson ,New,Interior Detail,YouTube,Sarasota,Venice,90,92,0,92,106,Venmo,VIP ,4
13,2025-04-10 00:00:00,CUST0131, Emma Martinez,New,Full Detail,Insta,Sarasota,Venice,150,145,15,160,90,Cash App,SUMMER10,5
14,2025-12-26 00:00:00,CUST1109,EMMA JOHNSON,New,Interior Detail,YOUTUBE ,Charlotte,Punta Gorda,90,101,10,111,44,Zelle,SUMMER10,3
15,2025-06-01 00:00:00,CUST0124,JOHN MILLER,New,Basic Wash,tiktok,Charlotte,Punta Gorda,40,45,20,65,38,Zelle,SUMMER10,
16,2025-05-11 00:00:00,CUST0142,sofia garcia,New,Basic Wash,Word of Mouth,Charlotte,Port Charlotte,40,40,5,45,95,Venmo,,5
17,2025-05-30 00:00:00,CUST0967,noah johnson,New,Full Detail,YOUTUBE ,Charlotte,Punta Gorda,150,155,5,160,135,Cash App,,
18,2025-11-05 00:00:00,CUST0065,john davis,New,Premium Wash,Instagram,Sarasota,Sarasota,70,82,20,102,143,Cash App,,5
19,2025-09-15 00:00:00,CUST0588,Lewis  Brown,New,Interior Detail,Tik tok,Sarasota,Sarasota,90,99,20,119,152,Zelle,,5
20,2025-12-10 00:00:00,CUST0838,Sofia Johnson ,New,Basic Wash,TIKTOK,Sarasota,Venice,40,39,20,59,172,Card,,3
21,2025-10-21 00:00:00,CUST0369,olivia johnson,New,Basic Wash,FB,Sarasota,Sarasota,40,39,10,49,164,Cash App,,4
22,2025-07-11 00:00:00,CUST0278,Noah Brown,New,Interior Detail,Youtube,Sarasota,Venice,90,104,10,114,78,CARD,,5
23,2025-10-04 00:00:00,CUST0861,NOAH TAYLOR,New,Full Detail,tiktok,Charlotte,Port Charlotte,150,$170.00,20,190,84,Cash,,4
24,2025-06-10 00:00:00,CUST0767,Lewis  Davis,New,Basic Wash,YouTube,Sarasota,Venice,40,40,15,55,159,CARD,,4
25,2025-11-10 00:00:00,CUST0784,LEWIS JOHNSON,New,Basic Wash,referral,Charlotte,Port Charlotte,40,44,10,54,165,Cash,,5
26,2025-01-22 00:00:00,CUST0919, Olivia Brown,New,Ceramic Coating,facebook,Charlotte,Punta Gorda,350,350,0,350,141,Venmo,VIP ,4
27,2025-09-10 00:00:00,CUST0774,Emma Anderson ,New,Full Detail,Tik tok,Charlotte,Port Charlotte,150,160,0,160,156,cash ,SUMMER10,4
28,2025-08-24 00:00:00,CUST0770, John Anderson,New,Ceramic Coating,youtube,Sarasota,North Port,350,390,0,390,179,Card,SUMMER10,3
29,2025-12-11 00:00:00,CUST0165,John Johnson ,New,Full Detail,social,Sarasota,North Port,150,165,5,170,57,Venmo,VIP ,5
30,2025-02-18 00:00:00,CUST1105,JOHN GARCIA,New,Interior Detail,YOUTUBE ,Sarasota,Venice,90,95,0,95,175,Venmo,,5
31,2025-02-28 00:00:00,CUST0273,Noah  Garcia,New,Basic Wash,YOUTUBE ,Charlotte,Port Charlotte,40,35,0,35,83,Venmo,VIP ,4
32,2025-06-19 00:00:00,CUST0713,Olivia Davis ,New,Basic Wash,youtube,Charlotte,Port Charlotte,40,40,0,40,161,CARD,NEWCUSTOMER,4
33,2025-07-07 00:00:00,CUST0243, Alex Wilson,New,Full Detail,tiktok,Charlotte,Punta Gorda,150,170,20,190,87,Cash App,VIP ,
34,2025-09-28 00:00:00,CUST0366,John Anderson,New,Premium Wash,youtube,Charlotte,Punta Gorda,70,79,5,84,139,Cash,NEWCUSTOMER,3
35,07/09/2025,CUST1101,olivia brown,New,Ceramic Coating,YouTube,Sarasota,North Port,350,380,20,400,59,Venmo,SUMMER10,
36,2025-06-24 00:00:00,CUST0805,Ava  Garcia,New,Interior Detail,youtube,Charlotte,Port Charlotte,90,$88.00,0,88,84,Cash,SUMMER10,5
37,2025-02-20,CUST1084,Noah Garcia,New,Interior Detail,Word of Mouth,Charlotte,Port Charlotte,90,92,20,112,122,Card,,
38,2025-12-30,CUST0261,lewis wilson,New,Full Detail,referral,Sarasota,Venice,150,170,0,170,167,cash ,SUMMER10,5
39,2025-02-24 00:00:00,CUST0457,Emma Smith,New,Premium Wash,referral,Charlotte,Port Charlotte,70,70,10,80,175,Cash App,VIP ,5
40,2025-09-01 00:00:00,CUST0008,John Anderson,New,Full Detail,FaceBook ,Sarasota,Venice,150,$167.00,0,167,154,cash ,NEWCUSTOMER,
41,2025-11-16 00:00:00,CUST0047,Lewis Miller ,New,Full Detail,youtube,Sarasota,Venice,150,170,0,170,141,CARD,SUMMER10,5
42,2025-05-11 00:00:00,CUST0612,emma wilson,New,Interior Detail,instagram,Sarasota,North Port,90,95,10,105,129,Zelle,,
43,2025-11-03 00:00:00,CUST0949,JOHN SMITH,New,Full Detail,Tik tok,Charlotte,Punta Gorda,150,165,0,165,90,CARD,,3
44,2025-05-15 00:00:00,CUST1116,Emma Martinez,New,Basic Wash,instagram,Sarasota,North Port,40,42,10,52,87,Venmo,NEWCUSTOMER,4
45,2025-01-21 00:00:00,CUST0869,Mary Anderson,New,Full Detail,YOUTUBE ,Sarasota,Sarasota,150,145,15,160,57,Zelle,,3
46,2025-11-25 00:00:00,CUST1090,Mary Miller ,New,Basic Wash,FaceBook ,Charlotte,Port Charlotte,40,42,5,47,123,cash ,,5
47,2025-06-16 00:00:00,CUST0777,Alex Davis ,New,Premium Wash,Insta,Sarasota,Sarasota,70,68,10,78,165,cash ,SUMMER10,5
48,2025-10-01 00:00:00,CUST0471,Noah Smith ,New,Basic Wash,TikTok,Charlotte,Punta Gorda,40,44,10,54,110,Venmo,,5
49,2025-03-30 00:00:00,CUST0507,Emma Martinez,New,Full Detail,Referred,Charlotte,Port Charlotte,150,150,5,155,171,Venmo,,
50,2025-11-12 00:00:00,CUST0944, Mary Smith,New,Interior Detail,YOUTUBE ,Charlotte,Port Charlotte,90,104,0,104,133,CARD,SUMMER10,4
51,2025-01-14 00:00:00,CUST0709,LEWIS MILLER,New,Premium Wash,Referred,Sarasota,Sarasota,70,65,15,80,37,Cash App,SUMMER10,3
52,2025-08-30 00:00:00,CUST0318,olivia martinez,New,Full Detail,YouTube,Charlotte,Port Charlotte,150,165,20,185,176,Venmo,VIP ,5
53,2025-09-22 00:00:00,CUST0565,Liam Miller,New,Ceramic Coating,Insta,Charlotte,Punta Gorda,350,390,20,410,65,CARD,NEWCUSTOMER,4
54,2025-12-12 00:00:00,CUST0387,Mary  Martinez,New,Full Detail,Referral,Sarasota,Venice,150,163,0,163,151,Zelle,SUMMER10,4
55,2025-02-22 00:00:00,CUST0232,olivia wilson,New,Full Detail,Tik tok,Sarasota,Sarasota,150,148,15,163,66,Cash App,NEWCUSTOMER,5
56,2025-12-06 00:00:00,CUST0066,Ava Garcia,New,Ceramic Coating,Referral,Sarasota,North Port,350,385,0,385,58,Zelle,,4
57,2025-04-02 00:00:00,CUST0859,Olivia Smith,New,Basic Wash,Instagram ,Sarasota,North Port,40,$40.00,0,40,102,Zelle,,5
58,2025-09-21 00:00:00,CUST0033,Olivia  Brown,New,Premium Wash,TIKTOK,Sarasota,North Port,70,79,10,89,147,CARD,,
59,2025-02-04 00:00:00,CUST0493,John  Taylor,New,Interior Detail,FaceBook ,Charlotte,Port Charlotte,90,95,0,95,52,Venmo,VIP ,
60,2025-07-25 00:00:00,CUST0423,mary anderson,New,Ceramic Coating,FB,Sarasota,Venice,350,383,15,398,151,Cash,,5
61,2025-03-22 00:00:00,CUST0138,Noah Brown ,New,Ceramic Coating,FaceBook ,Sarasota,Sarasota,350,345,0,345,155,Cash,NEWCUSTOMER,4
62,2025-02-19 00:00:00,CUST0207,JOHN TAYLOR,New,Premium Wash,Instagram,Charlotte,Port Charlotte,70,70,20,90,134,Card,,5
63,2025-12-26 00:00:00,CUST0069, Sofia Wilson,New,Basic Wash,Facebook,Charlotte,Port Charlotte,40,42,15,57,91,Venmo,NEWCUSTOMER,3
64,2025-01-02 00:00:00,CUST0915, Mary Miller,New,Basic Wash,Youtube,Charlotte,Punta Gorda,40,40,15,55,171,Cash App,,
65,2025-02-23 00:00:00,CUST0100,John Smith ,New,Premium Wash,FACEBOOK,Sarasota,Sarasota,70,72,15,87.0,138,Venmo,NEWCUSTOMER,4
66,2025-04-16 00:00:00,CUST0502,lewis smith,New,Interior Detail,Word of Mouth,Charlotte,Punta Gorda,90,95,15,110,84,Cash App,NEWCUSTOMER,3
67,2025-09-17 00:00:00,CUST0091,Emma  Garcia,New,Premium Wash,Word of Mouth,Sarasota,Venice,70,79,5,84,159,cash ,,
68,2025-11-06 00:00:00,CUST0824, Alex Davis,New,Ceramic Coating,Facebook,Sarasota,Venice,350,385,0,385,31,Cash App,VIP ,
69,2025-07-10 00:00:00,CUST0899,Noah  Brown,New,Basic Wash,social,Charlotte,Port Charlotte,40,44,15,59,126,Cash,,4
70,2025-08-06 00:00:00,CUST0480,SOFIA WILSON,New,Premium Wash,,Charlotte,Port Charlotte,70,72,20,92,107,Cash,,5
71,2025-02-13 00:00:00,CUST1106,Liam  Miller,New,Interior Detail,YouTube,Sarasota,North Port,90,92,10,102,158,Cash App,NEWCUSTOMER,5
72,2025-06-11 00:00:00,CUST0445, John Anderson,New,Ceramic Coating,TIKTOK,Sarasota,North Port,350,355,0,355,100,CARD,VIP ,
73,2025-07-21 00:00:00,CUST0116,OLIVIA WILSON,New,Full Detail,Instagram ,Charlotte,Port Charlotte,150,165,-5,185,61,Zelle,,3
74,2025-09-27 00:00:00,CUST0287,mary miller,New,Ceramic Coating,Facebook,Charlotte,Port Charlotte,350,380,20,400,87,Card,,4
75,2025-12-17 00:00:00,CUST1032,EMMA SMITH,New,Interior Detail,tiktok,Sarasota,Sarasota,90,97,10,107,57,Zelle,,5
76,2025-10-31 00:00:00,CUST0593,Alex Smith ,New,Basic Wash,YouTube,Sarasota,Sarasota,40,44,20,64,110,Cash,,5
77,2025-09-28 00:00:00,CUST0480, Olivia Davis,Returning,Premium Wash,YOUTUBE ,Charlotte,Port Charlotte,70,79,10,89,32,Zelle,,4
78,2025-08-03 00:00:00,CUST1180,LIAM GARCIA,New,Ceramic Coating,TikTok,Charlotte,Punta Gorda,350,383,0,383,176,cash ,SUMMER10,
79,2025-09-09 00:00:00,CUST0654, Olivia Garcia,New,Interior Detail,youtube,Charlotte,Punta Gorda,90,$101.00,0,101,168,CARD,,5
80,2025-07-09 00:00:00,CUST1183,SOFIA JOHNSON,New,Full Detail,Referral,Sarasota,Sarasota,150,165,0,165,80,Card,VIP ,
81,2025-10-23 00:00:00,CUST0657,john wilson,New,Full Detail,Referred,Charlotte,Punta Gorda,150,165,0,165,71,Cash,VIP ,4
82,2025-08-01 00:00:00,CUST0486,JOHN JOHNSON,New,Premium Wash,Tik tok,Sarasota,Sarasota,70,77,0,77,77,Cash,NEWCUSTOMER,4
83,2025-07-27 00:00:00,CUST0619, Alex Martinez,New,Interior Detail,FACEBOOK,Sarasota,Sarasota,90,97,5,102,86,Card,,
84,2025-08-25 00:00:00,CUST0294,Emma  Martinez,New,Interior Detail,TikTok,Charlotte,Punta Gorda,90,97,10,107,108,Card,NEWCUSTOMER,5
85,2025-12-04 00:00:00,CUST1068,Emma Taylor ,New,Premium Wash,FACEBOOK,Charlotte,Port Charlotte,70,79,20,99,126,Cash App,,4
86,2025-02-22 00:00:00,CUST0453,Mary  Wilson,New,Premium Wash,Referred,Charlotte,Punta Gorda,70,72,10,82,179,Zelle,,5
87,2025-10-07 00:00:00,CUST0847, Olivia Garcia,New,Ceramic Coating,Referred,Sarasota,Venice,350,390,20,410.0,153,cash ,VIP ,4
88,2025-08-05 00:00:00,CUST0616,Lewis Anderson,New,Full Detail,youtube,Charlotte,Punta Gorda,150,165,0,165,176,Card,,4
89,2025-09-09 00:00:00,CUST0564,noah smith,New,Full Detail,Instagram ,Charlotte,Punta Gorda,150,165,5,170,157,cash ,,4
90,2025-07-07 00:00:00,CUST0125,john anderson,New,Premium Wash,Insta,Sarasota,Sarasota,70,72,0,72,60,CARD,,4
91,2025-02-10 00:00:00,CUST1141,Emma Davis ,New,Ceramic Coating,FACEBOOK,Sarasota,North Port,350,$350.00,5,355,32,Venmo,NEWCUSTOMER,4
92,2025-06-06 00:00:00,CUST0359,OLIVIA WILSON,New,Full Detail,TIKTOK,Charlotte,Punta Gorda,150,148,15,163,162,Venmo,,3
93,2025-01-15 00:00:00,CUST0875,John  Wilson,New,Premium Wash,Insta,Charlotte,Punta Gorda,70,72,5,77,62,Venmo,,
94,2025-10-28 00:00:00,CUST1139, Ava Taylor,New,Ceramic Coating,Facebook,Sarasota,Sarasota,350,380,0,380,65,Zelle,SUMMER10,4
95,2025-03-06 00:00:00,CUST1016,Liam Brown,New,Interior Detail,Tik tok,Sarasota,Venice,90,$85.00,0,85,73,Venmo,VIP ,
96,2025-12-11 00:00:00,CUST0097,Alex Martinez ,New,Full Detail,YouTube,Sarasota,Sarasota,150,160,15,175,124,cash ,,5
97,2025-11-23 00:00:00,CUST0706, Ava Garcia,Returning,Interior Detail,Youtube,Sarasota,Venice,90,99,0,99,151,Card,NEWCUSTOMER,3
98,2025-01-09 00:00:00,CUST0781,Olivia Taylor,New,Ceramic Coating,referral,Sarasota,Sarasota,350,350,10,360,175,Cash App,,4
99,2025-12-10 00:00:00,CUST1075,Noah Wilson ,New,Full Detail,Youtube,Sarasota,North Port,150,163,15,178,75,Cash App,,
100,2025-05-09 00:00:00,CUST0653,LIAM JOHNSON,New,Basic Wash,Insta,Sarasota,Sarasota,40,45,10,55,85,Cash,,4
101,2025-05-16 00:00:00,CUST0853,JOHN SMITH,New,Full Detail,YOUTUBE ,Sarasota,Venice,150,150,0,150,132,Cash,VIP ,4
102,2025-03-04 00:00:00,CUST0837,John Taylor,New,Premium Wash,social,Charlotte,Punta Gorda,70,70,0,70,101,Card,,5
103,2025-05-19 00:00:00,CUST0306,Sofia  Wilson,New,Premium Wash,FACEBOOK,Charlotte,Port Charlotte,70,75,20,95,38,Cash,VIP ,3
104,2025-03-22,CUST0615,Sofia Miller,New,Basic Wash,YouTube,Sarasota,Sarasota,40,40,0,40,81,Cash,SUMMER10,4
105,2025-06-12 00:00:00,CUST0771, Emma Martinez,New,Premium Wash,referral,Sarasota,Sarasota,70,65,15,80,136,Cash App,,5
106,2025-10-16 00:00:00,CUST0377,sofia wilson,New,Full Detail,YouTube,Charlotte,Punta Gorda,150,170,0,170,110,Cash,VIP ,4
107,2025-09-18 00:00:00,CUST1102,Ava  Martinez,New,Ceramic Coating,Referral,Charlotte,Port Charlotte,350,387,5,392,73,Cash App,SUMMER10,5
108,2025-08-19 00:00:00,CUST0970, Olivia Davis,New,Basic Wash,FaceBook ,Charlotte,Punta Gorda,40,44,15,59,34,Cash App,VIP ,3
109,2025-02-10 00:00:00,CUST0494,EMMA WILSON,New,Premium Wash,Word of Mouth,Sarasota,Venice,70,72,0,72,50,Card,,5
110,2025-01-28 00:00:00,CUST0462,lewis smith,New,Interior Detail,TIKTOK,Sarasota,North Port,90,90,15,105,40,Venmo,VIP ,4
111,2025-05-15 00:00:00,CUST0616,Olivia Smith,Returning,Ceramic Coating,Youtube,Charlotte,Punta Gorda,350,350,5,355,163,Venmo,SUMMER10,5
112,2025-07-20 00:00:00,CUST0296,olivia garcia,New,Premium Wash,TIKTOK,Charlotte,Port Charlotte,70,79,10,89,50,Cash App,,
113,2025-11-24 00:00:00,CUST0949,Olivia Wilson ,Returning,Basic Wash,social,Charlotte,Punta Gorda,40,44,10,54,131,Zelle,NEWCUSTOMER,5
114,2025-09-25 00:00:00,CUST0119,Alex Garcia ,New,Ceramic Coating,facebook,Charlotte,Punta Gorda,350,387,15,402,69,cash ,,
115,2025-02-02 00:00:00,CUST1152,Emma Wilson ,New,Basic Wash,TIKTOK,Sarasota,North Port,40,35,20,55,158,cash ,SUMMER10,
116,2025-02-17 00:00:00,CUST0846, Lewis Martinez,New,Full Detail,YouTube,Charlotte,Port Charlotte,150,152,0,152,71,Cash App,SUMMER10,4
117,2025-03-03 00:00:00,CUST0854,OLIVIA BROWN,New,Basic Wash,tiktok,Sarasota,Sarasota,40,45,5,50,67,Card,NEWCUSTOMER,3
118,2025-08-04 00:00:00,CUST1142, Lewis Garcia,New,Ceramic Coating,Instagram,Sarasota,Sarasota,350,383,0,383,138,Zelle,VIP ,4
119,2025-10-20,CUST1086,lewis smith,New,Premium Wash,Insta,Charlotte,Punta Gorda,70,77,20,97,83,Venmo,SUMMER10,4
120,2025-04-09 00:00:00,CUST0275, Mary Wilson,New,Premium Wash,TIKTOK,Charlotte,Punta Gorda,70,$68.00,0,68,154,Venmo,,3
121,2025-06-21 00:00:00,CUST0796,Mary Garcia,New,Premium Wash,YouTube,Charlotte,Punta Gorda,70,65,0,65,105,CARD,,4
121,2025-06-21 00:00:00,CUST0796,Mary Garcia,New,Premium Wash,YouTube,Charlotte,Punta Gorda,70,65,0,65,105,CARD,,4
122,2025-12-26 00:00:00,CUST0498,AVA ANDERSON,New,Basic Wash,YouTube,Charlotte,Port Charlotte,40,42,0,42,163,cash ,SUMMER10,4
123,2025-08-02 00:00:00,CUST0523,Mary Smith ,New,Full Detail,,Sarasota,North Port,150,165,5,170,44,Venmo,VIP ,4
124,02/04/2025,CUST0417,Sofia  Smith,New,Interior Detail,TIKTOK,Charlotte,Port Charlotte,90,90,15,105,151,Venmo,,4
125,2025-08-15 00:00:00,CUST0677,MARY DAVIS,New,Interior Detail,Referral,Sarasota,Sarasota,90,99,20,119,151,Zelle,,
126,2025-04-11 00:00:00,CUST0162,Olivia Johnson ,New,Interior Detail,Referral,Charlotte,Punta Gorda,90,95,10,105,170,Cash App,NEWCUSTOMER,5
127,2025-05-11 00:00:00,CUST0922,Lewis  Wilson,New,Interior Detail,Youtube,Sarasota,North Port,90,90,0,90,101,Cash,VIP ,
128,2025-09-14 00:00:00,CUST0760,Noah Anderson ,New,Basic Wash,FB,Sarasota,Venice,40,49,10,59,117,Venmo,,
129,2025-01-05 00:00:00,CUST0190,AVA SMITH,New,Ceramic Coating,Instagram,Sarasota,Venice,350,350,5,355,62,Cash,NEWCUSTOMER,4
130,2025-08-06 00:00:00,CUST1097,EMMA BROWN,New,Basic Wash,referral,Charlotte,Port Charlotte,40,44,15,59,32,Venmo,,4
131,2025-09-12 00:00:00,CUST0391,Ava  Wilson,New,Interior Detail,Referred,Sarasota,North Port,90,101,5,106,61,Venmo,,
132,2025-12-25 00:00:00,CUST0106,Lewis Brown,New,Basic Wash,TIKTOK,Sarasota,Venice,40,42,20,62,154,Zelle,SUMMER10,4
133,2025-10-10 00:00:00,CUST0550,Ava  Smith,New,Ceramic Coating,instagram,Charlotte,Port Charlotte,350,385,0,385,54,CARD,SUMMER10,4
134,2025-07-26 00:00:00,CUST0773,Alex Davis ,New,Basic Wash,instagram,Sarasota,North Port,40,44,0,44,177,Cash App,,
135,2025-01-15 00:00:00,CUST0081,Mary Miller ,New,Premium Wash,YOUTUBE ,Sarasota,Venice,70,75,0,75,133,cash ,,5
136,2025-12-12 00:00:00,CUST0150,Mary Johnson,Returning,Full Detail,FaceBook ,Charlotte,Punta Gorda,150,165,5,170,143,Cash,SUMMER10,5
137,2025-02-11 00:00:00,CUST0386, Noah Garcia,New,Ceramic Coating,YouTube,Sarasota,Sarasota,350,348,10,358,128,Card,,
138,2025-06-28 00:00:00,CUST1145,Mary  Miller,New,Basic Wash,YOUTUBE ,Sarasota,North Port,40,42,15,57.0,179,Cash,,
139,2025-03-04 00:00:00,CUST0445,MARY ANDERSON,Returning,Basic Wash,TIKTOK,Sarasota,North Port,40,42,0,42,95,CARD,NEWCUSTOMER,5
140,2025-12-18 00:00:00,CUST0982,EMMA ANDERSON,New,Ceramic Coating,tiktok,Charlotte,Punta Gorda,350,385,15,400,65,Zelle,NEWCUSTOMER,4
141,2025-08-19 00:00:00,CUST0428,emma garcia,New,Premium Wash,instagram,Charlotte,Port Charlotte,70,79,0,79,171,Cash App,NEWCUSTOMER,3
142,2025-08-29 00:00:00,CUST0682,Lewis  Miller,New,Premium Wash,Instagram ,Sarasota,North Port,70,79,0,79,82,CARD,NEWCUSTOMER,
143,2025-02-21 00:00:00,CUST0621,Liam  Johnson,New,Ceramic Coating,Facebook,Charlotte,Punta Gorda,350,348,5,353,49,Zelle,SUMMER10,5
144,2025-04-06 00:00:00,CUST0032, Mary Brown,New,Basic Wash,TikTok,Sarasota,North Port,40,40,10,50,86,Cash App,,5
145,2025-08-10 00:00:00,CUST0434, Emma Anderson,New,Basic Wash,Facebook,Sarasota,North Port,40,42,10,52.0,111,Zelle,SUMMER10,5
146,2025-08-19 00:00:00,CUST0390,Ava  Davis,New,Basic Wash,Referred,Charlotte,Punta Gorda,40,49,20,69,124,cash ,,5
147,2025-08-25 00:00:00,CUST0241,Emma  Johnson,New,Interior Detail,FACEBOOK,Charlotte,Punta Gorda,90,104,5,109,52,Cash,,4
148,2025-05-23 00:00:00,CUST0981, Olivia Wilson,New,Full Detail,Facebook,Sarasota,Venice,150,155,20,175,160,Cash App,VIP ,5
149,2025-06-20 00:00:00,CUST0497,John Taylor ,New,Interior Detail,FB,Sarasota,Sarasota,90,88,20,108,165,Card,VIP ,3
150,2025-01-29 00:00:00,CUST0419,Mary  Martinez,New,Full Detail,Referral,Charlotte,Port Charlotte,150,150,-5,150,127,Card,NEWCUSTOMER,4
151,2025-02-05 00:00:00,CUST0813,Ava Wilson,New,Premium Wash,,Sarasota,North Port,70,70,0,70,161,CARD,,4
152,2025-01-13 00:00:00,CUST0491, Mary Anderson,New,Basic Wash,youtube,Charlotte,Port Charlotte,40,35,10,45,140,Card,SUMMER10,5
153,2025-06-09 00:00:00,CUST1131,olivia brown,New,Premium Wash,FaceBook ,Charlotte,Port Charlotte,70,72,0,72,98,CARD,VIP ,4
154,2025-11-23 00:00:00,CUST0659,Lewis Johnson ,New,Basic Wash,tiktok,Charlotte,Punta Gorda,40,42,10,52,80,cash ,NEWCUSTOMER,
155,2025-07-06 00:00:00,CUST0580, Alex Martinez,New,Premium Wash,Word of Mouth,Sarasota,North Port,70,72,0,72,57,Cash,VIP ,5
156,2025-08-31 00:00:00,CUST0780,liam brown,New,Basic Wash,Tik tok,Charlotte,Punta Gorda,40,44,15,59,93,CARD,,5
157,2025-03-27,CUST0955,Alex Miller,New,Ceramic Coating,FB,Sarasota,Sarasota,350,348,15,363,78,Card,SUMMER10,
158,2025-10-11 00:00:00,CUST1093,John Anderson ,New,Premium Wash,tiktok,Sarasota,Sarasota,70,75,10,85,116,Cash App,,4
159,2025-03-07 00:00:00,CUST0736, Olivia Garcia,New,Basic Wash,Instagram,Charlotte,Port Charlotte,40,35,0,35,112,Cash,SUMMER10,4
160,2025-06-19 00:00:00,CUST0632,LIAM TAYLOR,Returning,Interior Detail,referral,Sarasota,North Port,90,90,20,110,122,Card,VIP ,3
161,2025-02-14 00:00:00,CUST0536,LIAM TAYLOR,New,Premium Wash,instagram,Sarasota,North Port,70,75,0,75,144,CARD,VIP ,5
162,2025-03-03 00:00:00,CUST0737, Olivia Davis,New,Interior Detail,Insta,Charlotte,Port Charlotte,90,90,10,100,60,Zelle,,5
163,2025-05-14 00:00:00,CUST1051, Alex Wilson,New,Full Detail,TIKTOK,Charlotte,Punta Gorda,150,150,15,165,166,cash ,NEWCUSTOMER,5
164,2025-10-11 00:00:00,CUST1019,Sofia  Garcia,New,Ceramic Coating,YOUTUBE ,Sarasota,Venice,350,390,5,395,164,CARD,NEWCUSTOMER,4
165,2025-01-28 00:00:00,CUST0955,Mary  Smith,Returning,Interior Detail,FACEBOOK,Sarasota,Sarasota,90,85,0,85,93,CARD,VIP ,3
166,2025-04-18 00:00:00,CUST0202,Emma  Miller,New,Interior Detail,FB,Sarasota,Venice,90,$90.00,20,110,44,CARD,,5
167,2025-02-13 00:00:00,CUST0962,SOFIA MARTINEZ,New,Interior Detail,FaceBook ,Sarasota,North Port,90,95,0,95,171,Card,NEWCUSTOMER,4
168,2025-12-06 00:00:00,CUST0656, Alex Miller,New,Basic Wash,FaceBook ,Sarasota,North Port,40,44,10,54,76,cash ,VIP ,5
169,2025-10-13 00:00:00,CUST0417,Noah  Johnson,Returning,Basic Wash,TIKTOK,Charlotte,Port Charlotte,40,44,10,54,92,Zelle,,
170,2025-11-27 00:00:00,CUST0760,Ava Smith,Returning,Premium Wash,Facebook,Sarasota,Venice,70,75,5,80,51,Venmo,,5
171,2025-05-08 00:00:00,CUST0641,John  Anderson,New,Interior Detail,instagram,Sarasota,Sarasota,90,$90.00,0,90.0,152,CARD,VIP ,5
172,2025-12-14 00:00:00,CUST0848,Alex  Martinez,New,Premium Wash,TikTok,Sarasota,Sarasota,70,72,10,82,88,CARD,,4
173,2025-08-19 00:00:00,CUST0094,EMMA JOHNSON,New,Basic Wash,referral,Charlotte,Port Charlotte,40,44,0,44,121,Cash,,3
174,2025-07-09 00:00:00,CUST1153,OLIVIA MARTINEZ,New,Ceramic Coating,facebook,Sarasota,Sarasota,350,385,0,385,119,Venmo,VIP ,4
175,2025-08-13 00:00:00,CUST0454,Lewis Brown,New,Full Detail,Instagram ,Sarasota,North Port,150,160,15,175,58,CARD,,4
176,2025-10-10 00:00:00,CUST0299, Liam Wilson,New,Premium Wash,tiktok,Charlotte,Punta Gorda,70,82,10,92,92,Zelle,SUMMER10,4
177,2025-05-01 00:00:00,CUST0034, John Martinez,New,Basic Wash,FACEBOOK,Sarasota,North Port,40,$38.00,0,38,122,cash ,,5
178,2025-04-26 00:00:00,CUST0535,John Brown,New,Ceramic Coating,Youtube,Sarasota,Sarasota,350,350,0,350,92,Cash App,VIP ,5
179,2025-08-21 00:00:00,CUST1134,alex johnson,New,Ceramic Coating,YOUTUBE ,Sarasota,North Port,350,383,0,383,37,Cash,,4
180,2025-09-16 00:00:00,CUST1197,John Garcia,New,Full Detail,social,Sarasota,Venice,150,$165.00,10,175,116,Card,,
181,2025-12-25 00:00:00,CUST1187,Lewis Miller ,New,Ceramic Coating,Instagram ,Sarasota,Sarasota,350,390,15,405,96,Card,,3
182,2025-07-17 00:00:00,CUST0856,Olivia  Martinez,New,Ceramic Coating,instagram,Sarasota,North Port,350,387,20,407,49,Cash App,SUMMER10,4
183,05/17/2025,CUST0605,Liam Johnson,New,Interior Detail,FB,Charlotte,Port Charlotte,90,85,5,90,91,Card,NEWCUSTOMER,5
184,2025-11-14 00:00:00,CUST0313,Mary Garcia,New,Ceramic Coating,Facebook,Sarasota,Sarasota,350,385,0,385,41,CARD,,4
185,2025-06-14 00:00:00,CUST0402, Alex Smith,New,Full Detail,youtube,Charlotte,Port Charlotte,150,155,0,155.0,158,Venmo,SUMMER10,3
186,2025-08-13 00:00:00,CUST0676,Liam  Anderson,New,Premium Wash,Youtube,Sarasota,Venice,70,82,20,102,66,Zelle,VIP ,5
187,2025-11-03 00:00:00,CUST0472, Mary Brown,New,Full Detail,Instagram,Charlotte,Punta Gorda,150,$163.00,15,178,83,Cash App,SUMMER10,3
188,2025-08-22 00:00:00,CUST0778,ALEX JOHNSON,New,Basic Wash,Word of Mouth,Charlotte,Punta Gorda,40,44,0,44,110,Zelle,,4
189,2025-06-21 00:00:00,CUST1167,Emma Garcia ,New,Premium Wash,Word of Mouth,Charlotte,Punta Gorda,70,65,10,75,175,cash ,NEWCUSTOMER,5
190,2025-06-01,CUST0504,John  Miller,New,Interior Detail,Tik tok,Charlotte,Punta Gorda,90,95,15,110,40,Venmo,NEWCUSTOMER,
191,2025-11-11 00:00:00,CUST1023,Olivia Johnson,New,Interior Detail,Instagram,Sarasota,Sarasota,90,99,20,119,149,Card,VIP ,3
192,2025-06-09 00:00:00,CUST1128, Olivia Smith,New,Premium Wash,YOUTUBE ,Charlotte,Port Charlotte,70,75,0,75,151,Card,SUMMER10,4
193,2025-04-06 00:00:00,CUST0692,NOAH GARCIA,New,Full Detail,Tik tok,Charlotte,Punta Gorda,150,$148.00,0,148,43,Cash App,,5
194,2025-08-21 00:00:00,CUST0528,lewis brown,New,Premium Wash,tiktok,Charlotte,Punta Gorda,70,72,10,82,53,CARD,SUMMER10,4
195,2025-06-29 00:00:00,CUST1001,ava taylor,New,Ceramic Coating,Referral,Sarasota,North Port,350,352,0,352,80,CARD,VIP ,
196,2025-04-23 00:00:00,CUST1005,Lewis  Anderson,New,Full Detail,referral,Sarasota,North Port,150,150,20,170,59,Cash,SUMMER10,4
197,2025-11-14 00:00:00,CUST0944,NOAH MILLER,Returning,Full Detail,social,Charlotte,Port Charlotte,150,170,0,170.0,169,Card,,3
198,2025-02-21 00:00:00,CUST0345, Emma Martinez,New,Full Detail,Instagram,Charlotte,Punta Gorda,150,155,10,165,146,cash ,NEWCUSTOMER,4
199,2025-09-25 00:00:00,CUST0722,Ava Johnson,New,Full Detail,YOUTUBE ,Sarasota,Sarasota,150,$165.00,20,185,141,Venmo,,4
200,2025-10-22 00:00:00,CUST0347,noah miller,New,Ceramic Coating,Tik tok,Charlotte,Port Charlotte,350,387,20,407,38,Venmo,SUMMER10,4
201,2025-04-23 00:00:00,CUST0287,LEWIS GARCIA,Returning,Basic Wash,FaceBook ,Charlotte,Port Charlotte,40,$40.00,15,55,87,Venmo,SUMMER10,4
202,2025-04-11 00:00:00,CUST1120,liam davis,New,Interior Detail,youtube,Charlotte,Punta Gorda,90,$88.00,10,98,176,Zelle,VIP ,5
203,2025-04-23 00:00:00,CUST1001, Mary Brown,Returning,Interior Detail,Word of Mouth,Sarasota,North Port,90,92,10,102,70,Cash,VIP ,5
204,2025-03-22 00:00:00,CUST0377,Ava Brown,Returning,Basic Wash,,Charlotte,Punta Gorda,40,35,0,35,141,Zelle,VIP ,
205,2025-07-06 00:00:00,CUST1111,Liam  Miller,New,Premium Wash,Insta,Charlotte,Punta Gorda,70,75,5,80,86,Venmo,SUMMER10,5
206,2025-04-23 00:00:00,CUST0121,lewis garcia,New,Basic Wash,TikTok,Sarasota,Venice,40,40,0,40,61,Cash,,5
207,2025-01-02 00:00:00,CUST1074,olivia brown,New,Premium Wash,TikTok,Sarasota,Sarasota,70,75,10,85,137,CARD,,4
208,2025-05-10 00:00:00,CUST0070, Ava Smith,New,Premium Wash,Instagram,Sarasota,North Port,70,72,0,72,95,Cash,NEWCUSTOMER,5
209,2025-08-08 00:00:00,CUST0153,Emma  Anderson,New,Interior Detail,TIKTOK,Charlotte,Punta Gorda,90,99,0,99,153,CARD,SUMMER10,5
210,2025-02-23 00:00:00,CUST0100,Alex  Miller,Returning,Full Detail,facebook,Sarasota,Sarasota,150,145,15,160,179,cash ,SUMMER10,4
211,2025-12-09 00:00:00,CUST0014,JOHN ANDERSON,New,Interior Detail,youtube,Sarasota,Sarasota,90,104,10,114,46,Zelle,SUMMER10,5
212,2025-08-12 00:00:00,CUST0845,SOFIA MARTINEZ,New,Full Detail,Insta,Sarasota,Venice,150,163,0,163.0,121,Card,,5
213,2025-08-13 00:00:00,CUST0282,MARY ANDERSON,New,Full Detail,Instagram,Sarasota,North Port,150,165,15,180,84,Cash App,NEWCUSTOMER,5
214,2025-05-06 00:00:00,CUST0474,John Garcia ,New,Premium Wash,Insta,Sarasota,Venice,70,68,10,78,42,Cash,,4
215,05/10/2025,CUST0140,Liam Anderson,New,Full Detail,Instagram,Sarasota,North Port,150,150,10,160,63,CARD,VIP ,5
216,2025-02-22 00:00:00,CUST0310,Olivia  Wilson,New,Full Detail,Referred,Sarasota,Sarasota,150,152,10,162,42,Cash,,4
217,2025-06-21 00:00:00,CUST0019,Emma Anderson,New,Premium Wash,Instagram ,Charlotte,Port Charlotte,70,68,0,68,52,Cash App,,
218,2025-08-06 00:00:00,CUST0448,olivia johnson,New,Interior Detail,Instagram ,Charlotte,Punta Gorda,90,104,0,104,73,CARD,,3
219,2025-06-09 00:00:00,CUST1036,SOFIA JOHNSON,New,Full Detail,Word of Mouth,Sarasota,North Port,150,150,20,170,112,Venmo,,4
220,2025-07-17 00:00:00,CUST0934,Sofia Wilson ,New,Full Detail,TikTok,Sarasota,Sarasota,150,160,0,160,84,Card,SUMMER10,
221,2025-09-04 00:00:00,CUST0765,Emma Davis ,New,Premium Wash,Tik tok,Charlotte,Punta Gorda,70,79,0,79,57,Venmo,NEWCUSTOMER,5
222,20-11-2025,CUST0124,Sofia Smith ,Returning,Premium Wash,TikTok,Charlotte,Punta Gorda,70,77,20,97,57,Card,,5
223,2025-07-22 00:00:00,CUST0990,OLIVIA GARCIA,New,Ceramic Coating,FaceBook ,Charlotte,Punta Gorda,350,385,5,390,160,Cash,,5
224,2025-07-03 00:00:00,CUST1000,sofia johnson,New,Ceramic Coating,Instagram ,Sarasota,Sarasota,350,385,20,405,57,Cash,,5
225,2025-05-03 00:00:00,CUST0033,lewis wilson,Returning,Full Detail,Tik tok,Sarasota,North Port,150,150,0,150,55,Card,,
226,2025-09-12 00:00:00,CUST0014,mary brown,Returning,Interior Detail,YOUTUBE ,Sarasota,Sarasota,90,$104.00,0,104,91,CARD,SUMMER10,4
227,2025-10-21 00:00:00,CUST1090,Olivia Miller ,Returning,Ceramic Coating,Facebook,Charlotte,Port Charlotte,350,385,15,400,151,Cash,,5
228,2025-10-07 00:00:00,CUST1130,EMMA ANDERSON,New,Basic Wash,Instagram,Charlotte,Punta Gorda,40,44,10,54,115,Cash App,SUMMER10,4
229,2025-11-21 00:00:00,CUST0843,John Brown ,New,Basic Wash,Instagram ,Charlotte,Punta Gorda,40,44,20,64,162,Venmo,,
230,2025-04-08 00:00:00,CUST0025, Liam Wilson,New,Premium Wash,Instagram,Charlotte,Punta Gorda,70,70,5,75,57,Card,,
231,2025-07-17 00:00:00,CUST0035,Emma Garcia,New,Ceramic Coating,youtube,Sarasota,Venice,350,380,10,390,140,Cash,SUMMER10,3
232,2025-08-28 00:00:00,CUST1085,JOHN MILLER,New,Interior Detail,FaceBook ,Sarasota,Venice,90,94,0,94.0,105,Venmo,NEWCUSTOMER,4
233,2025-05-24 00:00:00,CUST0563,Lewis  Brown,New,Ceramic Coating,tiktok,Sarasota,North Port,350,355,0,355,173,Card,SUMMER10,5
234,2025-04-07 00:00:00,CUST1098, Lewis Brown,New,Full Detail,YOUTUBE ,Sarasota,Venice,150,145,5,150,96,cash ,VIP ,3
235,2025-07-20 00:00:00,CUST0588,Liam Brown ,Returning,Basic Wash,tiktok,Sarasota,Sarasota,40,44,20,64,175,Venmo,SUMMER10,4
236,2025-05-04 00:00:00,CUST0036,John Davis,New,Full Detail,YOUTUBE ,Sarasota,Sarasota,150,150,0,150,148,Venmo,,3
237,2025-07-06 00:00:00,CUST1029, John Wilson,New,Basic Wash,facebook,Charlotte,Port Charlotte,40,44,10,54,62,cash ,,
238,2025-11-22 00:00:00,CUST0882, John Miller,New,Basic Wash,Insta,Charlotte,Punta Gorda,40,39,20,59,179,Card,NEWCUSTOMER,3
239,2025-12-15 00:00:00,CUST0368, John Brown,New,Full Detail,Instagram,Charlotte,Punta Gorda,150,167,0,167,81,Cash,NEWCUSTOMER,5
240,2025-09-16 00:00:00,CUST0220,Ava  Wilson,New,Full Detail,FaceBook ,Charlotte,Punta Gorda,150,163,15,178,90,Zelle,,4
241,2025-05-28 00:00:00,CUST0198,Mary Taylor ,New,Premium Wash,FB,Sarasota,Sarasota,70,70,5,75,152,CARD,VIP ,4
242,2025-09-09 00:00:00,CUST1074,John Taylor ,Returning,Ceramic Coating,TikTok,Sarasota,Sarasota,350,385,15,400,32,Cash,,4
243,2025-12-12 00:00:00,CUST0305,Mary  Brown,New,Interior Detail,Youtube,Charlotte,Port Charlotte,90,104,10,114,164,Card,,3
244,2025-05-27 00:00:00,CUST0494, Ava Brown,Returning,Basic Wash,Word of Mouth,Sarasota,Venice,40,45,10,55,153,Cash App,NEWCUSTOMER,4
245,2025-05-28 00:00:00,CUST0394,Sofia  Johnson,New,Basic Wash,YOUTUBE ,Sarasota,Venice,40,35,20,55,37,Cash,SUMMER10,5
246,2025-12-18 00:00:00,CUST1079,Lewis Johnson,New,Full Detail,TIKTOK,Sarasota,North Port,150,165,0,165,46,Venmo,VIP ,3
247,2025-07-18 00:00:00,CUST0517,Sofia Garcia ,New,Premium Wash,Word of Mouth,Sarasota,North Port,70,82,15,97,176,cash ,VIP ,5
248,2025-11-04 00:00:00,CUST0726, Noah Taylor,New,Premium Wash,YouTube,Sarasota,Venice,70,72,0,72,65,Venmo,,4
249,2025-05-08 00:00:00,CUST0548,Alex Johnson ,New,Ceramic Coating,Tik tok,Sarasota,North Port,350,350,15,365,121,cash ,VIP ,3
250,2025-02-08 00:00:00,CUST0813,emma johnson,Returning,Basic Wash,youtube,Sarasota,North Port,40,38,5,43,104,CARD,,4
251,2025-12-04 00:00:00,CUST0162,John Martinez ,Returning,Ceramic Coating,Referral,Charlotte,Punta Gorda,350,385,20,405,97,CARD,,5
252,2025-12-26 00:00:00,CUST0765,John Martinez,Returning,Premium Wash,TikTok,Charlotte,Punta Gorda,70,77,15,92,48,cash ,NEWCUSTOMER,3
253,2025-05-09 00:00:00,CUST0832,Lewis Miller,New,Ceramic Coating,FaceBook ,Sarasota,North Port,350,348,10,358,119,Cash,,4
254,2025-09-24 00:00:00,CUST0941,noah anderson,New,Full Detail,YouTube,Charlotte,Port Charlotte,150,165,10,175,62,Cash,SUMMER10,
255,2025-05-31 00:00:00,CUST1158,Liam Taylor,New,Ceramic Coating,Referral,Sarasota,North Port,350,345,10,355,88,Venmo,,
256,2025-10-25 00:00:00,CUST0499,Mary Johnson,New,Interior Detail,Youtube,Charlotte,Punta Gorda,90,97,10,107,131,CARD,NEWCUSTOMER,
257,2025-04-09 00:00:00,CUST0463, Emma Anderson,New,Ceramic Coating,youtube,Sarasota,Sarasota,350,350,15,365,92,Cash,,4
258,2025-09-20 00:00:00,CUST0615,Emma Brown,Returning,Interior Detail,,Sarasota,Sarasota,90,104,0,104,171,Card,VIP ,5
259,2025-09-09 00:00:00,CUST0166,Ava Davis ,New,Full Detail,FB,Sarasota,North Port,150,$165.00,0,165,51,Cash,SUMMER10,4
260,2025-05-24 00:00:00,CUST0065,SOFIA SMITH,Returning,Basic Wash,Insta,Sarasota,Sarasota,40,42,5,47,116,Cash App,NEWCUSTOMER,3
261,2025-12-12 00:00:00,CUST0192,AVA ANDERSON,New,Ceramic Coating,youtube,Charlotte,Punta Gorda,350,385,15,400,138,Card,SUMMER10,
262,2025-04-22 00:00:00,CUST0831,JOHN TAYLOR,New,Ceramic Coating,FACEBOOK,Charlotte,Punta Gorda,350,350,15,365,116,CARD,,4
263,2025-03-01 00:00:00,CUST0777,John Wilson,Returning,Premium Wash,Insta,Sarasota,Sarasota,70,70,0,70,148,CARD,SUMMER10,4
264,2025-01-02 00:00:00,CUST0773,olivia brown,Returning,Full Detail,Instagram,Sarasota,North Port,150,148,5,153.0,96,Cash App,,4
265,2025-10-31 00:00:00,CUST1132,Lewis Garcia,New,Basic Wash,tiktok,Charlotte,Port Charlotte,40,$46.00,0,46,88,Cash App,,
266,2025-09-11 00:00:00,CUST0975,MARY DAVIS,New,Interior Detail,referral,Sarasota,Sarasota,90,101,20,121,125,Card,,4
267,2025-05-20 00:00:00,CUST0115,Ava Smith,New,Premium Wash,Instagram,Sarasota,Sarasota,70,70,5,75,41,Zelle,,5
268,2025-02-06 00:00:00,CUST0020, Ava Anderson,New,Premium Wash,Instagram,Sarasota,North Port,70,70,0,70,50,Cash App,NEWCUSTOMER,5
269,2025-06-09 00:00:00,CUST0351,LEWIS MILLER,New,Full Detail,FB,Charlotte,Punta Gorda,150,150,0,150,98,Card,,3
270,2025-01-09 00:00:00,CUST0170,olivia taylor,New,Interior Detail,Referral,Sarasota,North Port,90,92,0,92,159,cash ,SUMMER10,4
271,2025-08-21 00:00:00,CUST1024,Mary Johnson ,New,Ceramic Coating,Youtube,Charlotte,Port Charlotte,350,385,5,390,103,cash ,NEWCUSTOMER,4
271,2025-08-21 00:00:00,CUST1024,Mary Johnson ,New,Ceramic Coating,Youtube,Charlotte,Port Charlotte,350,385,5,390,103,cash ,NEWCUSTOMER,4
272,2025-04-09,CUST0889,Mary Brown,New,Full Detail,YouTube,Sarasota,North Port,150,150,20,170,171,Venmo,SUMMER10,4
273,2025-05-27 00:00:00,CUST0679, Emma Taylor,New,Ceramic Coating,Word of Mouth,Sarasota,North Port,350,$348.00,0,348,105,Zelle,,4
274,2025-10-31 00:00:00,CUST1159,Ava Anderson,New,Interior Detail,Instagram ,Charlotte,Port Charlotte,90,99,20,119,64,Card,,5
275,2025-07-27 00:00:00,CUST0196, Ava Anderson,New,Premium Wash,YouTube,Sarasota,Sarasota,70,77,5,82,156,Zelle,NEWCUSTOMER,5
276,2025-05-11 00:00:00,CUST1082,EMMA JOHNSON,New,Full Detail,referral,Charlotte,Port Charlotte,150,152,15,167,101,CARD,,3
277,2025-06-01,CUST0088, Sofia Anderson,New,Premium Wash,social,Sarasota,North Port,70,75,0,75,101,Venmo,,5
278,2025-02-23 00:00:00,CUST0471,Liam Brown ,Returning,Interior Detail,TIKTOK,Charlotte,Punta Gorda,90,92,20,112,139,CARD,,4
279,2025-04-30 00:00:00,CUST0433,mary martinez,New,Basic Wash,tiktok,Sarasota,Sarasota,40,40,20,60,50,Zelle,,5
280,2025-06-10 00:00:00,CUST1161,Liam  Smith,New,Basic Wash,FaceBook ,Charlotte,Port Charlotte,40,45,5,50,163,Cash App,,5
281,2025-04-26,CUST0974,Mary  Anderson,New,Full Detail,TIKTOK,Charlotte,Port Charlotte,150,150,0,150,63,Cash App,,
282,2025-03-16 00:00:00,CUST0556,LEWIS MILLER,New,Interior Detail,TIKTOK,Sarasota,North Port,90,90,20,110,165,Cash App,SUMMER10,5
283,2025-04-23 00:00:00,CUST0096,noah johnson,New,Full Detail,facebook,Sarasota,Sarasota,150,150,0,150,113,cash ,,
284,2025-04-14 00:00:00,CUST0153,Sofia Davis,Returning,Premium Wash,Tik tok,Charlotte,Punta Gorda,70,65,5,70,104,Zelle,,3
285,2025-12-06 00:00:00,CUST0575, Noah Miller,New,Interior Detail,instagram,Sarasota,North Port,90,104,5,109,41,Card,NEWCUSTOMER,4
285,2025-12-06 00:00:00,CUST0575, Noah Miller,New,Interior Detail,instagram,Sarasota,North Port,90,104,5,109,41,Card,NEWCUSTOMER,4
286,2025-09-11 00:00:00,CUST1113, Mary Smith,New,Full Detail,TikTok,Sarasota,North Port,150,160,5,165,115,Card,,3
287,2025-08-15 00:00:00,CUST1155,Sofia Smith,New,Interior Detail,Referred,Sarasota,Venice,90,99,15,114,85,Venmo,,
288,2025-04-22 00:00:00,CUST0068,Noah  Brown,New,Basic Wash,Youtube,Charlotte,Port Charlotte,40,40,10,50,61,CARD,,
289,2025-04-09 00:00:00,CUST0368,AVA GARCIA,Returning,Basic Wash,instagram,Charlotte,Punta Gorda,40,45,10,55,180,cash ,NEWCUSTOMER,5
290,2025-06-02 00:00:00,CUST0645,Olivia  Garcia,New,Basic Wash,Tik tok,Charlotte,Punta Gorda,40,$38.00,15,53,134,Zelle,NEWCUSTOMER,4
291,2025-12-15 00:00:00,CUST0033, Emma Wilson,Returning,Ceramic Coating,TIKTOK,Sarasota,North Port,350,380,0,380,131,Cash,VIP ,4
292,2025-12-04 00:00:00,CUST0425,Olivia  Anderson,New,Premium Wash,FB,Sarasota,Venice,70,$72.00,10,82,66,Venmo,NEWCUSTOMER,3
293,2025-07-13 00:00:00,CUST0296,LIAM WILSON,Returning,Basic Wash,Tik tok,Charlotte,Port Charlotte,40,44,15,59,83,Cash App,,4
294,11/06/2025,CUST0816,mary brown,New,Full Detail,Facebook,Sarasota,Venice,150,163,0,163,33,cash ,,3
295,2025-06-12 00:00:00,CUST0158,LEWIS ANDERSON,New,Interior Detail,TikTok,Sarasota,Venice,90,85,5,90,141,Zelle,,
296,07/27/2025,CUST0613, Alex Brown,New,Interior Detail,social,Charlotte,Port Charlotte,90,99,0,99,148,Cash App,SUMMER10,4
297,2025-06-18 00:00:00,CUST0333, Ava Wilson,New,Ceramic Coating,Instagram,Sarasota,Venice,350,350,0,350,114,Card,,5
298,2025-06-10 00:00:00,CUST1155, Noah Garcia,Returning,Ceramic Coating,Word of Mouth,Sarasota,Venice,350,355,5,360,108,Zelle,VIP ,3
299,2025-03-09 00:00:00,CUST0493,AVA TAYLOR,Returning,Ceramic Coating,FB,Charlotte,Port Charlotte,350,355,5,360,128,Venmo,VIP ,3
300,2025-10-16 00:00:00,CUST1161,Emma Johnson,Returning,Premium Wash,FB,Charlotte,Port Charlotte,70,75,10,85,72,Card,NEWCUSTOMER,5
301,2025-10-04 00:00:00,CUST0797, Liam Johnson,New,Full Detail,Instagram ,Sarasota,North Port,150,165,15,180,109,Venmo,,4
302,2025-10-31 00:00:00,CUST1108,ALEX SMITH,New,Basic Wash,youtube,Charlotte,Port Charlotte,40,46,20,66,141,Venmo,SUMMER10,4
303,2025-05-15 00:00:00,CUST0680,emma anderson,New,Premium Wash,Insta,Charlotte,Port Charlotte,70,75,0,75,32,Cash,NEWCUSTOMER,4
304,2025-07-14 00:00:00,CUST0787,Lewis  Garcia,New,Full Detail,Insta,Sarasota,North Port,150,165,20,185,41,Cash,NEWCUSTOMER,
305,2025-05-08 00:00:00,CUST0287,alex brown,Returning,Basic Wash,FB,Charlotte,Port Charlotte,40,35,0,35,124,Cash,SUMMER10,3
306,2025-02-02 00:00:00,CUST0161, Emma Brown,New,Ceramic Coating,instagram,Charlotte,Port Charlotte,350,355,5,360,34,Cash App,,
307,2025-06-25 00:00:00,CUST1026,OLIVIA SMITH,New,Premium Wash,FB,Sarasota,Venice,70,75,0,75,98,Zelle,,5
308,2025-01-22 00:00:00,CUST0709,Ava Wilson,Returning,Interior Detail,Referral,Sarasota,Sarasota,90,90,20,110,175,Cash,,5
308,2025-01-22 00:00:00,CUST0709,Ava Wilson,Returning,Interior Detail,Referral,Sarasota,Sarasota,90,90,20,110,175,Cash,,5
309,2025-08-26 00:00:00,CUST0110,SOFIA BROWN,New,Full Detail,tiktok,Charlotte,Port Charlotte,150,160,5,165,93,Cash,SUMMER10,
310,2025-06-07 00:00:00,CUST0201, Olivia Martinez,New,Interior Detail,FACEBOOK,Sarasota,Venice,90,90,5,95,142,CARD,,5
311,2025-02-07 00:00:00,CUST0896,emma garcia,New,Ceramic Coating,Youtube,Sarasota,Venice,350,352,20,372,83,CARD,VIP ,4
312,2025-08-18 00:00:00,CUST0476,alex wilson,New,Basic Wash,Referred,Charlotte,Port Charlotte,40,39,20,59,162,cash ,NEWCUSTOMER,
313,2025-12-31 00:00:00,CUST0156,MARY BROWN,New,Premium Wash,Facebook,Sarasota,North Port,70,77,5,82.0,151,CARD,,4
314,2025-02-20 00:00:00,CUST0698,Ava Martinez ,New,Full Detail,YOUTUBE ,Sarasota,North Port,150,148,20,168,94,Cash App,SUMMER10,4
315,2025-09-21 00:00:00,CUST0813, Alex Garcia,Returning,Ceramic Coating,youtube,Sarasota,North Port,350,385,0,385,37,Cash App,NEWCUSTOMER,3
316,2025-10-10 00:00:00,CUST0669,Olivia  Smith,New,Premium Wash,Insta,Sarasota,North Port,70,77,10,87,147,Card,,5
317,2025-01-27 00:00:00,CUST0061,Olivia  Anderson,New,Basic Wash,Insta,Charlotte,Port Charlotte,40,40,5,45,70,cash ,VIP ,5
318,2025-08-14 00:00:00,CUST0560,Noah Taylor ,New,Premium Wash,,Sarasota,North Port,70,77,5,82,113,Zelle,,
319,2025-10-04 00:00:00,CUST0923,Ava Taylor ,New,Interior Detail,Youtube,Charlotte,Port Charlotte,90,99,15,114.0,117,Cash,VIP ,5
320,2025-10-13 00:00:00,CUST1005,John Garcia ,Returning,Interior Detail,referral,Sarasota,North Port,90,99,20,119,129,Card,,4
321,2025-04-07 00:00:00,CUST0468,Liam  Davis,New,Basic Wash,Tik tok,Sarasota,Sarasota,40,38,0,38,111,cash ,,3
322,2025-10-11 00:00:00,CUST0729,Liam Martinez,New,Ceramic Coating,Instagram ,Sarasota,Sarasota,350,385,20,405,151,Venmo,,4
323,11/13/2025,CUST1133,Olivia Davis,New,Interior Detail,FB,Sarasota,North Port,90,97,15,112,161,cash ,,
324,2025-10-31 00:00:00,CUST0769,Noah Smith ,New,Ceramic Coating,TikTok,Charlotte,Port Charlotte,350,385,5,390,75,CARD,,4
325,2025-05-27 00:00:00,CUST0885,NOAH GARCIA,New,Premium Wash,Referral,Charlotte,Punta Gorda,70,75,20,95,67,cash ,VIP ,4
326,2025-01-04 00:00:00,CUST0381, Mary Davis,New,Interior Detail,Referred,Sarasota,North Port,90,85,15,100,67,Cash App,,
327,2025-02-04 00:00:00,CUST1200, Lewis Taylor,New,Full Detail,Instagram,Charlotte,Punta Gorda,150,$145.00,15,160,79,Zelle,,4
328,2025-07-11 00:00:00,CUST0779,ALEX GARCIA,New,Interior Detail,referral,Charlotte,Port Charlotte,90,101,15,116,41,Cash,SUMMER10,4
329,2025-02-18 00:00:00,CUST0176, Sofia Johnson,New,Premium Wash,Referral,Sarasota,Venice,70,68,20,88,34,CARD,VIP ,4
330,2025-01-17 00:00:00,CUST0605,Alex  Wilson,Returning,Interior Detail,Facebook,Charlotte,Port Charlotte,90,90,5,95,111,cash ,,4
331,2025-06-21 00:00:00,CUST0505,LIAM MARTINEZ,New,Ceramic Coating,Tik tok,Sarasota,North Port,350,350,0,350,51,CARD,,
332,2025-08-08 00:00:00,CUST0151,Liam Brown ,New,Interior Detail,Referral,Sarasota,Sarasota,90,101,0,101,155,Zelle,,4
333,2025-06-07 00:00:00,CUST0169,AVA GARCIA,New,Ceramic Coating,FaceBook ,Charlotte,Port Charlotte,350,350,0,350,120,Venmo,,4
334,2025-02-15 00:00:00,CUST0549,Alex Brown ,New,Full Detail,TIKTOK,Sarasota,North Port,150,150,5,155,148,CARD,,4
335,2025-01-06 00:00:00,CUST0316, Alex Taylor,New,Full Detail,Tik tok,Sarasota,North Port,150,148,15,163,37,Zelle,,5
336,2025-04-09 00:00:00,CUST0779,Sofia Brown ,Returning,Interior Detail,Referral,Charlotte,Port Charlotte,90,85,15,100,129,CARD,VIP ,3
337,2025-08-21 00:00:00,CUST0316,ava wilson,Returning,Ceramic Coating,TIKTOK,Sarasota,North Port,350,385,0,385,147,Venmo,,
338,2025-02-06 00:00:00,CUST0798,Noah Anderson ,New,Basic Wash,Instagram ,Sarasota,North Port,40,35,20,55,38,Venmo,SUMMER10,
339,2025-10-07 00:00:00,CUST0649,John Martinez ,New,Full Detail,Instagram,Sarasota,Sarasota,150,165,5,170,45,Cash App,NEWCUSTOMER,4
340,2025-12-15 00:00:00,CUST0739,Alex Miller ,New,Premium Wash,Referral,Charlotte,Port Charlotte,70,77,20,97,135,Card,,4
341,2025-10-29 00:00:00,CUST0219, Ava Garcia,New,Full Detail,Insta,Sarasota,North Port,150,165,20,185,145,Cash,,4
342,2025-06-30 00:00:00,CUST0188,olivia garcia,New,Ceramic Coating,TIKTOK,Charlotte,Punta Gorda,350,355,10,365,108,Cash App,VIP ,
343,2025-04-05 00:00:00,CUST0011,Liam Anderson ,New,Ceramic Coating,FACEBOOK,Charlotte,Punta Gorda,350,345,5,350,96,cash ,NEWCUSTOMER,
344,2025-04-09 00:00:00,CUST0632,Noah  Smith,Returning,Premium Wash,Word of Mouth,Sarasota,North Port,70,72,0,72,153,Cash,,4
345,2025-07-07 00:00:00,CUST0911,SOFIA MILLER,New,Full Detail,Tik tok,Charlotte,Port Charlotte,150,167,20,187,33,Cash App,,3
346,2025-04-26 00:00:00,CUST0738,Sofia  Garcia,New,Basic Wash,Instagram,Sarasota,North Port,40,40,15,55,175,Card,VIP ,5
347,2025-07-10 00:00:00,CUST0553,ALEX ANDERSON,New,Basic Wash,tiktok,Sarasota,North Port,40,49,20,69,78,Cash,,5
348,2025-09-10 00:00:00,CUST0210,Olivia Miller,New,Premium Wash,TikTok,Sarasota,North Port,70,77,10,87,59,Zelle,NEWCUSTOMER,5
349,2025-06-10 00:00:00,CUST0272,NOAH TAYLOR,New,Ceramic Coating,referral,Charlotte,Punta Gorda,350,355,0,355,146,cash ,VIP ,4
350,2025-09-13 00:00:00,CUST0179,Mary Brown ,New,Ceramic Coating,youtube,Sarasota,Venice,350,387,20,407,109,Cash,,4
351,2025-11-19 00:00:00,CUST0384,mary miller,New,Interior Detail,YOUTUBE ,Sarasota,Venice,90,104,0,104,167,CARD,NEWCUSTOMER,5
352,2025-05-08 00:00:00,CUST0883,AVA BROWN,New,Premium Wash,youtube,Sarasota,Sarasota,70,68,0,68,131,Zelle,SUMMER10,5
353,2025-01-18 00:00:00,CUST0920,Emma Martinez ,New,Interior Detail,youtube,Sarasota,North Port,90,88,5,93.0,108,CARD,SUMMER10,
354,10/08/2025,CUST1141,SOFIA GARCIA,Returning,Full Detail,FACEBOOK,Sarasota,North Port,150,165,20,185,34,Venmo,,5
355,2025-08-11 00:00:00,CUST1137,Olivia Taylor ,New,Basic Wash,Referred,Sarasota,Sarasota,40,39,0,39,92,Cash,VIP ,4
356,2025-02-23 00:00:00,CUST1050,Lewis Johnson ,New,Interior Detail,TikTok,Charlotte,Punta Gorda,90,90,5,95,167,Card,VIP ,4
357,2025-02-27 00:00:00,CUST0836, Lewis Anderson,New,Full Detail,YouTube,Charlotte,Port Charlotte,150,148,15,163,113,Venmo,,3
358,2025-11-19 00:00:00,CUST0212,Olivia Miller ,New,Full Detail,facebook,Sarasota,Sarasota,150,170,0,170,84,CARD,,4
359,2025-12-26 00:00:00,CUST0054,Liam Martinez,New,Full Detail,Word of Mouth,Charlotte,Port Charlotte,150,165,15,180,42,Zelle,SUMMER10,5
360,2025-06-23 00:00:00,CUST0184, Liam Brown,New,Basic Wash,Instagram,Sarasota,Sarasota,40,42,15,57,53,Venmo,,5
361,2025-10-07 00:00:00,CUST0725,Mary  Brown,New,Full Detail,Instagram ,Sarasota,Venice,150,170,20,190,68,Zelle,,4
362,2025-04-24 00:00:00,CUST1136,alex garcia,New,Basic Wash,Word of Mouth,Sarasota,Venice,40,35,5,40,87,Zelle,VIP ,4
363,2025-10-15 00:00:00,CUST0191, Mary Smith,New,Premium Wash,referral,Sarasota,Sarasota,70,75,5,80,82,Zelle,,5
364,2025-12-08 00:00:00,CUST0665,emma smith,New,Premium Wash,tiktok,Charlotte,Port Charlotte,70,77,0,77,99,cash ,,5
365,2025-05-31 00:00:00,CUST0789, Mary Brown,New,Premium Wash,FaceBook ,Sarasota,Sarasota,70,68,15,83,127,Zelle,VIP ,5
366,05/07/2025,CUST0026, Olivia Garcia,New,Premium Wash,YOUTUBE ,Charlotte,Punta Gorda,70,68,15,83,53,Cash,SUMMER10,4
367,2025-06-04 00:00:00,CUST0598,Noah Wilson,New,Interior Detail,Instagram ,Charlotte,Port Charlotte,90,88,20,108,51,CARD,VIP ,
368,2025-09-30 00:00:00,CUST0848, Lewis Martinez,Returning,Basic Wash,Tik tok,Sarasota,Sarasota,40,39,20,59,83,cash ,,
369,2025-04-14,CUST0795,NOAH MARTINEZ,New,Premium Wash,TikTok,Charlotte,Port Charlotte,70,65,0,65,157,Zelle,,4
370,2025-10-26 00:00:00,CUST0174,MARY SMITH,New,Ceramic Coating,FaceBook ,Sarasota,North Port,350,$390.00,0,390,164,Card,,5
371,2025-09-03 00:00:00,CUST1146,EMMA ANDERSON,New,Interior Detail,TikTok,Charlotte,Punta Gorda,90,99,5,104,150,Zelle,VIP ,5
372,2025-06-25 00:00:00,CUST0498, Noah Garcia,Returning,Premium Wash,Youtube,Charlotte,Port Charlotte,70,75,20,95,51,Cash,,5
373,2025-02-08 00:00:00,CUST1172,Alex  Taylor,New,Interior Detail,FB,Charlotte,Port Charlotte,90,88,10,98,113,Venmo,,4
374,2025-06-19 00:00:00,CUST1068,OLIVIA WILSON,Returning,Premium Wash,FACEBOOK,Charlotte,Port Charlotte,70,70,0,70,112,Card,VIP ,3
375,2025-09-04 00:00:00,CUST0348, Emma Wilson,New,Ceramic Coating,Insta,Charlotte,Port Charlotte,350,385,0,385,116,cash ,VIP ,4
376,2025-01-26 00:00:00,CUST0780,liam garcia,Returning,Basic Wash,TIKTOK,Charlotte,Punta Gorda,40,38,0,38,147,Venmo,,5
377,2025-12-21 00:00:00,CUST0348, Emma Anderson,Returning,Premium Wash,instagram,Charlotte,Port Charlotte,70,82,0,82.0,86,Venmo,,5
378,2025-11-02 00:00:00,CUST0285,Ava  Miller,New,Interior Detail,referral,Sarasota,Sarasota,90,97,20,117,55,Card,NEWCUSTOMER,5
379,2025-01-13 00:00:00,CUST0551,Lewis Smith,New,Full Detail,YOUTUBE ,Charlotte,Punta Gorda,150,150,0,150,112,CARD,VIP ,
380,2025-11-12 00:00:00,CUST0617, Noah Davis,New,Full Detail,Youtube,Sarasota,Sarasota,150,163,10,173,92,Card,,5
381,2025-11-09 00:00:00,CUST0550,Emma  Smith,Returning,Premium Wash,instagram,Charlotte,Port Charlotte,70,77,20,97,66,Cash,NEWCUSTOMER,4
382,2025-02-05 00:00:00,CUST1010,Lewis Smith ,New,Full Detail,FB,Charlotte,Port Charlotte,150,148,20,168,48,Venmo,,4
383,2025-06-22 00:00:00,CUST0299,ava martinez,Returning,Ceramic Coating,TIKTOK,Charlotte,Punta Gorda,350,345,20,365,52,Venmo,VIP ,3
384,2025-01-20 00:00:00,CUST0130,Lewis Martinez,New,Interior Detail,facebook,Charlotte,Port Charlotte,90,95,5,100,160,Cash,,4
385,2025-11-17 00:00:00,CUST0343,Liam Davis,New,Ceramic Coating,YOUTUBE ,Charlotte,Punta Gorda,350,387,10,397,174,Zelle,,3
386,09/21/2025,CUST0891, Olivia Wilson,New,Full Detail,Instagram ,Sarasota,North Port,150,170,5,175,40,Venmo,NEWCUSTOMER,
387,2025-05-22 00:00:00,CUST0566,OLIVIA GARCIA,New,Interior Detail,TikTok,Sarasota,North Port,90,85,10,95,104,Venmo,VIP ,5
388,2025-05-23 00:00:00,CUST0863,EMMA DAVIS,New,Premium Wash,Insta,Sarasota,Sarasota,70,68,15,83,172,Venmo,,
389,2025-04-02 00:00:00,CUST0614,Emma Taylor ,New,Basic Wash,tiktok,Sarasota,Venice,40,45,20,65,53,Cash App,,4
390,2025-12-20 00:00:00,CUST0992, Ava Garcia,New,Premium Wash,Youtube,Charlotte,Punta Gorda,70,77,0,77,34,Cash App,VIP ,5
391,2025-11-18 00:00:00,CUST0158,Noah Brown ,Returning,Interior Detail,Tik tok,Sarasota,Venice,90,97,15,112,117,Cash,VIP ,4
392,2025-10-15 00:00:00,CUST0740,john wilson,New,Premium Wash,Referral,Charlotte,Port Charlotte,70,79,20,99,69,Venmo,VIP ,4
393,2025-08-03 00:00:00,CUST0516,liam taylor,New,Ceramic Coating,Facebook,Charlotte,Punta Gorda,350,385,10,395,142,cash ,,3
394,2025-12-08 00:00:00,CUST0506,EMMA ANDERSON,New,Interior Detail,youtube,Charlotte,Punta Gorda,90,99,5,104,124,Cash,VIP ,5
395,2025-02-20 00:00:00,CUST1016,emma anderson,Returning,Ceramic Coating,Tik tok,Sarasota,Venice,350,$350.00,15,365,56,cash ,,5
396,2025-06-02 00:00:00,CUST0401,Alex  Johnson,New,Ceramic Coating,Instagram ,Charlotte,Punta Gorda,350,355,5,360,44,CARD,,4
397,2025-07-05 00:00:00,CUST0938,lewis martinez,New,Full Detail,referral,Sarasota,Sarasota,150,163,-5,168,145,Zelle,NEWCUSTOMER,3
398,2025-03-04 00:00:00,CUST0220,Liam  Davis,Returning,Ceramic Coating,facebook,Charlotte,Punta Gorda,350,345,15,360,48,Card,VIP ,5
399,2025-07-09 00:00:00,CUST0278,Noah Davis ,Returning,Interior Detail,YouTube,Sarasota,Venice,90,94,10,104,54,Cash App,SUMMER10,3
400,2025-05-05 00:00:00,CUST0624,Mary Martinez ,New,Interior Detail,FACEBOOK,Charlotte,Punta Gorda,90,$90.00,0,90,81,Venmo,,4
401,2025-05-30 00:00:00,CUST0014,AVA TAYLOR,Returning,Basic Wash,YouTube,Sarasota,Sarasota,40,40,5,45,128,Venmo,,5
402,2025-11-10,CUST0811,alex anderson,Returning,Ceramic Coating,TIKTOK,Charlotte,Punta Gorda,350,385,0,385,176,Venmo,SUMMER10,4
403,2025-02-27 00:00:00,CUST0681,Alex Johnson ,New,Interior Detail,YouTube,Charlotte,Port Charlotte,90,95,15,110,76,Card,NEWCUSTOMER,3
404,2025-12-08,CUST0779,Alex Miller ,Returning,Ceramic Coating,Referral,Charlotte,Port Charlotte,350,380,0,380,116,Card,SUMMER10,4
405,2025-11-01 00:00:00,CUST0675, Ava Anderson,New,Ceramic Coating,TikTok,Sarasota,Sarasota,350,380,15,395,112,cash ,NEWCUSTOMER,3
406,2025-06-29 00:00:00,CUST0902,Emma Anderson ,New,Basic Wash,FaceBook ,Sarasota,Sarasota,40,40,10,50,36,Zelle,SUMMER10,5
407,2025-06-19 00:00:00,CUST0686, Emma Smith,New,Interior Detail,Facebook,Sarasota,Venice,90,92,15,107,176,Cash,,5
408,2025-11-22 00:00:00,CUST0882,olivia brown,Returning,Ceramic Coating,social,Charlotte,Punta Gorda,350,385,0,385,41,Cash App,,5
409,2025-09-28,CUST0279,alex davis,New,Interior Detail,YouTube,Charlotte,Punta Gorda,90,94,20,114,91,CARD,SUMMER10,4
410,2025-02-23 00:00:00,CUST0616,John Davis ,Returning,Premium Wash,social,Charlotte,Punta Gorda,70,75,10,85,99,cash ,,
411,2025-04-11 00:00:00,CUST0657,mary johnson,Returning,Premium Wash,Word of Mouth,Charlotte,Punta Gorda,70,75,0,75,87,Venmo,SUMMER10,
412,2025-09-21 00:00:00,CUST0412,Mary Johnson ,New,Ceramic Coating,Insta,Sarasota,Venice,350,385,15,400,102,Venmo,,4
413,2025-02-22 00:00:00,CUST0982,Mary Miller ,Returning,Basic Wash,TIKTOK,Charlotte,Punta Gorda,40,40,0,40,77,Zelle,,
414,2025-03-01 00:00:00,CUST0644,emma garcia,New,Interior Detail,referral,Sarasota,Sarasota,90,85,0,85,175,CARD,SUMMER10,5
415,2025-04-18 00:00:00,CUST0364, Mary Miller,New,Interior Detail,FACEBOOK,Sarasota,North Port,90,95,0,95,142,Zelle,,4
416,2025-01-05 00:00:00,CUST0816,Alex  Johnson,Returning,Premium Wash,FB,Sarasota,Venice,70,75,5,80,112,Card,,5
417,2025-04-13 00:00:00,CUST0654,Noah  Garcia,Returning,Basic Wash,YouTube,Charlotte,Punta Gorda,40,45,15,60,151,Zelle,SUMMER10,
418,2025-07-15 00:00:00,CUST0597,Lewis Brown ,New,Full Detail,referral,Sarasota,Venice,150,$167.00,0,167,122,CARD,,5
419,2025-09-19 00:00:00,CUST1006,Noah Davis ,New,Full Detail,Youtube,Charlotte,Port Charlotte,150,163,0,163,120,Cash App,SUMMER10,4
420,2025-12-31 00:00:00,CUST1180,Ava Martinez ,Returning,Premium Wash,TIKTOK,Charlotte,Punta Gorda,70,79,20,99,79,Zelle,SUMMER10,
421,2025-12-16 00:00:00,CUST0497,Liam  Brown,Returning,Full Detail,FB,Sarasota,Sarasota,150,160,0,160.0,81,cash ,NEWCUSTOMER,4
422,2025-02-16 00:00:00,CUST0668,emma wilson,New,Full Detail,TIKTOK,Charlotte,Port Charlotte,150,152,0,152,80,Venmo,VIP ,4
423,2025-12-21 00:00:00,CUST0771,EMMA JOHNSON,Returning,Basic Wash,Referral,Sarasota,Sarasota,40,39,0,39,35,CARD,,5
424,2025-11-07 00:00:00,CUST0575,mary anderson,Returning,Full Detail,Instagram ,Sarasota,North Port,150,165,5,170,74,Card,,4
425,2025-11-04 00:00:00,CUST0805,John Brown ,Returning,Basic Wash,Youtube,Charlotte,Port Charlotte,40,49,10,59,67,cash ,SUMMER10,5
426,2025-05-24 00:00:00,CUST0748,Mary Martinez,New,Basic Wash,Tik tok,Charlotte,Punta Gorda,40,40,5,45,175,Card,,4
427,2025-09-26 00:00:00,CUST0234, Olivia Smith,New,Interior Detail,youtube,Sarasota,Sarasota,90,104,5,109,51,Zelle,SUMMER10,3
428,2025-05-04 00:00:00,CUST1155,Lewis Wilson ,Returning,Premium Wash,Referred,Sarasota,Venice,70,65,20,85,91,CARD,,4
429,16-04-2025,CUST0410,Noah Miller ,New,Basic Wash,FB,Sarasota,Venice,40,45,0,45,176,cash ,SUMMER10,4
430,2025-06-07 00:00:00,CUST1118,OLIVIA GARCIA,New,Premium Wash,tiktok,Sarasota,Venice,70,70,15,85,96,Cash,SUMMER10,5
431,2025-05-27 00:00:00,CUST0369,alex taylor,Returning,Premium Wash,Facebook,Sarasota,Sarasota,70,$65.00,5,70.0,75,Venmo,,5
432,2025-05-25 00:00:00,CUST1127,john brown,New,Interior Detail,Instagram ,Charlotte,Port Charlotte,90,95,15,110,57,Cash App,,5
433,2025-04-30 00:00:00,CUST0056, Sofia Wilson,New,Interior Detail,FaceBook ,Charlotte,Punta Gorda,90,95,0,95,165,Cash App,,4
434,2025-11-15 00:00:00,CUST0946,mary johnson,New,Interior Detail,FACEBOOK,Sarasota,Sarasota,90,97,15,112,168,Card,,5
435,2025-10-02 00:00:00,CUST0430,Liam  Smith,New,Full Detail,TIKTOK,Sarasota,North Port,150,165,20,185,118,Cash App,,5
436,2025-04-02 00:00:00,CUST0898, Mary Martinez,New,Basic Wash,FaceBook ,Sarasota,Venice,40,45,0,45,144,Venmo,,
437,02/27/2025,CUST0597,liam miller,Returning,Interior Detail,Word of Mouth,Sarasota,Venice,90,90,10,100,106,Zelle,,4
438,2025-12-12 00:00:00,CUST0142,noah smith,Returning,Full Detail,Word of Mouth,Charlotte,Port Charlotte,150,163,20,183,66,Venmo,,4
439,2025-08-17 00:00:00,CUST0838,noah wilson,Returning,Ceramic Coating,TIKTOK,Sarasota,Venice,350,383,0,383,85,CARD,,5
440,2025-04-27 00:00:00,CUST1023,John Martinez,Returning,Full Detail,Instagram ,Sarasota,Sarasota,150,150,10,160,70,Cash,,
441,2025-11-14 00:00:00,CUST0286,Noah Taylor,New,Premium Wash,facebook,Sarasota,Venice,70,77,20,97,109,Zelle,,3
442,2025-10-06 00:00:00,CUST0621,EMMA MILLER,Returning,Full Detail,Facebook,Charlotte,Punta Gorda,150,165,0,165,136,Cash App,SUMMER10,5
443,2025-05-07 00:00:00,CUST0496,Ava Wilson,New,Ceramic Coating,referral,Charlotte,Punta Gorda,350,352,0,352,90,CARD,NEWCUSTOMER,4
444,2025-05-09 00:00:00,CUST0518,Alex Martinez,New,Basic Wash,Insta,Charlotte,Port Charlotte,40,$40.00,0,40,129,cash ,,4
445,2025-02-27 00:00:00,CUST0316, Sofia Taylor,Returning,Interior Detail,Tik tok,Sarasota,North Port,90,92,0,92,167,Cash,,
446,2025-05-02 00:00:00,CUST0867,John  Smith,New,Interior Detail,TikTok,Sarasota,Sarasota,90,90,0,90,82,Cash App,SUMMER10,4
447,2025-01-01 00:00:00,CUST0773,AVA WILSON,Returning,Basic Wash,Insta,Sarasota,North Port,40,40,5,45,146,Card,NEWCUSTOMER,5
448,2025-08-27 00:00:00,CUST0152,NOAH BROWN,New,Ceramic Coating,Word of Mouth,Sarasota,Sarasota,350,380,20,400,141,Zelle,,4
449,2025-10-17 00:00:00,CUST0920,Liam  Brown,Returning,Basic Wash,YOUTUBE ,Sarasota,North Port,40,39,0,39,65,Card,,5
450,2025-04-06 00:00:00,CUST0982,sofia wilson,Returning,Full Detail,,Charlotte,Punta Gorda,150,$155.00,15,170,69,Cash,,5
451,2025-05-06 00:00:00,CUST1193,ALEX ANDERSON,New,Basic Wash,Instagram ,Sarasota,Venice,40,35,0,35.0,86,CARD,SUMMER10,5
452,2025-04-28 00:00:00,CUST0821,Sofia Taylor ,New,Basic Wash,Instagram,Sarasota,North Port,40,38,0,38,180,Cash,,5
453,2025-02-17 00:00:00,CUST1095,noah brown,New,Interior Detail,FB,Charlotte,Punta Gorda,90,90,5,95,172,Venmo,NEWCUSTOMER,3
454,2025-03-30 00:00:00,CUST1038,mary miller,New,Premium Wash,YOUTUBE ,Charlotte,Port Charlotte,70,68,0,68,58,Venmo,NEWCUSTOMER,4
455,2025-08-25 00:00:00,CUST0857,lewis smith,New,Ceramic Coating,instagram,Sarasota,North Port,350,385,15,400,85,Venmo,,5
456,2025-09-29 00:00:00,CUST1114, Sofia Johnson,New,Full Detail,FACEBOOK,Sarasota,North Port,150,165,15,180,173,Cash,,4
457,2025-07-08 00:00:00,CUST0076,Sofia  Davis,New,Premium Wash,FB,Charlotte,Punta Gorda,70,72,5,77,43,CARD,,5
458,2025-07-11 00:00:00,CUST0737,John Johnson,Returning,Basic Wash,instagram,Charlotte,Port Charlotte,40,49,10,59,37,Cash App,,5
459,2025-03-10 00:00:00,CUST1100,John Smith ,New,Premium Wash,Youtube,Charlotte,Punta Gorda,70,65,20,85,131,cash ,SUMMER10,4
460,2025-10-05 00:00:00,CUST0175,lewis miller,New,Full Detail,Insta,Sarasota,Sarasota,150,163,0,163.0,98,Cash App,SUMMER10,
461,2025-12-15 00:00:00,CUST0224,Emma Wilson ,New,Basic Wash,Youtube,Charlotte,Port Charlotte,40,44,0,44,123,Zelle,,3
462,2025-09-04 00:00:00,CUST0509,Alex  Wilson,New,Full Detail,FB,Sarasota,Venice,150,165,5,170,149,Zelle,SUMMER10,4
463,2025-03-17 00:00:00,CUST0728, Ava Martinez,New,Basic Wash,Youtube,Sarasota,North Port,40,40,20,60,159,Cash App,VIP ,5
464,2025-06-03 00:00:00,CUST0341,Mary Taylor,New,Basic Wash,Word of Mouth,Sarasota,Sarasota,40,42,0,42,169,CARD,NEWCUSTOMER,3
465,2025-05-24 00:00:00,CUST0091,SOFIA TAYLOR,Returning,Ceramic Coating,Referred,Sarasota,Venice,350,350,20,370,163,Cash App,SUMMER10,4
466,2025-03-27 00:00:00,CUST1154,Lewis Miller ,New,Ceramic Coating,,Sarasota,North Port,350,345,0,345,156,CARD,,5
467,2025-07-04 00:00:00,CUST0819,Noah  Martinez,New,Basic Wash,instagram,Charlotte,Punta Gorda,40,39,10,49,94,cash ,,5
468,2025-10-12 00:00:00,CUST0680,John  Garcia,Returning,Full Detail,Instagram,Charlotte,Port Charlotte,150,160,5,165,157,cash ,SUMMER10,4
469,2025-08-08 00:00:00,CUST0882,Lewis Anderson,Returning,Full Detail,Instagram,Charlotte,Punta Gorda,150,160,0,160,154,Cash,,4
470,2025-03-10 00:00:00,CUST0217,Sofia Taylor ,New,Interior Detail,,Charlotte,Punta Gorda,90,90,20,110,171,Cash,,4
471,2025-02-16 00:00:00,CUST0022, John Garcia,New,Full Detail,Youtube,Sarasota,Sarasota,150,150,10,160,174,Cash,VIP ,3
472,2025-04-04 00:00:00,CUST0202,John  Davis,Returning,Basic Wash,FACEBOOK,Sarasota,Venice,40,38,10,48.0,153,Venmo,VIP ,5
473,08/26/2025,CUST0530,Alex  Brown,New,Full Detail,,Sarasota,Venice,150,170,0,170,59,Zelle,NEWCUSTOMER,5
474,2025-07-23 00:00:00,CUST0455,Liam Davis,New,Full Detail,Referral,Sarasota,Sarasota,150,165,5,170,38,Cash,,4
475,2025-08-06 00:00:00,CUST1046,Sofia  Wilson,New,Basic Wash,Instagram,Charlotte,Punta Gorda,40,42,15,57,52,Zelle,,5
476,2025-12-07 00:00:00,CUST1063,NOAH SMITH,New,Premium Wash,social,Charlotte,Punta Gorda,70,77,20,97,64,Cash,NEWCUSTOMER,
477,2025-02-08 00:00:00,CUST1143,olivia wilson,New,Full Detail,Youtube,Charlotte,Punta Gorda,150,148,20,168,78,Cash,,4
478,2025-04-10 00:00:00,CUST1189,Sofia  Davis,New,Full Detail,Facebook,Charlotte,Punta Gorda,150,152,15,167,48,CARD,,5
479,2025-10-16 00:00:00,CUST1179, Olivia Taylor,New,Full Detail,Referred,Sarasota,North Port,150,165,20,185,87,cash ,VIP ,5
480,2025-09-11 00:00:00,CUST0453,JOHN MARTINEZ,Returning,Basic Wash,Word of Mouth,Charlotte,Punta Gorda,40,46,20,66,51,cash ,,5
481,2025-08-10 00:00:00,CUST0913, Liam Taylor,New,Ceramic Coating,YOUTUBE ,Sarasota,Venice,350,385,20,405,128,Cash App,NEWCUSTOMER,3
482,2025-12-23 00:00:00,CUST0767, Emma Miller,Returning,Interior Detail,youtube,Sarasota,Venice,90,99,0,99,161,Card,,4
483,2025-01-23 00:00:00,CUST0802, Emma Anderson,New,Ceramic Coating,FACEBOOK,Sarasota,North Port,350,348,0,348,105,CARD,,
484,2025-09-07 00:00:00,CUST0949,Noah  Wilson,Returning,Premium Wash,tiktok,Charlotte,Punta Gorda,70,82,5,87,157,CARD,NEWCUSTOMER,5
485,2025-01-10 00:00:00,CUST1025, Olivia Anderson,New,Basic Wash,Word of Mouth,Charlotte,Port Charlotte,40,35,5,40,78,Venmo,,4
486,2025-09-03 00:00:00,CUST0309,Mary Martinez,New,Full Detail,Tik tok,Charlotte,Punta Gorda,150,165,0,165,60,Cash,,5
487,2025-11-21 00:00:00,CUST0707,Lewis Garcia ,New,Basic Wash,YouTube,Sarasota,North Port,40,39,15,54,116,Card,,
488,2025-04-10 00:00:00,CUST0051,Liam Taylor,New,Interior Detail,FB,Charlotte,Punta Gorda,90,88,10,98,73,Card,,5
489,2025-10-17 00:00:00,CUST0989,Lewis Johnson,New,Full Detail,instagram,Sarasota,North Port,150,167,0,167,72,Card,VIP ,5
490,2025-06-29 00:00:00,CUST0215,JOHN ANDERSON,New,Full Detail,Instagram ,Sarasota,North Port,150,148,15,163,128,Card,VIP ,4
491,2025-08-11 00:00:00,CUST0606,Noah Brown ,New,Interior Detail,TIKTOK,Sarasota,North Port,90,97,15,112,49,Card,,
492,2025-09-07 00:00:00,CUST0852, John Davis,New,Ceramic Coating,TikTok,Charlotte,Punta Gorda,350,383,10,393,46,CARD,,
493,2025-05-27 00:00:00,CUST0176, Ava Anderson,Returning,Interior Detail,Referred,Sarasota,Venice,90,90,0,90,70,Zelle,,5
494,2025-04-06 00:00:00,CUST0238,alex garcia,New,Interior Detail,YouTube,Charlotte,Punta Gorda,90,85,5,90,164,Venmo,SUMMER10,4
495,2025-09-14 00:00:00,CUST0291,olivia davis,New,Ceramic Coating,Referral,Charlotte,Port Charlotte,350,390,5,395,75,Card,,3
496,2025-11-21 00:00:00,CUST0714,alex anderson,New,Full Detail,TikTok,Charlotte,Port Charlotte,150,167,20,187,124,Card,,5
497,2025-01-04 00:00:00,CUST0639, Ava Martinez,New,Basic Wash,instagram,Sarasota,Venice,40,40,0,40,69,Venmo,,5
498,2025-01-16 00:00:00,CUST0703, Olivia Davis,New,Premium Wash,Instagram ,Charlotte,Punta Gorda,70,65,10,75,103,Zelle,VIP ,3
499,2025-10-07 00:00:00,CUST0933,Olivia Brown,New,Interior Detail,FaceBook ,Charlotte,Punta Gorda,90,101,0,101,134,Card,,3
500,2025-12-02 00:00:00,CUST0424, Alex Wilson,New,Full Detail,youtube,Sarasota,Sarasota,150,163,0,163,34,Venmo,VIP ,4
501,2025-09-04 00:00:00,CUST1068,Olivia Brown ,Returning,Full Detail,FaceBook ,Charlotte,Port Charlotte,150,170,5,175,149,Cash,,5
502,2025-09-15 00:00:00,CUST0990,Liam Wilson,Returning,Basic Wash,social,Charlotte,Punta Gorda,40,46,5,51,105,Venmo,SUMMER10,3
503,2025-06-09 00:00:00,CUST0714,Liam Martinez,Returning,Basic Wash,tiktok,Charlotte,Port Charlotte,40,35,0,35,160,cash ,SUMMER10,
504,2025-12-06 00:00:00,CUST0976, Liam Taylor,New,Full Detail,FaceBook ,Sarasota,North Port,150,165,0,165,161,Cash,,
505,2025-06-01 00:00:00,CUST0200,Sofia Smith,New,Basic Wash,TIKTOK,Charlotte,Punta Gorda,40,42,5,47,128,CARD,,4
506,2025-06-27 00:00:00,CUST0898,Lewis Wilson,Returning,Premium Wash,facebook,Sarasota,Venice,70,65,0,65,46,Card,SUMMER10,5
507,2025-06-12 00:00:00,CUST0927, Emma Martinez,New,Full Detail,Insta,Sarasota,North Port,150,150,15,165,177,Card,VIP ,3
508,2025-02-02 00:00:00,CUST0654,Lewis  Wilson,Returning,Full Detail,YouTube,Charlotte,Punta Gorda,150,150,5,155,99,cash ,,3
509,2025-06-28 00:00:00,CUST0138,Liam Martinez ,Returning,Full Detail,FACEBOOK,Sarasota,Sarasota,150,148,20,168,55,Cash App,SUMMER10,3
510,2025-04-11 00:00:00,CUST0615,Noah Wilson,Returning,Basic Wash,youtube,Sarasota,Sarasota,40,40,10,50,133,CARD,,5
511,2025-09-25 00:00:00,CUST0092, Ava Martinez,New,Interior Detail,Youtube,Charlotte,Port Charlotte,90,97,5,102,72,cash ,,5
512,2025-11-19 00:00:00,CUST0236,ALEX GARCIA,New,Basic Wash,Youtube,Charlotte,Port Charlotte,40,39,0,39,150,Cash App,VIP ,5
513,2025-03-06 00:00:00,CUST0047,Noah Wilson,Returning,Basic Wash,YouTube,Sarasota,Venice,40,42,0,42,30,CARD,NEWCUSTOMER,5
514,2025-06-17 00:00:00,CUST0703,Lewis Smith ,Returning,Ceramic Coating,instagram,Charlotte,Punta Gorda,350,345,15,360,157,Venmo,,5
515,2025-11-26 00:00:00,CUST0224,Sofia Miller ,Returning,Full Detail,YOUTUBE ,Charlotte,Port Charlotte,150,163,20,183,109,Card,VIP ,4
516,2025-02-12 00:00:00,CUST0337,Olivia Davis ,New,Interior Detail,TikTok,Charlotte,Port Charlotte,90,90,15,105,111,Cash,VIP ,5
517,2025-02-13 00:00:00,CUST0500,JOHN SMITH,New,Premium Wash,youtube,Sarasota,Sarasota,70,70,5,75,79,cash ,,5
518,2025-10-12 00:00:00,CUST1057,Lewis Davis,New,Interior Detail,YOUTUBE ,Sarasota,Venice,90,101,0,101,77,cash ,,5
519,2025-01-12 00:00:00,CUST0358,AVA MARTINEZ,New,Basic Wash,Tik tok,Sarasota,Venice,40,35,20,55,122,Cash,,4
520,2025-04-05 00:00:00,CUST1131,ava taylor,Returning,Interior Detail,FB,Charlotte,Port Charlotte,90,92,15,107,130,cash ,VIP ,3
521,2025-10-29 00:00:00,CUST0328,Olivia Davis ,New,Basic Wash,tiktok,Sarasota,Sarasota,40,44,20,64,180,Zelle,NEWCUSTOMER,5
522,2025-09-10 00:00:00,CUST0678,Liam Miller,New,Ceramic Coating,referral,Charlotte,Punta Gorda,350,$385.00,5,390.0,131,Card,SUMMER10,5
523,2025-08-30 00:00:00,CUST1147, John Wilson,New,Basic Wash,Word of Mouth,Charlotte,Port Charlotte,40,46,15,61,108,Card,NEWCUSTOMER,
524,2025-02-04 00:00:00,CUST0874,Sofia Wilson,New,Basic Wash,referral,Charlotte,Punta Gorda,40,45,0,45,139,Cash,,4
525,2025-08-03 00:00:00,CUST0947,Liam Johnson,Returning,Interior Detail,instagram,Sarasota,Venice,90,$94.00,5,99,103,Card,,3
526,2025-12-03 00:00:00,CUST0475,Olivia Anderson,New,Full Detail,Referral,Sarasota,North Port,150,165,15,180,61,cash ,VIP ,3
527,2025-03-31 00:00:00,CUST0830,alex martinez,New,Basic Wash,youtube,Charlotte,Port Charlotte,40,42,0,42,52,Zelle,VIP ,5
528,2025-09-21 00:00:00,CUST0378,Sofia  Taylor,New,Basic Wash,YOUTUBE ,Charlotte,Port Charlotte,40,$46.00,0,46,133,cash ,NEWCUSTOMER,5
529,2025-04-03 00:00:00,CUST0382,john wilson,New,Full Detail,YOUTUBE ,Charlotte,Port Charlotte,150,150,0,150,124,Cash,NEWCUSTOMER,5
530,2025-03-31 00:00:00,CUST0886, Liam Johnson,New,Basic Wash,Word of Mouth,Sarasota,Sarasota,40,38,15,53,54,Card,SUMMER10,3
531,2025-04-25 00:00:00,CUST0811,John Johnson,Returning,Premium Wash,tiktok,Charlotte,Punta Gorda,70,70,10,80,167,CARD,VIP ,4
532,2025-04-15 00:00:00,CUST0060,Lewis Davis,New,Ceramic Coating,TikTok,Charlotte,Punta Gorda,350,350,10,360,49,Cash,,4
533,2025-07-15 00:00:00,CUST0405, Ava Miller,New,Interior Detail,Instagram,Sarasota,North Port,90,99,0,99,111,Venmo,,5
534,2025-11-10 00:00:00,CUST0921,John Garcia ,New,Ceramic Coating,Insta,Sarasota,Sarasota,350,390,-5,390,106,Cash,VIP ,4
535,2025-04-24 00:00:00,CUST0880, Lewis Brown,New,Full Detail,Facebook,Charlotte,Punta Gorda,150,150,15,165,133,Zelle,,5
535,2025-04-24 00:00:00,CUST0880, Lewis Brown,New,Full Detail,Facebook,Charlotte,Punta Gorda,150,150,15,165,133,Zelle,,5
536,2025-03-16 00:00:00,CUST0797,JOHN ANDERSON,Returning,Premium Wash,instagram,Sarasota,North Port,70,68,0,68,160,Zelle,VIP ,4
537,2025-08-05 00:00:00,CUST0010,AVA GARCIA,New,Interior Detail,Insta,Charlotte,Punta Gorda,90,97,15,112,133,Card,NEWCUSTOMER,4
538,2025-10-04 00:00:00,CUST0440,Ava  Johnson,New,Interior Detail,instagram,Sarasota,Venice,90,104,15,119,62,Card,,5
539,2025-09-06 00:00:00,CUST0422,Mary Smith ,New,Basic Wash,Referred,Sarasota,Sarasota,40,46,20,66,30,Cash,,5
540,2025-06-13 00:00:00,CUST0571,SOFIA DAVIS,New,Full Detail,Insta,Sarasota,Sarasota,150,155,20,175,81,Card,VIP ,5
541,2025-12-23 00:00:00,CUST0129,Sofia Davis,New,Basic Wash,TIKTOK,Charlotte,Port Charlotte,40,39,15,54,147,CARD,,4
542,2025-07-11 00:00:00,CUST1183,OLIVIA DAVIS,Returning,Premium Wash,Referred,Sarasota,Sarasota,70,77,20,97.0,81,Card,SUMMER10,4
543,2025-08-15 00:00:00,CUST0209,Liam  Garcia,New,Premium Wash,FB,Sarasota,Venice,70,72,20,92,98,Cash,,4
544,2025-06-26,CUST1100,Liam  Brown,Returning,Interior Detail,youtube,Charlotte,Punta Gorda,90,88,-5,103,172,cash ,NEWCUSTOMER,3
545,2025-04-09 00:00:00,CUST0383,lewis taylor,New,Interior Detail,YouTube,Sarasota,North Port,90,95,5,100,138,Cash App,SUMMER10,
546,2025-02-05 00:00:00,CUST0750,Liam Martinez ,New,Basic Wash,Insta,Charlotte,Port Charlotte,40,$40.00,10,50,121,Card,SUMMER10,5
547,2025-04-06 00:00:00,CUST0668,Liam  Wilson,Returning,Full Detail,Tik tok,Charlotte,Port Charlotte,150,152,0,152,48,Card,,
548,2025-06-01 00:00:00,CUST0404,MARY JOHNSON,New,Premium Wash,YOUTUBE ,Sarasota,Venice,70,65,0,65,117,Venmo,NEWCUSTOMER,3
549,2025-05-31 00:00:00,CUST0938, Mary Anderson,Returning,Full Detail,Referral,Sarasota,Sarasota,150,148,5,153,135,Card,NEWCUSTOMER,5
550,2025-07-09 00:00:00,CUST0234,Alex  Miller,Returning,Ceramic Coating,YouTube,Sarasota,Sarasota,350,380,0,380,100,Cash,VIP ,5
551,2025-08-12 00:00:00,CUST0538,lewis davis,New,Basic Wash,YouTube,Sarasota,North Port,40,49,5,54,82,Cash App,,
552,2025-02-06 00:00:00,CUST1003,Alex Davis,New,Basic Wash,Tik tok,Charlotte,Punta Gorda,40,35,0,35,70,cash ,,5
553,2025-09-25 00:00:00,CUST1081,liam taylor,New,Ceramic Coating,FB,Sarasota,Sarasota,350,385,0,385,145,cash ,SUMMER10,3
554,2025-07-02 00:00:00,CUST0642, Olivia Johnson,New,Premium Wash,TikTok,Charlotte,Port Charlotte,70,$77.00,10,87,105,Cash,VIP ,3
555,2025-01-13 00:00:00,CUST0796,Alex Miller,Returning,Basic Wash,Youtube,Charlotte,Punta Gorda,40,42,15,57,76,Zelle,NEWCUSTOMER,5
556,2025-10-06 00:00:00,CUST0804,sofia brown,New,Premium Wash,FB,Sarasota,North Port,70,75,10,85,41,Cash App,VIP ,4
557,2025-08-05 00:00:00,CUST0234,John Smith,Returning,Premium Wash,YOUTUBE ,Sarasota,Sarasota,70,82,5,87,100,Venmo,VIP ,5
558,2025-12-21 00:00:00,CUST0713,Olivia  Anderson,Returning,Basic Wash,YouTube,Charlotte,Port Charlotte,40,49,10,59,78,CARD,,5
559,2025-12-27 00:00:00,CUST0721,Alex  Taylor,New,Interior Detail,tiktok,Charlotte,Punta Gorda,90,99,0,99,70,Zelle,NEWCUSTOMER,3
560,13-10-2025,CUST0938,Noah Wilson,Returning,Interior Detail,Referral,Sarasota,Sarasota,90,99,0,99,150,Cash,NEWCUSTOMER,3
561,2025-09-30 00:00:00,CUST0354,NOAH BROWN,New,Full Detail,TIKTOK,Charlotte,Port Charlotte,150,165,0,165.0,174,Zelle,,5
562,2025-03-03 00:00:00,CUST0610, Noah Taylor,New,Full Detail,TikTok,Charlotte,Punta Gorda,150,145,0,145.0,134,Zelle,SUMMER10,5
563,2025-03-25 00:00:00,CUST0174,MARY DAVIS,Returning,Premium Wash,,Sarasota,North Port,70,65,5,70,45,Venmo,NEWCUSTOMER,5
564,2025-08-05 00:00:00,CUST0275,Sofia  Davis,Returning,Ceramic Coating,TIKTOK,Charlotte,Punta Gorda,350,$385.00,0,385,157,Venmo,,3
565,2025-12-08 00:00:00,CUST0642,LEWIS DAVIS,Returning,Premium Wash,tiktok,Charlotte,Port Charlotte,70,79,20,99,176,Card,,
566,2025-07-06 00:00:00,CUST0242,lewis davis,New,Interior Detail,Referred,Sarasota,North Port,90,94,0,94.0,148,CARD,,4
567,2025-01-19 00:00:00,CUST0489,OLIVIA DAVIS,New,Interior Detail,FACEBOOK,Charlotte,Port Charlotte,90,88,20,108,35,cash ,,5
568,2025-06-26 00:00:00,CUST0626,LIAM BROWN,New,Interior Detail,Referral,Sarasota,Venice,90,88,20,108,172,CARD,VIP ,3
569,2025-04-10 00:00:00,CUST0240, Emma Miller,New,Interior Detail,TikTok,Charlotte,Port Charlotte,90,88,0,88,82,CARD,NEWCUSTOMER,5
570,2025-08-21 00:00:00,CUST0375,ava miller,New,Ceramic Coating,YOUTUBE ,Sarasota,Venice,350,385,15,400,61,Zelle,,5
571,2025-03-17 00:00:00,CUST0765,Noah Johnson ,Returning,Basic Wash,,Charlotte,Punta Gorda,40,35,10,45,159,Zelle,SUMMER10,4
572,2025-09-22 00:00:00,CUST0290,mary anderson,New,Basic Wash,TikTok,Sarasota,North Port,40,$46.00,5,51,57,Venmo,NEWCUSTOMER,4
573,2025-10-11 00:00:00,CUST1047,ava martinez,New,Full Detail,Referral,Sarasota,Venice,150,160,10,170,84,Cash,,4
574,2025-07-25 00:00:00,CUST0796,john taylor,Returning,Premium Wash,Youtube,Charlotte,Punta Gorda,70,77,10,87,165,Venmo,SUMMER10,4
575,2025-08-11 00:00:00,CUST0857,Lewis  Smith,Returning,Interior Detail,Insta,Sarasota,North Port,90,99,0,99,137,Cash App,VIP ,5
576,2025-02-21 00:00:00,CUST0283,John  Anderson,New,Premium Wash,facebook,Sarasota,North Port,70,70,10,80,131,Cash,,4
577,2025-12-05 00:00:00,CUST1178,john davis,New,Interior Detail,FACEBOOK,Charlotte,Port Charlotte,90,99,15,114,131,Cash App,SUMMER10,5
578,2025-05-24 00:00:00,CUST0786,Ava Johnson ,New,Full Detail,Instagram,Charlotte,Port Charlotte,150,152,0,152,170,Cash App,SUMMER10,4
579,2025-03-10 00:00:00,CUST0867,liam wilson,Returning,Basic Wash,TikTok,Sarasota,Sarasota,40,38,15,53,107,CARD,,5
580,2025-04-09 00:00:00,CUST0381,Emma  Wilson,Returning,Ceramic Coating,Referred,Sarasota,North Port,350,$355.00,0,355,61,Cash App,,5
581,2025-01-25 00:00:00,CUST0997, Alex Davis,New,Basic Wash,referral,Charlotte,Punta Gorda,40,45,5,50,145,Cash App,NEWCUSTOMER,3
582,2025-02-22 00:00:00,CUST1101,Emma Taylor ,Returning,Basic Wash,,Sarasota,North Port,40,42,0,42,105,Cash App,NEWCUSTOMER,3
583,2025-05-31 00:00:00,CUST0355,Lewis Brown ,New,Premium Wash,referral,Sarasota,North Port,70,68,0,68,57,cash ,NEWCUSTOMER,5
584,2025-05-24 00:00:00,CUST1137,ALEX MILLER,Returning,Full Detail,Referral,Sarasota,Sarasota,150,150,20,170,37,Zelle,VIP ,4
585,2025-02-26 00:00:00,CUST0342,noah johnson,New,Ceramic Coating,referral,Sarasota,Sarasota,350,345,0,345,102,Cash App,NEWCUSTOMER,4
586,2025-02-08 00:00:00,CUST1003,Noah Taylor ,Returning,Full Detail,TIKTOK,Charlotte,Punta Gorda,150,155,0,155,98,CARD,SUMMER10,3
587,2025-04-19 00:00:00,CUST0592,mary garcia,New,Premium Wash,referral,Charlotte,Port Charlotte,70,72,15,87,110,Venmo,,4
588,2025-06-30 00:00:00,CUST0288, Liam Davis,New,Premium Wash,Facebook,Sarasota,Venice,70,$70.00,0,70,87,cash ,SUMMER10,5
589,2025-02-11 00:00:00,CUST0384,John  Taylor,Returning,Basic Wash,youtube,Sarasota,Venice,40,35,10,45,46,CARD,,3
590,2025-07-05 00:00:00,CUST0645,john martinez,Returning,Ceramic Coating,TIKTOK,Charlotte,Punta Gorda,350,385,20,405,135,Cash App,,5
591,2025-08-11 00:00:00,CUST0924, Emma Smith,New,Full Detail,referral,Charlotte,Port Charlotte,150,165,15,180,63,Venmo,,5
592,2025-05-02 00:00:00,CUST0110,Liam Garcia,Returning,Interior Detail,TikTok,Charlotte,Port Charlotte,90,85,15,100,131,Card,,
593,2025-05-13 00:00:00,CUST0736,olivia smith,Returning,Full Detail,Insta,Charlotte,Port Charlotte,150,145,15,160,149,Venmo,,5
594,2025-06-12 00:00:00,CUST0020,Emma Davis,Returning,Premium Wash,Insta,Sarasota,North Port,70,70,15,85,156,Card,,3
595,2025-08-03 00:00:00,CUST0993,John Johnson ,New,Basic Wash,Referred,Sarasota,Sarasota,40,42,5,47,131,CARD,,3
596,2025-08-09 00:00:00,CUST0280,Alex Brown,New,Full Detail,TIKTOK,Sarasota,Venice,150,170,20,190,157,Cash,,3
597,2025-08-23 00:00:00,CUST0400,Olivia Taylor ,New,Premium Wash,Tik tok,Sarasota,Sarasota,70,79,5,84,169,Card,SUMMER10,
598,2025-11-27 00:00:00,CUST0787,Olivia Smith ,Returning,Full Detail,Insta,Sarasota,North Port,150,160,0,160,116,Venmo,VIP ,3
599,2025-05-26 00:00:00,CUST1151,John Martinez,New,Full Detail,YOUTUBE ,Sarasota,Venice,150,148,15,163,133,cash ,NEWCUSTOMER,5
600,2025-08-27 00:00:00,CUST1036,Mary Garcia ,Returning,Interior Detail,Word of Mouth,Sarasota,North Port,90,94,15,109,115,Zelle,,4
601,2025-03-17 00:00:00,CUST1014,Lewis Miller ,New,Ceramic Coating,FaceBook ,Sarasota,North Port,350,345,15,360,172,Zelle,NEWCUSTOMER,3
602,2025-01-09 00:00:00,CUST0838,Noah  Taylor,Returning,Ceramic Coating,TikTok,Sarasota,Venice,350,355,20,375,88,Cash App,,3
603,2025-03-15 00:00:00,CUST1008,Liam Anderson ,New,Basic Wash,YouTube,Charlotte,Port Charlotte,40,40,10,50,118,Venmo,,
604,2025-09-10 00:00:00,CUST0852,Olivia Garcia ,Returning,Ceramic Coating,TIKTOK,Charlotte,Punta Gorda,350,$390.00,0,390,77,Venmo,,3
605,2025-08-18 00:00:00,CUST0910,ALEX BROWN,New,Ceramic Coating,instagram,Sarasota,North Port,350,387,15,402.0,141,Zelle,NEWCUSTOMER,4
606,2025-01-07 00:00:00,CUST1001,John Martinez ,Returning,Premium Wash,referral,Sarasota,North Port,70,70,20,90,43,cash ,VIP ,4
607,2025-06-23 00:00:00,CUST0343, Noah Wilson,Returning,Interior Detail,youtube,Charlotte,Punta Gorda,90,90,0,90,94,cash ,,3
608,2025-05-21 00:00:00,CUST0170,Mary Martinez ,Returning,Full Detail,Referred,Sarasota,North Port,150,148,15,163,79,Card,,3
609,2025-06-17 00:00:00,CUST1158,Ava  Miller,Returning,Full Detail,Referred,Sarasota,North Port,150,148,0,148,177,Card,,4
610,2025-06-19 00:00:00,CUST0064,Liam Garcia ,New,Interior Detail,YOUTUBE ,Charlotte,Punta Gorda,90,90,20,110,36,Venmo,NEWCUSTOMER,4
610,2025-06-19 00:00:00,CUST0064,Liam Garcia ,New,Interior Detail,YOUTUBE ,Charlotte,Punta Gorda,90,90,20,110,36,Venmo,NEWCUSTOMER,4
611,10-10-2025,CUST0452, Mary Wilson,New,Ceramic Coating,Insta,Sarasota,Venice,350,380,15,395,161,cash ,,5
612,2025-05-02 00:00:00,CUST0599,MARY MARTINEZ,New,Interior Detail,YOUTUBE ,Charlotte,Port Charlotte,90,85,5,90,113,Card,,4
613,2025-07-13 00:00:00,CUST0067,JOHN TAYLOR,New,Premium Wash,YouTube,Sarasota,Sarasota,70,77,5,82,144,Venmo,,5
614,2025-01-05 00:00:00,CUST0563,Ava Anderson ,Returning,Full Detail,,Sarasota,North Port,150,152,0,152,165,Zelle,,
615,2025-01-29 00:00:00,CUST0461,Noah Davis,New,Full Detail,tiktok,Sarasota,North Port,150,148,5,153,65,CARD,NEWCUSTOMER,3
616,2025-06-14 00:00:00,CUST1102,Emma Taylor ,Returning,Ceramic Coating,Referred,Charlotte,Port Charlotte,350,350,15,365,101,CARD,,
617,2025-12-05 00:00:00,CUST0592,john smith,Returning,Full Detail,Referral,Charlotte,Port Charlotte,150,165,0,165,36,Venmo,,5
618,2025-05-16 00:00:00,CUST0345,Emma Martinez ,Returning,Interior Detail,Instagram,Charlotte,Punta Gorda,90,90,0,90,47,Cash,NEWCUSTOMER,5
619,2025-12-31 00:00:00,CUST0937,Sofia Davis ,New,Full Detail,YOUTUBE ,Charlotte,Port Charlotte,150,167,0,167,155,Cash App,SUMMER10,4
620,2025-11-17 00:00:00,CUST1159,Sofia  Brown,Returning,Interior Detail,instagram,Charlotte,Port Charlotte,90,99,0,99,83,Zelle,,3
620,2025-11-17 00:00:00,CUST1159,Sofia  Brown,Returning,Interior Detail,instagram,Charlotte,Port Charlotte,90,99,0,99,83,Zelle,,3
621,2025-12-08 00:00:00,CUST1015, John Johnson,New,Ceramic Coating,youtube,Sarasota,North Port,350,380,10,390,45,Card,SUMMER10,
622,2025-05-25 00:00:00,CUST1126,Emma Wilson ,New,Basic Wash,FB,Sarasota,Sarasota,40,45,0,45,146,CARD,,5
623,2025-11-23 00:00:00,CUST1047,Olivia  Davis,Returning,Premium Wash,Referred,Sarasota,Venice,70,79,15,94,53,Zelle,,
624,2025-08-05 00:00:00,CUST0232,Sofia  Taylor,Returning,Full Detail,TikTok,Sarasota,Sarasota,150,170,0,170,85,Zelle,,4
625,2025-10-28 00:00:00,CUST1173,Ava  Johnson,New,Premium Wash,Word of Mouth,Sarasota,North Port,70,72,5,77,139,CARD,,
626,2025-05-12 00:00:00,CUST0234,Mary  Wilson,Returning,Interior Detail,Youtube,Sarasota,Sarasota,90,92,5,97,108,Cash App,SUMMER10,4
627,2025-10-19 00:00:00,CUST0549,Mary Brown ,Returning,Interior Detail,tiktok,Sarasota,North Port,90,101,15,116,157,Zelle,NEWCUSTOMER,
628,2025-03-11 00:00:00,CUST1113, Emma Brown,Returning,Ceramic Coating,Tik tok,Sarasota,North Port,350,350,0,350,58,Zelle,NEWCUSTOMER,4
629,2025-09-09 00:00:00,CUST0752,Lewis Anderson ,New,Ceramic Coating,Facebook,Sarasota,North Port,350,383,0,383,74,Zelle,VIP ,5
630,2025-10-02 00:00:00,CUST1111,Liam Davis,Returning,Ceramic Coating,Insta,Charlotte,Punta Gorda,350,385,0,385,77,Venmo,,
631,2025-12-30,CUST0086,Alex  Miller,New,Interior Detail,FB,Sarasota,Venice,90,94,0,94,147,Zelle,,4
632,2025-07-01 00:00:00,CUST0904,Liam Miller,New,Interior Detail,Referral,Charlotte,Port Charlotte,90,97,5,102,152,Zelle,,
633,2025-06-16 00:00:00,CUST1119,alex johnson,New,Premium Wash,Facebook,Charlotte,Punta Gorda,70,70,20,90,42,Card,,5
634,2025-04-01 00:00:00,CUST0448,Alex Brown,Returning,Basic Wash,Instagram,Charlotte,Punta Gorda,40,35,10,45,127,Cash,NEWCUSTOMER,5
635,2025-07-21 00:00:00,CUST0871,Ava Miller ,New,Ceramic Coating,TIKTOK,Charlotte,Punta Gorda,350,$390.00,0,390,84,cash ,,4
636,2025-12-12 00:00:00,CUST0210,John  Anderson,Returning,Interior Detail,TIKTOK,Sarasota,North Port,90,97,0,97,55,cash ,VIP ,4
637,2025-01-19 00:00:00,CUST0507,Emma Davis,Returning,Premium Wash,Word of Mouth,Charlotte,Port Charlotte,70,$65.00,20,85,79,Venmo,VIP ,4
638,2025-02-08 00:00:00,CUST0610,alex garcia,Returning,Basic Wash,Tik tok,Charlotte,Punta Gorda,40,35,10,45,88,cash ,,5
639,2025-05-06 00:00:00,CUST0067,NOAH JOHNSON,Returning,Premium Wash,YouTube,Sarasota,Sarasota,70,65,10,75,66,Zelle,,5
640,2025-06-22 00:00:00,CUST0922,ALEX BROWN,Returning,Full Detail,YouTube,Sarasota,North Port,150,150,10,160,35,Zelle,VIP ,5
641,2025-05-21 00:00:00,CUST0539,John Johnson,New,Premium Wash,TikTok,Sarasota,Venice,70,75,0,75,103,Zelle,,5
642,2025-08-30 00:00:00,CUST0714,EMMA MARTINEZ,Returning,Ceramic Coating,tiktok,Charlotte,Port Charlotte,350,380,10,390,124,cash ,,3
642,2025-08-30 00:00:00,CUST0714,EMMA MARTINEZ,Returning,Ceramic Coating,tiktok,Charlotte,Port Charlotte,350,380,10,390,124,cash ,,3
643,2025-08-08 00:00:00,CUST0179,John Miller,Returning,Ceramic Coating,YouTube,Sarasota,Venice,350,380,15,395,60,Venmo,VIP ,5
644,06-05-2025,CUST0900,Emma Wilson,New,Ceramic Coating,Instagram,Sarasota,North Port,350,345,0,345,162,Card,NEWCUSTOMER,
645,2025-02-27 00:00:00,CUST0241,Emma Johnson,Returning,Premium Wash,Facebook,Charlotte,Punta Gorda,70,65,20,85,148,Venmo,,5
646,2025-05-28 00:00:00,CUST0486,Liam  Anderson,Returning,Basic Wash,,Sarasota,Sarasota,40,42,0,42,141,CARD,SUMMER10,4
646,2025-05-28 00:00:00,CUST0486,Liam  Anderson,Returning,Basic Wash,,Sarasota,Sarasota,40,42,0,42,141,CARD,SUMMER10,4
647,2025-11-13 00:00:00,CUST0430,Lewis Davis ,Returning,Premium Wash,TIKTOK,Sarasota,North Port,70,79,0,79,133,cash ,,4
648,2025-12-27 00:00:00,CUST0719,Emma Taylor,New,Full Detail,tiktok,Sarasota,Sarasota,150,$165.00,0,165,138,Venmo,,4
648,2025-12-27 00:00:00,CUST0719,Emma Taylor,New,Full Detail,tiktok,Sarasota,Sarasota,150,$165.00,0,165,138,Venmo,,4
649,2025-01-01 00:00:00,CUST0877, Ava Garcia,New,Ceramic Coating,facebook,Sarasota,North Port,350,348,15,363,169,Cash,,5
650,2025-12-14 00:00:00,CUST0340,Olivia  Miller,New,Ceramic Coating,Insta,Sarasota,North Port,350,385,15,400,131,Cash,,3
651,2025-07-09 00:00:00,CUST0286,John Wilson ,Returning,Basic Wash,FaceBook ,Sarasota,Venice,40,42,10,52,85,Zelle,,4
652,2025-07-10 00:00:00,CUST0424,John  Johnson,Returning,Ceramic Coating,youtube,Sarasota,Sarasota,350,387,15,402,59,Venmo,,4
653,2025-11-08 00:00:00,CUST0424,John Garcia,Returning,Basic Wash,Youtube,Sarasota,Sarasota,40,39,0,39,135,Venmo,NEWCUSTOMER,5
654,2025-04-27 00:00:00,CUST0122,Liam  Anderson,New,Premium Wash,YOUTUBE ,Charlotte,Port Charlotte,70,65,10,75,51,Zelle,,5
655,2025-05-14 00:00:00,CUST1168, Emma Anderson,New,Ceramic Coating,social,Sarasota,North Port,350,348,0,348,71,Cash App,,4
656,2025-02-27 00:00:00,CUST0719,olivia johnson,Returning,Ceramic Coating,tiktok,Sarasota,Sarasota,350,345,10,355,137,Venmo,,4
657,2025-02-13 00:00:00,CUST1091, Noah Anderson,New,Ceramic Coating,FaceBook ,Charlotte,Port Charlotte,350,350,15,365,72,Card,SUMMER10,
658,2025-06-22 00:00:00,CUST0576, Lewis Johnson,New,Ceramic Coating,YouTube,Charlotte,Port Charlotte,350,$350.00,20,370,88,cash ,,5
659,2025-06-09 00:00:00,CUST1104,Olivia  Taylor,New,Interior Detail,Youtube,Charlotte,Punta Gorda,90,95,5,100.0,126,Cash App,VIP ,5
660,2025-06-22 00:00:00,CUST0345,Ava Davis,Returning,Full Detail,Instagram ,Charlotte,Punta Gorda,150,152,20,172,93,CARD,SUMMER10,4
661,2025-11-13 00:00:00,CUST0663,Liam Brown,New,Ceramic Coating,Insta,Sarasota,Sarasota,350,383,5,388,134,Zelle,NEWCUSTOMER,3
662,2025-10-30 00:00:00,CUST0600, Liam Wilson,New,Premium Wash,Instagram ,Sarasota,Venice,70,77,10,87,131,Zelle,,5
663,2025-05-29 00:00:00,CUST0593,noah johnson,Returning,Interior Detail,Youtube,Sarasota,Sarasota,90,95,0,95,71,Card,SUMMER10,
664,2025-03-21 00:00:00,CUST1173,Lewis Garcia ,Returning,Full Detail,Referral,Sarasota,North Port,150,150,0,150,35,Card,,4
665,2025-08-01 00:00:00,CUST0548,mary anderson,Returning,Full Detail,Tik tok,Sarasota,North Port,150,160,20,180,150,Cash App,,4
665,2025-08-01 00:00:00,CUST0548,mary anderson,Returning,Full Detail,Tik tok,Sarasota,North Port,150,160,20,180,150,Cash App,,4
666,2025-07-22 00:00:00,CUST1054,MARY WILSON,New,Full Detail,FaceBook ,Sarasota,Sarasota,150,167,0,167,67,cash ,NEWCUSTOMER,4
667,2025-09-09 00:00:00,CUST0196,Ava  Davis,Returning,Ceramic Coating,youtube,Sarasota,Sarasota,350,385,15,400,167,Zelle,NEWCUSTOMER,5
668,2025-08-17 00:00:00,CUST0278,Ava  Brown,Returning,Interior Detail,youtube,Sarasota,Venice,90,104,0,104,42,Zelle,VIP ,5
669,2025-06-13 00:00:00,CUST0843,noah smith,Returning,Interior Detail,Instagram,Charlotte,Punta Gorda,90,85,10,95,48,Venmo,NEWCUSTOMER,5
670,2025-08-15,CUST0122,Emma Taylor,Returning,Basic Wash,Youtube,Charlotte,Port Charlotte,40,46,5,51,178,cash ,SUMMER10,4
671,2025-05-27 00:00:00,CUST0568, Lewis Anderson,New,Basic Wash,social,Sarasota,Venice,40,$40.00,10,50,126,cash ,SUMMER10,
672,2025-01-20 00:00:00,CUST0260,John Taylor ,New,Interior Detail,Tik tok,Charlotte,Port Charlotte,90,90,5,95,143,Venmo,,3
673,2025-02-16 00:00:00,CUST0272,ALEX DAVIS,Returning,Interior Detail,Referred,Charlotte,Punta Gorda,90,90,0,90,127,Cash App,,
674,2025-08-21 00:00:00,CUST0512,Lewis Brown ,New,Premium Wash,Instagram ,Sarasota,North Port,70,75,0,75,60,cash ,SUMMER10,5
675,2025-11-01 00:00:00,CUST0300, Liam Garcia,New,Interior Detail,referral,Charlotte,Punta Gorda,90,104,0,104.0,55,Venmo,NEWCUSTOMER,4
676,2025-01-14 00:00:00,CUST0660,sofia johnson,New,Full Detail,Word of Mouth,Sarasota,North Port,150,155,15,170,156,Zelle,NEWCUSTOMER,5
677,2025-05-23 00:00:00,CUST0507,Mary Brown,Returning,Interior Detail,Word of Mouth,Charlotte,Port Charlotte,90,88,0,88,138,Card,NEWCUSTOMER,5
678,2025-01-01 00:00:00,CUST0805, Emma Garcia,Returning,Full Detail,YouTube,Charlotte,Port Charlotte,150,152,20,172,119,Card,,5
679,2025-02-23 00:00:00,CUST1003,Emma  Garcia,Returning,Basic Wash,tiktok,Charlotte,Punta Gorda,40,35,5,40,139,cash ,,4
680,2025-09-16 00:00:00,CUST0292,Mary Wilson ,New,Interior Detail,Tik tok,Sarasota,Sarasota,90,101,20,121,155,Venmo,SUMMER10,3
681,2025-05-24 00:00:00,CUST1183,John Anderson,Returning,Premium Wash,Word of Mouth,Sarasota,Sarasota,70,65,5,70,151,Venmo,,
682,2025-01-12 00:00:00,CUST0551,lewis taylor,Returning,Interior Detail,Youtube,Charlotte,Punta Gorda,90,$95.00,15,110,169,CARD,,5
683,2025-11-26 00:00:00,CUST0849,MARY DAVIS,New,Full Detail,FaceBook ,Charlotte,Port Charlotte,150,165,5,170,159,Card,,3
684,2025-08-12 00:00:00,CUST0769,Liam Johnson,Returning,Basic Wash,tiktok,Charlotte,Port Charlotte,40,44,10,54,85,Cash App,VIP ,
685,2025-09-29 00:00:00,CUST0926, Ava Davis,New,Ceramic Coating,youtube,Charlotte,Port Charlotte,350,390,15,405,128,Zelle,NEWCUSTOMER,3
686,2025-12-24 00:00:00,CUST0155,Alex Garcia ,New,Full Detail,Youtube,Sarasota,North Port,150,160,10,170,100,Card,,
687,2025-06-05 00:00:00,CUST0191,alex anderson,Returning,Premium Wash,referral,Sarasota,Sarasota,70,72,15,87,87,Card,NEWCUSTOMER,4
688,2025-01-08 00:00:00,CUST0826, John Taylor,New,Ceramic Coating,FACEBOOK,Charlotte,Port Charlotte,350,$348.00,-5,363,74,Card,,3
689,2025-05-02 00:00:00,CUST1056,John  Anderson,New,Full Detail,YOUTUBE ,Charlotte,Punta Gorda,150,150,0,150,127,Zelle,VIP ,5
690,2025-12-14 00:00:00,CUST0570,SOFIA ANDERSON,New,Interior Detail,Youtube,Sarasota,Venice,90,99,5,104,53,CARD,VIP ,5
691,2025-06-13,CUST0756,Ava  Martinez,New,Premium Wash,FB,Sarasota,North Port,70,68,5,73,110,Venmo,,4
691,2025-06-13,CUST0756,Ava  Martinez,New,Premium Wash,FB,Sarasota,North Port,70,68,5,73,110,Venmo,,4
692,2025-03-31 00:00:00,CUST0932,Mary Martinez,New,Interior Detail,facebook,Sarasota,Sarasota,90,95,10,105,180,Cash App,,4
693,2025-05-16 00:00:00,CUST1000,Lewis Smith ,Returning,Interior Detail,Insta,Sarasota,Sarasota,90,85,20,105,53,Zelle,,5
694,2025-07-05 00:00:00,CUST0671,LIAM MILLER,New,Interior Detail,YouTube,Sarasota,North Port,90,101,10,111,79,Zelle,,4
694,2025-07-05 00:00:00,CUST0671,LIAM MILLER,New,Interior Detail,YouTube,Sarasota,North Port,90,101,10,111,79,Zelle,,4
695,2025-11-12 00:00:00,CUST1192,Ava Johnson ,New,Ceramic Coating,referral,Charlotte,Port Charlotte,350,385,15,400,172,Zelle,VIP ,3
696,2025-06-27 00:00:00,CUST0006,ava miller,New,Basic Wash,Tik tok,Sarasota,Sarasota,40,42,10,52,146,Cash,,5
697,2025-01-28 00:00:00,CUST0191,JOHN TAYLOR,Returning,Full Detail,referral,Sarasota,Sarasota,150,145,0,145,107,Card,,3
698,2025-08-08 00:00:00,CUST0939,Alex Johnson,New,Premium Wash,Referral,Sarasota,Venice,70,77,10,87,105,Zelle,VIP ,3
699,2025-12-23 00:00:00,CUST0734, Emma Anderson,New,Premium Wash,Referred,Sarasota,North Port,70,75,15,90,66,Cash,SUMMER10,4
700,2025-02-10 00:00:00,CUST0130,John Martinez ,Returning,Ceramic Coating,Facebook,Charlotte,Port Charlotte,350,350,5,355,105,Venmo,NEWCUSTOMER,4
701,2025-08-16 00:00:00,CUST1095,EMMA DAVIS,Returning,Basic Wash,Facebook,Charlotte,Punta Gorda,40,39,0,39,132,Cash,SUMMER10,
702,2025-07-11 00:00:00,CUST0815,liam anderson,New,Interior Detail,youtube,Charlotte,Port Charlotte,90,94,0,94,44,Card,VIP ,4
703,2025-05-25 00:00:00,CUST0447,Liam Smith,Returning,Basic Wash,tiktok,Charlotte,Port Charlotte,40,$40.00,0,40,46,Cash,NEWCUSTOMER,4
704,2025-07-20 00:00:00,CUST0880,Emma Miller ,Returning,Premium Wash,facebook,Charlotte,Punta Gorda,70,$77.00,20,97,50,Cash,NEWCUSTOMER,5
704,2025-07-20 00:00:00,CUST0880,Emma Miller ,Returning,Premium Wash,facebook,Charlotte,Punta Gorda,70,$77.00,20,97,50,Cash,NEWCUSTOMER,5
705,2025-07-31 00:00:00,CUST0434,Lewis  Anderson,Returning,Interior Detail,FaceBook ,Sarasota,North Port,90,104,15,119,52,CARD,VIP ,3
706,2025-08-08 00:00:00,CUST1014,Mary  Davis,Returning,Interior Detail,FaceBook ,Sarasota,North Port,90,97,5,102,95,Cash,NEWCUSTOMER,4
707,2025-08-28 00:00:00,CUST0550,Emma  Anderson,Returning,Basic Wash,Instagram,Charlotte,Port Charlotte,40,44,0,44,115,Zelle,SUMMER10,5
708,2025-02-15 00:00:00,CUST0662,Noah Anderson,New,Interior Detail,Word of Mouth,Charlotte,Port Charlotte,90,92,5,97,91,cash ,,5
709,2025-02-04 00:00:00,CUST0581,LEWIS BROWN,New,Interior Detail,facebook,Sarasota,North Port,90,92,0,92,158,Venmo,,3
710,2025-09-10 00:00:00,CUST0692,JOHN DAVIS,Returning,Interior Detail,tiktok,Charlotte,Punta Gorda,90,94,10,104,144,cash ,NEWCUSTOMER,4
710,2025-09-10 00:00:00,CUST0692,JOHN DAVIS,Returning,Interior Detail,tiktok,Charlotte,Punta Gorda,90,94,10,104,144,cash ,NEWCUSTOMER,4
711,2025-03-23 00:00:00,CUST1121,Olivia  Garcia,New,Ceramic Coating,YouTube,Sarasota,Venice,350,350,0,350,113,Cash,VIP ,5
712,2025-09-13 00:00:00,CUST1184,Lewis  Wilson,New,Basic Wash,Word of Mouth,Charlotte,Port Charlotte,40,46,0,46,34,cash ,,4
713,2025-07-16 00:00:00,CUST0268,Alex Brown ,New,Basic Wash,Insta,Charlotte,Punta Gorda,40,49,0,49.0,75,CARD,NEWCUSTOMER,5
714,2025-10-30 00:00:00,CUST1160,EMMA TAYLOR,New,Basic Wash,Insta,Sarasota,Venice,40,44,20,64,84,cash ,VIP ,5
715,2025-01-10 00:00:00,CUST0994,Ava  Martinez,New,Premium Wash,referral,Sarasota,Venice,70,70,0,70.0,170,Cash,,4
716,2025-11-08 00:00:00,CUST0704,lewis martinez,New,Basic Wash,facebook,Charlotte,Port Charlotte,40,42,0,42,178,Cash,,5
717,2025-10-13 00:00:00,CUST0100,ALEX ANDERSON,Returning,Premium Wash,Facebook,Sarasota,Sarasota,70,82,15,97,116,CARD,,3
718,2025-08-30 00:00:00,CUST0095,Noah Taylor ,New,Ceramic Coating,Instagram ,Sarasota,Venice,350,387,20,407,33,Venmo,NEWCUSTOMER,5
719,2025-09-08 00:00:00,CUST0204,SOFIA TAYLOR,New,Ceramic Coating,,Sarasota,North Port,350,385,20,405,62,CARD,NEWCUSTOMER,5
720,2025-12-31 00:00:00,CUST0942,Emma Smith,New,Interior Detail,instagram,Charlotte,Punta Gorda,90,99,0,99,32,cash ,,5
721,2025-01-05 00:00:00,CUST0034,alex miller,Returning,Basic Wash,FB,Sarasota,North Port,40,$45.00,20,65,77,CARD,,3
722,2025-04-29,CUST0255, Liam Davis,New,Interior Detail,YouTube,Sarasota,Venice,90,88,20,108,31,CARD,,3
723,2025-10-16 00:00:00,CUST0324, Olivia Martinez,New,Full Detail,Insta,Sarasota,Venice,150,165,15,180,174,Venmo,,3
724,2025-03-06 00:00:00,CUST0904,ALEX WILSON,Returning,Full Detail,referral,Charlotte,Port Charlotte,150,155,0,155,75,CARD,NEWCUSTOMER,
725,2025-05-26 00:00:00,CUST0935,liam smith,New,Basic Wash,Facebook,Sarasota,Sarasota,40,40,0,40,71,Card,SUMMER10,
726,2025-08-12 00:00:00,CUST0002,Emma Taylor,New,Ceramic Coating,YouTube,Sarasota,Venice,350,387,20,407,155,cash ,,5
727,2025-08-27,CUST0877,Alex Johnson ,Returning,Ceramic Coating,facebook,Sarasota,North Port,350,390,20,410,148,Zelle,NEWCUSTOMER,4
728,2025-06-26 00:00:00,CUST0415,Liam Taylor ,New,Basic Wash,referral,Charlotte,Punta Gorda,40,42,15,57,126,Card,NEWCUSTOMER,5
729,2025-09-24 00:00:00,CUST0271,SOFIA TAYLOR,New,Premium Wash,Tik tok,Charlotte,Punta Gorda,70,72,0,72,43,Zelle,,3
730,2025-12-07 00:00:00,CUST0619,Liam Johnson,Returning,Interior Detail,FaceBook ,Sarasota,Sarasota,90,104,20,124,84,cash ,,5
731,2025-10-09 00:00:00,CUST0326,Alex Wilson ,New,Basic Wash,referral,Sarasota,Venice,40,44,0,44,68,CARD,,5
732,2025-03-04 00:00:00,CUST0562,Sofia  Smith,New,Interior Detail,YOUTUBE ,Sarasota,Sarasota,90,85,5,90,134,Venmo,,4
733,2025-08-05 00:00:00,CUST0192, John Brown,Returning,Ceramic Coating,YouTube,Charlotte,Punta Gorda,350,387,0,387,87,Cash,SUMMER10,5
734,2025-12-08 00:00:00,CUST0739,john garcia,Returning,Ceramic Coating,referral,Charlotte,Port Charlotte,350,390,0,390,165,Venmo,VIP ,5
735,2025-11-11 00:00:00,CUST0513, Emma Davis,New,Full Detail,TikTok,Charlotte,Port Charlotte,150,165,15,180,33,CARD,SUMMER10,5
736,2025-10-10 00:00:00,CUST0169,EMMA SMITH,Returning,Basic Wash,FACEBOOK,Charlotte,Port Charlotte,40,46,10,56,161,Zelle,,4
737,2025-06-26 00:00:00,CUST0762,EMMA SMITH,New,Ceramic Coating,Insta,Sarasota,Venice,350,348,15,363,87,Cash App,NEWCUSTOMER,4
738,2025-04-08 00:00:00,CUST0339,Alex  Martinez,New,Premium Wash,Referred,Sarasota,Venice,70,70,10,80,85,Zelle,VIP ,
739,2025-04-15 00:00:00,CUST0107,Noah  Brown,New,Ceramic Coating,Word of Mouth,Sarasota,Venice,350,355,20,375,55,Card,VIP ,3
740,2025-04-09 00:00:00,CUST0812,EMMA SMITH,New,Premium Wash,youtube,Sarasota,Sarasota,70,68,10,78,102,Zelle,,5
741,2025-11-07 00:00:00,CUST0626,Lewis Martinez ,Returning,Ceramic Coating,Referred,Sarasota,Venice,350,385,0,385,133,Venmo,VIP ,4
742,2025-01-06 00:00:00,CUST0480,Emma Taylor ,Returning,Interior Detail,youtube,Charlotte,Port Charlotte,90,88,0,88,122,Venmo,,4
743,2025-07-16 00:00:00,CUST0880, Emma Smith,Returning,Premium Wash,facebook,Charlotte,Punta Gorda,70,72,5,77,75,Cash App,,4
744,2025-12-17 00:00:00,CUST0187,NOAH DAVIS,New,Ceramic Coating,Tik tok,Charlotte,Punta Gorda,350,383,5,388,112,Venmo,SUMMER10,3
745,2025-05-13 00:00:00,CUST0195,John  Garcia,New,Interior Detail,Instagram,Sarasota,North Port,90,88,0,88,128,Zelle,NEWCUSTOMER,4
746,24-12-2025,CUST0003,Olivia Miller,New,Basic Wash,FACEBOOK,Sarasota,Venice,40,44,10,54,175,Cash App,,5
747,2025-09-16 00:00:00,CUST0438,LIAM GARCIA,New,Basic Wash,Facebook,Sarasota,North Port,40,44,10,54,170,Card,,5
748,2025-01-23 00:00:00,CUST0977,Olivia  Miller,New,Interior Detail,Insta,Charlotte,Port Charlotte,90,95,0,95,157,Card,VIP ,5
749,2025-02-22 00:00:00,CUST0160,Noah Martinez ,New,Full Detail,YOUTUBE ,Sarasota,Sarasota,150,150,15,165,63,Card,,4
750,2025-06-14,CUST0272,Emma  Anderson,Returning,Full Detail,referral,Charlotte,Punta Gorda,150,152,0,152,46,Cash,,4
751,2025-07-21 00:00:00,CUST0464,Sofia  Taylor,New,Basic Wash,FACEBOOK,Sarasota,North Port,40,44,15,59,36,Venmo,,4
752,2025-03-24 00:00:00,CUST1064,Emma  Martinez,New,Premium Wash,TikTok,Sarasota,Venice,70,65,10,75,80,Card,NEWCUSTOMER,3
753,2025-05-25 00:00:00,CUST0912,sofia miller,New,Interior Detail,TIKTOK,Charlotte,Port Charlotte,90,88,15,103,125,Card,,4
754,2025-03-26 00:00:00,CUST0020,sofia martinez,Returning,Interior Detail,Instagram,Sarasota,North Port,90,90,20,110,151,Card,,
755,2025-03-19 00:00:00,CUST0017, Olivia Johnson,New,Basic Wash,,Sarasota,Venice,40,42,10,52.0,77,Venmo,,3
756,2025-01-01 00:00:00,CUST0704,Alex Johnson ,Returning,Ceramic Coating,facebook,Charlotte,Port Charlotte,350,348,20,368,172,Cash App,VIP ,3
757,2025-02-20,CUST0247,alex brown,New,Premium Wash,Referred,Sarasota,North Port,70,68,0,68,83,Cash App,NEWCUSTOMER,
758,2025-06-22 00:00:00,CUST0865,Emma Davis,New,Premium Wash,FB,Charlotte,Punta Gorda,70,75,0,75,77,cash ,,
759,2025-07-24 00:00:00,CUST0271,Lewis  Davis,Returning,Premium Wash,Tik tok,Charlotte,Punta Gorda,70,72,15,87.0,59,Venmo,SUMMER10,5
760,2025-09-17 00:00:00,CUST0979,Mary Miller ,New,Ceramic Coating,YouTube,Sarasota,Venice,350,385,0,385,68,Card,SUMMER10,
761,2025-10-15 00:00:00,CUST0146,EMMA MARTINEZ,New,Basic Wash,FaceBook ,Sarasota,Sarasota,40,44,10,54,100,Zelle,,5
762,2025-02-03 00:00:00,CUST0469,Mary  Taylor,New,Interior Detail,youtube,Sarasota,North Port,90,90,0,90,99,cash ,NEWCUSTOMER,3
763,2025-12-14 00:00:00,CUST0785, John Johnson,New,Basic Wash,referral,Sarasota,Venice,40,44,10,54,73,Venmo,VIP ,5
764,2025-04-05 00:00:00,CUST0183,Olivia Davis,New,Ceramic Coating,Tik tok,Sarasota,North Port,350,350,15,365,148,Zelle,NEWCUSTOMER,3
765,2025-03-13 00:00:00,CUST0210,Olivia  Martinez,Returning,Premium Wash,TIKTOK,Sarasota,North Port,70,70,20,90,129,Zelle,NEWCUSTOMER,5
766,2025-02-08 00:00:00,CUST0212,NOAH MARTINEZ,Returning,Interior Detail,FB,Sarasota,Sarasota,90,88,15,103,59,Card,,5
767,2025-06-03 00:00:00,CUST0642,OLIVIA DAVIS,Returning,Ceramic Coating,,Charlotte,Port Charlotte,350,345,0,345,120,CARD,NEWCUSTOMER,4
768,2025-09-07 00:00:00,CUST0753,Noah Wilson ,New,Full Detail,FB,Sarasota,Sarasota,150,165,5,170,108,CARD,NEWCUSTOMER,3
769,2025-06-11 00:00:00,CUST0613,NOAH MILLER,Returning,Basic Wash,FaceBook ,Charlotte,Port Charlotte,40,40,0,40,114,CARD,VIP ,5
770,2025-04-28 00:00:00,CUST0281, Emma Brown,New,Full Detail,YOUTUBE ,Charlotte,Port Charlotte,150,145,20,165,58,Cash App,SUMMER10,3
771,2025-09-16 00:00:00,CUST0784,SOFIA DAVIS,Returning,Ceramic Coating,referral,Charlotte,Port Charlotte,350,383,10,393,148,Card,,
772,2025-11-02 00:00:00,CUST0273,SOFIA GARCIA,Returning,Interior Detail,YOUTUBE ,Charlotte,Port Charlotte,90,99,20,119,135,Venmo,,4
773,2025-09-25 00:00:00,CUST0293, Ava Miller,New,Ceramic Coating,facebook,Charlotte,Port Charlotte,350,380,15,395,131,Card,VIP ,3
774,2025-02-23 00:00:00,CUST0141, Sofia Smith,New,Ceramic Coating,Instagram,Sarasota,Sarasota,350,355,0,355,173,CARD,NEWCUSTOMER,5
775,2025-08-24 00:00:00,CUST1087,ava wilson,New,Basic Wash,Insta,Sarasota,Venice,40,42,0,42,70,Cash,VIP ,5
776,08/10/2025,CUST1154,Alex Brown,Returning,Full Detail,youtube,Sarasota,North Port,150,165,10,175,116,Card,,3
777,2025-09-08 00:00:00,CUST0018,Mary  Miller,New,Basic Wash,YouTube,Sarasota,Sarasota,40,42,0,42,121,Venmo,SUMMER10,5
778,2025-11-09 00:00:00,CUST0337,Ava Miller,Returning,Basic Wash,Tik tok,Charlotte,Port Charlotte,40,46,0,46,140,CARD,VIP ,3
779,2025-04-22 00:00:00,CUST0902,Alex Miller ,Returning,Ceramic Coating,FB,Sarasota,Sarasota,350,$350.00,0,350,42,Card,VIP ,4
780,2025-09-12 00:00:00,CUST0720, Ava Davis,New,Basic Wash,YouTube,Charlotte,Punta Gorda,40,44,20,64,89,Cash App,VIP ,4
781,2025-10-30 00:00:00,CUST0437,John  Brown,New,Premium Wash,Referred,Sarasota,Venice,70,79,10,89,101,Cash,VIP ,3
782,2025-07-26 00:00:00,CUST0311,john brown,New,Basic Wash,Insta,Charlotte,Port Charlotte,40,42,15,57,88,Venmo,NEWCUSTOMER,4
783,2025-08-17 00:00:00,CUST0844,Ava Miller,New,Premium Wash,instagram,Sarasota,North Port,70,75,15,90,64,Card,,5
784,2025-12-07 00:00:00,CUST0907,Mary Davis ,New,Full Detail,facebook,Sarasota,North Port,150,165,0,165,142,CARD,,
785,2025-03-07 00:00:00,CUST0445,mary brown,Returning,Premium Wash,TikTok,Sarasota,North Port,70,70,0,70,124,Cash App,NEWCUSTOMER,5
786,2025-03-16 00:00:00,CUST0178,Mary  Taylor,New,Basic Wash,referral,Sarasota,Venice,40,38,5,43,168,Venmo,,4
787,2025-04-13 00:00:00,CUST0206,Mary  Wilson,New,Full Detail,YOUTUBE ,Sarasota,Venice,150,150,10,160,169,Cash App,VIP ,
788,2025-07-11 00:00:00,CUST0287,Sofia Anderson ,Returning,Basic Wash,facebook,Charlotte,Port Charlotte,40,44,20,64,122,Card,VIP ,3
789,2025-09-09 00:00:00,CUST0253,Lewis  Anderson,New,Full Detail,Referred,Sarasota,North Port,150,165,5,170,166,Cash App,,
790,2025-08-14 00:00:00,CUST0787,Olivia Anderson,Returning,Basic Wash,instagram,Sarasota,North Port,40,39,0,39,42,Card,VIP ,3
791,2025-10-21 00:00:00,CUST0720, John Miller,Returning,Full Detail,YouTube,Charlotte,Punta Gorda,150,160,5,165,154,Card,,
792,2025-11-02 00:00:00,CUST0880,Olivia  Davis,Returning,Full Detail,Facebook,Charlotte,Punta Gorda,150,160,0,160,74,CARD,,5
793,08-04-2025,CUST0645,noah miller,Returning,Interior Detail,Tik tok,Charlotte,Punta Gorda,90,95,15,110,96,Cash App,VIP ,
794,2025-12-04,CUST0287,Ava Martinez,Returning,Ceramic Coating,facebook,Charlotte,Port Charlotte,350,$387.00,15,402,157,CARD,SUMMER10,3
795,2025-10-13 00:00:00,CUST0508,Ava Brown ,New,Premium Wash,tiktok,Sarasota,North Port,70,82,10,92,144,cash ,VIP ,4
796,2025-12-01 00:00:00,CUST0568,Ava Brown,Returning,Full Detail,YOUTUBE ,Sarasota,Venice,150,165,0,165,73,cash ,,4
797,2025-12-13 00:00:00,CUST0173,emma davis,New,Premium Wash,Youtube,Sarasota,Sarasota,70,79,0,79,103,Cash,,5
798,2025-11-04 00:00:00,CUST0509,John Davis ,Returning,Full Detail,FACEBOOK,Sarasota,Venice,150,163,20,183.0,105,Cash,,5
799,2025-09-06 00:00:00,CUST1134,Liam  Miller,Returning,Ceramic Coating,Youtube,Sarasota,North Port,350,380,5,385,41,Venmo,,3
800,2025-06-15 00:00:00,CUST0584,Liam Brown ,New,Ceramic Coating,,Sarasota,Sarasota,350,355,20,375,58,Zelle,SUMMER10,4
801,12/01/2025,CUST0055,lewis garcia,New,Interior Detail,youtube,Sarasota,Venice,90,101,0,101,167,Venmo,VIP ,4
802,2025-01-30 00:00:00,CUST0618,Lewis  Davis,New,Ceramic Coating,tiktok,Sarasota,North Port,350,350,20,370,129,CARD,VIP ,4
803,2025-09-04 00:00:00,CUST0421,John  Garcia,New,Premium Wash,Word of Mouth,Sarasota,Sarasota,70,75,0,75,49,Cash,,5
804,2025-04-16 00:00:00,CUST1061, Ava Taylor,New,Basic Wash,Instagram,Sarasota,Sarasota,40,40,0,40,144,Zelle,,4
804,2025-04-16 00:00:00,CUST1061, Ava Taylor,New,Basic Wash,Instagram,Sarasota,Sarasota,40,40,0,40,144,Zelle,,4
805,2025-02-20 00:00:00,CUST1044,Alex Smith,New,Full Detail,TIKTOK,Sarasota,North Port,150,150,0,150,134,Cash,,
805,2025-02-20 00:00:00,CUST1044,Alex Smith,New,Full Detail,TIKTOK,Sarasota,North Port,150,150,0,150,134,Cash,,
806,2025-03-22 00:00:00,CUST0387,Sofia  Anderson,Returning,Interior Detail,Referral,Sarasota,Venice,90,88,0,88,99,Cash,,3
807,2025-05-13 00:00:00,CUST0803,Noah Brown ,New,Basic Wash,Instagram,Charlotte,Punta Gorda,40,40,15,55,131,Venmo,SUMMER10,
808,2025-10-12 00:00:00,CUST0606,MARY ANDERSON,Returning,Premium Wash,Tik tok,Sarasota,North Port,70,75,10,85,153,Cash App,,
809,2025-05-18 00:00:00,CUST0112,mary miller,New,Full Detail,instagram,Charlotte,Port Charlotte,150,152,0,152,108,Cash App,NEWCUSTOMER,5
810,2025-07-03 00:00:00,CUST0491,Mary Anderson ,Returning,Interior Detail,Youtube,Charlotte,Port Charlotte,90,97,20,117,148,CARD,VIP ,3
811,2025-11-26 00:00:00,CUST1014, John Anderson,Returning,Full Detail,Facebook,Sarasota,North Port,150,170,15,185,124,Cash,VIP ,5
812,2025-09-30 00:00:00,CUST0791,Sofia  Anderson,New,Interior Detail,TikTok,Charlotte,Punta Gorda,90,101,15,116,137,CARD,,3
813,2025-12-06 00:00:00,CUST0231,Emma Taylor,New,Full Detail,facebook,Sarasota,North Port,150,167,0,167,128,Card,,3
814,03/10/2025,CUST0494, Lewis Brown,Returning,Full Detail,Referred,Sarasota,Venice,150,155,10,165,32,Venmo,NEWCUSTOMER,
815,2025-02-03 00:00:00,CUST1024, Liam Smith,Returning,Ceramic Coating,YOUTUBE ,Charlotte,Port Charlotte,350,352,10,362,131,Venmo,NEWCUSTOMER,5
816,2025-09-19 00:00:00,CUST0146,Lewis Johnson ,Returning,Basic Wash,facebook,Sarasota,Sarasota,40,46,15,61,79,cash ,,3
817,2025-02-22 00:00:00,CUST1082,LEWIS GARCIA,Returning,Full Detail,Referral,Charlotte,Port Charlotte,150,150,15,165,179,Cash,NEWCUSTOMER,5
818,2025-07-24 00:00:00,CUST0025,NOAH DAVIS,Returning,Premium Wash,Instagram,Charlotte,Punta Gorda,70,$77.00,10,87,65,Zelle,NEWCUSTOMER,5
819,2025-05-06 00:00:00,CUST0740,SOFIA SMITH,Returning,Basic Wash,referral,Charlotte,Port Charlotte,40,42,15,57,168,cash ,,3
820,2025-08-23,CUST0649,ALEX WILSON,Returning,Ceramic Coating,Instagram,Sarasota,Sarasota,350,385,0,385,136,Cash,,5
821,2025-02-12 00:00:00,CUST0271,MARY ANDERSON,Returning,Premium Wash,tiktok,Charlotte,Punta Gorda,70,65,10,75,121,Venmo,NEWCUSTOMER,4
822,2025-08-28 00:00:00,CUST0793,liam wilson,New,Full Detail,FB,Sarasota,North Port,150,$170.00,20,190,34,cash ,VIP ,5
823,2025-04-21 00:00:00,CUST1165,Ava Smith ,New,Interior Detail,tiktok,Sarasota,North Port,90,90,0,90,94,cash ,,3
824,2025-09-06 00:00:00,CUST0862, Emma Taylor,New,Full Detail,Referral,Sarasota,Sarasota,150,163,0,163,62,cash ,SUMMER10,4
824,2025-09-06 00:00:00,CUST0862, Emma Taylor,New,Full Detail,Referral,Sarasota,Sarasota,150,163,0,163,62,cash ,SUMMER10,4
825,2025-05-31 00:00:00,CUST0749,LEWIS WILSON,New,Premium Wash,TIKTOK,Charlotte,Punta Gorda,70,75,10,85,105,cash ,SUMMER10,5
826,2025-07-02 00:00:00,CUST1119,MARY BROWN,Returning,Ceramic Coating,FACEBOOK,Charlotte,Punta Gorda,350,383,-5,383,110,CARD,VIP ,4
827,2025-12-02 00:00:00,CUST0354,Sofia  Brown,Returning,Premium Wash,TIKTOK,Charlotte,Port Charlotte,70,72,20,92,47,cash ,SUMMER10,4
828,2025-04-05 00:00:00,CUST0965,Lewis  Brown,New,Ceramic Coating,facebook,Sarasota,Venice,350,350,0,350,73,Venmo,,3
829,2025-01-08 00:00:00,CUST0150,JOHN MARTINEZ,Returning,Basic Wash,FaceBook ,Charlotte,Punta Gorda,40,35,0,35,116,Zelle,,3
830,2025-12-26 00:00:00,CUST0035, Mary Martinez,Returning,Full Detail,youtube,Sarasota,Venice,150,167,0,167,105,CARD,VIP ,4
831,2025-07-03 00:00:00,CUST0139,mary anderson,New,Ceramic Coating,Word of Mouth,Charlotte,Punta Gorda,350,$387.00,0,387,37,cash ,,5
832,2025-10-08 00:00:00,CUST0029,LIAM JOHNSON,New,Ceramic Coating,Instagram,Sarasota,Venice,350,385,15,400.0,159,Venmo,,5
833,2025-07-14 00:00:00,CUST0537,Sofia  Martinez,New,Basic Wash,instagram,Sarasota,North Port,40,44,10,54,108,Card,SUMMER10,4
834,2025-12-18 00:00:00,CUST0442,Olivia  Wilson,New,Interior Detail,referral,Sarasota,North Port,90,99,10,109,127,cash ,,5
835,2025-07-14 00:00:00,CUST0082, John Taylor,New,Full Detail,Insta,Sarasota,Venice,150,170,5,175,140,Zelle,NEWCUSTOMER,4
836,2025-06-04 00:00:00,CUST0124,Liam Taylor ,Returning,Interior Detail,TIKTOK,Charlotte,Punta Gorda,90,88,20,108,54,Cash App,NEWCUSTOMER,5
837,2025-04-03 00:00:00,CUST0816, Olivia Brown,Returning,Ceramic Coating,FB,Sarasota,Venice,350,355,15,370,147,CARD,SUMMER10,4
838,2025-06-09 00:00:00,CUST1038,Ava  Wilson,Returning,Premium Wash,YouTube,Charlotte,Port Charlotte,70,68,10,78,48,Zelle,NEWCUSTOMER,
839,2025-03-02 00:00:00,CUST0587,LIAM GARCIA,New,Basic Wash,YOUTUBE ,Sarasota,Sarasota,40,40,5,45,33,CARD,,3
840,2025-05-02 00:00:00,CUST1027, Sofia Anderson,New,Basic Wash,YouTube,Charlotte,Punta Gorda,40,38,20,58,85,CARD,SUMMER10,5
841,2025-02-20 00:00:00,CUST0851,Ava  Taylor,New,Interior Detail,tiktok,Sarasota,Sarasota,90,92,0,92,32,Venmo,,
842,2025-10-04 00:00:00,CUST0868, Emma Anderson,Returning,Premium Wash,Youtube,Sarasota,Venice,70,77,20,97,52,Venmo,,
843,2025-01-05 00:00:00,CUST0824,mary smith,Returning,Basic Wash,Facebook,Sarasota,Venice,40,35,0,35,177,Venmo,NEWCUSTOMER,3
844,2025-04-02 00:00:00,CUST0169,Emma Anderson,Returning,Basic Wash,FaceBook ,Charlotte,Port Charlotte,40,$42.00,20,62,45,Venmo,NEWCUSTOMER,3
845,2025-06-19 00:00:00,CUST1099,noah davis,New,Interior Detail,TikTok,Charlotte,Punta Gorda,90,95,10,105,165,cash ,,5
846,2025-11-13 00:00:00,CUST1102,NOAH JOHNSON,Returning,Basic Wash,Referral,Charlotte,Port Charlotte,40,49,15,64,115,Cash App,,4
847,2025-01-22,CUST0313,Lewis Miller ,Returning,Interior Detail,FACEBOOK,Sarasota,Sarasota,90,90,0,90,59,Cash App,NEWCUSTOMER,4
848,2025-11-22 00:00:00,CUST0569,EMMA MILLER,New,Full Detail,FB,Charlotte,Punta Gorda,150,170,10,180,126,Card,NEWCUSTOMER,5
849,2025-01-01 00:00:00,CUST0172,LEWIS DAVIS,New,Interior Detail,Instagram ,Charlotte,Punta Gorda,90,$95.00,5,100,82,Cash,,3
849,2025-01-01 00:00:00,CUST0172,LEWIS DAVIS,New,Interior Detail,Instagram ,Charlotte,Punta Gorda,90,$95.00,5,100,82,Cash,,3
850,2025-05-13 00:00:00,CUST0635,LIAM JOHNSON,New,Full Detail,instagram,Sarasota,North Port,150,150,10,160,83,Cash App,,5
851,2025-08-21 00:00:00,CUST0162,Lewis  Taylor,Returning,Ceramic Coating,Word of Mouth,Charlotte,Punta Gorda,350,380,10,390,137,Cash App,,4
852,2025-01-12 00:00:00,CUST1048,Olivia Brown ,New,Interior Detail,youtube,Charlotte,Punta Gorda,90,85,5,90,90,Cash,SUMMER10,3
853,2025-12-12 00:00:00,CUST0417, Sofia Taylor,Returning,Full Detail,TikTok,Charlotte,Port Charlotte,150,165,0,165,38,Venmo,NEWCUSTOMER,4
854,2025-02-15,CUST0319,John Garcia,New,Premium Wash,Youtube,Sarasota,Sarasota,70,70,10,80,102,Card,VIP ,4
855,2025-02-03 00:00:00,CUST1099,emma garcia,Returning,Premium Wash,TikTok,Charlotte,Punta Gorda,70,72,10,82,62,Cash,,5
856,2025-03-19 00:00:00,CUST0670,Mary Smith,New,Full Detail,Tik tok,Sarasota,North Port,150,148,5,153,31,Cash App,VIP ,4
857,2025-08-06 00:00:00,CUST0801,OLIVIA TAYLOR,New,Ceramic Coating,Youtube,Charlotte,Punta Gorda,350,390,0,390,49,Cash,VIP ,3
858,2025-10-28 00:00:00,CUST0136,ALEX BROWN,New,Full Detail,,Sarasota,Venice,150,165,10,175,177,Cash,SUMMER10,5
859,2025-03-14 00:00:00,CUST0636,Ava Smith,New,Premium Wash,FACEBOOK,Charlotte,Punta Gorda,70,70,0,70,55,Card,,3
860,2025-10-09 00:00:00,CUST0896,Emma Miller ,Returning,Basic Wash,Youtube,Sarasota,Venice,40,42,0,42,38,Venmo,SUMMER10,3
861,2025-09-06 00:00:00,CUST0489,olivia miller,Returning,Ceramic Coating,FaceBook ,Charlotte,Port Charlotte,350,$385.00,0,385,37,CARD,NEWCUSTOMER,5
862,2025-02-16 00:00:00,CUST0119, Liam Davis,Returning,Premium Wash,FaceBook ,Charlotte,Punta Gorda,70,68,0,68,53,Cash,VIP ,5
863,2025-05-01 00:00:00,CUST0501,mary taylor,New,Interior Detail,youtube,Sarasota,North Port,90,$95.00,0,95,134,Zelle,,4
864,2025-08-02 00:00:00,CUST0177,Mary Davis,New,Interior Detail,youtube,Sarasota,North Port,90,97,5,102,77,Card,,5
865,2025-08-27 00:00:00,CUST0890,Olivia Brown ,New,Ceramic Coating,Instagram,Sarasota,North Port,350,385,20,405,108,Zelle,,4
866,2025-02-25 00:00:00,CUST0238,JOHN BROWN,Returning,Full Detail,YouTube,Charlotte,Punta Gorda,150,152,20,172,106,CARD,VIP ,3
867,2025-12-16 00:00:00,CUST0929, Lewis Taylor,New,Premium Wash,YouTube,Sarasota,Sarasota,70,77,10,87,168,cash ,,
868,2025-04-17 00:00:00,CUST0113,Olivia Garcia,New,Basic Wash,YouTube,Charlotte,Port Charlotte,40,42,5,47,164,Zelle,VIP ,4
869,2025-11-15 00:00:00,CUST0634,Noah  Taylor,New,Basic Wash,instagram,Sarasota,Venice,40,44,0,44,106,Cash App,NEWCUSTOMER,5
870,2025-02-17 00:00:00,CUST0360,LIAM DAVIS,New,Interior Detail,referral,Charlotte,Port Charlotte,90,88,15,103,101,cash ,,4
871,2025-03-02,CUST0245,Olivia Brown,New,Premium Wash,,Sarasota,Venice,70,65,0,65.0,72,CARD,,
872,2025-12-03 00:00:00,CUST0026,Ava Smith,Returning,Full Detail,youtube,Charlotte,Punta Gorda,150,165,15,180,91,Zelle,NEWCUSTOMER,5
873,2025-01-26 00:00:00,CUST0282,Olivia Miller ,Returning,Full Detail,Instagram,Sarasota,North Port,150,152,0,152,68,Cash App,NEWCUSTOMER,5
873,2025-01-26 00:00:00,CUST0282,Olivia Miller ,Returning,Full Detail,Instagram,Sarasota,North Port,150,152,0,152,68,Cash App,NEWCUSTOMER,5
874,2025-10-19 00:00:00,CUST0024,Olivia Garcia ,New,Interior Detail,Insta,Charlotte,Port Charlotte,90,101,15,116,51,Card,,4
875,2025-09-14 00:00:00,CUST0336,Mary Anderson,New,Basic Wash,YouTube,Charlotte,Punta Gorda,40,49,10,59,92,CARD,,5
876,2025-01-08 00:00:00,CUST1017,JOHN JOHNSON,New,Premium Wash,youtube,Charlotte,Punta Gorda,70,65,20,85,78,Card,,4
877,2025-04-23 00:00:00,CUST0711,Olivia  Brown,New,Ceramic Coating,facebook,Charlotte,Punta Gorda,350,355,10,365,99,Cash,,4
878,2025-12-21 00:00:00,CUST1072, Liam Wilson,New,Ceramic Coating,Referral,Charlotte,Port Charlotte,350,383,20,403,65,Venmo,,5
879,2025-09-10 00:00:00,CUST1060,SOFIA DAVIS,New,Interior Detail,Referred,Sarasota,Sarasota,90,97,0,97.0,149,Card,,4
880,2025-06-29 00:00:00,CUST0531,Mary Davis,New,Ceramic Coating,,Sarasota,Venice,350,355,0,355,114,Cash App,,3
881,2025-07-26,CUST0342,SOFIA SMITH,Returning,Basic Wash,Referral,Sarasota,Sarasota,40,39,15,54,148,cash ,SUMMER10,5
882,10/30/2025,CUST0762,NOAH JOHNSON,Returning,Premium Wash,,Sarasota,Venice,70,75,20,95,175,Cash,,
883,2025-05-07 00:00:00,CUST0260,John  Garcia,Returning,Premium Wash,tiktok,Charlotte,Port Charlotte,70,75,5,80,96,Card,,4
884,2025-02-25 00:00:00,CUST0551,Sofia Garcia ,Returning,Interior Detail,YouTube,Charlotte,Punta Gorda,90,88,5,93,31,Venmo,,4
885,2025-08-02 00:00:00,CUST0242,Alex Davis ,Returning,Basic Wash,Referred,Sarasota,North Port,40,49,10,59,62,Cash,NEWCUSTOMER,
886,2025-01-14 00:00:00,CUST0061,OLIVIA ANDERSON,Returning,Interior Detail,instagram,Charlotte,Port Charlotte,90,85,10,95,143,Venmo,NEWCUSTOMER,3
886,2025-01-14 00:00:00,CUST0061,OLIVIA ANDERSON,Returning,Interior Detail,instagram,Charlotte,Port Charlotte,90,85,10,95,143,Venmo,NEWCUSTOMER,3
887,2025-01-28 00:00:00,CUST0687,olivia garcia,New,Basic Wash,Tik tok,Sarasota,Venice,40,42,15,57,107,Card,,3
888,2025-03-19 00:00:00,CUST0880, Noah Garcia,Returning,Premium Wash,,Charlotte,Punta Gorda,70,65,0,65,68,Cash App,,4
889,2025-08-04 00:00:00,CUST0558,ava wilson,New,Basic Wash,tiktok,Sarasota,Sarasota,40,39,20,59,55,Zelle,NEWCUSTOMER,
890,2025-12-31 00:00:00,CUST1073,LIAM ANDERSON,New,Ceramic Coating,social,Sarasota,North Port,350,387,20,407,75,Zelle,SUMMER10,5
891,2025-06-03 00:00:00,CUST0131,Sofia Garcia,Returning,Premium Wash,Instagram,Sarasota,Venice,70,65,5,70,71,Venmo,VIP ,4
892,2025-01-14 00:00:00,CUST0539,Liam Davis,Returning,Premium Wash,TikTok,Sarasota,Venice,70,70,0,70,66,Cash,,
893,2025-07-06 00:00:00,CUST1181,Sofia Garcia ,New,Basic Wash,TikTok,Charlotte,Punta Gorda,40,39,0,39,100,Venmo,,5
894,2025-11-08 00:00:00,CUST0158,Ava  Smith,Returning,Basic Wash,TikTok,Sarasota,Venice,40,49,0,49,129,Zelle,,4
895,2025-01-07 00:00:00,CUST1017, Sofia Martinez,Returning,Basic Wash,YouTube,Charlotte,Punta Gorda,40,35,10,45,82,Card,VIP ,4
896,03-01-2025,CUST0933,Olivia Johnson ,Returning,Premium Wash,FaceBook ,Charlotte,Punta Gorda,70,70,20,90,44,Cash,SUMMER10,5
897,04/21/2025,CUST1047,SOFIA WILSON,Returning,Interior Detail,Word of Mouth,Sarasota,Venice,90,90,0,90,155,Venmo,,3
897,04/21/2025,CUST1047,SOFIA WILSON,Returning,Interior Detail,Word of Mouth,Sarasota,Venice,90,90,0,90,155,Venmo,,3
898,2025-08-26 00:00:00,CUST0738,Alex  Garcia,Returning,Interior Detail,Insta,Sarasota,North Port,90,99,0,99,158,Venmo,,5
899,12/29/2025,CUST0114,Olivia Garcia ,New,Full Detail,TikTok,Charlotte,Port Charlotte,150,167,15,182,127,Cash App,SUMMER10,4
900,2025-08-27 00:00:00,CUST1024,MARY DAVIS,Returning,Premium Wash,youtube,Charlotte,Port Charlotte,70,$72.00,0,72,112,Venmo,,
901,2025-10-01 00:00:00,CUST1161, Mary Taylor,Returning,Interior Detail,FB,Charlotte,Port Charlotte,90,97,0,97,102,Venmo,,
902,2025-10-21 00:00:00,CUST0342,John Brown,Returning,Ceramic Coating,Word of Mouth,Sarasota,Sarasota,350,380,5,385,33,CARD,,5
903,2025-08-15,CUST0754,Liam Johnson,New,Premium Wash,referral,Sarasota,Sarasota,70,82,0,82,114,Cash,,4
904,2025-01-15 00:00:00,CUST0323,Emma  Martinez,New,Basic Wash,Instagram ,Sarasota,Sarasota,40,40,0,40,150,Venmo,,3
905,11-07-2025,CUST0523,emma garcia,Returning,Ceramic Coating,tiktok,Sarasota,North Port,350,385,0,385,159,cash ,VIP ,4
906,2025-04-29 00:00:00,CUST0211,ALEX SMITH,New,Interior Detail,YOUTUBE ,Sarasota,Venice,90,90,10,100,138,Cash,SUMMER10,4
907,2025-01-28 00:00:00,CUST1176,John Miller,New,Ceramic Coating,FaceBook ,Sarasota,Venice,350,355,10,365.0,88,cash ,,
908,2025-07-21 00:00:00,CUST0237,alex taylor,New,Full Detail,youtube,Charlotte,Port Charlotte,150,170,10,180,76,CARD,,5
909,2025-02-08 00:00:00,CUST0468,Alex Smith ,Returning,Basic Wash,tiktok,Sarasota,Sarasota,40,40,10,50,136,Cash App,SUMMER10,4
910,2025-09-30 00:00:00,CUST1043, Alex Miller,New,Full Detail,YOUTUBE ,Sarasota,North Port,150,165,5,170,65,cash ,VIP ,3
911,2025-08-19 00:00:00,CUST0006,emma martinez,Returning,Ceramic Coating,Tik tok,Sarasota,Sarasota,350,$390.00,0,390,89,CARD,,5
912,2025-03-27 00:00:00,CUST0091,john martinez,Returning,Interior Detail,Referral,Sarasota,Venice,90,92,10,102,145,Cash App,VIP ,4
913,2025-05-06 00:00:00,CUST0026, John Miller,Returning,Interior Detail,youtube,Charlotte,Punta Gorda,90,88,0,88,141,CARD,,3
914,2025-10-27 00:00:00,CUST0501,Mary Johnson ,Returning,Premium Wash,Youtube,Sarasota,North Port,70,82,10,92,67,Venmo,,5
915,2025-01-25 00:00:00,CUST0095,Lewis Anderson ,Returning,Ceramic Coating,instagram,Sarasota,Venice,350,352,-5,352,125,Zelle,NEWCUSTOMER,4
916,2025-05-25 00:00:00,CUST0967,Ava Anderson,Returning,Premium Wash,Youtube,Charlotte,Punta Gorda,70,65,20,85,76,Cash,,4
917,2025-01-13 00:00:00,CUST0746,OLIVIA SMITH,New,Basic Wash,Instagram ,Charlotte,Port Charlotte,40,38,10,48,50,Cash App,,5
918,2025-07-31 00:00:00,CUST0785,Ava Garcia ,Returning,Ceramic Coating,Word of Mouth,Sarasota,Venice,350,$383.00,10,393,58,cash ,,5
919,2025-01-25 00:00:00,CUST0308,Ava  Miller,New,Premium Wash,Referral,Sarasota,Sarasota,70,70,5,75,170,Zelle,,5
920,2025-03-09 00:00:00,CUST0367,Lewis Taylor ,New,Full Detail,YouTube,Charlotte,Punta Gorda,150,148,20,168,119,Cash,,5
921,2025-03-08 00:00:00,CUST0073,AVA TAYLOR,New,Interior Detail,social,Charlotte,Punta Gorda,90,88,10,98,180,Cash,SUMMER10,4
922,2025-08-21 00:00:00,CUST1133,mary taylor,Returning,Basic Wash,FaceBook ,Sarasota,North Port,40,42,15,57,41,Zelle,,5
923,2025-04-19 00:00:00,CUST0859,ava miller,Returning,Interior Detail,Instagram,Sarasota,North Port,90,90,15,105,168,Card,,5
924,2025-05-26 00:00:00,CUST0460,SOFIA MARTINEZ,New,Interior Detail,tiktok,Sarasota,Sarasota,90,$90.00,0,90,45,CARD,VIP ,3
925,2025-04-21 00:00:00,CUST0660,Lewis Miller ,Returning,Ceramic Coating,referral,Sarasota,North Port,350,$348.00,0,348,92,Card,NEWCUSTOMER,5
926,2025-08-16 00:00:00,CUST0509,Ava Smith ,Returning,Premium Wash,Facebook,Sarasota,Venice,70,77,0,77,99,Venmo,,5
927,2025-04-21 00:00:00,CUST0853, Olivia Garcia,Returning,Full Detail,Youtube,Sarasota,Venice,150,150,0,150,80,CARD,,4
928,2025-02-03 00:00:00,CUST0656,Alex Davis ,Returning,Interior Detail,FaceBook ,Sarasota,North Port,90,92,15,107,55,Cash,VIP ,5
929,21-04-2025,CUST0556,Lewis Davis,Returning,Premium Wash,tiktok,Sarasota,North Port,70,75,20,95,160,Card,VIP ,4
930,2025-09-21 00:00:00,CUST0160,Alex Johnson,Returning,Interior Detail,youtube,Sarasota,Sarasota,90,97,0,97.0,99,CARD,VIP ,5
931,2025-08-24 00:00:00,CUST1171,Olivia Taylor ,New,Interior Detail,TikTok,Sarasota,North Port,90,97,15,112,42,Cash App,,4
932,2025-03-24 00:00:00,CUST0764,mary taylor,New,Interior Detail,referral,Charlotte,Punta Gorda,90,95,20,115,112,Cash App,,3
933,2025-02-11 00:00:00,CUST0245,Noah Martinez,Returning,Premium Wash,Youtube,Sarasota,Venice,70,68,15,83,180,CARD,NEWCUSTOMER,3
934,2025-04-11 00:00:00,CUST1029,liam anderson,Returning,Interior Detail,FB,Charlotte,Port Charlotte,90,95,5,100,158,Venmo,VIP ,
935,2025-01-06 00:00:00,CUST0108,AVA BROWN,New,Ceramic Coating,Referral,Charlotte,Punta Gorda,350,350,10,360,131,CARD,,5
936,2025-06-29 00:00:00,CUST0368,Alex  Martinez,Returning,Premium Wash,instagram,Charlotte,Punta Gorda,70,70,0,70,32,Venmo,VIP ,3
937,2025-10-09 00:00:00,CUST0458,ALEX MILLER,New,Premium Wash,,Sarasota,Venice,70,82,0,82.0,33,Cash,,5
938,2025-11-16 00:00:00,CUST1057,JOHN GARCIA,Returning,Full Detail,Youtube,Sarasota,Venice,150,160,10,170,64,Venmo,,4
938,2025-11-16 00:00:00,CUST1057,JOHN GARCIA,Returning,Full Detail,Youtube,Sarasota,Venice,150,160,10,170,64,Venmo,,4
939,2025-08-14 00:00:00,CUST0095,ava miller,Returning,Ceramic Coating,instagram,Sarasota,Venice,350,380,20,400,42,CARD,,5
940,2025-11-11 00:00:00,CUST0822,Olivia  Wilson,New,Basic Wash,Referral,Sarasota,Venice,40,44,15,59,35,Cash,,5
941,2025-12-31 00:00:00,CUST0142,Emma Smith,Returning,Full Detail,referral,Charlotte,Port Charlotte,150,165,20,185,85,Zelle,,3
942,2025-08-17 00:00:00,CUST0953,AVA GARCIA,New,Premium Wash,YouTube,Charlotte,Port Charlotte,70,75,0,75,135,Cash App,,5
943,2025-10-16 00:00:00,CUST0579,NOAH ANDERSON,New,Premium Wash,YouTube,Charlotte,Punta Gorda,70,77,10,87,75,cash ,SUMMER10,4
944,2025-05-30,CUST0637, Emma Johnson,New,Interior Detail,YouTube,Sarasota,Sarasota,90,90,10,100,47,Zelle,SUMMER10,4
945,2025-10-04 00:00:00,CUST0671,Lewis Garcia,Returning,Interior Detail,Youtube,Sarasota,North Port,90,101,10,111,86,Venmo,SUMMER10,4
946,2025-07-17 00:00:00,CUST0177,Liam  Martinez,Returning,Ceramic Coating,YOUTUBE ,Sarasota,North Port,350,380,5,385,72,Card,SUMMER10,4
947,2025-03-11 00:00:00,CUST1133, Emma Miller,Returning,Basic Wash,facebook,Sarasota,North Port,40,45,0,45,33,Venmo,,3
948,2025-04-22 00:00:00,CUST0936,Olivia Anderson,New,Ceramic Coating,FB,Sarasota,North Port,350,345,15,360,38,CARD,VIP ,5
949,2025-01-04 00:00:00,CUST0017,Noah Davis,Returning,Interior Detail,FB,Sarasota,Venice,90,90,10,100,84,Zelle,SUMMER10,5
950,2025-12-16 00:00:00,CUST0756, Lewis Johnson,Returning,Premium Wash,FaceBook ,Sarasota,North Port,70,77,0,77,171,CARD,NEWCUSTOMER,4
951,2025-11-27 00:00:00,CUST0411,Olivia Anderson ,New,Basic Wash,Referral,Sarasota,North Port,40,46,5,51,108,Cash,,5
952,2025-11-14 00:00:00,CUST0598,John Davis ,Returning,Interior Detail,Instagram ,Charlotte,Port Charlotte,90,$99.00,0,99,160,Cash App,SUMMER10,5
953,2025-12-16 00:00:00,CUST1155, Lewis Johnson,Returning,Premium Wash,referral,Sarasota,Venice,70,77,10,87,135,Cash,NEWCUSTOMER,3
954,2025-04-05 00:00:00,CUST0623,Sofia  Garcia,New,Full Detail,YouTube,Sarasota,Venice,150,150,15,165,82,Venmo,,4
955,2025-06-01 00:00:00,CUST0497,Alex  Johnson,Returning,Interior Detail,facebook,Sarasota,Sarasota,90,85,15,100,107,cash ,,5
956,2025-11-07 00:00:00,CUST0951,John Johnson ,New,Basic Wash,,Charlotte,Port Charlotte,40,44,0,44,130,Venmo,,5
957,2025-05-17 00:00:00,CUST0755,Liam Brown ,New,Ceramic Coating,referral,Charlotte,Punta Gorda,350,352,20,372,50,Cash,NEWCUSTOMER,3
958,04-09-2025,CUST1011, Alex Davis,New,Ceramic Coating,TikTok,Charlotte,Port Charlotte,350,385,15,400,108,CARD,,4
959,08/31/2025,CUST0401, Emma Taylor,Returning,Interior Detail,instagram,Charlotte,Punta Gorda,90,99,0,99,34,cash ,SUMMER10,4
960,2025-01-31 00:00:00,CUST1120,Lewis Miller,Returning,Interior Detail,Youtube,Charlotte,Punta Gorda,90,88,15,103,173,Cash App,,
961,2025-02-09 00:00:00,CUST0503,SOFIA JOHNSON,New,Full Detail,TikTok,Sarasota,Venice,150,155,20,175,126,Cash App,NEWCUSTOMER,4
962,2025-08-17 00:00:00,CUST0309,Olivia Smith,Returning,Ceramic Coating,TIKTOK,Charlotte,Punta Gorda,350,380,0,380,114,cash ,,5
963,2025-02-05 00:00:00,CUST0014, Noah Brown,Returning,Ceramic Coating,YouTube,Sarasota,Sarasota,350,355,10,365,46,Card,NEWCUSTOMER,5
964,2025-08-11 00:00:00,CUST0840, Ava Martinez,New,Basic Wash,social,Sarasota,North Port,40,44,15,59,67,Card,VIP ,3
965,2025-01-06 00:00:00,CUST0049, Alex Smith,New,Basic Wash,Tik tok,Sarasota,Venice,40,$38.00,10,48,150,Cash,NEWCUSTOMER,4
966,2025-11-18 00:00:00,CUST0478, Sofia Martinez,New,Premium Wash,FaceBook ,Sarasota,North Port,70,82,5,87,97,cash ,VIP ,4
966,2025-11-18 00:00:00,CUST0478, Sofia Martinez,New,Premium Wash,FaceBook ,Sarasota,North Port,70,82,5,87,97,cash ,VIP ,4
967,2025-08-08 00:00:00,CUST1110,alex garcia,New,Basic Wash,Youtube,Sarasota,North Port,40,49,20,69,105,Cash App,,
968,2025-03-16 00:00:00,CUST0710,noah smith,New,Premium Wash,Instagram,Sarasota,Venice,70,72,15,87,98,Zelle,SUMMER10,4
969,2025-01-04 00:00:00,CUST0020, Noah Garcia,Returning,Basic Wash,Insta,Sarasota,North Port,40,40,0,40,120,Venmo,,
970,2025-12-01 00:00:00,CUST0687,Emma Taylor ,Returning,Interior Detail,Tik tok,Sarasota,Venice,90,101,0,101,169,cash ,,5
971,2025-05-14 00:00:00,CUST0003,LIAM DAVIS,Returning,Full Detail,Facebook,Sarasota,Venice,150,150,15,165,148,Zelle,,3
972,2025-04-28 00:00:00,CUST0771,noah brown,Returning,Basic Wash,referral,Sarasota,Sarasota,40,$40.00,15,55,77,cash ,NEWCUSTOMER,3
973,2025-04-04 00:00:00,CUST0630, Ava Brown,New,Premium Wash,instagram,Sarasota,North Port,70,70,15,85,126,Cash App,NEWCUSTOMER,3
974,2025-03-03 00:00:00,CUST0213,Alex Martinez ,New,Ceramic Coating,FB,Charlotte,Port Charlotte,350,350,10,360,156,Cash,,3
975,2025-07-13 00:00:00,CUST0421,Sofia Taylor,Returning,Basic Wash,referral,Sarasota,Sarasota,40,$44.00,15,59,81,Card,,3
976,2025-12-01 00:00:00,CUST1086,SOFIA SMITH,Returning,Premium Wash,Instagram ,Charlotte,Punta Gorda,70,79,5,84.0,47,Cash App,NEWCUSTOMER,
977,2025-07-22 00:00:00,CUST0488,EMMA DAVIS,New,Premium Wash,Tik tok,Sarasota,Sarasota,70,72,10,82,168,Card,VIP ,
978,2025-01-26 00:00:00,CUST0860,John Taylor ,New,Ceramic Coating,TikTok,Sarasota,Venice,350,348,5,353,89,cash ,SUMMER10,5
979,2025-06-22 00:00:00,CUST1008,Mary  Wilson,Returning,Interior Detail,YouTube,Charlotte,Port Charlotte,90,$90.00,0,90,166,CARD,,5
980,2025-10-27 00:00:00,CUST0123,Sofia Garcia ,New,Premium Wash,FaceBook ,Sarasota,Sarasota,70,82,0,82,104,CARD,,4
981,2025-05-13 00:00:00,CUST0292,Sofia Brown,Returning,Basic Wash,TikTok,Sarasota,Sarasota,40,35,10,45,157,cash ,,4
982,2025-11-22 00:00:00,CUST0574,Sofia Wilson,New,Ceramic Coating,YouTube,Sarasota,Venice,350,383,10,393,162,Card,,5
983,2025-04-28 00:00:00,CUST0191,liam davis,Returning,Full Detail,,Sarasota,Sarasota,150,$150.00,10,160,36,Venmo,,
984,2025-11-20 00:00:00,CUST0090,Liam Martinez,New,Ceramic Coating,TikTok,Sarasota,Venice,350,380,20,400,150,cash ,VIP ,5
985,2025-10-02 00:00:00,CUST0475,LIAM SMITH,Returning,Basic Wash,Referred,Sarasota,North Port,40,46,15,61,48,CARD,NEWCUSTOMER,4
986,2025-07-31,CUST1065,Olivia Wilson,New,Interior Detail,Word of Mouth,Charlotte,Punta Gorda,90,97,10,107,59,Cash,,5
987,2025-08-13 00:00:00,CUST0846,Mary Anderson,Returning,Premium Wash,YouTube,Charlotte,Port Charlotte,70,79,0,79,169,Cash App,,5
988,2025-01-20 00:00:00,CUST0763,Liam Anderson,New,Interior Detail,Tik tok,Charlotte,Port Charlotte,90,95,20,115,35,Card,SUMMER10,4
989,2025-04-23 00:00:00,CUST0939,noah brown,Returning,Premium Wash,,Sarasota,Venice,70,75,5,80,90,Cash,,
990,20-05-2025,CUST0174,Liam Wilson,Returning,Full Detail,FaceBook ,Sarasota,North Port,150,145,20,165,159,Zelle,,3
991,2025-02-16 00:00:00,CUST1190,Alex Davis ,New,Premium Wash,Referred,Sarasota,Venice,70,65,0,65,53,Cash,,
992,2025-01-01 00:00:00,CUST0196,olivia brown,Returning,Basic Wash,YouTube,Sarasota,Sarasota,40,42,0,42,133,Cash,,4
993,2025-03-31 00:00:00,CUST1036,Mary Wilson,Returning,Basic Wash,Word of Mouth,Sarasota,North Port,40,42,20,62,65,CARD,SUMMER10,5
994,2025-05-22 00:00:00,CUST0274,Emma Taylor ,New,Full Detail,Word of Mouth,Charlotte,Punta Gorda,150,$148.00,0,148,134,Cash,,5
995,11/16/2025,CUST0808,John Martinez,New,Basic Wash,Word of Mouth,Charlotte,Port Charlotte,40,42,15,57,129,cash ,,4
996,2025-02-07 00:00:00,CUST0154, John Miller,New,Interior Detail,Word of Mouth,Charlotte,Punta Gorda,90,85,15,100,169,Cash,NEWCUSTOMER,5
997,2025-10-20 00:00:00,CUST1163,Ava  Wilson,New,Interior Detail,Insta,Sarasota,North Port,90,97,10,107,81,Zelle,,4
998,2025-05-19 00:00:00,CUST0128,LEWIS MARTINEZ,New,Basic Wash,FaceBook ,Charlotte,Port Charlotte,40,38,5,43,148,Venmo,,4
999,2025-12-22 00:00:00,CUST0891,Liam  Smith,Returning,Interior Detail,Insta,Sarasota,North Port,90,97,0,97,161,Zelle,,5
1000,2025-11-29 00:00:00,CUST0268,Emma Brown,Returning,Full Detail,,Charlotte,Punta Gorda,150,165,0,165,70,cash ,NEWCUSTOMER,3
1001,2025-09-16 00:00:00,CUST0485,OLIVIA SMITH,New,Premium Wash,,Charlotte,Punta Gorda,70,77,10,87,168,cash ,VIP ,5
1002,2025-06-10 00:00:00,CUST0598,Emma  Miller,Returning,Interior Detail,Instagram,Charlotte,Port Charlotte,90,92,0,92,123,Cash,,5
1003,2025-06-27 00:00:00,CUST0535,ALEX BROWN,Returning,Ceramic Coating,youtube,Sarasota,Sarasota,350,350,0,350,176,CARD,,4
1004,2025-01-10 00:00:00,CUST0646,AVA SMITH,New,Premium Wash,facebook,Charlotte,Punta Gorda,70,65,20,85,111,Cash App,SUMMER10,4
1005,2025-09-18 00:00:00,CUST0805, Noah Johnson,Returning,Full Detail,youtube,Charlotte,Port Charlotte,150,167,10,177,84,Card,,4
1006,2025-05-18 00:00:00,CUST0669,Olivia  Wilson,Returning,Full Detail,Insta,Sarasota,North Port,150,145,0,145,77,Cash,NEWCUSTOMER,
1007,2025-06-21 00:00:00,CUST0652,ava wilson,New,Premium Wash,Tik tok,Charlotte,Port Charlotte,70,68,0,68,78,Venmo,VIP ,
1008,2025-01-13 00:00:00,CUST0928,Ava  Taylor,New,Premium Wash,Referred,Charlotte,Port Charlotte,70,68,10,78,131,Card,,4
1009,2025-06-17 00:00:00,CUST0557,John Taylor,New,Basic Wash,FACEBOOK,Charlotte,Port Charlotte,40,$38.00,20,58,91,CARD,VIP ,5
1010,2025-05-10 00:00:00,CUST0479, Liam Brown,New,Interior Detail,referral,Sarasota,Venice,90,90,15,105,48,Cash,VIP ,3
1011,2025-03-25 00:00:00,CUST0153,Ava Taylor,Returning,Full Detail,TikTok,Charlotte,Punta Gorda,150,150,15,165.0,141,Card,NEWCUSTOMER,
1012,2025-11-17 00:00:00,CUST0416,Olivia Wilson ,New,Premium Wash,FACEBOOK,Charlotte,Punta Gorda,70,77,0,77,68,Card,,4
1013,2025-11-15 00:00:00,CUST0279,emma smith,Returning,Basic Wash,YOUTUBE ,Charlotte,Punta Gorda,40,44,0,44,30,cash ,,3
1014,2025-04-11 00:00:00,CUST1198,ALEX WILSON,New,Full Detail,Referral,Charlotte,Port Charlotte,150,155,20,175,106,Cash,VIP ,5
1015,2025-11-25 00:00:00,CUST0224, Noah Miller,Returning,Full Detail,YouTube,Charlotte,Port Charlotte,150,163,0,163,33,Cash App,,5
1016,2025-09-30 00:00:00,CUST0319,olivia taylor,Returning,Ceramic Coating,youtube,Sarasota,Sarasota,350,385,5,390,98,Cash,NEWCUSTOMER,3
1017,2025-09-22 00:00:00,CUST0217,Liam Davis,Returning,Ceramic Coating,tiktok,Charlotte,Punta Gorda,350,380,15,395,95,Zelle,VIP ,
1018,2025-02-07 00:00:00,CUST0337,SOFIA TAYLOR,Returning,Full Detail,Tik tok,Charlotte,Port Charlotte,150,150,0,150,85,cash ,,5
1019,2025-04-04 00:00:00,CUST0921,Sofia Garcia,Returning,Interior Detail,Instagram,Sarasota,Sarasota,90,92,15,107,103,Cash,VIP ,4
1020,2025-04-05 00:00:00,CUST0955,ALEX BROWN,Returning,Ceramic Coating,FB,Sarasota,Sarasota,350,355,10,365,107,cash ,VIP ,4
1021,2025-11-01 00:00:00,CUST0644,OLIVIA SMITH,Returning,Premium Wash,referral,Sarasota,Sarasota,70,77,20,97,164,Cash App,NEWCUSTOMER,3
1022,2025-03-10 00:00:00,CUST0833, Olivia Taylor,New,Ceramic Coating,tiktok,Sarasota,Venice,350,355,10,365,124,Zelle,,4
1023,2025-11-14 00:00:00,CUST0248,ava wilson,New,Premium Wash,Tik tok,Charlotte,Port Charlotte,70,$82.00,0,82,168,Card,SUMMER10,5
1024,2025-08-24 00:00:00,CUST1098,Olivia Anderson ,Returning,Basic Wash,YouTube,Sarasota,Venice,40,44,5,49,112,CARD,,4
1025,2025-11-30 00:00:00,CUST0734,John Smith,Returning,Premium Wash,Referral,Sarasota,North Port,70,77,10,87,150,cash ,NEWCUSTOMER,4
1026,2025-05-17 00:00:00,CUST0426,mary brown,New,Full Detail,Facebook,Charlotte,Punta Gorda,150,150,5,155,120,CARD,,4
1027,2025-03-17 00:00:00,CUST0926,john anderson,Returning,Premium Wash,Youtube,Charlotte,Port Charlotte,70,72,15,87,134,Venmo,,4
1028,2025-02-04 00:00:00,CUST0632,noah smith,Returning,Interior Detail,Referred,Sarasota,North Port,90,$88.00,15,103,84,Cash,VIP ,
1029,2025-01-01 00:00:00,CUST0949, Noah Johnson,Returning,Premium Wash,TikTok,Charlotte,Punta Gorda,70,70,0,70,178,cash ,NEWCUSTOMER,3
1030,2025-10-23 00:00:00,CUST0543,NOAH TAYLOR,New,Ceramic Coating,FACEBOOK,Sarasota,Sarasota,350,385,0,385,58,Zelle,,4
1031,2025-11-16 00:00:00,CUST0246,SOFIA TAYLOR,New,Ceramic Coating,TikTok,Charlotte,Punta Gorda,350,385,20,405,157,Cash App,,
1031,2025-11-16 00:00:00,CUST0246,SOFIA TAYLOR,New,Ceramic Coating,TikTok,Charlotte,Punta Gorda,350,385,20,405,157,Cash App,,
1032,2025-03-01 00:00:00,CUST0186, Emma Anderson,New,Interior Detail,,Sarasota,Venice,90,88,0,88,41,Venmo,,5
1033,2025-11-16 00:00:00,CUST0323,OLIVIA WILSON,Returning,Premium Wash,Instagram,Sarasota,Sarasota,70,72,20,92,174,Zelle,SUMMER10,4
1034,2025-12-15 00:00:00,CUST0624,Liam  Anderson,Returning,Ceramic Coating,facebook,Charlotte,Punta Gorda,350,390,0,390,70,Card,NEWCUSTOMER,5
1035,2025-11-24 00:00:00,CUST0083,John  Martinez,New,Premium Wash,referral,Sarasota,Sarasota,70,82,0,82,86,Zelle,SUMMER10,4
1036,2025-09-24 00:00:00,CUST0441,alex taylor,New,Premium Wash,YOUTUBE ,Charlotte,Punta Gorda,70,82,10,92,30,Cash App,VIP ,4
1037,2025-12-27 00:00:00,CUST0672, Emma Martinez,New,Ceramic Coating,FB,Charlotte,Port Charlotte,350,383,0,383.0,105,CARD,SUMMER10,4
1038,2025-08-17 00:00:00,CUST0304,ava smith,New,Full Detail,instagram,Charlotte,Port Charlotte,150,160,15,175,145,Card,,3
1039,2025-09-27 00:00:00,CUST0187,Liam Garcia ,Returning,Ceramic Coating,tiktok,Charlotte,Punta Gorda,350,390,0,390,144,cash ,NEWCUSTOMER,
1040,2025-11-12 00:00:00,CUST0509, Sofia Wilson,Returning,Ceramic Coating,Facebook,Sarasota,Venice,350,387,10,397,40,Cash,,
1041,2025-10-13 00:00:00,CUST0729, Lewis Anderson,Returning,Premium Wash,,Sarasota,Sarasota,70,$77.00,0,77,170,cash ,SUMMER10,3
1042,2025-10-18 00:00:00,CUST0812,Ava  Smith,Returning,Ceramic Coating,Youtube,Sarasota,Sarasota,350,385,0,385,57,Venmo,,5
1043,2025-08-01 00:00:00,CUST1052,Olivia Smith ,New,Basic Wash,YOUTUBE ,Charlotte,Punta Gorda,40,46,0,46.0,64,cash ,VIP ,
1044,2025-06-14 00:00:00,CUST0101,ava miller,New,Ceramic Coating,instagram,Sarasota,Sarasota,350,352,10,362,66,CARD,VIP ,3
1045,2025-01-05 00:00:00,CUST0613,Liam Taylor ,Returning,Basic Wash,facebook,Charlotte,Port Charlotte,40,40,5,45,155,Venmo,NEWCUSTOMER,4
1046,2025-12-05 00:00:00,CUST0533,SOFIA JOHNSON,New,Premium Wash,Instagram ,Sarasota,Sarasota,70,82,0,82,55,CARD,,
1047,2025-03-19 00:00:00,CUST0357,Lewis Garcia,New,Ceramic Coating,Instagram ,Sarasota,North Port,350,352,15,367,86,CARD,,4
1048,2025-03-03 00:00:00,CUST0064,Noah Anderson ,Returning,Premium Wash,YouTube,Charlotte,Punta Gorda,70,68,0,68,112,Cash,,5
1049,2025-05-12 00:00:00,CUST0829,Sofia  Garcia,New,Ceramic Coating,Tik tok,Charlotte,Punta Gorda,350,350,0,350,167,CARD,,5
1050,2025-03-30 00:00:00,CUST0927,mary davis,Returning,Full Detail,instagram,Sarasota,North Port,150,155,5,160,139,Card,NEWCUSTOMER,5
1051,2025-08-25 00:00:00,CUST1139,alex wilson,Returning,Full Detail,facebook,Sarasota,Sarasota,150,170,15,185,71,Cash,NEWCUSTOMER,
1052,2025-02-11 00:00:00,CUST1127,Alex Garcia,Returning,Interior Detail,Insta,Charlotte,Port Charlotte,90,95,0,95,71,cash ,VIP ,5
1053,2025-03-30 00:00:00,CUST0512,lewis davis,Returning,Premium Wash,Instagram ,Sarasota,North Port,70,70,10,80,104,Cash App,,4
1054,2025-10-23 00:00:00,CUST0194,john brown,New,Full Detail,TikTok,Sarasota,Venice,150,160,0,160,143,Cash,NEWCUSTOMER,4
1055,2025-11-24 00:00:00,CUST0947,JOHN TAYLOR,Returning,Interior Detail,,Sarasota,Venice,90,104,10,114,152,Venmo,NEWCUSTOMER,
1056,2025-10-22 00:00:00,CUST0209,Sofia Miller,Returning,Ceramic Coating,FACEBOOK,Sarasota,Venice,350,385,20,405,103,Venmo,,
1057,2025-04-14 00:00:00,CUST0287,Olivia Wilson,Returning,Basic Wash,FACEBOOK,Charlotte,Port Charlotte,40,42,10,52,78,Zelle,VIP ,4
1058,2025-01-14 00:00:00,CUST0249,ALEX MILLER,New,Interior Detail,TIKTOK,Sarasota,Venice,90,88,0,88,38,Zelle,NEWCUSTOMER,5
1059,2025-10-15 00:00:00,CUST0025,Olivia Taylor,Returning,Interior Detail,Instagram ,Charlotte,Punta Gorda,90,101,0,101,34,CARD,,4
1060,2025-06-28 00:00:00,CUST0127,noah garcia,New,Basic Wash,Insta,Sarasota,Venice,40,40,10,50,107,Venmo,SUMMER10,4
1061,2025-05-05 00:00:00,CUST0456,Alex Brown ,New,Full Detail,facebook,Charlotte,Port Charlotte,150,152,5,157,115,Cash App,SUMMER10,3
1062,2025-12-19 00:00:00,CUST0268,SOFIA GARCIA,Returning,Basic Wash,Insta,Charlotte,Punta Gorda,40,42,5,47,115,Cash App,,5
1063,2025-01-23 00:00:00,CUST0406,NOAH JOHNSON,New,Premium Wash,TIKTOK,Sarasota,Sarasota,70,65,5,70,94,Cash App,SUMMER10,4
1064,2025-03-04 00:00:00,CUST0821,John Garcia,Returning,Ceramic Coating,Instagram ,Sarasota,North Port,350,350,0,350,84,Zelle,,5
1065,2025-05-23 00:00:00,CUST0763,liam wilson,Returning,Ceramic Coating,tiktok,Charlotte,Port Charlotte,350,345,0,345,45,Cash,,
1066,2025-06-02 00:00:00,CUST0173,Olivia Johnson,Returning,Basic Wash,YouTube,Sarasota,Sarasota,40,40,0,40,170,Zelle,VIP ,3
1067,2025-05-25 00:00:00,CUST1193,SOFIA JOHNSON,Returning,Premium Wash,Instagram,Sarasota,Venice,70,70,20,90,178,CARD,,5
1068,2025-08-13 00:00:00,CUST0531,ALEX BROWN,Returning,Interior Detail,youtube,Sarasota,Venice,90,104,20,124.0,34,Cash App,,4
1069,2025-11-05 00:00:00,CUST0154,sofia anderson,Returning,Basic Wash,referral,Charlotte,Punta Gorda,40,39,10,49.0,132,Card,,5
1070,2025-04-14 00:00:00,CUST0045,John  Johnson,Returning,Basic Wash,Youtube,Sarasota,Sarasota,40,40,0,40,126,Cash App,NEWCUSTOMER,
1071,2025-04-14 00:00:00,CUST0133,Liam Davis,New,Premium Wash,TIKTOK,Sarasota,North Port,70,75,5,80,74,Venmo,,5
1072,2025-02-08 00:00:00,CUST0405,Ava Wilson ,Returning,Premium Wash,Insta,Sarasota,North Port,70,72,5,77,132,Venmo,,4
1073,2025-07-17 00:00:00,CUST0909,OLIVIA MILLER,New,Premium Wash,youtube,Sarasota,North Port,70,77,20,97,146,Cash App,NEWCUSTOMER,
1074,2025-05-14 00:00:00,CUST0264,AVA JOHNSON,New,Premium Wash,facebook,Sarasota,Sarasota,70,70,5,75,133,cash ,SUMMER10,4
1075,2025-03-08 00:00:00,CUST0189,Noah  Taylor,New,Interior Detail,Instagram,Sarasota,Sarasota,90,90,0,90,124,CARD,,5
1076,2025-06-28 00:00:00,CUST0680,Noah  Brown,Returning,Interior Detail,instagram,Charlotte,Port Charlotte,90,88,15,103,173,Venmo,NEWCUSTOMER,
1077,2025-02-11 00:00:00,CUST0251,olivia johnson,New,Ceramic Coating,FaceBook ,Sarasota,Sarasota,350,348,0,348,106,Cash App,SUMMER10,4
1078,2025-01-15 00:00:00,CUST0088,Noah  Miller,Returning,Interior Detail,FACEBOOK,Sarasota,North Port,90,90,5,95,170,Zelle,,3
1079,2025-04-21 00:00:00,CUST0945,Liam Johnson,New,Full Detail,YouTube,Sarasota,North Port,150,145,0,145,120,cash ,NEWCUSTOMER,
1080,2025-06-06 00:00:00,CUST0104, Lewis Anderson,New,Full Detail,Instagram,Charlotte,Punta Gorda,150,155,0,155.0,72,cash ,SUMMER10,5
1081,2025-10-16 00:00:00,CUST0345,Lewis Wilson ,Returning,Basic Wash,instagram,Charlotte,Punta Gorda,40,44,0,44,131,Card,,3
1082,2025-08-19 00:00:00,CUST1176,Olivia  Brown,Returning,Full Detail,facebook,Sarasota,Venice,150,163,15,178,78,Zelle,NEWCUSTOMER,5
1083,2025-06-06 00:00:00,CUST0888,Lewis Taylor ,New,Premium Wash,Instagram,Charlotte,Port Charlotte,70,75,20,95.0,135,Cash,NEWCUSTOMER,4
1084,2025-02-07 00:00:00,CUST0809,Emma Taylor,New,Basic Wash,YouTube,Sarasota,Venice,40,35,0,35,129,Cash,SUMMER10,5
1085,2025-04-07 00:00:00,CUST1017,Noah  Wilson,Returning,Interior Detail,Youtube,Charlotte,Punta Gorda,90,90,10,100,85,Venmo,,
1086,2025-10-16 00:00:00,CUST0061,Sofia Smith,Returning,Basic Wash,Instagram,Charlotte,Port Charlotte,40,39,10,49,141,CARD,NEWCUSTOMER,3
1087,2025-09-11 00:00:00,CUST0784,Liam Anderson ,Returning,Basic Wash,Referral,Charlotte,Port Charlotte,40,44,0,44,71,Venmo,SUMMER10,5
1088,2025-07-15 00:00:00,CUST0874,LIAM MARTINEZ,Returning,Interior Detail,referral,Charlotte,Punta Gorda,90,97,0,97,61,Zelle,,4
1089,2025-03-27 00:00:00,CUST0354,Noah Smith,Returning,Full Detail,TikTok,Charlotte,Port Charlotte,150,152,0,152,55,CARD,SUMMER10,3
1090,2025-11-18 00:00:00,CUST0725, John Brown,Returning,Basic Wash,Insta,Sarasota,Venice,40,42,10,52,107,Zelle,VIP ,
1091,2025-01-10 00:00:00,CUST0440,Liam Martinez ,Returning,Basic Wash,Instagram ,Sarasota,Venice,40,42,10,52,84,cash ,,4
1092,2025-01-05 00:00:00,CUST0384,lewis brown,Returning,Ceramic Coating,youtube,Sarasota,Venice,350,345,0,345.0,127,Cash App,,3
1093,2025-05-03 00:00:00,CUST0564,Noah Johnson ,Returning,Ceramic Coating,Instagram ,Charlotte,Punta Gorda,350,355,20,375,140,Zelle,,5
1094,2025-11-26 00:00:00,CUST0574, Mary Wilson,Returning,Premium Wash,YouTube,Sarasota,Venice,70,82,5,87,123,Zelle,NEWCUSTOMER,4
1095,2025-12-19 00:00:00,CUST0914,Emma Davis ,New,Basic Wash,TIKTOK,Charlotte,Port Charlotte,40,39,0,39,124,CARD,VIP ,3
1096,2025-04-28 00:00:00,CUST0305,EMMA DAVIS,Returning,Full Detail,YouTube,Charlotte,Port Charlotte,150,$148.00,10,158.0,129,Cash,,5
1097,2025-10-21 00:00:00,CUST0071,NOAH BROWN,New,Premium Wash,,Sarasota,Venice,70,72,15,87,126,Cash,VIP ,
1098,06/08/2025,CUST0504,mary wilson,Returning,Full Detail,Tik tok,Charlotte,Punta Gorda,150,152,20,172,45,Zelle,,4
1099,2025-10-30 00:00:00,CUST0605,LIAM BROWN,Returning,Premium Wash,FACEBOOK,Charlotte,Port Charlotte,70,79,0,79,67,Cash,NEWCUSTOMER,5
1100,2025-08-16 00:00:00,CUST1022, Lewis Wilson,New,Interior Detail,Facebook,Sarasota,Venice,90,94,20,114,39,Venmo,,3
1101,2025-12-31 00:00:00,CUST0844,liam taylor,Returning,Premium Wash,Insta,Sarasota,North Port,70,77,0,77,143,Venmo,,5
1102,08/04/2025,CUST1128,Alex Anderson,Returning,Ceramic Coating,YouTube,Charlotte,Port Charlotte,350,385,0,385,164,Venmo,,5
1103,2025-07-03 00:00:00,CUST0982, Lewis Wilson,Returning,Premium Wash,tiktok,Charlotte,Punta Gorda,70,79,20,99,54,cash ,SUMMER10,4
1104,2025-01-15 00:00:00,CUST0125,Liam  Smith,Returning,Basic Wash,instagram,Sarasota,Sarasota,40,40,5,45,86,Card,SUMMER10,4
1105,2025-06-06 00:00:00,CUST0180,JOHN MARTINEZ,New,Interior Detail,YOUTUBE ,Charlotte,Punta Gorda,90,88,15,103,133,Zelle,,3
1106,2025-05-16 00:00:00,CUST0573,Noah  Taylor,New,Premium Wash,Insta,Charlotte,Punta Gorda,70,72,10,82,30,Cash,VIP ,3
1107,2025-09-18 00:00:00,CUST0785,OLIVIA GARCIA,Returning,Interior Detail,Word of Mouth,Sarasota,Venice,90,99,0,99,147,cash ,,5
1108,2025-06-06 00:00:00,CUST0282,liam garcia,Returning,Premium Wash,Instagram,Sarasota,North Port,70,70,20,90,86,cash ,VIP ,5
1109,2025-02-16 00:00:00,CUST0859,Alex  Miller,Returning,Premium Wash,Instagram ,Sarasota,North Port,70,70,15,85.0,32,Card,,4
1110,2025-11-20 00:00:00,CUST0409,EMMA ANDERSON,New,Interior Detail,Referred,Sarasota,Sarasota,90,97,15,112,131,CARD,SUMMER10,5
1111,2025-11-28 00:00:00,CUST1077,sofia miller,New,Interior Detail,referral,Sarasota,North Port,90,97,10,107,124,Cash App,,5
1112,2025-06-22 00:00:00,CUST0511,lewis smith,New,Premium Wash,FB,Charlotte,Port Charlotte,70,72,0,72,129,Zelle,SUMMER10,5
1113,2025-05-10 00:00:00,CUST1114,Mary Davis ,Returning,Ceramic Coating,FACEBOOK,Sarasota,North Port,350,348,0,348,63,Zelle,,4
1114,2025-04-05 00:00:00,CUST0040,sofia johnson,New,Full Detail,social,Sarasota,North Port,150,148,5,153,62,Zelle,,5
1115,2025-04-25 00:00:00,CUST0784, Sofia Martinez,Returning,Basic Wash,Referral,Charlotte,Port Charlotte,40,42,20,62,91,Card,SUMMER10,5
1116,2025-08-31 00:00:00,CUST0736,Noah  Garcia,Returning,Basic Wash,Instagram ,Charlotte,Port Charlotte,40,44,0,44,67,cash ,,4
1117,2025-10-19 00:00:00,CUST0983,Sofia  Brown,New,Premium Wash,instagram,Sarasota,Sarasota,70,72,5,77,103,Card,,
1118,2025-10-09 00:00:00,CUST1116, John Johnson,Returning,Full Detail,Insta,Sarasota,North Port,150,170,0,170,103,CARD,,4
1119,2025-10-26 00:00:00,CUST0993,Olivia Davis,Returning,Full Detail,Word of Mouth,Sarasota,Sarasota,150,165,5,170,44,Card,,5
1120,2025-10-10 00:00:00,CUST0705,Mary Johnson ,New,Ceramic Coating,TikTok,Charlotte,Port Charlotte,350,380,0,380.0,69,cash ,VIP ,5
1121,2025-03-10 00:00:00,CUST1159,emma taylor,Returning,Premium Wash,instagram,Charlotte,Port Charlotte,70,68,0,68,154,Cash,,3
1122,2025-05-28 00:00:00,CUST1029,John  Smith,Returning,Interior Detail,Facebook,Charlotte,Port Charlotte,90,88,0,88,109,Card,SUMMER10,5
1123,2025-01-11 00:00:00,CUST0659,Ava Anderson ,Returning,Premium Wash,TikTok,Charlotte,Punta Gorda,70,68,10,78,96,cash ,NEWCUSTOMER,4
1124,2025-09-11 00:00:00,CUST0796,sofia anderson,Returning,Full Detail,YOUTUBE ,Charlotte,Punta Gorda,150,165,0,165,175,Cash,,4
1125,2025-11-26 00:00:00,CUST0554,Mary Brown ,New,Premium Wash,Referred,Sarasota,North Port,70,77,0,77,143,Card,,4
1126,2025-12-26 00:00:00,CUST0369, Liam Wilson,Returning,Full Detail,facebook,Sarasota,Sarasota,150,167,10,177,150,CARD,NEWCUSTOMER,4
1127,2025-02-07 00:00:00,CUST0054,Alex Taylor ,Returning,Premium Wash,Word of Mouth,Charlotte,Port Charlotte,70,70,10,80,31,CARD,SUMMER10,3
1128,2025-05-14 00:00:00,CUST0654,Sofia  Martinez,Returning,Full Detail,YOUTUBE ,Charlotte,Punta Gorda,150,155,0,155,156,Cash,NEWCUSTOMER,3
1129,2025-07-19 00:00:00,CUST0449,ALEX MILLER,New,Full Detail,Insta,Charlotte,Port Charlotte,150,170,-5,170,125,cash ,SUMMER10,5
1130,2025-01-23 00:00:00,CUST0061,Liam  Garcia,Returning,Ceramic Coating,Instagram ,Charlotte,Port Charlotte,350,350,5,355,65,Cash App,,5
1131,2025-10-30 00:00:00,CUST0576, Alex Smith,Returning,Premium Wash,Youtube,Charlotte,Port Charlotte,70,$75.00,20,95,143,Cash App,VIP ,
1132,2025-12-12 00:00:00,CUST0120,Sofia Smith,New,Premium Wash,Tik tok,Sarasota,Venice,70,82,15,97.0,65,Cash,,4
1133,2025-10-29 00:00:00,CUST0967,liam miller,Returning,Ceramic Coating,,Charlotte,Punta Gorda,350,385,10,395,62,Venmo,,4
1134,2025-12-29 00:00:00,CUST1085,Mary Miller ,Returning,Ceramic Coating,FB,Sarasota,Venice,350,385,20,405,157,Cash,,
1135,2025-08-06 00:00:00,CUST0733,mary miller,New,Full Detail,facebook,Charlotte,Punta Gorda,150,165,20,185,175,CARD,NEWCUSTOMER,5
1136,2025-05-21 00:00:00,CUST1197,MARY WILSON,Returning,Basic Wash,TikTok,Sarasota,Venice,40,35,5,40,114,Venmo,NEWCUSTOMER,4
1137,2025-04-14 00:00:00,CUST0477,john garcia,New,Interior Detail,TikTok,Sarasota,Sarasota,90,90,0,90,47,Cash,,4
1138,2025-07-29 00:00:00,CUST0327,OLIVIA MARTINEZ,New,Interior Detail,Facebook,Sarasota,Venice,90,101,10,111.0,85,Zelle,,4
1139,2025-04-21 00:00:00,CUST0206,Mary Taylor,Returning,Full Detail,YouTube,Sarasota,Venice,150,150,5,155,170,Card,SUMMER10,5
1140,2025-04-14 00:00:00,CUST0508, Noah Davis,Returning,Full Detail,TikTok,Sarasota,North Port,150,145,5,150,57,cash ,,3
1141,2025-11-12 00:00:00,CUST0494,EMMA SMITH,Returning,Premium Wash,referral,Sarasota,Venice,70,77,10,87,46,Zelle,,5
1142,2025-06-20 00:00:00,CUST0546,ava anderson,New,Premium Wash,tiktok,Charlotte,Punta Gorda,70,70,0,70,91,CARD,,3
1143,22-12-2025,CUST1093,olivia taylor,Returning,Ceramic Coating,tiktok,Sarasota,Sarasota,350,385,10,395,138,Cash,,3
1144,2025-11-20 00:00:00,CUST0115,JOHN BROWN,Returning,Interior Detail,instagram,Sarasota,Sarasota,90,99,20,119,47,Card,NEWCUSTOMER,4
1145,2025-05-13 00:00:00,CUST0450,john wilson,New,Ceramic Coating,YouTube,Charlotte,Punta Gorda,350,352,0,352,150,Zelle,VIP ,
1146,2025-10-20 00:00:00,CUST1180,Olivia Anderson ,Returning,Premium Wash,tiktok,Charlotte,Punta Gorda,70,$77.00,20,97,62,Card,,
1147,2025-11-24 00:00:00,CUST0796,Olivia  Miller,Returning,Premium Wash,youtube,Charlotte,Punta Gorda,70,75,20,95,105,Cash,,4
1148,2025-05-07 00:00:00,CUST0727,Olivia Johnson ,New,Basic Wash,FaceBook ,Sarasota,North Port,40,45,15,60,178,CARD,VIP ,
1149,2025-04-16 00:00:00,CUST0356, John Smith,New,Ceramic Coating,YOUTUBE ,Sarasota,Venice,350,348,5,353,79,Cash App,,4
1150,2025-04-02 00:00:00,CUST0361, Alex Johnson,New,Full Detail,,Sarasota,Sarasota,150,152,20,172.0,81,Cash,,5
1151,2025-10-14 00:00:00,CUST0485,Ava Johnson,Returning,Full Detail,instagram,Charlotte,Punta Gorda,150,160,5,165,59,CARD,,4
1152,2025-02-20 00:00:00,CUST0652,Sofia Garcia ,Returning,Premium Wash,TikTok,Charlotte,Port Charlotte,70,70,15,85,119,CARD,NEWCUSTOMER,3
1153,2025-01-29 00:00:00,CUST0735,Ava Davis ,New,Basic Wash,Instagram ,Charlotte,Port Charlotte,40,42,0,42,77,Zelle,,4
1154,2025-10-23 00:00:00,CUST0058,Olivia  Brown,New,Premium Wash,Insta,Sarasota,Sarasota,70,75,0,75,35,cash ,SUMMER10,5
1155,2025-10-24 00:00:00,CUST0721,John  Smith,Returning,Full Detail,TIKTOK,Charlotte,Punta Gorda,150,$170.00,5,175,62,Cash App,VIP ,5
1156,2025-08-02 00:00:00,CUST1163,lewis miller,Returning,Basic Wash,Insta,Sarasota,North Port,40,46,15,61,36,cash ,,4
1157,2025-09-24 00:00:00,CUST1155,John  Smith,Returning,Premium Wash,Word of Mouth,Sarasota,Venice,70,77,0,77,81,Cash,NEWCUSTOMER,5
1157,2025-09-24 00:00:00,CUST1155,John  Smith,Returning,Premium Wash,Word of Mouth,Sarasota,Venice,70,77,0,77,81,Cash,NEWCUSTOMER,5
1158,2025-09-14 00:00:00,CUST0292,Sofia  Martinez,Returning,Ceramic Coating,tiktok,Sarasota,Sarasota,350,380,15,395,74,CARD,,
1159,2025-10-29 00:00:00,CUST1154,Mary Miller ,Returning,Premium Wash,youtube,Sarasota,North Port,70,82,10,92,143,cash ,,4
1160,2025-04-11 00:00:00,CUST0386,Lewis Wilson,Returning,Interior Detail,YouTube,Sarasota,Sarasota,90,92,10,102,107,Venmo,,
1161,2025-12-12 00:00:00,CUST1009, Ava Wilson,New,Premium Wash,instagram,Sarasota,Sarasota,70,72,10,82,140,Zelle,,5
1162,2025-04-20 00:00:00,CUST1111,Mary Davis ,Returning,Full Detail,Instagram ,Charlotte,Punta Gorda,150,155,20,175,121,cash ,SUMMER10,5
1163,2025-07-01 00:00:00,CUST0633,Emma Smith,New,Full Detail,FACEBOOK,Sarasota,Sarasota,150,163,15,178,140,Cash App,VIP ,3
1164,2025-11-09 00:00:00,CUST0360,John  Taylor,Returning,Full Detail,Word of Mouth,Charlotte,Port Charlotte,150,165,20,185,161,Cash App,,3
1165,2025-01-01 00:00:00,CUST1005, Emma Taylor,Returning,Full Detail,Referral,Sarasota,North Port,150,150,15,165,178,Cash,,5
1166,2025-11-15 00:00:00,CUST0078,LIAM SMITH,New,Basic Wash,Referred,Sarasota,North Port,40,46,15,61,78,Cash,,4
1167,2025-02-24 00:00:00,CUST0185,ALEX TAYLOR,New,Ceramic Coating,YOUTUBE ,Sarasota,Venice,350,352,15,367,78,Venmo,SUMMER10,5
1168,2025-05-29 00:00:00,CUST0116,AVA BROWN,Returning,Basic Wash,Instagram,Charlotte,Port Charlotte,40,45,0,45,122,CARD,NEWCUSTOMER,5
1169,2025-11-05 00:00:00,CUST0477,Sofia Smith,Returning,Premium Wash,TikTok,Sarasota,Sarasota,70,82,0,82.0,34,Cash,VIP ,3
1170,2025-05-17 00:00:00,CUST0449,ava martinez,Returning,Ceramic Coating,instagram,Charlotte,Port Charlotte,350,345,20,365,132,Card,,
1171,2025-07-21 00:00:00,CUST0041,Lewis Brown ,New,Basic Wash,Referral,Sarasota,Venice,40,44,0,44,80,Cash App,VIP ,5
1172,2025-11-09 00:00:00,CUST1079,MARY GARCIA,Returning,Basic Wash,tiktok,Sarasota,North Port,40,49,10,59,113,cash ,VIP ,
1173,2025-04-27 00:00:00,CUST0979,SOFIA GARCIA,Returning,Premium Wash,YOUTUBE ,Sarasota,Venice,70,70,5,75,107,Cash App,,4
1174,2025-06-03 00:00:00,CUST0002,Sofia  Martinez,Returning,Interior Detail,Youtube,Sarasota,Venice,90,92,5,97,80,Zelle,SUMMER10,3
1175,2025-10-18 00:00:00,CUST0680,Liam Wilson,Returning,Premium Wash,instagram,Charlotte,Port Charlotte,70,72,10,82,147,Zelle,NEWCUSTOMER,4
1176,2025-03-04 00:00:00,CUST0413,Emma Anderson,New,Interior Detail,Insta,Charlotte,Punta Gorda,90,88,15,103,140,CARD,,
1177,2025-09-01 00:00:00,CUST0268,john wilson,Returning,Full Detail,Insta,Charlotte,Punta Gorda,150,165,20,185,72,CARD,,5
1178,2025-01-25 00:00:00,CUST0698,emma smith,Returning,Premium Wash,YOUTUBE ,Sarasota,North Port,70,72,5,77,110,Zelle,,
1179,2025-03-31 00:00:00,CUST0364,LIAM JOHNSON,Returning,Interior Detail,Facebook,Sarasota,North Port,90,$90.00,20,110,35,Card,,5
1180,2025-03-16 00:00:00,CUST0663,mary johnson,Returning,Full Detail,instagram,Sarasota,Sarasota,150,$152.00,0,152,114,Card,VIP ,5
1181,2025-10-21 00:00:00,CUST0122,Emma  Johnson,Returning,Ceramic Coating,Youtube,Charlotte,Port Charlotte,350,385,0,385,127,Cash,NEWCUSTOMER,
1182,2025-07-29 00:00:00,CUST0045,Emma Johnson,Returning,Full Detail,youtube,Sarasota,Sarasota,150,160,15,175,50,cash ,VIP ,5
1183,2025-12-13 00:00:00,CUST0303,noah wilson,New,Premium Wash,Tik tok,Charlotte,Port Charlotte,70,77,15,92,77,Card,SUMMER10,5
1184,2025-01-17 00:00:00,CUST0291, Noah Smith,Returning,Premium Wash,social,Charlotte,Port Charlotte,70,70,0,70,95,CARD,NEWCUSTOMER,5
1185,2025-05-08 00:00:00,CUST0228, Sofia Taylor,New,Basic Wash,Youtube,Sarasota,Sarasota,40,42,0,42,140,CARD,,5
1186,2025-12-30 00:00:00,CUST1078,mary brown,New,Premium Wash,instagram,Charlotte,Punta Gorda,70,82,10,92,137,CARD,,5
1187,2025-09-08 00:00:00,CUST0748,SOFIA DAVIS,Returning,Premium Wash,tiktok,Charlotte,Punta Gorda,70,72,5,77,67,CARD,,3
1188,2025-06-28 00:00:00,CUST0149,Ava Johnson,New,Full Detail,Insta,Charlotte,Punta Gorda,150,$150.00,0,150,149,Cash App,,3
1189,2025-07-01 00:00:00,CUST0766,John  Brown,New,Premium Wash,,Sarasota,North Port,70,77,0,77,125,Zelle,SUMMER10,5
1190,2025-06-01 00:00:00,CUST0811,olivia miller,Returning,Ceramic Coating,Tik tok,Charlotte,Punta Gorda,350,348,5,353,129,Zelle,,5
1191,2025-01-25 00:00:00,CUST0207,AVA JOHNSON,Returning,Premium Wash,instagram,Charlotte,Port Charlotte,70,65,0,65,170,cash ,,4
1192,2025-06-29 00:00:00,CUST0690,AVA JOHNSON,New,Basic Wash,Instagram ,Sarasota,North Port,40,40,5,45,104,Venmo,,3
1193,2025-07-17 00:00:00,CUST0619,John  Miller,Returning,Premium Wash,FB,Sarasota,Sarasota,70,$79.00,15,94,156,CARD,VIP ,3
1194,2025-12-10 00:00:00,CUST0661,OLIVIA MARTINEZ,New,Interior Detail,TikTok,Charlotte,Punta Gorda,90,94,5,99,82,Cash App,,4
1195,2025-06-10 00:00:00,CUST0280,mary miller,Returning,Full Detail,,Sarasota,Venice,150,148,0,148,48,CARD,SUMMER10,4
1196,2025-06-26 00:00:00,CUST0323,Sofia  Johnson,Returning,Interior Detail,social,Sarasota,Sarasota,90,88,0,88,74,cash ,NEWCUSTOMER,3
1197,2025-10-12 00:00:00,CUST0895, Olivia Anderson,New,Full Detail,YouTube,Charlotte,Punta Gorda,150,163,15,178,127,Cash App,,5
1198,2025-03-04 00:00:00,CUST0998,NOAH MILLER,New,Basic Wash,YouTube,Charlotte,Punta Gorda,40,$40.00,10,50,32,Zelle,,5
1199,2025-05-30 00:00:00,CUST0650,MARY TAYLOR,New,Ceramic Coating,TikTok,Charlotte,Port Charlotte,350,350,0,350,50,Venmo,VIP ,3
1200,2025-06-03 00:00:00,CUST0357,Mary Miller ,Returning,Ceramic Coating,Instagram,Sarasota,North Port,350,348,10,358,146,cash ,VIP ,4
1201,2025-06-05 00:00:00,CUST1151, Noah Wilson,Returning,Full Detail,youtube,Sarasota,Venice,150,145,20,165,64,Card,,4
1202,2025-02-18 00:00:00,CUST0731,Lewis Davis,New,Premium Wash,Facebook,Sarasota,Venice,70,75,-5,75,65,CARD,,
1203,2025-12-03 00:00:00,CUST0458,Lewis  Brown,Returning,Basic Wash,YouTube,Sarasota,Venice,40,44,0,44,136,Cash App,,
1204,2025-03-25 00:00:00,CUST0360, Emma Davis,Returning,Interior Detail,Word of Mouth,Charlotte,Port Charlotte,90,90,5,95,36,Zelle,SUMMER10,4
1205,2025-12-27 00:00:00,CUST0775,Ava Miller ,New,Interior Detail,Instagram,Sarasota,Sarasota,90,101,10,111,86,Cash App,,
1206,2025-06-26 00:00:00,CUST0629, Noah Martinez,New,Basic Wash,FB,Charlotte,Punta Gorda,40,45,10,55.0,72,Card,,5
1207,2025-05-28 00:00:00,CUST0604, Olivia Johnson,New,Premium Wash,FaceBook ,Charlotte,Punta Gorda,70,68,0,68,161,Card,,4
1208,2025-04-28 00:00:00,CUST0261, Liam Garcia,Returning,Interior Detail,Word of Mouth,Sarasota,Venice,90,95,15,110,144,cash ,,3
1209,2025-12-08 00:00:00,CUST0364,Emma  Anderson,Returning,Interior Detail,social,Sarasota,North Port,90,101,5,106,134,Cash,NEWCUSTOMER,4
1210,2025-03-04 00:00:00,CUST0004, Mary Brown,New,Full Detail,Insta,Charlotte,Punta Gorda,150,148,10,158,54,cash ,,5
1211,2025-07-08 00:00:00,CUST1174,mary taylor,New,Premium Wash,Instagram ,Sarasota,North Port,70,77,15,92,173,Zelle,VIP ,5
1212,2025-12-26 00:00:00,CUST0802,NOAH WILSON,Returning,Premium Wash,Facebook,Sarasota,North Port,70,82,10,92,33,Card,VIP ,5
1213,2025-02-18 00:00:00,CUST1163,Ava Smith,Returning,Basic Wash,instagram,Sarasota,North Port,40,$40.00,5,45,164,CARD,VIP ,4
1214,2025-11-23 00:00:00,CUST0067, Sofia Taylor,Returning,Ceramic Coating,youtube,Sarasota,Sarasota,350,383,20,403,117,Zelle,,4
1215,2025-09-14 00:00:00,CUST0373, Alex Martinez,New,Basic Wash,tiktok,Charlotte,Port Charlotte,40,44,0,44,99,Cash,VIP ,3
1216,2025-08-12 00:00:00,CUST0652,Mary Anderson ,Returning,Premium Wash,TikTok,Charlotte,Port Charlotte,70,82,10,92,78,Card,NEWCUSTOMER,5
1217,2025-05-21 00:00:00,CUST0453, John Wilson,Returning,Full Detail,Referred,Charlotte,Punta Gorda,150,148,15,163,43,cash ,NEWCUSTOMER,5
1218,2025-08-03 00:00:00,CUST1159, Liam Taylor,Returning,Premium Wash,Instagram ,Charlotte,Port Charlotte,70,82,20,102,101,Venmo,,5
1219,2025-07-30 00:00:00,CUST0214,Sofia Taylor ,New,Full Detail,YOUTUBE ,Sarasota,North Port,150,167,0,167,46,Card,SUMMER10,5
1219,2025-07-30 00:00:00,CUST0214,Sofia Taylor ,New,Full Detail,YOUTUBE ,Sarasota,North Port,150,167,0,167,46,Card,SUMMER10,5
1220,2025-11-14 00:00:00,CUST1017,Lewis  Johnson,Returning,Interior Detail,Youtube,Charlotte,Punta Gorda,90,97,20,117,73,Zelle,NEWCUSTOMER,5
1221,2025-02-01 00:00:00,CUST0289,Liam  Johnson,New,Full Detail,instagram,Charlotte,Port Charlotte,150,150,0,150,108,Venmo,,5
1222,2025-06-07 00:00:00,CUST0679,JOHN TAYLOR,Returning,Premium Wash,Referral,Sarasota,North Port,70,75,0,75,101,cash ,SUMMER10,4
1223,2025-10-12 00:00:00,CUST0160,LEWIS WILSON,Returning,Interior Detail,YOUTUBE ,Sarasota,Sarasota,90,94,5,99,177,Card,NEWCUSTOMER,5
1224,2025-11-01,CUST0488,Noah  Johnson,Returning,Basic Wash,tiktok,Sarasota,Sarasota,40,49,15,64,44,Venmo,,5
1225,2025-10-13 00:00:00,CUST0711,Noah  Taylor,Returning,Premium Wash,FACEBOOK,Charlotte,Punta Gorda,70,77,20,97,127,cash ,NEWCUSTOMER,4
1226,2025-05-24 00:00:00,CUST0655,LEWIS BROWN,New,Ceramic Coating,Facebook,Sarasota,Sarasota,350,348,15,363,34,Cash App,VIP ,5
1227,2025-01-19 00:00:00,CUST0344,SOFIA MILLER,New,Interior Detail,TIKTOK,Sarasota,North Port,90,95,15,110,162,Card,SUMMER10,3
1228,2025-01-18 00:00:00,CUST0182,Liam Brown ,New,Interior Detail,Instagram ,Sarasota,Sarasota,90,90,5,95,74,Zelle,,5
1229,2025-09-14 00:00:00,CUST0688,Ava Garcia ,New,Ceramic Coating,instagram,Sarasota,North Port,350,390,15,405,163,Venmo,VIP ,4
1230,2025-03-19 00:00:00,CUST0915,John Garcia ,Returning,Ceramic Coating,youtube,Charlotte,Punta Gorda,350,$345.00,10,355,150,Cash,NEWCUSTOMER,4
1231,2025-06-24 00:00:00,CUST0024,Ava  Davis,Returning,Premium Wash,Instagram ,Charlotte,Port Charlotte,70,70,20,90,102,cash ,NEWCUSTOMER,
1232,2025-07-13,CUST0544,Lewis Taylor ,New,Basic Wash,Word of Mouth,Charlotte,Port Charlotte,40,44,0,44,179,Cash,,5
1233,2025-04-23 00:00:00,CUST0430,Emma  Smith,Returning,Full Detail,Tik tok,Sarasota,North Port,150,150,10,160,137,CARD,,
1234,2025-04-24 00:00:00,CUST0512, Noah Taylor,Returning,Premium Wash,social,Sarasota,North Port,70,70,5,75,83,CARD,,3
1235,2025-08-10 00:00:00,CUST0139, Lewis Brown,Returning,Full Detail,referral,Charlotte,Punta Gorda,150,165,0,165,109,cash ,,5
1236,2025-06-15 00:00:00,CUST0718,Olivia  Davis,New,Interior Detail,instagram,Sarasota,North Port,90,85,15,100,91,Card,SUMMER10,4
1237,2025-11-15 00:00:00,CUST0526,NOAH MILLER,New,Ceramic Coating,youtube,Charlotte,Punta Gorda,350,383,15,398,134,Zelle,,5
1238,2025-05-12 00:00:00,CUST0222,SOFIA SMITH,New,Ceramic Coating,Instagram ,Charlotte,Punta Gorda,350,350,15,365,51,Cash App,NEWCUSTOMER,
1239,2025-09-21 00:00:00,CUST0003,John  Miller,Returning,Premium Wash,Facebook,Sarasota,Venice,70,77,10,87,113,cash ,,5
1240,2025-02-24 00:00:00,CUST0099,alex miller,New,Premium Wash,FACEBOOK,Charlotte,Punta Gorda,70,65,0,65,167,CARD,SUMMER10,
1241,2025-12-25 00:00:00,CUST0791,Noah  Brown,Returning,Interior Detail,Tik tok,Charlotte,Punta Gorda,90,99,10,109,121,cash ,,4
1242,2025-05-11 00:00:00,CUST0898,Ava  Garcia,Returning,Full Detail,FB,Sarasota,Venice,150,150,10,160,97,CARD,VIP ,4
1243,2025-10-15,CUST0860, Olivia Davis,Returning,Interior Detail,Tik tok,Sarasota,Venice,90,$94.00,10,104,91,cash ,,4
1244,2025-09-23 00:00:00,CUST0341,Sofia Miller,Returning,Interior Detail,referral,Sarasota,Sarasota,90,$94.00,5,99,49,Zelle,NEWCUSTOMER,4
1245,2025-06-11 00:00:00,CUST0848,LEWIS GARCIA,Returning,Interior Detail,Tik tok,Sarasota,Sarasota,90,95,0,95,159,Card,NEWCUSTOMER,5
1246,2025-03-28 00:00:00,CUST1010,JOHN SMITH,Returning,Full Detail,FACEBOOK,Charlotte,Port Charlotte,150,150,20,170,38,cash ,,
1247,2025-02-24 00:00:00,CUST0776, Ava Anderson,New,Full Detail,youtube,Sarasota,North Port,150,145,15,160,50,Zelle,VIP ,
1248,2025-10-15 00:00:00,CUST0720,Lewis Wilson ,Returning,Interior Detail,social,Charlotte,Punta Gorda,90,99,0,99,139,cash ,,4
1249,2025-06-27 00:00:00,CUST1119,Ava  Smith,Returning,Full Detail,social,Charlotte,Punta Gorda,150,155,15,170,128,CARD,VIP ,5
1250,2025-12-15 00:00:00,CUST0769,Alex  Taylor,Returning,Premium Wash,TIKTOK,Charlotte,Port Charlotte,70,82,0,82.0,89,Card,SUMMER10,
1251,2025-01-08 00:00:00,CUST0208,Mary Miller,New,Premium Wash,instagram,Charlotte,Port Charlotte,70,65,0,65,94,Zelle,SUMMER10,4
1252,2025-11-17 00:00:00,CUST0982,lewis garcia,Returning,Ceramic Coating,Tik tok,Charlotte,Punta Gorda,350,385,5,390,72,Cash,,4
1253,2025-11-09 00:00:00,CUST1184,Liam Davis ,Returning,Ceramic Coating,referral,Charlotte,Port Charlotte,350,385,5,390,87,CARD,SUMMER10,5
1254,2025-09-04 00:00:00,CUST0462, Noah Martinez,Returning,Interior Detail,TIKTOK,Sarasota,North Port,90,101,0,101,125,Venmo,,4
1255,2025-11-19 00:00:00,CUST0334,lewis johnson,New,Interior Detail,youtube,Sarasota,Sarasota,90,101,15,116,44,Zelle,SUMMER10,3
1256,2025-09-12 00:00:00,CUST0925, Sofia Garcia,New,Premium Wash,FACEBOOK,Charlotte,Port Charlotte,70,79,0,79,82,Venmo,NEWCUSTOMER,3
1257,2025-11-24 00:00:00,CUST0151,AVA BROWN,Returning,Full Detail,Referred,Sarasota,Sarasota,150,163,0,163,96,Card,,
1258,2025-02-23 00:00:00,CUST0069,alex wilson,Returning,Basic Wash,FB,Charlotte,Port Charlotte,40,38,15,53,46,CARD,,4
1259,2025-09-06 00:00:00,CUST0604,SOFIA SMITH,Returning,Basic Wash,FACEBOOK,Charlotte,Punta Gorda,40,39,0,39,112,CARD,,5
1260,2025-08-27 00:00:00,CUST0042,Emma Wilson ,New,Ceramic Coating,youtube,Sarasota,Sarasota,350,387,20,407,107,Cash App,VIP ,4
1261,2025-08-17 00:00:00,CUST0653,AVA TAYLOR,Returning,Ceramic Coating,instagram,Sarasota,Sarasota,350,387,0,387,55,CARD,,4
1262,2025-03-08 00:00:00,CUST0535,Mary Smith,Returning,Full Detail,YouTube,Sarasota,Sarasota,150,155,20,175,127,Venmo,VIP ,3
1263,2025-02-20 00:00:00,CUST0215,Olivia  Martinez,Returning,Ceramic Coating,Instagram ,Sarasota,North Port,350,348,20,368,68,cash ,,5
1264,2025-04-07 00:00:00,CUST0152, John Martinez,Returning,Full Detail,Referred,Sarasota,Sarasota,150,152,20,172,52,Card,,5
1265,2025-04-02 00:00:00,CUST0701,John  Smith,New,Basic Wash,Tik tok,Sarasota,Sarasota,40,45,0,45,81,Cash App,SUMMER10,5
1266,2025-09-21 00:00:00,CUST0349,Emma  Brown,New,Premium Wash,YouTube,Charlotte,Port Charlotte,70,79,0,79,119,Venmo,,4
1267,2025-10-18 00:00:00,CUST0769,john brown,Returning,Basic Wash,Tik tok,Charlotte,Port Charlotte,40,44,5,49,41,CARD,,3
1268,2025-04-06 00:00:00,CUST0330,Mary  Anderson,New,Basic Wash,tiktok,Sarasota,North Port,40,45,0,45,178,Zelle,NEWCUSTOMER,4
1269,2025-03-29 00:00:00,CUST0154, Olivia Anderson,Returning,Full Detail,Referred,Charlotte,Punta Gorda,150,148,15,163,86,Zelle,SUMMER10,3
1270,2025-03-19 00:00:00,CUST1121, Alex Brown,Returning,Full Detail,social,Sarasota,Venice,150,155,10,165,43,Cash,,
1271,2025-10-15 00:00:00,CUST0191,Sofia Anderson,Returning,Full Detail,Referred,Sarasota,Sarasota,150,160,15,175,177,Card,,5
1272,2025-04-30 00:00:00,CUST0693,Mary  Taylor,New,Ceramic Coating,referral,Charlotte,Punta Gorda,350,348,5,353,175,Venmo,,4
1273,2025-10-29 00:00:00,CUST0989,JOHN TAYLOR,Returning,Basic Wash,Insta,Sarasota,North Port,40,49,10,59,134,Cash App,,5
1274,2025-06-14 00:00:00,CUST0064,Emma  Anderson,Returning,Interior Detail,,Charlotte,Punta Gorda,90,90,15,105,68,Card,,5
1275,2025-07-01 00:00:00,CUST0884,LIAM ANDERSON,New,Premium Wash,referral,Charlotte,Punta Gorda,70,77,0,77,83,cash ,NEWCUSTOMER,4
1275,2025-07-01 00:00:00,CUST0884,LIAM ANDERSON,New,Premium Wash,referral,Charlotte,Punta Gorda,70,77,0,77,83,cash ,NEWCUSTOMER,4
1276,2025-08-11 00:00:00,CUST0338, Lewis Garcia,New,Interior Detail,FaceBook ,Sarasota,Sarasota,90,99,0,99,171,CARD,NEWCUSTOMER,4
1277,2025-11-07 00:00:00,CUST0890,AVA WILSON,Returning,Ceramic Coating,Insta,Sarasota,North Port,350,390,15,405,70,Zelle,VIP ,
1278,2025-01-07 00:00:00,CUST0322, Mary Taylor,New,Full Detail,Youtube,Sarasota,Venice,150,150,0,150,112,cash ,SUMMER10,
1279,2025-11-26 00:00:00,CUST0110,ava davis,Returning,Interior Detail,Tik tok,Charlotte,Port Charlotte,90,$94.00,10,104,133,Cash App,,3
1280,2025-09-20 00:00:00,CUST0208,Ava  Wilson,Returning,Premium Wash,Instagram ,Charlotte,Port Charlotte,70,72,20,92,51,Cash App,,4
1281,2025-06-10 00:00:00,CUST0679,AVA ANDERSON,Returning,Full Detail,referral,Sarasota,North Port,150,150,15,165,135,cash ,VIP ,5
1282,2025-05-31 00:00:00,CUST0421,Sofia  Wilson,Returning,Interior Detail,referral,Sarasota,Sarasota,90,92,0,92,31,Card,,4
1283,2025-03-26 00:00:00,CUST0390, Noah Smith,Returning,Basic Wash,Word of Mouth,Charlotte,Punta Gorda,40,40,15,55,92,cash ,SUMMER10,5
1284,2025-05-27 00:00:00,CUST0839, Mary Johnson,New,Premium Wash,facebook,Charlotte,Punta Gorda,70,70,15,85,106,Cash App,,3
1285,2025-04-22 00:00:00,CUST1135,sofia anderson,New,Basic Wash,Insta,Sarasota,Sarasota,40,38,5,43,51,Venmo,,4
1286,05-02-2025,CUST1107,LIAM GARCIA,New,Premium Wash,facebook,Charlotte,Port Charlotte,70,72,10,82,124,Cash App,SUMMER10,4
1287,2025-10-12 00:00:00,CUST0544,Emma Martinez,Returning,Ceramic Coating,Referral,Charlotte,Port Charlotte,350,387,10,397,46,Card,NEWCUSTOMER,4
1288,2025-07-07 00:00:00,CUST0577,Sofia  Anderson,New,Interior Detail,FaceBook ,Sarasota,Venice,90,101,0,101,168,CARD,VIP ,3
1289,2025-03-23 00:00:00,CUST0610,Lewis  Miller,Returning,Interior Detail,TikTok,Charlotte,Punta Gorda,90,90,20,110,107,Venmo,,3
1290,2025-01-02 00:00:00,CUST0487,Ava Smith ,New,Premium Wash,FACEBOOK,Sarasota,Sarasota,70,75,15,90,30,cash ,VIP ,4
1291,2025-10-30 00:00:00,CUST0197,olivia wilson,New,Basic Wash,YouTube,Sarasota,Venice,40,39,20,59,115,Venmo,,4
1292,2025-07-16 00:00:00,CUST0102,Noah Garcia,New,Interior Detail,FACEBOOK,Sarasota,Sarasota,90,99,15,114,149,Card,,4
1293,2025-01-11 00:00:00,CUST0805,ALEX ANDERSON,Returning,Premium Wash,YOUTUBE ,Charlotte,Port Charlotte,70,72,0,72,110,CARD,,5
1294,2025-08-22 00:00:00,CUST1171,Noah Davis,Returning,Full Detail,tiktok,Sarasota,North Port,150,165,0,165,158,Card,NEWCUSTOMER,
1295,2025-07-14 00:00:00,CUST1126,Mary Garcia ,Returning,Full Detail,facebook,Sarasota,Sarasota,150,160,0,160,106,Venmo,NEWCUSTOMER,4
1296,2025-04-29 00:00:00,CUST1006,EMMA TAYLOR,Returning,Interior Detail,Youtube,Charlotte,Port Charlotte,90,85,5,90,172,Cash,NEWCUSTOMER,
1297,2025-01-20 00:00:00,CUST0315,Ava  Smith,New,Basic Wash,YOUTUBE ,Sarasota,Venice,40,35,10,45.0,49,Venmo,,4
1298,2025-09-18 00:00:00,CUST0112,Emma Johnson ,Returning,Ceramic Coating,Instagram ,Charlotte,Port Charlotte,350,385,15,400,75,Cash App,,4
1299,2025-10-20 00:00:00,CUST0739,noah wilson,Returning,Full Detail,Word of Mouth,Charlotte,Port Charlotte,150,165,5,170,93,CARD,VIP ,5
1300,2025-09-13 00:00:00,CUST0008, Mary Miller,Returning,Interior Detail,FACEBOOK,Sarasota,Venice,90,$94.00,0,94,84,Cash,,4
1301,2025-08-10 00:00:00,CUST0876,Ava Davis ,New,Full Detail,referral,Sarasota,Venice,150,165,5,170,87,Venmo,,4
1302,2025-08-14 00:00:00,CUST0180, Noah Martinez,Returning,Full Detail,YouTube,Charlotte,Punta Gorda,150,$170.00,5,175,88,Venmo,,
1303,2025-02-22 00:00:00,CUST0604,Liam Davis ,Returning,Ceramic Coating,FaceBook ,Charlotte,Punta Gorda,350,350,0,350,47,Zelle,,3
1304,2025-12-21 00:00:00,CUST0984,Ava  Wilson,New,Interior Detail,referral,Sarasota,Venice,90,97,0,97,126,Zelle,NEWCUSTOMER,5
1305,2025-12-08 00:00:00,CUST0409,SOFIA BROWN,Returning,Interior Detail,Word of Mouth,Sarasota,Sarasota,90,104,10,114,99,Cash App,,4
1306,2025-12-30 00:00:00,CUST0199,Liam  Smith,New,Basic Wash,youtube,Charlotte,Punta Gorda,40,42,10,52,127,CARD,,5
1307,2025-10-07 00:00:00,CUST0053,OLIVIA JOHNSON,New,Ceramic Coating,Word of Mouth,Charlotte,Port Charlotte,350,$385.00,15,400,55,cash ,VIP ,4
1308,03/22/2025,CUST0424,Liam Miller ,Returning,Basic Wash,YouTube,Sarasota,Sarasota,40,35,10,45,77,Cash,,5
1309,2025-07-21 00:00:00,CUST0350,olivia davis,New,Full Detail,FaceBook ,Charlotte,Port Charlotte,150,165,15,180,57,Cash App,NEWCUSTOMER,5
1310,2025-06-07 00:00:00,CUST0598, Liam Davis,Returning,Premium Wash,Instagram ,Charlotte,Port Charlotte,70,65,15,80,102,Cash,VIP ,3
1311,2025-04-30 00:00:00,CUST0168,Olivia Garcia,New,Interior Detail,youtube,Sarasota,North Port,90,$90.00,15,105,95,Zelle,NEWCUSTOMER,4
1312,2025-02-28 00:00:00,CUST0970,olivia smith,Returning,Ceramic Coating,facebook,Charlotte,Punta Gorda,350,345,20,365,174,CARD,,
1313,2025-08-03 00:00:00,CUST0237, Liam Brown,Returning,Ceramic Coating,youtube,Charlotte,Port Charlotte,350,387,0,387,55,cash ,SUMMER10,4
1314,2025-05-08 00:00:00,CUST0632,Alex Brown,Returning,Premium Wash,Word of Mouth,Sarasota,North Port,70,70,10,80,73,cash ,NEWCUSTOMER,5
1314,2025-05-08 00:00:00,CUST0632,Alex Brown,Returning,Premium Wash,Word of Mouth,Sarasota,North Port,70,70,10,80,73,cash ,NEWCUSTOMER,5
1315,2025-08-12 00:00:00,CUST0815,Lewis  Miller,Returning,Premium Wash,Youtube,Charlotte,Port Charlotte,70,$77.00,0,77,169,Venmo,NEWCUSTOMER,3
1316,2025-07-28 00:00:00,CUST0965,Emma Johnson,Returning,Interior Detail,facebook,Sarasota,Venice,90,$99.00,0,99,176,Card,VIP ,
1317,2025-04-25 00:00:00,CUST1002,Ava Taylor,New,Interior Detail,facebook,Charlotte,Punta Gorda,90,92,20,112,179,Card,,4
1318,2025-07-28 00:00:00,CUST0543,JOHN TAYLOR,Returning,Basic Wash,FACEBOOK,Sarasota,Sarasota,40,44,15,59,135,Cash,,4
1319,2025-01-14 00:00:00,CUST0187, Lewis Johnson,Returning,Premium Wash,tiktok,Charlotte,Punta Gorda,70,68,10,78,144,cash ,SUMMER10,3
1320,2025-01-09 00:00:00,CUST1115,sofia miller,New,Premium Wash,Instagram ,Sarasota,North Port,70,65,0,65,150,CARD,NEWCUSTOMER,5
1321,2025-02-09 00:00:00,CUST0794,Lewis Anderson,New,Interior Detail,youtube,Sarasota,North Port,90,85,5,90,30,Zelle,,3
1322,2025-08-25 00:00:00,CUST0379, Olivia Taylor,New,Interior Detail,Referral,Charlotte,Punta Gorda,90,99,10,109,71,CARD,NEWCUSTOMER,5
1323,2025-10-08 00:00:00,CUST0760,Lewis Martinez ,Returning,Full Detail,FB,Sarasota,Venice,150,165,10,175,108,CARD,SUMMER10,4
1324,2025-12-25 00:00:00,CUST0782,Liam  Garcia,New,Basic Wash,tiktok,Charlotte,Punta Gorda,40,42,0,42.0,178,cash ,NEWCUSTOMER,3
1325,2025-07-20 00:00:00,CUST0757,Liam Wilson,New,Basic Wash,YOUTUBE ,Sarasota,Venice,40,42,0,42,162,Zelle,SUMMER10,4
1326,2025-09-03 00:00:00,CUST0383,Ava  Brown,Returning,Premium Wash,YOUTUBE ,Sarasota,North Port,70,77,10,87,87,Venmo,SUMMER10,4
1327,2025-10-05 00:00:00,CUST0913,alex garcia,Returning,Premium Wash,YOUTUBE ,Sarasota,Venice,70,75,10,85,38,Card,,3
1328,2025-08-23 00:00:00,CUST0092,NOAH TAYLOR,Returning,Full Detail,youtube,Charlotte,Port Charlotte,150,$160.00,20,180,132,Cash App,,5
1329,2025-01-04 00:00:00,CUST0540,liam martinez,New,Premium Wash,facebook,Charlotte,Punta Gorda,70,$72.00,0,72,108,cash ,VIP ,5
1330,2025-06-03 00:00:00,CUST0901,Mary  Taylor,New,Ceramic Coating,facebook,Sarasota,Sarasota,350,350,0,350,117,Venmo,NEWCUSTOMER,5
1330,2025-06-03 00:00:00,CUST0901,Mary  Taylor,New,Ceramic Coating,facebook,Sarasota,Sarasota,350,350,0,350,117,Venmo,NEWCUSTOMER,5
1331,2025-01-29 00:00:00,CUST0953,Emma Smith ,Returning,Full Detail,Youtube,Charlotte,Port Charlotte,150,150,0,150,107,Zelle,SUMMER10,4
1332,2025-04-19 00:00:00,CUST0540, John Johnson,Returning,Premium Wash,FACEBOOK,Charlotte,Punta Gorda,70,65,0,65,93,Cash App,,4
1333,2025-04-08 00:00:00,CUST0464,Olivia  Miller,Returning,Ceramic Coating,FaceBook ,Sarasota,North Port,350,352,0,352,153,Cash,,3
1334,2025-08-03 00:00:00,CUST0551,sofia miller,Returning,Interior Detail,YOUTUBE ,Charlotte,Punta Gorda,90,99,10,109.0,59,Zelle,NEWCUSTOMER,5
1335,2025-10-20 00:00:00,CUST1156,John  Johnson,New,Premium Wash,Facebook,Charlotte,Punta Gorda,70,72,20,92,67,cash ,,5
1336,2025-03-16 00:00:00,CUST0127,Olivia  Martinez,Returning,Basic Wash,Instagram,Sarasota,Venice,40,40,10,50,133,Cash App,,5
1337,2025-11-22 00:00:00,CUST0310,lewis anderson,Returning,Full Detail,referral,Sarasota,Sarasota,150,160,15,175,153,Card,,4
1338,2025-05-26 00:00:00,CUST0199,olivia taylor,Returning,Full Detail,YouTube,Charlotte,Punta Gorda,150,145,5,150,52,Card,,4
1339,2025-05-08 00:00:00,CUST0176,Ava Davis ,Returning,Basic Wash,Referral,Sarasota,Venice,40,$40.00,20,60,41,Zelle,SUMMER10,5
1340,2025-12-07 00:00:00,CUST0705,Ava Wilson,Returning,Premium Wash,tiktok,Charlotte,Port Charlotte,70,75,20,95,88,Venmo,,5
1341,2025-02-11 00:00:00,CUST1109,Ava Wilson,Returning,Interior Detail,youtube,Charlotte,Punta Gorda,90,$85.00,10,95,49,CARD,NEWCUSTOMER,5
1342,2025-12-22 00:00:00,CUST0848,ava davis,Returning,Premium Wash,tiktok,Sarasota,Sarasota,70,77,10,87,173,cash ,,5
1343,2025-02-10 00:00:00,CUST0466,OLIVIA BROWN,New,Full Detail,YOUTUBE ,Charlotte,Port Charlotte,150,148,20,168,141,CARD,,4
1344,2025-02-03 00:00:00,CUST1134, Lewis Miller,Returning,Interior Detail,YOUTUBE ,Sarasota,North Port,90,90,5,95,58,Venmo,VIP ,4
1345,01/17/2025,CUST0125,Noah  Smith,Returning,Interior Detail,Instagram,Sarasota,Sarasota,90,$88.00,10,98,105,Cash,VIP ,3
1346,2025-06-14 00:00:00,CUST0793,lewis taylor,Returning,Full Detail,FACEBOOK,Sarasota,North Port,150,150,0,150,65,Cash,,4
1347,2025-06-02 00:00:00,CUST1071,Sofia  Johnson,New,Basic Wash,Referral,Charlotte,Punta Gorda,40,45,0,45,115,Cash,SUMMER10,4
1348,2025-03-17 00:00:00,CUST0858,alex taylor,New,Basic Wash,Facebook,Sarasota,Venice,40,45,15,60,46,Card,,4
1349,2025-03-28,CUST1097,OLIVIA JOHNSON,Returning,Ceramic Coating,Referred,Charlotte,Port Charlotte,350,350,20,370,136,Card,NEWCUSTOMER,4
1350,2025-04-27 00:00:00,CUST0973, Ava Smith,New,Basic Wash,tiktok,Charlotte,Punta Gorda,40,$35.00,0,35,81,Cash,VIP ,3
1351,2025-12-28 00:00:00,CUST1173,EMMA MARTINEZ,Returning,Full Detail,referral,Sarasota,North Port,150,167,0,167,155,Cash App,,
1352,2025-12-08 00:00:00,CUST0483,sofia taylor,New,Full Detail,Facebook,Sarasota,Venice,150,165,5,170.0,123,CARD,,3
1353,2025-01-27 00:00:00,CUST0976,Sofia Martinez ,Returning,Interior Detail,social,Sarasota,North Port,90,88,10,98,161,Card,,3
1354,2025-11-09 00:00:00,CUST0613,lewis johnson,Returning,Premium Wash,FACEBOOK,Charlotte,Port Charlotte,70,72,0,72.0,76,Card,,4
1355,2025-10-14 00:00:00,CUST0162,Mary Davis,Returning,Premium Wash,Referral,Charlotte,Punta Gorda,70,75,0,75,118,Card,,4
1356,2025-05-14 00:00:00,CUST0809,john garcia,Returning,Basic Wash,YOUTUBE ,Sarasota,Venice,40,42,20,62,98,Card,VIP ,
1357,2025-08-07 00:00:00,CUST0072, John Wilson,New,Basic Wash,Referred,Sarasota,Sarasota,40,42,0,42,112,Cash,NEWCUSTOMER,3
1358,2025-06-17 00:00:00,CUST1029,OLIVIA JOHNSON,Returning,Interior Detail,FACEBOOK,Charlotte,Port Charlotte,90,92,0,92,95,Cash App,SUMMER10,3
1359,2025-04-08 00:00:00,CUST1170,mary davis,New,Interior Detail,instagram,Sarasota,Sarasota,90,90,0,90,92,Venmo,,4
1360,2025-09-25 00:00:00,CUST1059,Lewis Brown,New,Full Detail,Referral,Charlotte,Port Charlotte,150,165,5,170,48,CARD,NEWCUSTOMER,5
1361,2025-08-25,CUST1171,John Anderson,Returning,Premium Wash,tiktok,Sarasota,North Port,70,82,20,102,85,Cash App,NEWCUSTOMER,4
1362,11/05/2025,CUST0302, Liam Johnson,New,Premium Wash,FB,Sarasota,North Port,70,77,15,92,161,Zelle,,3
1363,2025-06-22 00:00:00,CUST0247,John  Martinez,Returning,Basic Wash,Referred,Sarasota,North Port,40,42,10,52,120,Cash,VIP ,3
1364,2025-07-09 00:00:00,CUST0920,Alex  Smith,Returning,Basic Wash,YouTube,Sarasota,North Port,40,44,20,64,69,Cash App,NEWCUSTOMER,4
1365,2025-05-02 00:00:00,CUST0355,john anderson,Returning,Basic Wash,Referred,Sarasota,North Port,40,40,0,40,162,Cash,SUMMER10,
1366,2025-02-15 00:00:00,CUST0343,OLIVIA JOHNSON,Returning,Interior Detail,youtube,Charlotte,Punta Gorda,90,$90.00,0,90,170,cash ,SUMMER10,4
1367,2025-03-05 00:00:00,CUST0434,Lewis Martinez ,Returning,Interior Detail,FB,Sarasota,North Port,90,90,0,90,55,Cash,,4
1368,2025-05-10 00:00:00,CUST0395,JOHN BROWN,New,Full Detail,YouTube,Sarasota,Sarasota,150,148,0,148,180,Zelle,,5
1369,2025-11-06 00:00:00,CUST0259, Olivia Johnson,New,Basic Wash,referral,Sarasota,Sarasota,40,44,20,64,156,Venmo,,3
1370,2025-12-29 00:00:00,CUST0088,JOHN SMITH,Returning,Premium Wash,Facebook,Sarasota,North Port,70,77,5,82,104,CARD,NEWCUSTOMER,4
1371,2025-07-12 00:00:00,CUST0868,liam wilson,Returning,Full Detail,YOUTUBE ,Sarasota,Venice,150,170,0,170,147,CARD,SUMMER10,3
1372,2025-11-03 00:00:00,CUST0161,sofia martinez,Returning,Basic Wash,Instagram,Charlotte,Port Charlotte,40,39,0,39.0,178,Zelle,,4
1373,2025-06-30 00:00:00,CUST0892, Alex Anderson,New,Full Detail,FB,Sarasota,Sarasota,150,150,10,160,99,cash ,VIP ,4
1374,2025-10-19 00:00:00,CUST0414,john brown,New,Basic Wash,Tik tok,Charlotte,Punta Gorda,40,39,0,39,72,CARD,,5
1375,2025-10-09 00:00:00,CUST0303, Liam Brown,Returning,Ceramic Coating,tiktok,Charlotte,Port Charlotte,350,387,5,392.0,41,Cash,,5
1376,2025-01-29 00:00:00,CUST0529, Ava Smith,New,Ceramic Coating,Instagram ,Charlotte,Punta Gorda,350,352,5,357,105,Zelle,SUMMER10,4
1377,2025-05-29 00:00:00,CUST0655,Alex  Garcia,Returning,Interior Detail,facebook,Sarasota,Sarasota,90,90,0,90,69,Zelle,,5
1378,2025-09-24 00:00:00,CUST0138,Liam  Smith,Returning,Interior Detail,facebook,Sarasota,Sarasota,90,94,0,94,87,Card,SUMMER10,5
1379,2025-10-23 00:00:00,CUST0179, Olivia Johnson,Returning,Basic Wash,YOUTUBE ,Sarasota,Venice,40,44,0,44,51,Zelle,VIP ,4
1380,2025-01-11 00:00:00,CUST0795,LIAM MILLER,Returning,Interior Detail,TIKTOK,Charlotte,Port Charlotte,90,95,10,105,154,Cash,,3
1381,2025-06-13 00:00:00,CUST1140,SOFIA BROWN,New,Interior Detail,TikTok,Charlotte,Port Charlotte,90,85,0,85.0,117,Cash App,,
1381,2025-06-13 00:00:00,CUST1140,SOFIA BROWN,New,Interior Detail,TikTok,Charlotte,Port Charlotte,90,85,0,85.0,117,Cash App,,
1382,2025-04-23,CUST0814, Liam Wilson,New,Basic Wash,facebook,Sarasota,Venice,40,40,0,40,146,Card,,4
1383,2025-07-06 00:00:00,CUST1131,John  Wilson,Returning,Full Detail,FACEBOOK,Charlotte,Port Charlotte,150,165,15,180,150,CARD,,4
1384,2025-10-22 00:00:00,CUST0668,Mary Miller ,Returning,Basic Wash,Tik tok,Charlotte,Port Charlotte,40,46,0,46,88,Cash App,NEWCUSTOMER,3
1384,2025-10-22 00:00:00,CUST0668,Mary Miller ,Returning,Basic Wash,Tik tok,Charlotte,Port Charlotte,40,46,0,46,88,Cash App,NEWCUSTOMER,3
1385,2025-08-20 00:00:00,CUST0566,LIAM SMITH,Returning,Full Detail,,Sarasota,North Port,150,165,0,165.0,119,cash ,SUMMER10,5
1386,08/15/2025,CUST1065,Sofia Davis,Returning,Interior Detail,Referred,Charlotte,Punta Gorda,90,99,0,99,54,cash ,,4
1387,2025-11-06,CUST0939,John Miller ,Returning,Ceramic Coating,Referred,Sarasota,Venice,350,385,0,385,162,Venmo,,4
1388,2025-04-08 00:00:00,CUST0026,Sofia Miller,Returning,Full Detail,Youtube,Charlotte,Punta Gorda,150,150,5,155,176,cash ,NEWCUSTOMER,3
1389,2025-02-24 00:00:00,CUST1071,LEWIS GARCIA,Returning,Interior Detail,Referral,Charlotte,Punta Gorda,90,92,0,92,36,Cash,,5
1390,2025-04-21 00:00:00,CUST0860,Mary  Wilson,Returning,Interior Detail,Tik tok,Sarasota,Venice,90,90,0,90,71,Cash,,3
1391,2025-06-01 00:00:00,CUST0231,Emma  Miller,Returning,Ceramic Coating,FB,Sarasota,North Port,350,348,20,368,128,cash ,VIP ,4
1392,2025-09-03 00:00:00,CUST0849,olivia brown,Returning,Interior Detail,FB,Charlotte,Port Charlotte,90,99,5,104,69,Venmo,VIP ,3
1393,2025-03-10 00:00:00,CUST0307,Mary  Garcia,New,Full Detail,FACEBOOK,Charlotte,Punta Gorda,150,155,15,170,129,Cash,,4
1394,2025-11-08 00:00:00,CUST0304,mary wilson,Returning,Basic Wash,Instagram ,Charlotte,Port Charlotte,40,44,15,59,123,Venmo,,
1395,2025-10-16 00:00:00,CUST1161,Noah Garcia ,Returning,Ceramic Coating,FB,Charlotte,Port Charlotte,350,387,5,392.0,78,Card,NEWCUSTOMER,4
1396,2025-09-07 00:00:00,CUST1194,Alex  Wilson,New,Basic Wash,Word of Mouth,Charlotte,Port Charlotte,40,42,5,47,90,Venmo,,
1397,2025-02-05 00:00:00,CUST0206,John  Smith,Returning,Interior Detail,YouTube,Sarasota,Venice,90,85,10,95,74,Cash,,5
1398,27-08-2025,CUST0217,liam johnson,Returning,Ceramic Coating,TIKTOK,Charlotte,Punta Gorda,350,385,20,405,94,Cash,,3
1399,2025-05-28 00:00:00,CUST1153,Liam Davis ,Returning,Ceramic Coating,FaceBook ,Sarasota,Sarasota,350,352,20,372,43,Card,,
1400,2025-08-15 00:00:00,CUST0207, Noah Johnson,Returning,Premium Wash,Instagram ,Charlotte,Port Charlotte,70,82,5,87,135,Card,,4
1401,2025-09-01 00:00:00,CUST0586,sofia smith,New,Interior Detail,Tik tok,Charlotte,Punta Gorda,90,94,10,104,153,Card,SUMMER10,5
1402,2025-12-03 00:00:00,CUST1097,sofia brown,Returning,Full Detail,Referral,Charlotte,Port Charlotte,150,165,5,170,141,Venmo,NEWCUSTOMER,5
1403,2025-12-31 00:00:00,CUST0705,Ava Miller ,Returning,Full Detail,TIKTOK,Charlotte,Port Charlotte,150,165,0,165,56,Zelle,,4
1404,2025-07-20 00:00:00,CUST0842,Lewis  Miller,New,Interior Detail,YOUTUBE ,Charlotte,Punta Gorda,90,99,20,119,107,Cash App,SUMMER10,3
1405,2025-06-03 00:00:00,CUST0541,Ava Anderson,New,Premium Wash,TIKTOK,Charlotte,Punta Gorda,70,65,5,70,139,CARD,NEWCUSTOMER,5
1406,2025-03-14 00:00:00,CUST0785,JOHN BROWN,Returning,Premium Wash,Word of Mouth,Sarasota,Venice,70,$70.00,10,80,165,Zelle,,3
1407,2025-07-20 00:00:00,CUST0995, Sofia Martinez,New,Full Detail,referral,Charlotte,Punta Gorda,150,$165.00,0,165,35,CARD,,5
1408,2025-10-23 00:00:00,CUST1172,OLIVIA TAYLOR,Returning,Full Detail,FACEBOOK,Charlotte,Port Charlotte,150,167,15,182,80,Venmo,,4
1409,2025-01-17 00:00:00,CUST0969,liam davis,New,Premium Wash,Tik tok,Charlotte,Punta Gorda,70,70,0,70,146,CARD,SUMMER10,5
1410,2025-05-09 00:00:00,CUST0077,John Martinez ,New,Premium Wash,referral,Sarasota,Sarasota,70,68,0,68,37,Card,,3
1411,2025-08-05 00:00:00,CUST0353,liam anderson,New,Premium Wash,Word of Mouth,Charlotte,Port Charlotte,70,75,0,75,58,Cash,,4
1412,2025-03-02 00:00:00,CUST0565, Olivia Smith,Returning,Full Detail,Instagram,Charlotte,Punta Gorda,150,148,0,148,31,CARD,,3
1413,2025-04-14 00:00:00,CUST0826,EMMA MARTINEZ,Returning,Full Detail,FACEBOOK,Charlotte,Port Charlotte,150,$150.00,0,150,46,Cash,VIP ,3
1414,2025-02-11 00:00:00,CUST0295,john smith,New,Premium Wash,Insta,Charlotte,Punta Gorda,70,68,0,68,139,cash ,,5
1414,2025-02-11 00:00:00,CUST0295,john smith,New,Premium Wash,Insta,Charlotte,Punta Gorda,70,68,0,68,139,cash ,,5
1415,2025-01-25 00:00:00,CUST0823,SOFIA WILSON,New,Interior Detail,referral,Charlotte,Port Charlotte,90,95,20,115,66,Venmo,,4
1416,2025-02-08 00:00:00,CUST0080, Ava Davis,New,Full Detail,,Sarasota,North Port,150,$148.00,10,158,61,cash ,VIP ,4
1417,2025-10-18 00:00:00,CUST0811,Lewis Taylor ,Returning,Basic Wash,TikTok,Charlotte,Punta Gorda,40,44,10,54,55,Cash,,4
1418,2025-05-11 00:00:00,CUST0679,Alex Anderson,Returning,Full Detail,Word of Mouth,Sarasota,North Port,150,150,15,165.0,66,Zelle,,4
1419,2025-08-17 00:00:00,CUST0487,ALEX MARTINEZ,Returning,Full Detail,FB,Sarasota,Sarasota,150,160,0,160,79,Card,VIP ,4
1420,2025-04-18 00:00:00,CUST0101,SOFIA MARTINEZ,Returning,Full Detail,instagram,Sarasota,Sarasota,150,155,20,175,143,Cash App,,4
1421,2025-06-21 00:00:00,CUST0974,mary martinez,Returning,Ceramic Coating,TIKTOK,Charlotte,Port Charlotte,350,350,0,350,41,Venmo,,5
1422,2025-04-12 00:00:00,CUST0551,ava smith,Returning,Premium Wash,YouTube,Charlotte,Punta Gorda,70,65,5,70,143,Cash,,3
1423,2025-12-20 00:00:00,CUST0763,alex taylor,Returning,Ceramic Coating,TikTok,Charlotte,Port Charlotte,350,385,5,390,47,CARD,VIP ,5
1424,2025-01-12 00:00:00,CUST0042, Olivia Taylor,Returning,Ceramic Coating,youtube,Sarasota,Sarasota,350,350,5,355,143,Venmo,,4
1425,2025-10-02 00:00:00,CUST0692,Emma Johnson,Returning,Full Detail,tiktok,Charlotte,Punta Gorda,150,165,10,175,66,cash ,,4
1426,2025-04-11 00:00:00,CUST0621,Sofia Miller ,Returning,Interior Detail,Facebook,Charlotte,Punta Gorda,90,95,0,95.0,72,Cash App,NEWCUSTOMER,5
1427,2025-02-13 00:00:00,CUST0637,Ava Miller,Returning,Ceramic Coating,Youtube,Sarasota,Sarasota,350,355,15,370,177,Cash App,SUMMER10,3
1428,2025-11-01 00:00:00,CUST0575,Emma Davis,Returning,Ceramic Coating,Instagram ,Sarasota,North Port,350,387,10,397,62,Venmo,,5
1429,2025-01-17 00:00:00,CUST1007,MARY ANDERSON,New,Ceramic Coating,facebook,Charlotte,Port Charlotte,350,352,10,362,161,Venmo,,3
1430,2025-11-26 00:00:00,CUST0202,Ava  Taylor,Returning,Premium Wash,FaceBook ,Sarasota,Venice,70,77,5,82,180,Cash App,,3
1431,2025-02-26 00:00:00,CUST0467,Noah Brown ,New,Full Detail,Referral,Sarasota,Sarasota,150,150,0,150,178,Cash App,,
1432,2025-11-07 00:00:00,CUST0276, Sofia Taylor,New,Premium Wash,tiktok,Sarasota,Venice,70,77,20,97,178,CARD,VIP ,3
1433,2025-10-30 00:00:00,CUST0616,Olivia Martinez ,Returning,Ceramic Coating,youtube,Charlotte,Punta Gorda,350,385,15,400,145,Cash App,NEWCUSTOMER,5
1434,2025-01-12 00:00:00,CUST0908,Olivia Davis,New,Basic Wash,Youtube,Sarasota,Sarasota,40,40,20,60.0,55,Cash App,VIP ,4
1435,2025-11-14 00:00:00,CUST0658,LIAM MARTINEZ,New,Premium Wash,referral,Sarasota,North Port,70,75,20,95,80,Cash,,
1436,2025-03-21 00:00:00,CUST0552,emma miller,New,Premium Wash,FACEBOOK,Sarasota,Sarasota,70,65,20,85,65,cash ,,4
1437,2025-08-04 00:00:00,CUST0854,Olivia Wilson,Returning,Premium Wash,TikTok,Sarasota,Sarasota,70,75,0,75.0,62,CARD,SUMMER10,4
1438,2025-12-05 00:00:00,CUST0183,Olivia Garcia,Returning,Premium Wash,TikTok,Sarasota,North Port,70,72,10,82,40,Card,SUMMER10,5
1439,2025-09-21 00:00:00,CUST0385,Ava  Johnson,New,Basic Wash,instagram,Sarasota,Venice,40,46,0,46.0,174,Card,SUMMER10,
1440,2025-05-29 00:00:00,CUST0905,John Martinez ,New,Premium Wash,,Charlotte,Port Charlotte,70,68,20,88,168,CARD,,5
1441,2025-03-22 00:00:00,CUST0433,Sofia Martinez ,Returning,Ceramic Coating,tiktok,Sarasota,Sarasota,350,350,0,350,43,Cash,SUMMER10,4
1442,03-08-2025,CUST0834,John  Garcia,New,Full Detail,YOUTUBE ,Charlotte,Punta Gorda,150,163,20,183,177,Venmo,SUMMER10,3
1443,2025-07-17 00:00:00,CUST0993,Alex Brown,Returning,Full Detail,referral,Sarasota,Sarasota,150,167,0,167.0,34,Zelle,SUMMER10,
1444,2025-07-19 00:00:00,CUST1058,Mary Brown,New,Basic Wash,FaceBook ,Charlotte,Punta Gorda,40,49,5,54,47,Cash,,
1445,2025-01-25 00:00:00,CUST0766,Sofia  Miller,Returning,Full Detail,Referral,Sarasota,North Port,150,148,15,163,48,Venmo,,
1446,2025-03-30,CUST0116,olivia johnson,Returning,Basic Wash,instagram,Charlotte,Port Charlotte,40,35,0,35,116,Card,SUMMER10,5
1447,2025-09-25 00:00:00,CUST1056,Liam Martinez ,Returning,Full Detail,Youtube,Charlotte,Punta Gorda,150,160,5,165,110,Cash App,NEWCUSTOMER,3
1448,2025-05-23 00:00:00,CUST0326,JOHN GARCIA,Returning,Basic Wash,Referral,Sarasota,Venice,40,38,15,53,137,cash ,VIP ,3
1449,2025-02-28 00:00:00,CUST0135,ALEX GARCIA,New,Basic Wash,Tik tok,Charlotte,Punta Gorda,40,45,5,50,139,Card,,4
1450,2025-12-31 00:00:00,CUST0638,Olivia Wilson ,New,Basic Wash,FaceBook ,Sarasota,North Port,40,49,10,59,99,Venmo,,4
1451,2025-01-26 00:00:00,CUST1038,alex anderson,Returning,Premium Wash,youtube,Charlotte,Port Charlotte,70,70,-5,70,163,cash ,VIP ,3
1452,2025-02-16 00:00:00,CUST0827,Emma  Davis,New,Basic Wash,Instagram ,Charlotte,Port Charlotte,40,$45.00,10,55,162,Cash App,SUMMER10,5
1453,2025-10-15 00:00:00,CUST0278,ava anderson,Returning,Ceramic Coating,YOUTUBE ,Sarasota,Venice,350,385,0,385,46,Cash,,4
1454,2025-09-23 00:00:00,CUST1074, Mary Taylor,Returning,Full Detail,TikTok,Sarasota,Sarasota,150,160,15,175.0,51,Cash App,,3
1455,2025-01-16 00:00:00,CUST1165,Olivia  Wilson,Returning,Full Detail,Tik tok,Sarasota,North Port,150,145,0,145,123,Cash,VIP ,5
1456,2025-07-18 00:00:00,CUST0060,Lewis Davis,Returning,Ceramic Coating,Tik tok,Charlotte,Punta Gorda,350,$385.00,20,405.0,145,Cash App,,5
1457,2025-10-09 00:00:00,CUST0356,ALEX SMITH,Returning,Full Detail,YouTube,Sarasota,Venice,150,167,0,167,122,Cash,,
1458,2025-03-27 00:00:00,CUST0395,AVA WILSON,Returning,Basic Wash,Youtube,Sarasota,Sarasota,40,35,20,55,33,Zelle,NEWCUSTOMER,5
1459,2025-09-07 00:00:00,CUST0412,LEWIS BROWN,Returning,Interior Detail,Instagram ,Sarasota,Venice,90,101,20,121,145,Card,SUMMER10,4
1460,2025-09-27 00:00:00,CUST0119,John Martinez,Returning,Basic Wash,facebook,Charlotte,Punta Gorda,40,44,10,54,84,Card,,4
1461,2025-12-01 00:00:00,CUST0511, Noah Smith,Returning,Ceramic Coating,FB,Charlotte,Port Charlotte,350,385,15,400,127,CARD,,5
1462,2025-04-27 00:00:00,CUST0068,Ava Taylor,Returning,Ceramic Coating,YOUTUBE ,Charlotte,Port Charlotte,350,352,5,357,50,Zelle,,4
1463,2025-01-07 00:00:00,CUST0935,Ava Anderson ,Returning,Interior Detail,facebook,Sarasota,Sarasota,90,90,15,105,36,Card,,3
1464,2025-05-17 00:00:00,CUST0104,MARY ANDERSON,Returning,Basic Wash,Instagram,Charlotte,Punta Gorda,40,45,5,50,162,cash ,VIP ,
1465,2025-06-25 00:00:00,CUST0739,Sofia  Smith,Returning,Interior Detail,social,Charlotte,Port Charlotte,90,92,0,92,135,cash ,VIP ,3
1466,2025-11-24 00:00:00,CUST0408,Olivia Brown,New,Full Detail,TIKTOK,Sarasota,Sarasota,150,165,5,170,69,CARD,,3
1467,2025-11-11 00:00:00,CUST0562,Lewis  Taylor,Returning,Ceramic Coating,YouTube,Sarasota,Sarasota,350,383,5,388,46,Zelle,,4
1468,2025-08-03 00:00:00,CUST0755,mary wilson,Returning,Full Detail,Referred,Charlotte,Punta Gorda,150,163,5,168,50,cash ,,4
1469,2025-03-23 00:00:00,CUST0951, Olivia Taylor,Returning,Ceramic Coating,YOUTUBE ,Charlotte,Port Charlotte,350,352,20,372,162,Zelle,SUMMER10,3
1470,2025-08-11 00:00:00,CUST1035,Ava Miller ,New,Interior Detail,FACEBOOK,Sarasota,Venice,90,94,15,109,59,Cash,VIP ,5
1471,2025-04-13 00:00:00,CUST0813,john johnson,Returning,Interior Detail,Youtube,Sarasota,North Port,90,90,15,105,93,Venmo,,3
1472,2025-09-30 00:00:00,CUST0254,Noah  Brown,New,Basic Wash,Instagram ,Sarasota,Venice,40,39,10,49,122,Card,VIP ,3
1473,2025-01-14 00:00:00,CUST0063,noah smith,New,Ceramic Coating,tiktok,Charlotte,Punta Gorda,350,345,0,345,110,Cash App,,5
1474,2025-06-08 00:00:00,CUST0496,ALEX GARCIA,Returning,Basic Wash,Word of Mouth,Charlotte,Punta Gorda,40,42,20,62,135,cash ,,
1475,2025-06-01 00:00:00,CUST0763,John Davis ,Returning,Ceramic Coating,Tik tok,Charlotte,Port Charlotte,350,348,10,358,172,Cash,,3
1476,2025-04-18 00:00:00,CUST1002,liam anderson,Returning,Interior Detail,facebook,Charlotte,Punta Gorda,90,85,0,85,163,CARD,,5
1477,2025-07-07 00:00:00,CUST0914,AVA ANDERSON,Returning,Ceramic Coating,tiktok,Charlotte,Port Charlotte,350,385,15,400,129,Card,NEWCUSTOMER,
1478,2025-10-28 00:00:00,CUST0364, Ava Anderson,Returning,Premium Wash,Facebook,Sarasota,North Port,70,72,20,92,86,Venmo,SUMMER10,5
1479,2025-04-08 00:00:00,CUST0972,Olivia Anderson ,New,Ceramic Coating,YOUTUBE ,Charlotte,Port Charlotte,350,350,0,350,105,Card,SUMMER10,4
1480,2025-05-11 00:00:00,CUST1130,olivia anderson,Returning,Premium Wash,Instagram,Charlotte,Punta Gorda,70,68,15,83,31,Venmo,,4
1481,2025-10-20 00:00:00,CUST0717,Alex  Miller,New,Interior Detail,facebook,Charlotte,Punta Gorda,90,99,5,104.0,92,Card,SUMMER10,4
1482,2025-06-20 00:00:00,CUST0706, Alex Brown,Returning,Premium Wash,YOUTUBE ,Sarasota,Venice,70,$65.00,10,75,62,CARD,SUMMER10,5
1483,2025-07-02,CUST0335,Sofia Taylor ,New,Interior Detail,Referred,Sarasota,Sarasota,90,99,15,114,135,cash ,VIP ,3
1484,2025-12-30 00:00:00,CUST0530,Noah Martinez ,Returning,Interior Detail,Instagram ,Sarasota,Venice,90,99,0,99,147,Zelle,,3
1485,2025-02-08 00:00:00,CUST0186, Alex Garcia,Returning,Premium Wash,,Sarasota,Venice,70,68,15,83,75,Zelle,,5
1486,01/15/2025,CUST0584,ava garcia,Returning,Premium Wash,TIKTOK,Sarasota,Sarasota,70,$75.00,5,80,97,cash ,,3
1487,2025-01-04 00:00:00,CUST0057,Mary  Miller,New,Premium Wash,TIKTOK,Sarasota,Sarasota,70,72,0,72,160,Zelle,SUMMER10,
1488,2025-12-15 00:00:00,CUST0792,Sofia Miller ,New,Basic Wash,Referral,Charlotte,Punta Gorda,40,46,0,46,34,CARD,,4
1489,2025-07-29 00:00:00,CUST0102,Emma  Wilson,Returning,Full Detail,facebook,Sarasota,Sarasota,150,165,20,185,140,Zelle,VIP ,3
1490,2025-06-10 00:00:00,CUST0334, Noah Brown,Returning,Interior Detail,youtube,Sarasota,Sarasota,90,95,20,115,91,Cash App,VIP ,
1491,2025-01-16 00:00:00,CUST1172,alex martinez,Returning,Ceramic Coating,FACEBOOK,Charlotte,Port Charlotte,350,350,20,370,71,Venmo,,4
1492,2025-04-18 00:00:00,CUST0439,EMMA WILSON,New,Basic Wash,facebook,Sarasota,Sarasota,40,$35.00,0,35,77,Cash App,,4
1493,2025-11-07 00:00:00,CUST0454,LIAM BROWN,Returning,Full Detail,Insta,Sarasota,North Port,150,163,15,178,36,Cash,,
1494,2025-08-15 00:00:00,CUST0462,NOAH MILLER,Returning,Interior Detail,tiktok,Sarasota,North Port,90,94,15,109,74,Cash App,,5
1495,2025-06-19 00:00:00,CUST0424,Ava  Smith,Returning,Interior Detail,Youtube,Sarasota,Sarasota,90,90,5,95,176,Cash,,3
1496,2025-02-03 00:00:00,CUST0552,Ava Johnson,Returning,Interior Detail,facebook,Sarasota,Sarasota,90,90,0,90,32,Card,,3
1497,2025-09-08 00:00:00,CUST0839,Liam Davis,Returning,Ceramic Coating,FB,Charlotte,Punta Gorda,350,385,10,395,75,Card,SUMMER10,4
1498,2025-09-04 00:00:00,CUST1052,LEWIS TAYLOR,Returning,Ceramic Coating,Youtube,Charlotte,Punta Gorda,350,380,0,380,87,Zelle,,5
1499,2025-09-26,CUST0042,Ava  Johnson,Returning,Interior Detail,YOUTUBE ,Sarasota,Sarasota,90,99,0,99,70,Zelle,NEWCUSTOMER,5
1500,2025-05-21 00:00:00,CUST0019,Noah Wilson,Returning,Full Detail,Instagram,Charlotte,Port Charlotte,150,148,10,158,89,CARD,VIP ,
1501,2025-10-01 00:00:00,CUST0971,John Martinez,New,Ceramic Coating,Instagram,Sarasota,Sarasota,350,380,10,390.0,159,Cash,,4
1502,2025-04-06 00:00:00,CUST0271,Liam Wilson ,Returning,Full Detail,tiktok,Charlotte,Punta Gorda,150,145,0,145,156,CARD,,4
1503,2025-08-15 00:00:00,CUST0355,John  Miller,Returning,Basic Wash,referral,Sarasota,North Port,40,44,0,44,83,cash ,VIP ,4
1504,02/08/2025,CUST0018,Sofia Smith ,Returning,Basic Wash,YOUTUBE ,Sarasota,Sarasota,40,38,15,53,176,cash ,SUMMER10,4
1505,2025-10-29 00:00:00,CUST0459,John Smith ,New,Premium Wash,,Charlotte,Port Charlotte,70,75,20,95.0,85,Cash,VIP ,4
1506,2025-01-29 00:00:00,CUST0517,ALEX MILLER,Returning,Basic Wash,Referred,Sarasota,North Port,40,42,0,42,137,Card,,5
1507,2025-11-14 00:00:00,CUST0626,Emma  Taylor,Returning,Ceramic Coating,referral,Sarasota,Venice,350,390,0,390,73,Cash,NEWCUSTOMER,4
1508,2025-09-02 00:00:00,CUST0564, Ava Johnson,Returning,Interior Detail,Insta,Charlotte,Punta Gorda,90,99,0,99,110,cash ,,5
1509,08/24/2025,CUST0868,ava miller,Returning,Ceramic Coating,Youtube,Sarasota,Venice,350,390,0,390,155,Card,NEWCUSTOMER,4
1510,2025-07-04 00:00:00,CUST0772,mary davis,New,Ceramic Coating,youtube,Charlotte,Punta Gorda,350,385,20,405,152,cash ,,4
1511,2025-09-29 00:00:00,CUST0715,John Anderson,New,Basic Wash,Referral,Charlotte,Port Charlotte,40,44,15,59,121,Cash,VIP ,4
1512,2025-08-24 00:00:00,CUST0941,MARY JOHNSON,Returning,Basic Wash,YOUTUBE ,Charlotte,Port Charlotte,40,39,15,54,136,cash ,,4
1513,2025-08-27 00:00:00,CUST0517,Lewis  Brown,Returning,Interior Detail,Referred,Sarasota,North Port,90,99,10,109,99,cash ,NEWCUSTOMER,4
1514,2025-09-23 00:00:00,CUST0447,Lewis  Garcia,Returning,Full Detail,Tik tok,Charlotte,Port Charlotte,150,160,0,160,98,Cash App,,5
1515,2025-12-25 00:00:00,CUST0956,alex wilson,New,Basic Wash,TikTok,Sarasota,Venice,40,39,20,59,135,Card,NEWCUSTOMER,5
1516,2025-12-06 00:00:00,CUST0619, Emma Smith,Returning,Premium Wash,FaceBook ,Sarasota,Sarasota,70,$77.00,0,77,165,CARD,VIP ,3
1517,2025-03-06 00:00:00,CUST1067,Sofia  Davis,New,Interior Detail,Word of Mouth,Sarasota,North Port,90,85,0,85,169,Venmo,,5
1518,2025-06-26 00:00:00,CUST0814,Noah Brown ,Returning,Full Detail,FACEBOOK,Sarasota,Venice,150,150,0,150,38,Zelle,,
1519,2025-01-03 00:00:00,CUST1198,emma garcia,Returning,Ceramic Coating,Referred,Charlotte,Port Charlotte,350,355,10,365,129,Venmo,,3
1520,2025-05-22 00:00:00,CUST0210,Noah  Johnson,Returning,Premium Wash,tiktok,Sarasota,North Port,70,72,0,72,31,cash ,,5
1521,2025-06-07 00:00:00,CUST0016,ALEX DAVIS,New,Full Detail,YouTube,Sarasota,North Port,150,155,15,170,84,Cash App,NEWCUSTOMER,5
1521,2025-06-07 00:00:00,CUST0016,ALEX DAVIS,New,Full Detail,YouTube,Sarasota,North Port,150,155,15,170,84,Cash App,NEWCUSTOMER,5
1522,2025-11-20 00:00:00,CUST1048,Emma Wilson ,Returning,Premium Wash,YouTube,Charlotte,Punta Gorda,70,$82.00,20,102,102,Cash,VIP ,
1523,2025-05-26 00:00:00,CUST0767, Emma Brown,Returning,Interior Detail,YouTube,Sarasota,Venice,90,88,5,93,92,Card,VIP ,
1524,2025-10-20 00:00:00,CUST1150,Noah Martinez ,New,Basic Wash,FB,Sarasota,Sarasota,40,49,0,49,83,CARD,VIP ,5
1525,2025-06-02 00:00:00,CUST0579,Ava Garcia,Returning,Ceramic Coating,YouTube,Charlotte,Punta Gorda,350,350,20,370,39,Cash App,,3
1526,2025-07-12 00:00:00,CUST0612,John Taylor ,Returning,Basic Wash,Instagram ,Sarasota,North Port,40,39,15,54,179,CARD,,5
1527,2025-03-14 00:00:00,CUST0222, Olivia Garcia,Returning,Premium Wash,Insta,Charlotte,Punta Gorda,70,$68.00,20,88,157,Cash App,VIP ,
1528,2025-11-01 00:00:00,CUST0987, Liam Smith,New,Basic Wash,facebook,Sarasota,North Port,40,42,20,62,52,Card,,
1528,2025-11-01 00:00:00,CUST0987, Liam Smith,New,Basic Wash,facebook,Sarasota,North Port,40,42,20,62,52,Card,,
1529,2025-12-10 00:00:00,CUST0131,Ava Martinez ,Returning,Interior Detail,Instagram ,Sarasota,Venice,90,104,15,119,82,Cash,SUMMER10,5
1530,2025-05-20 00:00:00,CUST0689, Sofia Wilson,New,Full Detail,referral,Sarasota,North Port,150,145,10,155,35,Venmo,,5
1531,2025-07-06 00:00:00,CUST0567, John Taylor,New,Premium Wash,FB,Charlotte,Punta Gorda,70,75,10,85,39,Card,,
1532,2025-10-20 00:00:00,CUST0666,Olivia  Garcia,New,Premium Wash,FaceBook ,Charlotte,Port Charlotte,70,79,5,84,134,Venmo,,5
1533,2025-03-02 00:00:00,CUST0568, Olivia Wilson,Returning,Ceramic Coating,Youtube,Sarasota,Venice,350,345,15,360,144,CARD,,4
1534,2025-07-17 00:00:00,CUST0535,Alex  Davis,Returning,Full Detail,social,Sarasota,Sarasota,150,167,0,167,87,CARD,,5
1535,2025-10-22 00:00:00,CUST0612, Mary Davis,Returning,Interior Detail,Instagram ,Sarasota,North Port,90,94,0,94,127,CARD,,4
1536,2025-11-15 00:00:00,CUST0386,Emma Miller ,Returning,Ceramic Coating,YOUTUBE ,Sarasota,Sarasota,350,387,0,387,36,Cash App,SUMMER10,
1537,2025-10-29 00:00:00,CUST0308,Alex Miller ,Returning,Full Detail,Referred,Sarasota,Sarasota,150,163,0,163,163,Cash App,,4
1538,2025-12-10 00:00:00,CUST1060,Sofia Garcia,Returning,Basic Wash,Referral,Sarasota,Sarasota,40,46,5,51,179,Card,VIP ,5
1539,2025-01-11 00:00:00,CUST0493,MARY BROWN,Returning,Premium Wash,FB,Charlotte,Port Charlotte,70,72,5,77.0,101,Cash App,SUMMER10,4
1540,2025-03-03 00:00:00,CUST0117,Noah Anderson,New,Basic Wash,youtube,Sarasota,Sarasota,40,40,15,55,137,Cash App,VIP ,
1541,2025-11-29 00:00:00,CUST0828,ALEX DAVIS,New,Ceramic Coating,YOUTUBE ,Sarasota,Venice,350,383,15,398,148,Cash,,
1542,2025-08-14 00:00:00,CUST0655, Alex Anderson,Returning,Interior Detail,FB,Sarasota,Sarasota,90,$101.00,5,106,82,Card,VIP ,
1543,2025-06-02 00:00:00,CUST0287,emma smith,Returning,Premium Wash,FB,Charlotte,Port Charlotte,70,75,0,75,84,Card,,
1544,2025-07-18 00:00:00,CUST0053,Noah Anderson ,Returning,Premium Wash,Referral,Charlotte,Port Charlotte,70,77,10,87,32,Cash App,VIP ,4
1545,2025-02-21 00:00:00,CUST1019,Ava  Johnson,Returning,Premium Wash,YOUTUBE ,Sarasota,Venice,70,68,15,83,173,Cash,,4
1546,2025-09-17 00:00:00,CUST0606,ava davis,Returning,Premium Wash,,Sarasota,North Port,70,82,5,87,143,Zelle,NEWCUSTOMER,5
1547,2025-02-28 00:00:00,CUST0532,Emma Miller,New,Full Detail,Insta,Charlotte,Port Charlotte,150,150,20,170,141,cash ,,
1548,2025-03-13 00:00:00,CUST0858,Alex  Martinez,Returning,Premium Wash,FaceBook ,Sarasota,Venice,70,70,0,70,126,cash ,VIP ,
1549,2025-05-28 00:00:00,CUST0829,Noah Davis,Returning,Interior Detail,Tik tok,Charlotte,Punta Gorda,90,$92.00,15,107.0,84,Venmo,,5
1550,2025-12-15 00:00:00,CUST0796, Lewis Wilson,Returning,Premium Wash,YOUTUBE ,Charlotte,Punta Gorda,70,82,10,92,69,Zelle,VIP ,4
1551,2025-03-04 00:00:00,CUST0073,Olivia Johnson ,Returning,Basic Wash,YOUTUBE ,Charlotte,Punta Gorda,40,42,15,57,35,CARD,VIP ,5
1552,2025-11-06 00:00:00,CUST1195,Olivia  Miller,New,Full Detail,Insta,Charlotte,Punta Gorda,150,165,5,170,177,Card,NEWCUSTOMER,4
1553,2025-08-31 00:00:00,CUST1172, Emma Johnson,Returning,Basic Wash,FB,Charlotte,Port Charlotte,40,49,10,59,114,Card,SUMMER10,4
1554,2025-11-26 00:00:00,CUST0389,John Taylor ,New,Full Detail,TIKTOK,Sarasota,North Port,150,165,5,170,92,Zelle,,4
1555,2025-04-17 00:00:00,CUST0703,LEWIS MILLER,Returning,Interior Detail,Instagram ,Charlotte,Punta Gorda,90,90,5,95,72,CARD,NEWCUSTOMER,5
1556,2025-08-14 00:00:00,CUST0456,liam smith,Returning,Ceramic Coating,FACEBOOK,Charlotte,Port Charlotte,350,385,0,385,46,CARD,,3
1557,2025-11-09 00:00:00,CUST1095,Ava  Johnson,Returning,Full Detail,facebook,Charlotte,Punta Gorda,150,165,10,175,147,Cash App,,
1558,08/06/2025,CUST0975,Liam  Johnson,Returning,Interior Detail,Word of Mouth,Sarasota,Sarasota,90,99,10,109,171,Zelle,VIP ,
1559,2025-08-29 00:00:00,CUST0735,Emma Smith,Returning,Basic Wash,Instagram ,Charlotte,Port Charlotte,40,39,15,54,87,Card,NEWCUSTOMER,4
1560,2025-09-16 00:00:00,CUST1039, Mary Martinez,New,Interior Detail,referral,Charlotte,Port Charlotte,90,99,0,99,149,Cash,SUMMER10,3
1561,2025-09-19 00:00:00,CUST0615,Ava  Johnson,Returning,Interior Detail,YOUTUBE ,Sarasota,Sarasota,90,94,5,99,121,Venmo,VIP ,5
1562,2025-01-05 00:00:00,CUST0349,lewis taylor,Returning,Basic Wash,YOUTUBE ,Charlotte,Port Charlotte,40,40,15,55,31,Zelle,,5
1563,2025-09-18 00:00:00,CUST1144, Mary Brown,New,Basic Wash,Referred,Sarasota,Sarasota,40,44,15,59,55,Card,,4
1564,2025-02-23 00:00:00,CUST0371,Mary Wilson ,New,Basic Wash,social,Charlotte,Punta Gorda,40,45,0,45,43,CARD,NEWCUSTOMER,4
1565,2025-02-16 00:00:00,CUST0602,Sofia Smith ,New,Full Detail,Youtube,Charlotte,Port Charlotte,150,155,20,175,63,Zelle,,5
1566,2025-08-03 00:00:00,CUST0200,Alex  Miller,Returning,Ceramic Coating,TikTok,Charlotte,Punta Gorda,350,380,20,400,61,Zelle,NEWCUSTOMER,
1567,2025-06-26 00:00:00,CUST0965, Lewis Martinez,Returning,Basic Wash,FACEBOOK,Sarasota,Venice,40,40,0,40,68,cash ,NEWCUSTOMER,5
1568,2025-01-09 00:00:00,CUST0263,Lewis Martinez,New,Basic Wash,Tik tok,Sarasota,Venice,40,42,15,57.0,133,CARD,,5
1569,2025-04-09 00:00:00,CUST0530,Lewis Davis,Returning,Basic Wash,Insta,Sarasota,Venice,40,45,0,45,172,Zelle,VIP ,4
1570,2025-01-20 00:00:00,CUST1145,Emma Smith ,Returning,Ceramic Coating,YOUTUBE ,Sarasota,North Port,350,350,5,355,97,Cash,NEWCUSTOMER,3
1571,2025-08-29 00:00:00,CUST0375,Liam  Miller,Returning,Interior Detail,YOUTUBE ,Sarasota,Venice,90,99,10,109,131,Zelle,VIP ,3
1572,2025-03-02 00:00:00,CUST0688,Emma  Wilson,Returning,Premium Wash,Insta,Sarasota,North Port,70,75,5,80,34,cash ,SUMMER10,3
1573,2025-06-27 00:00:00,CUST0183,Noah Garcia ,Returning,Ceramic Coating,TikTok,Sarasota,North Port,350,350,0,350,79,Card,NEWCUSTOMER,5
1574,2025-12-04 00:00:00,CUST0456,Olivia Davis,Returning,Premium Wash,Facebook,Charlotte,Port Charlotte,70,82,0,82,129,Cash,SUMMER10,3
1575,2025-03-03 00:00:00,CUST0728,John Johnson ,Returning,Full Detail,youtube,Sarasota,North Port,150,152,10,162,135,CARD,SUMMER10,
1576,2025-05-25 00:00:00,CUST0458,EMMA BROWN,Returning,Premium Wash,social,Sarasota,Venice,70,68,20,88,52,Card,,5
1577,2025-08-04 00:00:00,CUST0629,ALEX JOHNSON,Returning,Interior Detail,FB,Charlotte,Punta Gorda,90,101,0,101,129,Venmo,,4
1578,2025-01-03 00:00:00,CUST0862, John Martinez,Returning,Basic Wash,referral,Sarasota,Sarasota,40,42,5,47,99,Venmo,NEWCUSTOMER,4
1579,2025-06-09 00:00:00,CUST0679,Mary  Garcia,Returning,Ceramic Coating,referral,Sarasota,North Port,350,$350.00,20,370,96,Cash App,,5
1580,2025-08-15 00:00:00,CUST0762,lewis smith,Returning,Full Detail,instagram,Sarasota,Venice,150,165,0,165,169,Cash,,
1581,2025-09-26 00:00:00,CUST0534,ava davis,New,Ceramic Coating,TikTok,Sarasota,Venice,350,380,0,380,33,Venmo,,
1582,2025-04-30 00:00:00,CUST1200,Emma Brown ,Returning,Interior Detail,Insta,Charlotte,Punta Gorda,90,92,10,102,151,Card,VIP ,4
1583,2025-03-30 00:00:00,CUST0603,EMMA MILLER,New,Interior Detail,Insta,Sarasota,Sarasota,90,90,0,90,77,Cash,,
1584,11/25/2025,CUST0950, Liam Brown,New,Interior Detail,Insta,Sarasota,North Port,90,99,15,114,88,cash ,,
1585,2025-03-09 00:00:00,CUST0242,Alex  Smith,Returning,Interior Detail,Word of Mouth,Sarasota,North Port,90,90,10,100,158,cash ,,5
1586,2025-12-23 00:00:00,CUST0964,JOHN WILSON,New,Premium Wash,Insta,Sarasota,Venice,70,77,0,77,62,Cash App,,
1587,2025-04-08 00:00:00,CUST0110,OLIVIA GARCIA,Returning,Interior Detail,tiktok,Charlotte,Port Charlotte,90,88,5,93,127,Card,,4
1588,2025-09-24,CUST1196,Noah Taylor ,New,Interior Detail,TIKTOK,Sarasota,Sarasota,90,101,0,101,145,Cash,,3
1589,2025-04-15 00:00:00,CUST1189, Liam Anderson,Returning,Interior Detail,FB,Charlotte,Punta Gorda,90,$92.00,20,112,135,Cash,SUMMER10,5
1590,2025-11-19 00:00:00,CUST0146, Noah Miller,Returning,Full Detail,FACEBOOK,Sarasota,Sarasota,150,167,0,167.0,95,Card,SUMMER10,4
1591,2025-05-03 00:00:00,CUST0968,lewis wilson,New,Interior Detail,Referred,Sarasota,North Port,90,92,10,102,40,Cash App,,5
1592,2025-01-29 00:00:00,CUST0399,olivia smith,New,Full Detail,social,Sarasota,Venice,150,150,5,155,157,cash ,SUMMER10,5
1593,2025-05-17 00:00:00,CUST1025,Liam Brown,Returning,Premium Wash,referral,Charlotte,Port Charlotte,70,72,0,72,69,Zelle,,5
1594,2025-07-14 00:00:00,CUST0246,SOFIA SMITH,Returning,Full Detail,TIKTOK,Charlotte,Punta Gorda,150,165,15,180,85,Cash App,,5
1595,2025-08-14 00:00:00,CUST0782,mary brown,Returning,Basic Wash,Tik tok,Charlotte,Punta Gorda,40,44,5,49,169,CARD,VIP ,5
1596,11/28/2025,CUST1086,MARY BROWN,Returning,Ceramic Coating,Instagram,Charlotte,Punta Gorda,350,390,10,400,109,Card,,4
1597,2025-06-19 00:00:00,CUST0612, Noah Martinez,Returning,Full Detail,instagram,Sarasota,North Port,150,150,0,150,165,CARD,,5
1598,2025-01-09 00:00:00,CUST0847,Noah  Miller,Returning,Full Detail,referral,Sarasota,Venice,150,152,0,152,80,cash ,,5
1599,2025-02-09 00:00:00,CUST0111,MARY WILSON,New,Ceramic Coating,facebook,Sarasota,Sarasota,350,350,0,350,48,Zelle,,4
1600,2025-01-25 00:00:00,CUST0309,Ava Taylor,Returning,Full Detail,TIKTOK,Charlotte,Punta Gorda,150,150,0,150,63,Cash App,SUMMER10,5
1601,2025-09-18 00:00:00,CUST0282,SOFIA DAVIS,Returning,Ceramic Coating,Insta,Sarasota,North Port,350,380,5,385,108,cash ,NEWCUSTOMER,5
1602,2025-08-14 00:00:00,CUST0411,AVA SMITH,Returning,Basic Wash,Word of Mouth,Sarasota,North Port,40,44,10,54,94,Venmo,VIP ,
1603,2025-05-04 00:00:00,CUST0702,Sofia Davis ,New,Full Detail,Facebook,Sarasota,Sarasota,150,150,10,160.0,176,Card,,4
1604,2025-02-07 00:00:00,CUST0839,ava wilson,Returning,Basic Wash,FACEBOOK,Charlotte,Punta Gorda,40,40,10,50,160,CARD,,3
1605,2025-11-24 00:00:00,CUST1167,MARY MARTINEZ,Returning,Premium Wash,referral,Charlotte,Punta Gorda,70,77,0,77,149,Cash App,NEWCUSTOMER,5
1606,2025-09-08 00:00:00,CUST0938,Liam  Anderson,Returning,Ceramic Coating,Referral,Sarasota,Sarasota,350,385,5,390,160,Zelle,VIP ,4
1607,2025-06-25 00:00:00,CUST0294,Sofia Miller ,Returning,Ceramic Coating,tiktok,Charlotte,Punta Gorda,350,$350.00,15,365,152,CARD,,4
1608,2025-03-31 00:00:00,CUST0648,Liam  Wilson,New,Ceramic Coating,youtube,Charlotte,Port Charlotte,350,350,20,370,97,Cash App,SUMMER10,4
1609,2025-02-06 00:00:00,CUST0370,JOHN BROWN,New,Interior Detail,,Charlotte,Port Charlotte,90,90,5,95,94,Cash,,
1610,2025-11-12 00:00:00,CUST0166,AVA GARCIA,Returning,Ceramic Coating,FB,Sarasota,North Port,350,385,0,385,110,Cash,,
1611,2025-06-25 00:00:00,CUST0999,Liam Martinez ,New,Premium Wash,Insta,Sarasota,Sarasota,70,72,0,72,85,Zelle,,
1612,2025-10-11 00:00:00,CUST0682,John Garcia,Returning,Basic Wash,Insta,Sarasota,North Port,40,44,10,54,86,CARD,,5
1613,2025-03-22 00:00:00,CUST0363,Olivia Taylor ,New,Full Detail,FACEBOOK,Charlotte,Port Charlotte,150,150,0,150,162,Card,,3
1614,2025-04-24 00:00:00,CUST0642,alex wilson,Returning,Full Detail,Tik tok,Charlotte,Port Charlotte,150,155,0,155,39,Venmo,NEWCUSTOMER,5
1615,2025-02-09 00:00:00,CUST0119,Olivia Davis,Returning,Basic Wash,Facebook,Charlotte,Punta Gorda,40,35,0,35,35,cash ,NEWCUSTOMER,
1616,2025-10-28 00:00:00,CUST0010,Sofia Miller,Returning,Ceramic Coating,Instagram ,Charlotte,Punta Gorda,350,390,0,390,150,cash ,,3
1617,08/12/2025,CUST0926,Alex Davis,Returning,Interior Detail,Youtube,Charlotte,Port Charlotte,90,94,20,114,118,Card,SUMMER10,
1618,2025-11-14 00:00:00,CUST0561,noah johnson,New,Premium Wash,Referral,Sarasota,North Port,70,79,0,79,76,Zelle,,
1619,2025-12-15 00:00:00,CUST0429,OLIVIA SMITH,New,Premium Wash,TikTok,Charlotte,Punta Gorda,70,$75.00,10,85,157,Cash App,NEWCUSTOMER,3
1620,2025-04-25 00:00:00,CUST0346,Olivia Smith ,New,Basic Wash,youtube,Sarasota,Sarasota,40,35,5,40,139,Zelle,,5
1621,2025-07-05 00:00:00,CUST1181,Noah  Martinez,Returning,Interior Detail,TIKTOK,Charlotte,Punta Gorda,90,101,10,111,119,CARD,VIP ,5
1622,2025-11-19 00:00:00,CUST0325,noah garcia,New,Basic Wash,FACEBOOK,Sarasota,Sarasota,40,44,15,59,171,Cash App,,5
1623,2025-02-25 00:00:00,CUST1003,Ava Miller,Returning,Ceramic Coating,social,Charlotte,Punta Gorda,350,$352.00,5,357,176,Card,,
1624,2025-02-09,CUST0181,emma brown,New,Ceramic Coating,Tik tok,Sarasota,North Port,350,352,0,352,43,Venmo,VIP ,
1625,2025-12-20 00:00:00,CUST0266,John Miller,New,Premium Wash,FACEBOOK,Sarasota,Venice,70,77,5,82,132,cash ,NEWCUSTOMER,4
1626,2025-02-09 00:00:00,CUST0889,ava martinez,Returning,Premium Wash,Youtube,Sarasota,North Port,70,65,0,65.0,60,Cash,NEWCUSTOMER,
1627,2025-12-13 00:00:00,CUST0880,Liam  Johnson,Returning,Full Detail,Facebook,Charlotte,Punta Gorda,150,167,0,167,62,Cash,NEWCUSTOMER,4
1628,2025-08-25 00:00:00,CUST0827,LIAM BROWN,Returning,Full Detail,Insta,Charlotte,Port Charlotte,150,165,0,165,144,Venmo,VIP ,3
1629,2025-10-16 00:00:00,CUST0879,ALEX TAYLOR,New,Premium Wash,referral,Sarasota,North Port,70,79,10,89,65,Venmo,,4
1630,2025-09-19 00:00:00,CUST0978, Liam Johnson,New,Interior Detail,TikTok,Charlotte,Punta Gorda,90,99,0,99,40,cash ,VIP ,5
1631,2025-08-04 00:00:00,CUST0786,Lewis  Taylor,Returning,Basic Wash,Insta,Charlotte,Port Charlotte,40,49,15,64,105,Cash,VIP ,3
1632,2025-05-27 00:00:00,CUST0010,EMMA MARTINEZ,Returning,Interior Detail,instagram,Charlotte,Punta Gorda,90,85,10,95,143,Zelle,VIP ,3
1633,2025-12-02 00:00:00,CUST0078,Olivia  Wilson,Returning,Premium Wash,referral,Sarasota,North Port,70,77,5,82,142,cash ,SUMMER10,4
1634,2025-06-17 00:00:00,CUST1094, Ava Wilson,New,Interior Detail,FACEBOOK,Charlotte,Punta Gorda,90,95,0,95,180,Cash,,4
1635,2025-04-02 00:00:00,CUST0409,Alex  Miller,Returning,Full Detail,Word of Mouth,Sarasota,Sarasota,150,150,10,160,57,Zelle,,4
1636,2025-12-19 00:00:00,CUST0765,JOHN DAVIS,Returning,Full Detail,TIKTOK,Charlotte,Punta Gorda,150,165,5,170,144,Cash,,3
1637,2025-02-28 00:00:00,CUST0029,Olivia Smith,Returning,Interior Detail,Insta,Sarasota,Venice,90,85,5,90,81,CARD,,5
1638,2025-02-28 00:00:00,CUST0660,SOFIA MILLER,Returning,Full Detail,Referred,Sarasota,North Port,150,148,10,158,61,Venmo,VIP ,3
1639,2025-10-31 00:00:00,CUST1088,Liam  Davis,New,Interior Detail,Instagram,Charlotte,Port Charlotte,90,104,0,104,178,Cash,,5
1640,2025-06-18 00:00:00,CUST0391, Noah Smith,Returning,Ceramic Coating,Word of Mouth,Sarasota,North Port,350,348,10,358,87,Cash App,,3
1641,2025-09-26 00:00:00,CUST0037, Liam Miller,New,Basic Wash,Referred,Sarasota,Venice,40,39,5,44,38,Cash,,4
1642,2025-12-29 00:00:00,CUST0009,ava smith,New,Premium Wash,referral,Charlotte,Punta Gorda,70,79,0,79,140,Cash,VIP ,4
1643,2025-02-14 00:00:00,CUST0510,Mary Davis ,New,Ceramic Coating,referral,Charlotte,Port Charlotte,350,350,10,360,102,cash ,SUMMER10,3
1644,2025-12-11 00:00:00,CUST0464,Noah Garcia ,Returning,Premium Wash,,Sarasota,North Port,70,77,20,97,77,CARD,,4
1645,2025-06-30 00:00:00,CUST0706,Olivia  Taylor,Returning,Full Detail,Youtube,Sarasota,Venice,150,152,10,162,141,CARD,NEWCUSTOMER,5
1646,2025-06-19 00:00:00,CUST0640,noah taylor,New,Ceramic Coating,Tik tok,Charlotte,Punta Gorda,350,350,5,355,52,Venmo,NEWCUSTOMER,4
1647,2025-12-22 00:00:00,CUST0265,Noah Taylor,New,Ceramic Coating,instagram,Charlotte,Port Charlotte,350,385,0,385,32,Venmo,NEWCUSTOMER,
1648,2025-07-10 00:00:00,CUST0211,ava brown,Returning,Basic Wash,YouTube,Sarasota,Venice,40,49,0,49,167,Cash App,VIP ,5
1649,2025-06-04 00:00:00,CUST0786,Lewis Smith ,Returning,Premium Wash,Instagram ,Charlotte,Port Charlotte,70,68,20,88,154,Cash App,VIP ,3
1650,2025-07-07 00:00:00,CUST1031,Noah  Martinez,New,Basic Wash,TIKTOK,Sarasota,North Port,40,44,5,49,114,Venmo,SUMMER10,3
1651,2025-01-07 00:00:00,CUST0627,Alex  Davis,New,Basic Wash,Referral,Sarasota,Venice,40,40,0,40,116,Cash App,SUMMER10,
1652,2025-05-13 00:00:00,CUST0343,noah martinez,Returning,Basic Wash,YOUTUBE ,Charlotte,Punta Gorda,40,$40.00,0,40,135,CARD,,4
1653,2025-08-23 00:00:00,CUST0134,Mary Taylor,New,Interior Detail,TikTok,Sarasota,North Port,90,97,0,97.0,42,Zelle,NEWCUSTOMER,4
1654,2025-02-14 00:00:00,CUST0094,sofia brown,Returning,Basic Wash,Referred,Charlotte,Port Charlotte,40,42,20,62,52,Cash App,NEWCUSTOMER,4
1655,2025-11-10 00:00:00,CUST0611,Mary Smith ,New,Interior Detail,TikTok,Sarasota,North Port,90,97,0,97,83,Cash,VIP ,3
1656,2025-09-06 00:00:00,CUST0596,Lewis Taylor ,New,Ceramic Coating,,Sarasota,North Port,350,385,10,395,119,CARD,NEWCUSTOMER,
1657,2025-01-31 00:00:00,CUST0934,Liam Miller,Returning,Basic Wash,Tik tok,Sarasota,Sarasota,40,35,0,35,104,CARD,,4
1658,2025-01-23 00:00:00,CUST1066,AVA WILSON,New,Premium Wash,FB,Sarasota,North Port,70,68,10,78,57,CARD,,3
1659,2025-06-09 00:00:00,CUST1074,Noah Davis ,Returning,Full Detail,TIKTOK,Sarasota,Sarasota,150,150,0,150,93,CARD,SUMMER10,5
1660,2025-12-29 00:00:00,CUST0692,Emma Brown ,Returning,Premium Wash,Tik tok,Charlotte,Punta Gorda,70,77,5,82,146,cash ,,4
1661,2025-06-07 00:00:00,CUST0889,Noah Anderson ,Returning,Basic Wash,YouTube,Sarasota,North Port,40,35,20,55,121,Cash,SUMMER10,
1662,2025-02-08 00:00:00,CUST0275, Emma Miller,Returning,Full Detail,Tik tok,Charlotte,Punta Gorda,150,155,0,155.0,81,Venmo,,5
1663,2025-03-23 00:00:00,CUST0702,OLIVIA TAYLOR,Returning,Basic Wash,facebook,Sarasota,Sarasota,40,40,10,50,114,Card,,5
1664,2025-12-22 00:00:00,CUST1004,ALEX SMITH,New,Interior Detail,Insta,Charlotte,Port Charlotte,90,104,15,119,58,Cash,VIP ,5
1665,09/15/2025,CUST0736,sofia davis,Returning,Interior Detail,instagram,Charlotte,Port Charlotte,90,99,20,119,123,Venmo,,5
1665,09/15/2025,CUST0736,sofia davis,Returning,Interior Detail,instagram,Charlotte,Port Charlotte,90,99,20,119,123,Venmo,,5
1666,2025-07-25 00:00:00,CUST0386,Olivia  Smith,Returning,Basic Wash,youtube,Sarasota,Sarasota,40,44,0,44,97,Cash App,,4
1667,2025-03-18 00:00:00,CUST0338,Ava Wilson,Returning,Premium Wash,FB,Sarasota,Sarasota,70,72,0,72,87,cash ,VIP ,
1668,2025-01-12 00:00:00,CUST0827,Sofia  Smith,Returning,Full Detail,Instagram,Charlotte,Port Charlotte,150,155,20,175,90,Cash,,3
1669,2025-10-22 00:00:00,CUST0040,Lewis Wilson,Returning,Basic Wash,TIKTOK,Sarasota,North Port,40,44,0,44,180,Zelle,NEWCUSTOMER,4
1670,2025-08-12 00:00:00,CUST0468,Emma Wilson,Returning,Premium Wash,,Sarasota,Sarasota,70,82,15,97,115,Cash App,SUMMER10,5
1671,2025-01-13 00:00:00,CUST0460,Alex Wilson,Returning,Full Detail,TikTok,Sarasota,Sarasota,150,152,10,162,112,Zelle,VIP ,5
1672,2025-02-15 00:00:00,CUST0269, Mary Smith,New,Basic Wash,Facebook,Sarasota,Sarasota,40,$42.00,-5,57,141,Venmo,,5
1673,2025-06-04 00:00:00,CUST0433, Noah Brown,Returning,Basic Wash,Tik tok,Sarasota,Sarasota,40,35,0,35,80,Cash,,4
1674,2025-04-23 00:00:00,CUST0045,noah anderson,Returning,Basic Wash,YouTube,Sarasota,Sarasota,40,40,10,50,180,Cash,,5
1675,2025-08-21 00:00:00,CUST1034,Noah  Taylor,New,Full Detail,Word of Mouth,Charlotte,Port Charlotte,150,163,15,178,111,Cash,NEWCUSTOMER,4
1676,01/17/2025,CUST0347,liam taylor,Returning,Ceramic Coating,TIKTOK,Charlotte,Port Charlotte,350,355,5,360,147,CARD,,
1677,2025-12-26 00:00:00,CUST0253,Mary  Wilson,Returning,Interior Detail,referral,Sarasota,North Port,90,101,15,116,60,cash ,,5
1678,2025-08-11 00:00:00,CUST0751, Emma Davis,New,Ceramic Coating,youtube,Sarasota,North Port,350,385,15,400,85,Zelle,NEWCUSTOMER,5
1679,2025-12-20 00:00:00,CUST0077,Noah Wilson,Returning,Interior Detail,Word of Mouth,Sarasota,Sarasota,90,99,0,99,177,Zelle,,5
1680,2025-07-07 00:00:00,CUST0769, Emma Davis,Returning,Ceramic Coating,TIKTOK,Charlotte,Port Charlotte,350,385,0,385,172,Card,NEWCUSTOMER,5
1681,2025-12-10 00:00:00,CUST0524, Lewis Wilson,New,Basic Wash,Youtube,Charlotte,Punta Gorda,40,42,15,57,100,Cash,,4
1682,2025-12-31 00:00:00,CUST1096,Sofia Johnson ,New,Ceramic Coating,Youtube,Charlotte,Port Charlotte,350,383,0,383,62,Cash App,SUMMER10,3
1683,2025-06-12 00:00:00,CUST0100,Olivia  Wilson,Returning,Interior Detail,FaceBook ,Sarasota,Sarasota,90,95,5,100,44,cash ,NEWCUSTOMER,4
1684,2025-11-22 00:00:00,CUST0099,EMMA WILSON,Returning,Premium Wash,facebook,Charlotte,Punta Gorda,70,79,0,79,49,Cash,NEWCUSTOMER,
1685,2025-03-15 00:00:00,CUST0222,ava garcia,Returning,Full Detail,Insta,Charlotte,Punta Gorda,150,155,10,165,120,Card,NEWCUSTOMER,5
1686,2025-08-21 00:00:00,CUST0041,AVA GARCIA,Returning,Basic Wash,Referred,Sarasota,Venice,40,44,5,49.0,176,Venmo,,5
1687,2025-08-12 00:00:00,CUST0099,Mary Smith,Returning,Premium Wash,FB,Charlotte,Punta Gorda,70,77,15,92,101,Venmo,NEWCUSTOMER,5
1688,2025-11-15 00:00:00,CUST0238,olivia martinez,Returning,Premium Wash,Youtube,Charlotte,Punta Gorda,70,82,0,82,180,Zelle,,4
1689,2025-03-01 00:00:00,CUST0854,Noah  Garcia,Returning,Interior Detail,Tik tok,Sarasota,Sarasota,90,90,20,110,43,Card,SUMMER10,5
1690,2025-12-01 00:00:00,CUST0910,Alex  Brown,Returning,Premium Wash,Instagram,Sarasota,North Port,70,77,10,87,94,Card,NEWCUSTOMER,3
1691,2025-08-10 00:00:00,CUST0779,John Smith ,Returning,Basic Wash,Word of Mouth,Charlotte,Port Charlotte,40,46,5,51,117,Cash,,4
1692,2025-02-06 00:00:00,CUST0254,Mary Brown,Returning,Interior Detail,instagram,Sarasota,Venice,90,88,5,93,49,Card,,
1693,2025-10-05 00:00:00,CUST1121,Sofia  Miller,Returning,Basic Wash,youtube,Sarasota,Venice,40,46,5,51.0,115,Card,SUMMER10,5
1694,2025-07-15 00:00:00,CUST0518,Olivia Taylor,Returning,Full Detail,Insta,Charlotte,Port Charlotte,150,170,15,185,111,Cash App,,5
1695,2025-12-18 00:00:00,CUST0972,mary garcia,Returning,Basic Wash,social,Charlotte,Port Charlotte,40,46,20,66,59,Zelle,NEWCUSTOMER,
1696,2025-08-30 00:00:00,CUST0314,mary garcia,New,Full Detail,youtube,Charlotte,Port Charlotte,150,167,0,167,178,cash ,,3
1697,2025-11-20 00:00:00,CUST0421, Lewis Davis,Returning,Basic Wash,referral,Sarasota,Sarasota,40,46,20,66,159,Zelle,NEWCUSTOMER,4
1698,2025-08-07 00:00:00,CUST0020,Emma Taylor,Returning,Premium Wash,Instagram,Sarasota,North Port,70,82,10,92,128,cash ,,
1699,2025-07-11 00:00:00,CUST0617, Sofia Smith,Returning,Ceramic Coating,YouTube,Sarasota,Sarasota,350,390,0,390,36,CARD,,5
1700,2025-01-17 00:00:00,CUST0862,lewis davis,Returning,Basic Wash,Referred,Sarasota,Sarasota,40,45,0,45,62,cash ,SUMMER10,
1701,2025-01-12 00:00:00,CUST0207,John Wilson ,Returning,Premium Wash,Insta,Charlotte,Port Charlotte,70,68,10,78,167,cash ,,4
1702,2025-07-12 00:00:00,CUST1066,Olivia Garcia,Returning,Full Detail,FB,Sarasota,North Port,150,170,20,190,139,Zelle,VIP ,4
1703,2025-01-22 00:00:00,CUST0553,John Martinez,Returning,Basic Wash,tiktok,Sarasota,North Port,40,35,0,35,91,Cash,VIP ,
1704,2025-04-30 00:00:00,CUST0281,Lewis Johnson ,Returning,Interior Detail,Youtube,Charlotte,Port Charlotte,90,90,10,100,76,Cash App,VIP ,4
1705,2025-07-29 00:00:00,CUST0858,Sofia  Anderson,Returning,Ceramic Coating,FACEBOOK,Sarasota,Venice,350,387,20,407,111,Cash,NEWCUSTOMER,5
1706,2025-11-02 00:00:00,CUST0215,OLIVIA SMITH,Returning,Ceramic Coating,Instagram ,Sarasota,North Port,350,390,15,405,139,Card,VIP ,5
1707,2025-09-27 00:00:00,CUST1048,Ava  Brown,Returning,Basic Wash,Youtube,Charlotte,Punta Gorda,40,39,20,59,139,Cash,VIP ,3
1708,2025-07-11 00:00:00,CUST0242,LIAM ANDERSON,Returning,Full Detail,Referral,Sarasota,North Port,150,165,0,165,125,Zelle,,
1709,2025-06-24 00:00:00,CUST0579,EMMA TAYLOR,Returning,Premium Wash,YOUTUBE ,Charlotte,Punta Gorda,70,65,15,80,90,Cash,NEWCUSTOMER,5
1710,2025-10-12 00:00:00,CUST0234, John Martinez,Returning,Interior Detail,youtube,Sarasota,Sarasota,90,94,0,94,80,Cash,,
1711,2025-07-23 00:00:00,CUST0218,Emma  Johnson,New,Basic Wash,,Sarasota,Sarasota,40,46,10,56,135,Card,SUMMER10,4
1712,2025-06-13 00:00:00,CUST1020,ALEX MILLER,New,Basic Wash,tiktok,Sarasota,Sarasota,40,40,10,50,90,Card,SUMMER10,5
1713,2025-09-08 00:00:00,CUST0407,Liam Johnson ,New,Premium Wash,instagram,Charlotte,Port Charlotte,70,75,0,75,169,Cash,NEWCUSTOMER,5
1714,2025-08-15 00:00:00,CUST0410,Emma Taylor ,Returning,Premium Wash,facebook,Sarasota,Venice,70,72,0,72,48,Card,SUMMER10,4
1715,2025-01-07 00:00:00,CUST0539,John  Davis,Returning,Ceramic Coating,TikTok,Sarasota,Venice,350,352,0,352,133,Venmo,,5
1716,2025-01-29 00:00:00,CUST1072,Emma  Johnson,Returning,Premium Wash,Referral,Charlotte,Port Charlotte,70,75,5,80,136,Cash,,3
1717,2025-02-02 00:00:00,CUST0414,Olivia Anderson ,Returning,Full Detail,tiktok,Charlotte,Punta Gorda,150,145,20,165,138,Cash App,VIP ,3
1717,2025-02-02 00:00:00,CUST0414,Olivia Anderson ,Returning,Full Detail,tiktok,Charlotte,Punta Gorda,150,145,20,165,138,Cash App,VIP ,3
1718,2025-05-14 00:00:00,CUST0734,olivia garcia,Returning,Basic Wash,referral,Sarasota,North Port,40,40,20,60.0,78,Cash App,,4
1719,2025-03-20 00:00:00,CUST0840,Mary Miller,Returning,Basic Wash,FaceBook ,Sarasota,North Port,40,35,20,55,33,Card,,4
1720,2025-02-27 00:00:00,CUST0605,noah wilson,Returning,Premium Wash,FACEBOOK,Charlotte,Port Charlotte,70,75,15,90,89,Cash App,,4
1721,2025-01-26 00:00:00,CUST0329,Olivia Martinez,New,Ceramic Coating,Word of Mouth,Sarasota,Venice,350,350,10,360,155,Card,NEWCUSTOMER,4
1722,2025-08-14 00:00:00,CUST0081,SOFIA SMITH,Returning,Premium Wash,YOUTUBE ,Sarasota,Venice,70,72,15,87,101,CARD,,4
1723,2025-10-12 00:00:00,CUST1123, John Wilson,New,Premium Wash,Word of Mouth,Sarasota,Venice,70,77,15,92.0,59,Cash App,SUMMER10,3
1724,2025-01-04 00:00:00,CUST1017,liam martinez,Returning,Ceramic Coating,youtube,Charlotte,Punta Gorda,350,$350.00,15,365,79,Cash App,SUMMER10,5
1725,2025-04-09 00:00:00,CUST0426,john davis,Returning,Basic Wash,FaceBook ,Charlotte,Punta Gorda,40,45,5,50.0,174,Zelle,,4
1726,2025-02-08 00:00:00,CUST0985,Alex  Smith,New,Premium Wash,youtube,Sarasota,Venice,70,70,20,90,173,CARD,,4
1727,2025-09-28 00:00:00,CUST0678, Liam Anderson,Returning,Full Detail,Referral,Charlotte,Punta Gorda,150,167,10,177,135,Venmo,NEWCUSTOMER,4
1728,2025-10-12 00:00:00,CUST0481,John Garcia,New,Basic Wash,TikTok,Sarasota,Sarasota,40,44,20,64,65,Venmo,NEWCUSTOMER,
1729,2025-06-06 00:00:00,CUST0006, John Garcia,Returning,Full Detail,tiktok,Sarasota,Sarasota,150,152,5,157,33,cash ,SUMMER10,5
1730,2025-03-16 00:00:00,CUST0027,Noah Wilson,New,Basic Wash,,Charlotte,Punta Gorda,40,45,15,60,96,Cash,,3
1731,2025-10-15 00:00:00,CUST0183,olivia miller,Returning,Interior Detail,TikTok,Sarasota,North Port,90,104,0,104,105,CARD,SUMMER10,5
1732,2025-05-10 00:00:00,CUST0227,Liam Johnson ,New,Premium Wash,Referral,Sarasota,Venice,70,75,5,80,44,cash ,NEWCUSTOMER,5
1733,2025-06-24 00:00:00,CUST1176,Sofia Smith,Returning,Basic Wash,FaceBook ,Sarasota,Venice,40,40,0,40,165,Zelle,SUMMER10,5
1734,2025-03-25 00:00:00,CUST1012,Emma Taylor,New,Basic Wash,tiktok,Sarasota,Venice,40,42,0,42,61,Venmo,SUMMER10,4
1735,2025-01-22 00:00:00,CUST0306,sofia davis,Returning,Full Detail,FaceBook ,Charlotte,Port Charlotte,150,150,20,170,37,CARD,,4
1736,2025-01-27 00:00:00,CUST0185,Mary  Miller,Returning,Premium Wash,YouTube,Sarasota,Venice,70,$65.00,0,65.0,127,cash ,VIP ,4
1737,2025-07-14 00:00:00,CUST1048,SOFIA ANDERSON,Returning,Full Detail,Youtube,Charlotte,Punta Gorda,150,165,20,185,92,Cash App,,4
1738,2025-12-03 00:00:00,CUST0154,MARY ANDERSON,Returning,Interior Detail,Referred,Charlotte,Punta Gorda,90,104,10,114,66,Venmo,,
1739,2025-08-24 00:00:00,CUST0208,Ava Garcia,Returning,Basic Wash,Insta,Charlotte,Port Charlotte,40,46,5,51,57,Card,,3
1740,2025-04-02 00:00:00,CUST0525,JOHN WILSON,New,Premium Wash,tiktok,Sarasota,Sarasota,70,72,0,72,162,Cash,SUMMER10,4
1741,2025-01-21 00:00:00,CUST0474,Olivia Wilson ,Returning,Interior Detail,Insta,Sarasota,Venice,90,88,0,88,121,cash ,,4
1742,2025-10-30 00:00:00,CUST0936,liam anderson,Returning,Basic Wash,Facebook,Sarasota,North Port,40,44,10,54,32,cash ,,3
1743,12/23/2025,CUST0607,John Taylor,New,Ceramic Coating,referral,Charlotte,Port Charlotte,350,$385.00,20,405,104,Card,,4
1744,2025-03-25 00:00:00,CUST0541,ava miller,Returning,Basic Wash,Tik tok,Charlotte,Punta Gorda,40,35,0,35,141,Venmo,VIP ,3
1745,2025-09-19 00:00:00,CUST0951,noah smith,Returning,Full Detail,YouTube,Charlotte,Port Charlotte,150,165,0,165,81,Card,,
1746,2025-05-27 00:00:00,CUST0103,Emma  Brown,New,Interior Detail,Insta,Sarasota,North Port,90,88,15,103,147,Card,SUMMER10,3
1747,2025-09-14 00:00:00,CUST0205,Emma  Wilson,New,Ceramic Coating,tiktok,Sarasota,Venice,350,390,20,410,120,Zelle,,3
1748,2025-02-27 00:00:00,CUST0358,Alex  Brown,Returning,Full Detail,TIKTOK,Sarasota,Venice,150,155,15,170,57,CARD,,5
1749,2025-01-15 00:00:00,CUST0081,John  Garcia,Returning,Interior Detail,YOUTUBE ,Sarasota,Venice,90,95,20,115,37,cash ,,4
1750,2025-06-11 00:00:00,CUST0596,Ava Brown,Returning,Basic Wash,Referred,Sarasota,North Port,40,38,15,53,63,cash ,VIP ,
1751,2025-06-12 00:00:00,CUST0738, Alex Miller,Returning,Full Detail,instagram,Sarasota,North Port,150,150,10,160,155,Card,,4
1752,2025-11-16 00:00:00,CUST0641,Ava Brown,Returning,Full Detail,instagram,Sarasota,Sarasota,150,$167.00,15,182,85,Venmo,,4
1753,2025-10-08 00:00:00,CUST0873,Emma Miller ,New,Ceramic Coating,,Charlotte,Port Charlotte,350,385,20,405,175,Cash,,4
1754,2025-10-07 00:00:00,CUST0238,Ava Martinez,Returning,Basic Wash,Youtube,Charlotte,Punta Gorda,40,46,0,46,146,cash ,NEWCUSTOMER,5
1755,2025-01-12 00:00:00,CUST0195,John  Brown,Returning,Interior Detail,instagram,Sarasota,North Port,90,85,15,100,109,Cash App,SUMMER10,4
1756,2025-10-01 00:00:00,CUST0094, Alex Smith,Returning,Basic Wash,Referral,Charlotte,Port Charlotte,40,46,10,56,45,Cash App,VIP ,5
1757,2025-09-28 00:00:00,CUST0020,john brown,Returning,Premium Wash,instagram,Sarasota,North Port,70,79,15,94,112,Card,,4
1758,2025-07-27 00:00:00,CUST0284, Sofia Smith,New,Interior Detail,YOUTUBE ,Sarasota,North Port,90,99,0,99.0,37,Zelle,NEWCUSTOMER,5
1758,2025-07-27 00:00:00,CUST0284, Sofia Smith,New,Interior Detail,YOUTUBE ,Sarasota,North Port,90,99,0,99.0,37,Zelle,NEWCUSTOMER,5
1759,2025-01-27 00:00:00,CUST0350,Liam Anderson ,Returning,Basic Wash,facebook,Charlotte,Port Charlotte,40,38,0,38,36,cash ,VIP ,4
1759,2025-01-27 00:00:00,CUST0350,Liam Anderson ,Returning,Basic Wash,facebook,Charlotte,Port Charlotte,40,38,0,38,36,cash ,VIP ,4
1760,2025-03-13 00:00:00,CUST0674,Lewis Taylor ,New,Ceramic Coating,Insta,Sarasota,Sarasota,350,345,5,350,107,Card,,5
1761,2025-03-01 00:00:00,CUST0733,SOFIA ANDERSON,Returning,Basic Wash,FB,Charlotte,Punta Gorda,40,$40.00,0,40,64,Venmo,VIP ,4
1762,2025-05-25 00:00:00,CUST0897,Mary  Davis,New,Premium Wash,tiktok,Charlotte,Port Charlotte,70,70,15,85,81,Venmo,SUMMER10,4
1763,2025-04-03 00:00:00,CUST0550,Mary Johnson,Returning,Ceramic Coating,Insta,Charlotte,Port Charlotte,350,350,5,355,144,cash ,VIP ,3
1764,2025-11-05 00:00:00,CUST0191,Sofia Wilson ,Returning,Ceramic Coating,referral,Sarasota,Sarasota,350,385,15,400,167,Cash,,4
1765,2025-01-08 00:00:00,CUST0764,Lewis Wilson,Returning,Interior Detail,referral,Charlotte,Punta Gorda,90,88,15,103,142,CARD,,5
1766,2025-03-20 00:00:00,CUST0702,Sofia Brown ,Returning,Premium Wash,FB,Sarasota,Sarasota,70,70,0,70,180,Card,,5
1767,2025-01-27 00:00:00,CUST0375,LIAM TAYLOR,Returning,Basic Wash,Youtube,Sarasota,Venice,40,35,5,40,171,Venmo,NEWCUSTOMER,4
1767,2025-01-27 00:00:00,CUST0375,LIAM TAYLOR,Returning,Basic Wash,Youtube,Sarasota,Venice,40,35,5,40,171,Venmo,NEWCUSTOMER,4
1768,2025-06-23 00:00:00,CUST0234,Ava  Smith,Returning,Interior Detail,YouTube,Sarasota,Sarasota,90,90,0,90,167,Card,,4
1769,2025-02-19 00:00:00,CUST0821, Liam Garcia,Returning,Premium Wash,instagram,Sarasota,North Port,70,72,5,77,161,Cash App,NEWCUSTOMER,4
1770,2025-07-18,CUST0820,mary garcia,New,Basic Wash,Word of Mouth,Charlotte,Punta Gorda,40,39,5,44,157,Card,SUMMER10,4
1771,2025-12-15 00:00:00,CUST0935, Noah Miller,Returning,Premium Wash,facebook,Sarasota,Sarasota,70,77,10,87,173,Cash App,SUMMER10,5
1772,2025-06-30 00:00:00,CUST0557,mary anderson,Returning,Interior Detail,facebook,Charlotte,Port Charlotte,90,90,10,100,158,CARD,NEWCUSTOMER,4
1773,2025-01-24 00:00:00,CUST0790,Noah  Miller,New,Ceramic Coating,Facebook,Charlotte,Port Charlotte,350,352,10,362,158,CARD,VIP ,5
1774,2025-11-12 00:00:00,CUST0980,olivia johnson,New,Basic Wash,referral,Charlotte,Punta Gorda,40,$44.00,0,44,174,Venmo,,5
1775,2025-02-15 00:00:00,CUST0864,Olivia Davis ,New,Basic Wash,YOUTUBE ,Sarasota,Venice,40,40,0,40,98,Cash,,
1776,2025-01-15 00:00:00,CUST0342,OLIVIA DAVIS,Returning,Interior Detail,Referred,Sarasota,Sarasota,90,90,10,100,132,Venmo,SUMMER10,
1777,2025-06-02 00:00:00,CUST0232,Emma Brown,Returning,Premium Wash,tiktok,Sarasota,Sarasota,70,72,5,77,141,cash ,,4
1778,2025-08-10 00:00:00,CUST0272,Alex Brown,Returning,Full Detail,referral,Charlotte,Punta Gorda,150,165,20,185,106,cash ,,4
1779,2025-07-25 00:00:00,CUST0121,noah wilson,Returning,Ceramic Coating,TIKTOK,Sarasota,Venice,350,385,0,385,100,CARD,SUMMER10,5
1780,2025-09-30 00:00:00,CUST0327,Sofia Smith,Returning,Basic Wash,FACEBOOK,Sarasota,Venice,40,46,15,61,78,Cash,,5
1781,2025-08-24 00:00:00,CUST0213, Emma Brown,Returning,Interior Detail,FaceBook ,Charlotte,Port Charlotte,90,99,20,119,64,cash ,,4
1782,2025-12-06 00:00:00,CUST0853,Sofia Anderson ,Returning,Interior Detail,Youtube,Sarasota,Venice,90,94,15,109,145,Cash App,,3
1783,2025-08-16 00:00:00,CUST0989,Liam  Davis,Returning,Ceramic Coating,instagram,Sarasota,North Port,350,390,5,395,177,CARD,,
1784,2025-01-09 00:00:00,CUST1166,Lewis Wilson ,New,Full Detail,YouTube,Sarasota,North Port,150,148,10,158,97,Cash App,,3
1785,2025-06-15 00:00:00,CUST0898,Olivia  Taylor,Returning,Full Detail,,Sarasota,Venice,150,$152.00,0,152,147,Venmo,NEWCUSTOMER,4
1786,2025-11-15 00:00:00,CUST0372,Emma Brown,New,Basic Wash,FaceBook ,Charlotte,Port Charlotte,40,46,20,66,44,Card,NEWCUSTOMER,3
1787,08/02/2025,CUST0778,Lewis  Davis,Returning,Interior Detail,Referral,Charlotte,Punta Gorda,90,99,0,99,127,Card,,4
1788,2025-04-27 00:00:00,CUST0735,alex davis,Returning,Ceramic Coating,Instagram,Charlotte,Port Charlotte,350,348,0,348,103,CARD,,
1789,2025-12-10 00:00:00,CUST0060, Alex Garcia,Returning,Basic Wash,tiktok,Charlotte,Punta Gorda,40,49,0,49,100,CARD,,5
1790,2025-03-13 00:00:00,CUST0268,Ava Taylor ,Returning,Premium Wash,instagram,Charlotte,Punta Gorda,70,$72.00,15,87,43,Cash,,
1791,2025-03-05 00:00:00,CUST0990,Sofia Brown ,Returning,Ceramic Coating,Facebook,Charlotte,Punta Gorda,350,348,20,368,90,cash ,VIP ,4
1792,2025-07-24 00:00:00,CUST1000,Mary Garcia ,Returning,Premium Wash,Instagram ,Sarasota,Sarasota,70,77,5,82,112,Cash,,3
1793,2025-07-28 00:00:00,CUST0232,John Brown,Returning,Ceramic Coating,TIKTOK,Sarasota,Sarasota,350,385,10,395,75,CARD,,
1794,2025-03-13 00:00:00,CUST0843,emma anderson,Returning,Full Detail,instagram,Charlotte,Punta Gorda,150,152,15,167,168,CARD,SUMMER10,
1795,2025-10-04 00:00:00,CUST0903,Mary Brown ,New,Premium Wash,YouTube,Sarasota,North Port,70,77,20,97,58,CARD,NEWCUSTOMER,3
1796,10/01/2025,CUST0095, Noah Martinez,Returning,Basic Wash,Instagram,Sarasota,Venice,40,44,0,44,77,Cash,,5
1797,2025-11-16,CUST0130,Alex  Brown,Returning,Ceramic Coating,FACEBOOK,Charlotte,Port Charlotte,350,385,0,385,180,Venmo,VIP ,4
1798,2025-12-04 00:00:00,CUST0536, Liam Wilson,Returning,Premium Wash,Insta,Sarasota,North Port,70,$77.00,0,77,160,CARD,VIP ,
1798,2025-12-04 00:00:00,CUST0536, Liam Wilson,Returning,Premium Wash,Insta,Sarasota,North Port,70,$77.00,0,77,160,CARD,VIP ,
1799,2025-04-05 00:00:00,CUST0644, Alex Martinez,Returning,Basic Wash,Referral,Sarasota,Sarasota,40,45,0,45,138,Cash App,SUMMER10,
1800,2025-06-15 00:00:00,CUST0026,JOHN MILLER,Returning,Ceramic Coating,Youtube,Charlotte,Punta Gorda,350,355,10,365,109,CARD,SUMMER10,
1801,2025-02-01 00:00:00,CUST1075,NOAH MILLER,Returning,Ceramic Coating,YOUTUBE ,Sarasota,North Port,350,350,5,355,46,Cash,SUMMER10,4
1802,2025-01-11 00:00:00,CUST1181, Ava Martinez,Returning,Full Detail,Tik tok,Charlotte,Punta Gorda,150,$152.00,5,157,128,cash ,,
1803,2025-10-28 00:00:00,CUST1158,LEWIS ANDERSON,Returning,Interior Detail,Word of Mouth,Sarasota,North Port,90,97,15,112,76,Cash App,,4
1804,2025-08-05 00:00:00,CUST0459,olivia brown,Returning,Ceramic Coating,Word of Mouth,Charlotte,Port Charlotte,350,390,20,410,124,cash ,SUMMER10,5
1805,2025-10-16 00:00:00,CUST0693, Alex Brown,Returning,Basic Wash,Word of Mouth,Charlotte,Punta Gorda,40,46,0,46,49,Zelle,,4
1806,2025-04-12 00:00:00,CUST1064,Lewis Taylor ,Returning,Premium Wash,TIKTOK,Sarasota,Venice,70,72,0,72,124,Card,NEWCUSTOMER,5
1807,2025-09-24 00:00:00,CUST1072,Olivia Taylor,Returning,Ceramic Coating,Word of Mouth,Charlotte,Port Charlotte,350,383,10,393,105,Cash,SUMMER10,4
1808,2025-08-02 00:00:00,CUST0196,Sofia Anderson ,Returning,Basic Wash,,Sarasota,Sarasota,40,49,20,69,174,Zelle,,4
1809,2025-06-28 00:00:00,CUST0887, Noah Davis,New,Full Detail,tiktok,Charlotte,Port Charlotte,150,148,10,158,176,Venmo,,5
1810,2025-03-29 00:00:00,CUST0510,lewis wilson,Returning,Full Detail,Referred,Charlotte,Port Charlotte,150,152,10,162,72,Card,VIP ,5
1811,2025-02-10 00:00:00,CUST0987, John Davis,Returning,Interior Detail,Facebook,Sarasota,North Port,90,92,0,92,128,cash ,,3
1812,2025-03-17 00:00:00,CUST0709,Ava Martinez,Returning,Interior Detail,referral,Sarasota,Sarasota,90,90,0,90,95,Zelle,SUMMER10,5
1813,2025-02-15 00:00:00,CUST0789,Sofia Anderson,Returning,Premium Wash,FB,Sarasota,Sarasota,70,75,0,75,90,Cash,SUMMER10,3
1814,2025-06-09 00:00:00,CUST0305,Liam Smith,Returning,Full Detail,Youtube,Charlotte,Port Charlotte,150,150,20,170,93,Venmo,VIP ,3
1815,2025-03-21 00:00:00,CUST1144,mary martinez,Returning,Basic Wash,Referral,Sarasota,Sarasota,40,45,0,45,69,Card,,3
1816,2025-11-06 00:00:00,CUST0112,olivia smith,Returning,Ceramic Coating,Instagram,Charlotte,Port Charlotte,350,387,0,387,75,Card,,5
1817,27-03-2025,CUST0024, Emma Davis,Returning,Basic Wash,instagram,Charlotte,Port Charlotte,40,$45.00,10,55,146,Cash App,VIP ,
1818,2025-04-02 00:00:00,CUST0322,LIAM MILLER,Returning,Interior Detail,YOUTUBE ,Sarasota,Venice,90,88,5,93,74,Card,NEWCUSTOMER,4
1819,2025-05-28 00:00:00,CUST1036,Liam Wilson,Returning,Basic Wash,Referral,Sarasota,North Port,40,40,20,60,44,Card,SUMMER10,
1820,2025-06-10 00:00:00,CUST0962,ava johnson,Returning,Basic Wash,,Sarasota,North Port,40,42,5,47,81,Venmo,,
1821,2025-07-21 00:00:00,CUST1016,alex martinez,Returning,Premium Wash,TIKTOK,Sarasota,Venice,70,77,15,92,49,Cash App,SUMMER10,5
1822,30-08-2025,CUST0339,Sofia Brown ,Returning,Ceramic Coating,Word of Mouth,Sarasota,Venice,350,385,0,385,104,cash ,VIP ,3
1823,2025-12-19 00:00:00,CUST0154,mary martinez,Returning,Premium Wash,social,Charlotte,Punta Gorda,70,79,0,79,31,Zelle,SUMMER10,4
1824,2025-01-02 00:00:00,CUST1007,John  Garcia,Returning,Basic Wash,facebook,Charlotte,Port Charlotte,40,40,0,40,116,Cash,,
1825,2025-08-13 00:00:00,CUST0657,ALEX ANDERSON,Returning,Basic Wash,Referred,Charlotte,Punta Gorda,40,46,15,61,96,cash ,SUMMER10,4
1826,2025-10-16 00:00:00,CUST0494,LEWIS SMITH,Returning,Basic Wash,referral,Sarasota,Venice,40,49,10,59.0,145,Zelle,,4
1827,2025-08-21 00:00:00,CUST0678,Ava Smith,Returning,Premium Wash,Word of Mouth,Charlotte,Punta Gorda,70,82,15,97.0,65,Venmo,VIP ,5
1828,03/18/2025,CUST0570, Mary Taylor,Returning,Full Detail,YouTube,Sarasota,Venice,150,$148.00,15,163,128,Cash,,5
1829,2025-04-26 00:00:00,CUST0104, Noah Garcia,Returning,Basic Wash,Instagram ,Charlotte,Punta Gorda,40,45,10,55,52,CARD,SUMMER10,5
1830,2025-06-03 00:00:00,CUST1039,Lewis  Anderson,Returning,Basic Wash,Referred,Charlotte,Port Charlotte,40,40,5,45,36,Cash,,
1831,2025-04-13 00:00:00,CUST0457,Noah Wilson ,Returning,Interior Detail,Referred,Charlotte,Port Charlotte,90,95,10,105,134,cash ,,
1832,2025-07-13 00:00:00,CUST1128,Olivia Wilson,Returning,Full Detail,YouTube,Charlotte,Port Charlotte,150,165,5,170,108,Card,,5
1833,2025-06-15 00:00:00,CUST0776, Alex Smith,Returning,Full Detail,Youtube,Sarasota,North Port,150,150,5,155,64,CARD,VIP ,5
1834,2025-12-25 00:00:00,CUST0826,ava miller,Returning,Full Detail,,Charlotte,Port Charlotte,150,163,0,163,147,Cash App,VIP ,3
1835,2025-03-31 00:00:00,CUST0482, Sofia Taylor,New,Ceramic Coating,instagram,Charlotte,Punta Gorda,350,352,20,372,132,CARD,SUMMER10,4
1836,2025-06-23 00:00:00,CUST0162,Liam Anderson ,Returning,Interior Detail,Word of Mouth,Charlotte,Punta Gorda,90,88,15,103,91,Cash App,SUMMER10,5
1837,2025-05-02 00:00:00,CUST0941,noah davis,Returning,Basic Wash,youtube,Charlotte,Port Charlotte,40,40,0,40,70,Card,,5
1838,2025-05-23 00:00:00,CUST0910,Liam Anderson ,Returning,Premium Wash,Insta,Sarasota,North Port,70,70,10,80,84,Card,,5
1839,2025-04-16 00:00:00,CUST1174,Mary Johnson ,Returning,Premium Wash,Insta,Sarasota,North Port,70,70,0,70,104,CARD,,5
1840,2025-11-01 00:00:00,CUST0918,LIAM JOHNSON,New,Premium Wash,tiktok,Charlotte,Punta Gorda,70,82,10,92,106,Cash,,5
1841,2025-12-26 00:00:00,CUST0181,OLIVIA BROWN,Returning,Interior Detail,Tik tok,Sarasota,North Port,90,97,15,112,180,cash ,VIP ,3
1842,2025-11-13 00:00:00,CUST1021,EMMA JOHNSON,New,Interior Detail,YouTube,Charlotte,Port Charlotte,90,97,0,97,30,CARD,VIP ,4
1843,2025-05-03 00:00:00,CUST0916,Emma Miller,New,Interior Detail,YouTube,Sarasota,Sarasota,90,90,0,90,172,Cash,VIP ,4
1844,2025-01-09 00:00:00,CUST0648,Mary  Garcia,Returning,Premium Wash,YOUTUBE ,Charlotte,Port Charlotte,70,70,20,90,82,cash ,,5
1845,2025-09-19 00:00:00,CUST0244,Mary Brown,New,Premium Wash,Instagram ,Sarasota,North Port,70,82,5,87.0,144,Zelle,SUMMER10,3
1846,2025-03-14 00:00:00,CUST1019,Alex Martinez,Returning,Interior Detail,YouTube,Sarasota,Venice,90,92,0,92.0,32,Card,VIP ,5
1847,2025-12-25 00:00:00,CUST0037,Sofia Brown,Returning,Ceramic Coating,referral,Sarasota,Venice,350,387,10,397,168,Card,,3
1848,2025-08-11 00:00:00,CUST0211,OLIVIA ANDERSON,Returning,Ceramic Coating,YOUTUBE ,Sarasota,Venice,350,385,15,400,127,Card,,3
1848,2025-08-11 00:00:00,CUST0211,OLIVIA ANDERSON,Returning,Ceramic Coating,YOUTUBE ,Sarasota,Venice,350,385,15,400,127,Card,,3
1849,2025-02-10 00:00:00,CUST0827,Liam Davis,Returning,Premium Wash,Instagram ,Charlotte,Port Charlotte,70,70,0,70,73,Cash App,,
1850,2025-07-23 00:00:00,CUST0845,Sofia  Wilson,Returning,Interior Detail,Instagram ,Sarasota,Venice,90,104,20,124.0,150,Venmo,NEWCUSTOMER,4
1851,2025-09-21 00:00:00,CUST0074,Lewis Johnson,New,Full Detail,social,Sarasota,Venice,150,165,0,165,141,CARD,NEWCUSTOMER,4
1852,2025-11-24 00:00:00,CUST1142,ALEX ANDERSON,Returning,Premium Wash,social,Sarasota,Sarasota,70,77,20,97,141,Venmo,NEWCUSTOMER,5
1853,2025-06-27 00:00:00,CUST1125,Mary Brown,New,Full Detail,Referred,Sarasota,Venice,150,150,10,160,34,Cash,,4
1854,2025-12-14 00:00:00,CUST0001,JOHN ANDERSON,New,Premium Wash,Instagram,Sarasota,Sarasota,70,77,15,92,118,Venmo,NEWCUSTOMER,4
1855,2025-11-14 00:00:00,CUST0187,NOAH MARTINEZ,Returning,Ceramic Coating,Tik tok,Charlotte,Punta Gorda,350,385,10,395,39,cash ,,
1856,2025-03-25 00:00:00,CUST0624,Liam Garcia ,Returning,Basic Wash,facebook,Charlotte,Punta Gorda,40,$38.00,5,43,73,cash ,NEWCUSTOMER,
1857,2025-11-14 00:00:00,CUST1042,emma brown,New,Ceramic Coating,TIKTOK,Sarasota,Venice,350,385,20,405,174,Venmo,NEWCUSTOMER,4
1858,2025-04-21 00:00:00,CUST1152, John Smith,Returning,Ceramic Coating,TIKTOK,Sarasota,North Port,350,350,0,350,98,CARD,,4
1859,2025-09-08 00:00:00,CUST0424,Sofia Taylor ,Returning,Premium Wash,youtube,Sarasota,Sarasota,70,82,5,87,169,cash ,VIP ,5
1860,2025-01-07 00:00:00,CUST0935,noah miller,Returning,Basic Wash,facebook,Sarasota,Sarasota,40,42,0,42,120,CARD,SUMMER10,5
1861,2025-03-25 00:00:00,CUST0699,John Garcia,New,Ceramic Coating,Insta,Sarasota,Venice,350,348,20,368,85,Cash App,NEWCUSTOMER,3
1862,2025-07-27 00:00:00,CUST0745,Mary  Anderson,New,Basic Wash,TIKTOK,Sarasota,North Port,40,46,5,51,125,CARD,,4
1863,2025-11-10 00:00:00,CUST0112,Alex Johnson,Returning,Premium Wash,Instagram,Charlotte,Port Charlotte,70,77,15,92,171,Zelle,,5
1864,2025-01-22 00:00:00,CUST0457,EMMA MARTINEZ,Returning,Full Detail,referral,Charlotte,Port Charlotte,150,150,10,160,146,CARD,NEWCUSTOMER,4
1865,2025-01-03 00:00:00,CUST0931, Alex Davis,New,Interior Detail,Youtube,Charlotte,Punta Gorda,90,95,0,95,58,Card,NEWCUSTOMER,5
1866,2025-05-07 00:00:00,CUST0680,Mary  Garcia,Returning,Basic Wash,instagram,Charlotte,Port Charlotte,40,38,20,58,123,Zelle,,
1867,2025-10-24 00:00:00,CUST1148,Mary  Martinez,New,Basic Wash,FaceBook ,Charlotte,Punta Gorda,40,44,5,49,142,Cash,VIP ,
1868,2025-07-07 00:00:00,CUST0969,Olivia Taylor ,Returning,Ceramic Coating,tiktok,Charlotte,Punta Gorda,350,383,20,403,95,Card,,5
1869,2025-12-28 00:00:00,CUST0745,Sofia Wilson ,Returning,Premium Wash,TikTok,Sarasota,North Port,70,75,15,90,122,Venmo,,3
1870,2025-01-14 00:00:00,CUST0927, Emma Taylor,Returning,Ceramic Coating,Insta,Sarasota,North Port,350,350,10,360,51,Cash,VIP ,
1871,2025-01-12 00:00:00,CUST0234,John Garcia,Returning,Interior Detail,youtube,Sarasota,Sarasota,90,88,15,103,90,CARD,,5
1872,2025-03-28 00:00:00,CUST0200, Olivia Wilson,Returning,Full Detail,tiktok,Charlotte,Punta Gorda,150,145,15,160,47,Cash App,,3
1873,2025-01-12 00:00:00,CUST0455, John Brown,Returning,Full Detail,referral,Sarasota,Sarasota,150,150,20,170,66,Cash App,,4
1874,2025-01-25 00:00:00,CUST0005,Sofia Johnson ,New,Interior Detail,instagram,Charlotte,Punta Gorda,90,$95.00,0,95,138,Cash,,
1875,2025-10-28 00:00:00,CUST0700,Emma  Garcia,New,Interior Detail,facebook,Charlotte,Punta Gorda,90,99,0,99,112,Card,VIP ,4
1876,2025-08-31 00:00:00,CUST0728,Liam Anderson,Returning,Basic Wash,youtube,Sarasota,North Port,40,44,10,54,43,CARD,,4
1877,02-05-2025,CUST0598,SOFIA DAVIS,Returning,Basic Wash,Insta,Charlotte,Port Charlotte,40,42,10,52,91,cash ,VIP ,
1878,2025-05-27 00:00:00,CUST1122, Emma Johnson,New,Full Detail,Insta,Charlotte,Punta Gorda,150,148,0,148,77,Card,,4
1879,2025-02-24 00:00:00,CUST1070, Liam Garcia,New,Interior Detail,Word of Mouth,Sarasota,North Port,90,92,15,107,129,cash ,NEWCUSTOMER,4
1880,2025-08-26 00:00:00,CUST0766,Lewis Miller ,Returning,Interior Detail,Referral,Sarasota,North Port,90,97,20,117,156,Zelle,,5
1881,2025-12-22 00:00:00,CUST0218,John Johnson ,Returning,Full Detail,Youtube,Sarasota,Sarasota,150,165,15,180,133,cash ,,
1882,2025-06-22,CUST0094,john davis,Returning,Ceramic Coating,Referral,Charlotte,Port Charlotte,350,350,0,350,118,Card,,4
1883,09-08-2025,CUST0337,John Garcia,Returning,Premium Wash,tiktok,Charlotte,Port Charlotte,70,79,5,84,163,Venmo,VIP ,5
1884,2025-04-29 00:00:00,CUST1009,Emma  Brown,Returning,Interior Detail,Instagram ,Sarasota,Sarasota,90,95,0,95,127,Cash App,,
1885,2025-11-05 00:00:00,CUST0288, Ava Martinez,Returning,Basic Wash,FB,Sarasota,Venice,40,49,20,69,139,Cash App,SUMMER10,
1886,2025-07-02 00:00:00,CUST0839, Olivia Wilson,Returning,Basic Wash,Facebook,Charlotte,Punta Gorda,40,49,15,64,71,Cash,,5
1887,2025-10-15,CUST0220, Emma Taylor,Returning,Basic Wash,FB,Charlotte,Punta Gorda,40,49,0,49,93,CARD,,4
1888,2025-11-03 00:00:00,CUST0521,Sofia  Johnson,New,Premium Wash,Facebook,Charlotte,Port Charlotte,70,77,0,77,122,Card,,4
1889,2025-10-27 00:00:00,CUST0402,SOFIA SMITH,Returning,Ceramic Coating,YouTube,Charlotte,Port Charlotte,350,$390.00,0,390,117,cash ,NEWCUSTOMER,
1890,2025-03-23 00:00:00,CUST0385, Alex Taylor,Returning,Ceramic Coating,Insta,Sarasota,Venice,350,352,15,367.0,48,Card,NEWCUSTOMER,4
1891,2025-07-30 00:00:00,CUST0248,Noah Johnson ,Returning,Full Detail,Tik tok,Charlotte,Port Charlotte,150,165,0,165,177,Venmo,,5
1892,2025-05-30 00:00:00,CUST0805,ava smith,Returning,Basic Wash,YOUTUBE ,Charlotte,Port Charlotte,40,42,20,62,113,Zelle,,4
1893,2025-02-06 00:00:00,CUST0442, Sofia Anderson,Returning,Full Detail,Referred,Sarasota,North Port,150,150,10,160,134,Venmo,SUMMER10,5
1894,2025-12-18 00:00:00,CUST0937,olivia anderson,Returning,Interior Detail,YouTube,Charlotte,Port Charlotte,90,101,20,121,118,Card,,4
1895,2025-11-08 00:00:00,CUST0391,Alex Wilson,Returning,Basic Wash,Word of Mouth,Sarasota,North Port,40,39,5,44,178,cash ,SUMMER10,5
1896,2025-12-27 00:00:00,CUST0693, Sofia Anderson,Returning,Premium Wash,Word of Mouth,Charlotte,Punta Gorda,70,72,0,72,65,Cash,,5
1897,2025-02-28 00:00:00,CUST0221,lewis anderson,New,Basic Wash,Youtube,Sarasota,Sarasota,40,$38.00,0,38,143,cash ,,4
1898,2025-05-11 00:00:00,CUST0849,Olivia Wilson,Returning,Full Detail,facebook,Charlotte,Port Charlotte,150,150,15,165,79,CARD,,4
1899,2025-07-21 00:00:00,CUST0096,Olivia  Miller,Returning,Interior Detail,facebook,Sarasota,Sarasota,90,99,20,119,170,Cash App,,3
1900,2025-08-31 00:00:00,CUST0253,ALEX MARTINEZ,Returning,Premium Wash,Referral,Sarasota,North Port,70,79,10,89,75,cash ,NEWCUSTOMER,4
1901,2025-02-04 00:00:00,CUST0923,John Smith,Returning,Basic Wash,YOUTUBE ,Charlotte,Port Charlotte,40,40,20,60.0,149,Zelle,VIP ,5
1902,2025-04-03 00:00:00,CUST0937,noah taylor,Returning,Interior Detail,Youtube,Charlotte,Port Charlotte,90,$95.00,5,100,157,Venmo,NEWCUSTOMER,5
1903,2025-07-26 00:00:00,CUST1033,Mary Miller,New,Full Detail,Instagram ,Charlotte,Port Charlotte,150,160,0,160,164,CARD,,5
1904,2025-12-19 00:00:00,CUST0276,Ava  Garcia,Returning,Ceramic Coating,TikTok,Sarasota,Venice,350,390,0,390,40,Cash,NEWCUSTOMER,4
1905,2025-11-28 00:00:00,CUST1022,Liam  Anderson,Returning,Basic Wash,FB,Sarasota,Venice,40,49,0,49,88,cash ,VIP ,5
1906,2025-11-01 00:00:00,CUST0009, Sofia Taylor,Returning,Basic Wash,Referred,Charlotte,Punta Gorda,40,42,0,42,109,Venmo,SUMMER10,
1907,2025-12-16 00:00:00,CUST1087,Sofia  Taylor,Returning,Full Detail,instagram,Sarasota,Venice,150,163,-5,183,71,Venmo,SUMMER10,3
1908,2025-08-01 00:00:00,CUST0100,Sofia Miller,Returning,Ceramic Coating,facebook,Sarasota,Sarasota,350,$380.00,5,385,171,Cash,SUMMER10,5
1909,2025-06-08 00:00:00,CUST1134,Olivia Martinez ,Returning,Basic Wash,Youtube,Sarasota,North Port,40,38,0,38,45,CARD,,3
1909,2025-06-08 00:00:00,CUST1134,Olivia Martinez ,Returning,Basic Wash,Youtube,Sarasota,North Port,40,38,0,38,45,CARD,,3
1910,2025-01-24 00:00:00,CUST0887, Alex Garcia,Returning,Full Detail,Tik tok,Charlotte,Port Charlotte,150,152,0,152,153,cash ,VIP ,3
1911,2025-10-20 00:00:00,CUST1199,lewis martinez,New,Full Detail,Tik tok,Charlotte,Punta Gorda,150,165,0,165,123,cash ,,
1912,2025-01-04 00:00:00,CUST0990,Ava Taylor,Returning,Premium Wash,FB,Charlotte,Punta Gorda,70,70,20,90,65,Cash App,,4
1913,2025-08-08 00:00:00,CUST1042,OLIVIA DAVIS,Returning,Premium Wash,TIKTOK,Sarasota,Venice,70,$79.00,0,79,118,Cash App,SUMMER10,4
1914,2025-12-30 00:00:00,CUST0363,mary taylor,Returning,Ceramic Coating,FB,Charlotte,Port Charlotte,350,$383.00,20,403,159,CARD,SUMMER10,5
1915,2025-01-20 00:00:00,CUST1185, Sofia Anderson,Returning,Interior Detail,Referred,Sarasota,North Port,90,90,20,110,81,Card,,5
1916,2025-06-01 00:00:00,CUST0356,Liam Anderson,Returning,Full Detail,youtube,Sarasota,Venice,150,152,10,162,64,Venmo,VIP ,5
1917,2025-02-19 00:00:00,CUST0263, Liam Davis,Returning,Ceramic Coating,TikTok,Sarasota,Venice,350,355,0,355,129,cash ,VIP ,
1918,2025-06-26 00:00:00,CUST0213,Olivia Brown ,Returning,Interior Detail,FB,Charlotte,Port Charlotte,90,95,10,105,101,Zelle,,3
1919,2025-04-06 00:00:00,CUST0794,john davis,Returning,Premium Wash,YouTube,Sarasota,North Port,70,75,0,75,87,CARD,,3
1920,2025-04-15 00:00:00,CUST0660,Lewis Smith,Returning,Interior Detail,referral,Sarasota,North Port,90,$92.00,0,92,165,Card,,5
1921,2025-09-07 00:00:00,CUST1033,LIAM DAVIS,Returning,Ceramic Coating,Insta,Charlotte,Port Charlotte,350,380,10,390,108,cash ,,3
1922,2025-04-27 00:00:00,CUST0788,NOAH ANDERSON,New,Basic Wash,Insta,Charlotte,Punta Gorda,40,42,0,42,136,cash ,,3
1923,2025-12-20 00:00:00,CUST0858,liam wilson,Returning,Premium Wash,FACEBOOK,Sarasota,Venice,70,72,0,72,177,Zelle,NEWCUSTOMER,4
1924,2025-08-16 00:00:00,CUST0509,John Johnson ,Returning,Premium Wash,,Sarasota,Venice,70,72,5,77,171,Card,VIP ,4
1925,2025-03-07 00:00:00,CUST0561, Olivia Garcia,Returning,Interior Detail,Word of Mouth,Sarasota,North Port,90,92,15,107,42,Cash,VIP ,4
1926,2025-12-01 00:00:00,CUST0815,Sofia Davis ,Returning,Basic Wash,Youtube,Charlotte,Port Charlotte,40,39,10,49,55,Card,,4
1927,2025-09-19 00:00:00,CUST0703, Mary Smith,Returning,Premium Wash,Instagram ,Charlotte,Punta Gorda,70,$75.00,5,80,177,CARD,NEWCUSTOMER,5
1928,2025-10-22 00:00:00,CUST0603,John Johnson ,Returning,Full Detail,instagram,Sarasota,Sarasota,150,160,10,170,105,CARD,NEWCUSTOMER,3
1929,2025-08-31 00:00:00,CUST0928, Noah Wilson,Returning,Interior Detail,referral,Charlotte,Port Charlotte,90,99,0,99,48,Zelle,,4
1930,2025-07-05 00:00:00,CUST0274,SOFIA MARTINEZ,Returning,Interior Detail,referral,Charlotte,Punta Gorda,90,$97.00,15,112,84,Cash App,,3
1931,2025-09-03 00:00:00,CUST0283,John  Martinez,Returning,Ceramic Coating,FB,Sarasota,North Port,350,385,0,385,36,Cash App,,5
1932,2025-05-05 00:00:00,CUST0846,EMMA MARTINEZ,Returning,Full Detail,YouTube,Charlotte,Port Charlotte,150,145,10,155,95,Cash App,,3
1933,2025-09-25 00:00:00,CUST1050, Alex Smith,Returning,Premium Wash,social,Charlotte,Punta Gorda,70,79,0,79,170,Zelle,VIP ,4
1934,2025-05-11 00:00:00,CUST0613,John  Wilson,Returning,Full Detail,FB,Charlotte,Port Charlotte,150,148,0,148,115,Card,VIP ,4
1935,2025-08-25 00:00:00,CUST1122,ava davis,Returning,Interior Detail,instagram,Charlotte,Punta Gorda,90,94,10,104,73,Venmo,,4
1936,2025-01-18 00:00:00,CUST0643, Sofia Taylor,New,Full Detail,social,Charlotte,Punta Gorda,150,155,5,160,130,Zelle,,4
1937,2025-02-09 00:00:00,CUST1134, Sofia Brown,Returning,Interior Detail,YOUTUBE ,Sarasota,North Port,90,85,15,100,103,Cash App,,4
1938,2025-01-21 00:00:00,CUST0446,mary anderson,New,Basic Wash,Word of Mouth,Charlotte,Punta Gorda,40,40,0,40,179,Card,SUMMER10,4
1939,2025-08-13 00:00:00,CUST0412,john smith,Returning,Basic Wash,Instagram,Sarasota,Venice,40,44,10,54,61,Cash App,,4
1940,2025-12-21 00:00:00,CUST0430,Noah Davis ,Returning,Premium Wash,Tik tok,Sarasota,North Port,70,77,5,82,105,Cash,SUMMER10,3
1941,2025-10-09 00:00:00,CUST0596, Sofia Davis,Returning,Basic Wash,referral,Sarasota,North Port,40,46,15,61,57,Zelle,,5
1942,2025-01-08 00:00:00,CUST0708,Mary Davis,New,Interior Detail,YouTube,Charlotte,Punta Gorda,90,88,0,88,178,Card,SUMMER10,4
1943,2025-04-10 00:00:00,CUST0272,mary davis,Returning,Ceramic Coating,Referred,Charlotte,Punta Gorda,350,345,20,365,85,cash ,SUMMER10,
1944,2025-08-28 00:00:00,CUST0365,sofia smith,New,Interior Detail,YOUTUBE ,Sarasota,North Port,90,97,0,97,161,Zelle,,3
1945,2025-03-28 00:00:00,CUST1032,Lewis Smith,Returning,Premium Wash,tiktok,Sarasota,Sarasota,70,68,10,78,173,Cash,,5
1946,2025-10-25 00:00:00,CUST1112,John Taylor ,New,Full Detail,Word of Mouth,Charlotte,Port Charlotte,150,160,15,175,100,cash ,NEWCUSTOMER,3
1947,2025-01-14 00:00:00,CUST0661,Sofia Garcia,Returning,Ceramic Coating,TIKTOK,Charlotte,Punta Gorda,350,350,0,350,54,CARD,SUMMER10,
1948,2025-11-30 00:00:00,CUST0237,ava garcia,Returning,Interior Detail,YouTube,Charlotte,Port Charlotte,90,94,5,99,157,Cash,SUMMER10,4
1949,2025-01-02 00:00:00,CUST0722,MARY DAVIS,Returning,Basic Wash,YOUTUBE ,Sarasota,Sarasota,40,45,15,60,138,Zelle,SUMMER10,3
1950,2025-10-20 00:00:00,CUST1152, Olivia Brown,Returning,Full Detail,Tik tok,Sarasota,North Port,150,160,10,170,67,Venmo,,4
1951,2025-11-21 00:00:00,CUST0984,Mary Taylor ,Returning,Premium Wash,Referred,Sarasota,Venice,70,77,20,97,177,Cash,VIP ,3
1952,2025-02-10 00:00:00,CUST1194,Noah Miller,Returning,Premium Wash,Word of Mouth,Charlotte,Port Charlotte,70,65,0,65,101,Zelle,,4
1953,2025-11-14 00:00:00,CUST1169,Lewis Smith,New,Ceramic Coating,youtube,Sarasota,Venice,350,$390.00,5,395,54,Cash,VIP ,
1954,2025-11-12 00:00:00,CUST0855, Olivia Brown,New,Full Detail,YouTube,Sarasota,Venice,150,165,10,175,40,cash ,NEWCUSTOMER,3
1955,2025-04-21 00:00:00,CUST1094,ava taylor,Returning,Interior Detail,FACEBOOK,Charlotte,Punta Gorda,90,90,20,110,180,Venmo,,4
1956,2025-01-14 00:00:00,CUST0586,Liam  Miller,Returning,Interior Detail,tiktok,Charlotte,Punta Gorda,90,90,15,105,123,cash ,,4
1957,19-08-2025,CUST0866,liam martinez,New,Full Detail,Referral,Charlotte,Punta Gorda,150,170,10,180,156,Cash App,SUMMER10,5
1958,2025-03-25 00:00:00,CUST0027,Sofia Johnson ,Returning,Full Detail,social,Charlotte,Punta Gorda,150,145,5,150,41,Cash App,SUMMER10,5
1959,2025-05-10 00:00:00,CUST1071,Noah  Miller,Returning,Ceramic Coating,Word of Mouth,Charlotte,Punta Gorda,350,355,0,355,149,CARD,,4
1960,2025-08-19 00:00:00,CUST0219,Mary  Wilson,Returning,Interior Detail,Instagram,Sarasota,North Port,90,97,15,112,161,cash ,SUMMER10,
1961,2025-11-22 00:00:00,CUST0052,EMMA ANDERSON,New,Full Detail,Referral,Sarasota,North Port,150,170,15,185,89,cash ,,5
1962,2025-05-25 00:00:00,CUST0781,John  Davis,Returning,Basic Wash,referral,Sarasota,Sarasota,40,45,10,55.0,82,Cash,,3
1963,2025-12-11 00:00:00,CUST0298,John Davis ,New,Premium Wash,YOUTUBE ,Charlotte,Port Charlotte,70,72,0,72,64,cash ,SUMMER10,
1964,2025-01-28 00:00:00,CUST0109, Sofia Brown,New,Full Detail,TikTok,Sarasota,Venice,150,152,0,152,101,Cash App,SUMMER10,4
1965,2025-03-07 00:00:00,CUST0116,Sofia Davis ,Returning,Interior Detail,Instagram,Charlotte,Port Charlotte,90,90,0,90,87,Venmo,NEWCUSTOMER,5
1966,2025-06-12 00:00:00,CUST0410,Emma Martinez ,Returning,Basic Wash,facebook,Sarasota,Venice,40,35,0,35,142,Cash,,
1967,2025-08-17 00:00:00,CUST0547,Ava  Taylor,New,Basic Wash,facebook,Sarasota,Venice,40,42,5,47,78,Zelle,NEWCUSTOMER,
1968,2025-09-18 00:00:00,CUST0330,Emma Martinez,Returning,Basic Wash,Tik tok,Sarasota,North Port,40,39,20,59,128,CARD,,5
1969,2025-06-13 00:00:00,CUST0587,sofia johnson,Returning,Full Detail,Youtube,Sarasota,Sarasota,150,152,15,167,94,cash ,,4
1970,2025-10-28 00:00:00,CUST0514,Lewis Davis,New,Full Detail,Tik tok,Sarasota,Venice,150,170,0,170,70,cash ,,5
1971,2025-10-30 00:00:00,CUST0300,Liam Johnson,Returning,Premium Wash,referral,Charlotte,Punta Gorda,70,82,10,92,96,Cash,,5
1972,2025-10-14 00:00:00,CUST0128,Lewis  Anderson,Returning,Ceramic Coating,FB,Charlotte,Port Charlotte,350,390,0,390,94,Venmo,VIP ,4
1973,2025-01-10 00:00:00,CUST0605, Emma Anderson,Returning,Premium Wash,FB,Charlotte,Port Charlotte,70,$65.00,15,80,33,Venmo,NEWCUSTOMER,5
1974,2025-07-14 00:00:00,CUST0418,Liam  Johnson,New,Premium Wash,TIKTOK,Sarasota,North Port,70,77,5,82,36,Cash App,,5
1975,2025-04-28,CUST1109, Noah Davis,Returning,Premium Wash,YouTube,Charlotte,Punta Gorda,70,65,0,65,90,CARD,SUMMER10,5
1976,2025-09-27 00:00:00,CUST0067, Emma Taylor,Returning,Interior Detail,YOUTUBE ,Sarasota,Sarasota,90,97,0,97,159,Venmo,,5
1977,2025-03-21 00:00:00,CUST0735,Alex Davis,Returning,Ceramic Coating,Insta,Charlotte,Port Charlotte,350,355,15,370,112,Venmo,NEWCUSTOMER,5
1978,2025-04-03 00:00:00,CUST0927, Emma Wilson,Returning,Full Detail,Insta,Sarasota,North Port,150,155,10,165,60,Cash App,,4
1979,2025-09-23 00:00:00,CUST0210, Emma Smith,Returning,Interior Detail,Tik tok,Sarasota,North Port,90,104,10,114,55,cash ,,4
1980,2025-11-28 00:00:00,CUST1151,Liam Wilson ,Returning,Basic Wash,Youtube,Sarasota,Venice,40,44,5,49,67,CARD,,
1981,2025-12-16 00:00:00,CUST0460,Mary  Anderson,Returning,Full Detail,tiktok,Sarasota,Sarasota,150,165,15,180,112,Cash,VIP ,4
1982,2025-12-27 00:00:00,CUST1150, Emma Taylor,Returning,Premium Wash,facebook,Sarasota,Sarasota,70,$82.00,15,97,151,Zelle,,3
1983,2025-09-14 00:00:00,CUST0797,Alex Miller ,Returning,Premium Wash,Instagram ,Sarasota,North Port,70,77,20,97,141,Zelle,,5
1984,2025-05-13 00:00:00,CUST0487,john brown,Returning,Interior Detail,facebook,Sarasota,Sarasota,90,95,15,110,150,Zelle,,
1985,2025-10-03 00:00:00,CUST1047,Lewis Garcia ,Returning,Premium Wash,Referral,Sarasota,Venice,70,82,20,102,128,Card,,3
1986,2025-09-21 00:00:00,CUST0590, Noah Wilson,New,Premium Wash,instagram,Charlotte,Port Charlotte,70,75,15,90,61,Cash App,,4
1987,2025-06-20 00:00:00,CUST0097, Liam Miller,Returning,Basic Wash,,Sarasota,Sarasota,40,35,5,40,45,CARD,,5
1988,2025-01-01 00:00:00,CUST0782,sofia garcia,Returning,Full Detail,Tik tok,Charlotte,Punta Gorda,150,152,20,172,118,Card,,5
1989,2025-11-09 00:00:00,CUST0794,Olivia Martinez,Returning,Premium Wash,YOUTUBE ,Sarasota,North Port,70,77,5,82,146,Card,,4
1990,2025-03-05 00:00:00,CUST0854,Sofia Taylor ,Returning,Basic Wash,Tik tok,Sarasota,Sarasota,40,38,0,38,126,Cash App,NEWCUSTOMER,3
1991,2025-10-11 00:00:00,CUST0641, Emma Anderson,Returning,Full Detail,Insta,Sarasota,Sarasota,150,$165.00,15,180,180,CARD,SUMMER10,5
1992,2025-05-01 00:00:00,CUST1131,JOHN BROWN,Returning,Interior Detail,FB,Charlotte,Port Charlotte,90,88,20,108,63,CARD,SUMMER10,
1993,2025-04-17 00:00:00,CUST0111,liam davis,Returning,Full Detail,FaceBook ,Sarasota,Sarasota,150,152,15,167,47,Cash App,SUMMER10,3
1994,2025-06-24 00:00:00,CUST0027,olivia brown,Returning,Basic Wash,Youtube,Charlotte,Punta Gorda,40,$35.00,5,40,173,Cash App,,
1995,2025-07-23 00:00:00,CUST0515,Ava Taylor ,New,Ceramic Coating,TIKTOK,Sarasota,Sarasota,350,387,5,392,127,Cash App,SUMMER10,4
1996,2025-06-14 00:00:00,CUST0416, Lewis Brown,Returning,Basic Wash,FB,Charlotte,Punta Gorda,40,35,0,35,37,Venmo,SUMMER10,
1997,2025-11-01 00:00:00,CUST0908,Olivia  Johnson,Returning,Ceramic Coating,,Sarasota,Sarasota,350,$380.00,20,400,174,Cash App,VIP ,4
1998,2025-04-30 00:00:00,CUST0462,Olivia  Garcia,Returning,Premium Wash,Tik tok,Sarasota,North Port,70,70,20,90,70,Cash App,NEWCUSTOMER,5
1999,2025-02-13 00:00:00,CUST0754,Alex Martinez,Returning,Basic Wash,Referred,Sarasota,Sarasota,40,40,15,55,61,Card,VIP ,4
2000,2025-11-08 00:00:00,CUST1120,ALEX DAVIS,Returning,Full Detail,YOUTUBE ,Charlotte,Punta Gorda,150,165,0,165,143,Zelle,SUMMER10,4
2001,2025-06-05 00:00:00,CUST0403,Alex Anderson,New,Full Detail,TikTok,Charlotte,Port Charlotte,150,150,20,170,49,Venmo,SUMMER10,
2002,2025-07-26 00:00:00,CUST0397,Mary Wilson,New,Ceramic Coating,YOUTUBE ,Sarasota,Sarasota,350,385,10,395,99,Venmo,,5
2003,2025-04-18 00:00:00,CUST0603,EMMA BROWN,Returning,Premium Wash,instagram,Sarasota,Sarasota,70,70,10,80,80,CARD,NEWCUSTOMER,3
2004,2025-09-08 00:00:00,CUST0920,SOFIA TAYLOR,Returning,Basic Wash,YouTube,Sarasota,North Port,40,49,0,49,157,Venmo,SUMMER10,3
2005,2025-11-30 00:00:00,CUST0364, Sofia Johnson,Returning,Interior Detail,Facebook,Sarasota,North Port,90,101,20,121,82,cash ,,4
2006,2025-05-10 00:00:00,CUST0153,Sofia Smith,Returning,Basic Wash,tiktok,Charlotte,Punta Gorda,40,45,10,55,116,Cash App,SUMMER10,4
2007,2025-10-20 00:00:00,CUST0383, John Garcia,Returning,Full Detail,YouTube,Sarasota,North Port,150,167,20,187,148,Cash,,
2008,2025-01-20 00:00:00,CUST0356,ALEX TAYLOR,Returning,Ceramic Coating,Youtube,Sarasota,Venice,350,350,0,350,123,Zelle,VIP ,4
2009,2025-10-09 00:00:00,CUST1053, Ava Davis,New,Full Detail,Referral,Sarasota,Sarasota,150,160,20,180,76,Venmo,NEWCUSTOMER,3
2010,2025-10-12 00:00:00,CUST0245,Sofia Brown ,Returning,Ceramic Coating,Youtube,Sarasota,Venice,350,383,20,403,85,Zelle,NEWCUSTOMER,5
2011,2025-01-01 00:00:00,CUST0773,Alex Taylor,Returning,Basic Wash,Insta,Sarasota,North Port,40,40,10,50,157,Zelle,,5
2012,2025-04-29 00:00:00,CUST0084,Alex  Miller,New,Interior Detail,Instagram ,Charlotte,Port Charlotte,90,90,15,105,172,CARD,,5
2013,2025-02-04 00:00:00,CUST0878,ava miller,New,Premium Wash,TikTok,Sarasota,Sarasota,70,68,20,88,170,CARD,,5
2014,2025-07-17 00:00:00,CUST0572,LEWIS WILSON,New,Interior Detail,YOUTUBE ,Charlotte,Port Charlotte,90,99,10,109,70,cash ,,3
2014,2025-07-17 00:00:00,CUST0572,LEWIS WILSON,New,Interior Detail,YOUTUBE ,Charlotte,Port Charlotte,90,99,10,109,70,cash ,,3
2015,2025-09-02 00:00:00,CUST1140,John Anderson ,Returning,Ceramic Coating,TikTok,Charlotte,Port Charlotte,350,385,15,400,42,CARD,SUMMER10,3
2016,2025-02-28 00:00:00,CUST0542,Liam  Anderson,New,Interior Detail,Facebook,Sarasota,Venice,90,92,0,92,32,Venmo,SUMMER10,5
2017,2025-11-21 00:00:00,CUST0267,noah martinez,New,Full Detail,Word of Mouth,Charlotte,Port Charlotte,150,163,20,183,128,Card,,4
2018,2025-06-10 00:00:00,CUST0330,Mary Taylor,Returning,Premium Wash,TIKTOK,Sarasota,North Port,70,75,0,75,140,CARD,,3
2019,06/28/2025,CUST1197,John Garcia ,Returning,Premium Wash,tiktok,Sarasota,Venice,70,65,0,65,104,Card,SUMMER10,4
2020,2025-07-25 00:00:00,CUST0523,Ava  Anderson,Returning,Full Detail,Tik tok,Sarasota,North Port,150,163,10,173,134,CARD,NEWCUSTOMER,5
2021,2025-01-12 00:00:00,CUST0012,LIAM WILSON,New,Ceramic Coating,TIKTOK,Sarasota,Venice,350,350,15,365,165,Zelle,VIP ,4
2022,2025-10-03 00:00:00,CUST0677,SOFIA TAYLOR,Returning,Interior Detail,Referred,Sarasota,Sarasota,90,99,0,99,129,Card,,4
2023,2025-06-30 00:00:00,CUST0956,Mary Taylor,Returning,Ceramic Coating,tiktok,Sarasota,Venice,350,350,5,355,143,Zelle,NEWCUSTOMER,4
2024,2025-08-30 00:00:00,CUST0318,AVA SMITH,Returning,Ceramic Coating,Youtube,Charlotte,Port Charlotte,350,380,0,380,37,CARD,,4
2025,2025-08-04 00:00:00,CUST0082,Alex Wilson,Returning,Interior Detail,instagram,Sarasota,Venice,90,99,5,104,77,Card,,4
2026,2025-09-08 00:00:00,CUST0315,Emma  Taylor,Returning,Premium Wash,youtube,Sarasota,Venice,70,82,15,97,124,Zelle,,4
2027,2025-10-26 00:00:00,CUST0661,liam anderson,Returning,Ceramic Coating,Tik tok,Charlotte,Punta Gorda,350,385,20,405,113,Venmo,VIP ,4
2028,2025-05-06 00:00:00,CUST0105,Noah Davis ,New,Ceramic Coating,FACEBOOK,Sarasota,North Port,350,355,20,375,161,Cash,NEWCUSTOMER,5
2029,2025-08-05 00:00:00,CUST0617, Olivia Brown,Returning,Interior Detail,YouTube,Sarasota,Sarasota,90,99,20,119,123,cash ,,5
2029,2025-08-05 00:00:00,CUST0617, Olivia Brown,Returning,Interior Detail,YouTube,Sarasota,Sarasota,90,99,20,119,123,cash ,,5
2030,2025-11-02 00:00:00,CUST1005,noah martinez,Returning,Ceramic Coating,Word of Mouth,Sarasota,North Port,350,383,20,403,76,cash ,NEWCUSTOMER,5
2031,2025-10-12 00:00:00,CUST1173, Sofia Taylor,Returning,Basic Wash,Word of Mouth,Sarasota,North Port,40,39,10,49,147,Venmo,VIP ,4
2032,2025-07-04 00:00:00,CUST1127,Olivia  Martinez,Returning,Basic Wash,Instagram ,Charlotte,Port Charlotte,40,46,5,51,158,CARD,,5
2033,2025-02-08 00:00:00,CUST0734,John Martinez,Returning,Ceramic Coating,referral,Sarasota,North Port,350,350,10,360,38,Venmo,,
2034,2025-08-11 00:00:00,CUST0150,OLIVIA ANDERSON,Returning,Premium Wash,FB,Charlotte,Punta Gorda,70,79,0,79,145,Card,SUMMER10,5
2035,03-07-2025,CUST0651,John  Davis,New,Premium Wash,TikTok,Sarasota,Sarasota,70,77,10,87,56,Card,NEWCUSTOMER,5
2036,2025-06-27 00:00:00,CUST1077,Sofia Anderson ,Returning,Ceramic Coating,Word of Mouth,Sarasota,North Port,350,$345.00,10,355,138,cash ,,5
2037,2025-10-21 00:00:00,CUST0451,Olivia  Wilson,New,Interior Detail,Youtube,Sarasota,Sarasota,90,99,0,99,55,Card,,4
2038,2025-12-06 00:00:00,CUST0377,liam wilson,Returning,Basic Wash,YouTube,Charlotte,Punta Gorda,40,49,5,54,168,Card,,4
2039,2025-05-31 00:00:00,CUST1067, Olivia Garcia,Returning,Basic Wash,Referral,Sarasota,North Port,40,$40.00,5,45,51,Card,,5
2040,2025-05-06 00:00:00,CUST0140,Lewis  Smith,Returning,Full Detail,Insta,Sarasota,North Port,150,150,0,150.0,52,CARD,SUMMER10,
2041,28-10-2025,CUST1035, John Davis,Returning,Ceramic Coating,FB,Sarasota,Venice,350,383,20,403,63,Zelle,VIP ,4
2042,2025-11-04 00:00:00,CUST0327,sofia anderson,Returning,Basic Wash,FB,Sarasota,Venice,40,49,20,69,87,cash ,,4
2043,2025-12-02 00:00:00,CUST0852,ALEX GARCIA,Returning,Premium Wash,TIKTOK,Charlotte,Punta Gorda,70,77,5,82,46,Cash App,VIP ,
2044,2025-08-22 00:00:00,CUST1113,LIAM SMITH,Returning,Basic Wash,TikTok,Sarasota,North Port,40,44,0,44,121,Cash App,VIP ,3
2045,2025-01-08 00:00:00,CUST1100, John Taylor,Returning,Ceramic Coating,YouTube,Charlotte,Punta Gorda,350,350,20,370.0,58,Zelle,SUMMER10,4
2046,2025-12-07 00:00:00,CUST0827, Lewis Davis,Returning,Premium Wash,Instagram,Charlotte,Port Charlotte,70,72,20,92,88,Cash,VIP ,3
2047,2025-05-09 00:00:00,CUST0189,Emma Miller ,Returning,Interior Detail,instagram,Sarasota,Sarasota,90,90,0,90,89,Cash,,5
2048,2025-09-21 00:00:00,CUST0716,Lewis Martinez,New,Full Detail,tiktok,Sarasota,North Port,150,170,5,175,179,Zelle,,4
2049,2025-06-06 00:00:00,CUST0454,Alex Davis,Returning,Full Detail,Insta,Sarasota,North Port,150,145,0,145,138,CARD,,4
2050,2025-12-18 00:00:00,CUST0437,Alex Taylor ,Returning,Interior Detail,Referred,Sarasota,Venice,90,99,20,119,158,Cash App,NEWCUSTOMER,
2051,2025-12-24 00:00:00,CUST0680,Liam Wilson ,Returning,Full Detail,instagram,Charlotte,Port Charlotte,150,167,5,172,41,Card,,3
2052,2025-01-05 00:00:00,CUST0679,Olivia  Garcia,Returning,Premium Wash,Referred,Sarasota,North Port,70,70,0,70,136,Cash App,,
2053,2025-03-27 00:00:00,CUST0739,Emma Davis,Returning,Premium Wash,Referred,Charlotte,Port Charlotte,70,70,5,75,69,Zelle,,4
2054,2025-06-24 00:00:00,CUST0602,emma garcia,Returning,Interior Detail,,Charlotte,Port Charlotte,90,85,15,100,32,Venmo,VIP ,
2055,2025-10-17 00:00:00,CUST0448,john wilson,Returning,Ceramic Coating,Instagram,Charlotte,Punta Gorda,350,385,0,385,164,cash ,,
2056,2025-07-12 00:00:00,CUST1087,olivia miller,Returning,Premium Wash,Instagram,Sarasota,Venice,70,75,10,85,134,Card,SUMMER10,5
2057,2025-11-07 00:00:00,CUST0973,OLIVIA WILSON,Returning,Ceramic Coating,TikTok,Charlotte,Punta Gorda,350,390,10,400,104,Zelle,VIP ,3
2058,2025-04-29 00:00:00,CUST1150,Lewis Taylor,Returning,Premium Wash,FaceBook ,Sarasota,Sarasota,70,75,10,85,133,Cash App,,3
2059,2025-08-06 00:00:00,CUST0019,Olivia Taylor,Returning,Basic Wash,Instagram ,Charlotte,Port Charlotte,40,49,0,49,82,CARD,,4
2060,2025-04-24 00:00:00,CUST0235,Lewis Anderson,New,Ceramic Coating,YouTube,Charlotte,Punta Gorda,350,345,10,355,56,Card,,4
2061,2025-05-25 00:00:00,CUST0709,Sofia Taylor ,Returning,Premium Wash,Referred,Sarasota,Sarasota,70,65,5,70,58,Zelle,,4
2062,2025-01-26,CUST0913,Noah Martinez,Returning,Basic Wash,YOUTUBE ,Sarasota,Venice,40,42,0,42,137,CARD,SUMMER10,5
2063,2025-05-16 00:00:00,CUST0493,Liam Brown ,Returning,Premium Wash,FB,Charlotte,Port Charlotte,70,68,0,68,116,Cash App,,
2064,2025-10-30 00:00:00,CUST0500,john davis,Returning,Interior Detail,YouTube,Sarasota,Sarasota,90,$99.00,10,109,178,Cash App,NEWCUSTOMER,
2065,2025-08-20 00:00:00,CUST0082,Noah Anderson,Returning,Full Detail,Instagram ,Sarasota,Venice,150,165,15,180,42,Venmo,SUMMER10,5
2066,2025-03-17,CUST0658,Sofia Taylor,Returning,Basic Wash,referral,Sarasota,North Port,40,$42.00,0,42,146,Card,NEWCUSTOMER,4
2067,2025-11-24 00:00:00,CUST0782, Olivia Garcia,Returning,Full Detail,TikTok,Charlotte,Punta Gorda,150,160,20,180,75,Venmo,,4
2068,2025-12-11 00:00:00,CUST0233,alex taylor,New,Premium Wash,YOUTUBE ,Charlotte,Punta Gorda,70,79,5,84,60,Card,,5
2069,2025-10-29 00:00:00,CUST0791,Lewis  Miller,Returning,Ceramic Coating,TIKTOK,Charlotte,Punta Gorda,350,390,10,400,105,Cash,NEWCUSTOMER,4
2070,2025-10-16 00:00:00,CUST0526,ava anderson,Returning,Interior Detail,,Charlotte,Punta Gorda,90,99,10,109,85,cash ,,4
2071,2025-01-01 00:00:00,CUST1107,Olivia Wilson,Returning,Ceramic Coating,FACEBOOK,Charlotte,Port Charlotte,350,350,0,350,122,Zelle,NEWCUSTOMER,5
2072,2025-05-27 00:00:00,CUST0580,sofia miller,Returning,Ceramic Coating,Referred,Sarasota,North Port,350,355,0,355,158,Cash,,4
2073,2025-10-14 00:00:00,CUST0051,noah brown,Returning,Premium Wash,FB,Charlotte,Punta Gorda,70,75,0,75,113,Venmo,SUMMER10,5
2074,05/22/2025,CUST1059,john anderson,Returning,Premium Wash,referral,Charlotte,Port Charlotte,70,65,0,65,127,Card,,4
2075,2025-02-22 00:00:00,CUST0768,Ava Martinez,New,Basic Wash,tiktok,Sarasota,Sarasota,40,40,15,55.0,58,Zelle,,
2076,2025-10-31 00:00:00,CUST1054,Ava Martinez,Returning,Interior Detail,FACEBOOK,Sarasota,Sarasota,90,97,0,97,136,cash ,SUMMER10,4
2077,2025-03-10 00:00:00,CUST1042,Emma Davis,Returning,Full Detail,Tik tok,Sarasota,Venice,150,145,10,155,43,Card,,4
2078,2025-12-27 00:00:00,CUST0913,sofia brown,Returning,Interior Detail,YouTube,Sarasota,Venice,90,99,10,109,51,Cash App,SUMMER10,4
2079,2025-03-31 00:00:00,CUST0997, Ava Anderson,Returning,Basic Wash,Word of Mouth,Charlotte,Punta Gorda,40,40,10,50,164,Venmo,VIP ,3
2080,2025-08-08 00:00:00,CUST0090,lewis johnson,Returning,Basic Wash,TikTok,Sarasota,Venice,40,39,0,39,96,CARD,VIP ,
2081,2025-07-11 00:00:00,CUST0608,Mary Taylor,New,Full Detail,referral,Sarasota,Venice,150,160,20,180,150,Cash App,SUMMER10,4
2082,2025-03-04,CUST0395,Mary Wilson ,Returning,Premium Wash,YouTube,Sarasota,Sarasota,70,70,0,70,31,Cash,SUMMER10,
2083,2025-03-14 00:00:00,CUST0657,JOHN MILLER,Returning,Ceramic Coating,,Charlotte,Punta Gorda,350,355,10,365,52,cash ,NEWCUSTOMER,5
2084,2025-06-10 00:00:00,CUST1053,olivia anderson,Returning,Interior Detail,Referred,Sarasota,Sarasota,90,88,20,108,132,Venmo,,5
2085,2025-06-18 00:00:00,CUST0169,noah davis,Returning,Basic Wash,Facebook,Charlotte,Port Charlotte,40,40,5,45,151,CARD,NEWCUSTOMER,4
2086,2025-03-30 00:00:00,CUST0197, John Miller,Returning,Basic Wash,YouTube,Sarasota,Venice,40,40,5,45,160,Venmo,NEWCUSTOMER,4
2087,2025-06-25 00:00:00,CUST0343,lewis martinez,Returning,Premium Wash,youtube,Charlotte,Punta Gorda,70,65,5,70,156,Venmo,,4
2088,2025-09-26 00:00:00,CUST1102,Mary  Miller,Returning,Basic Wash,Referred,Charlotte,Port Charlotte,40,39,10,49,84,Cash App,,
2089,2025-03-14 00:00:00,CUST1093,Emma  Wilson,Returning,Full Detail,TikTok,Sarasota,Sarasota,150,152,15,167,139,cash ,,
2090,2025-09-02 00:00:00,CUST0016,Sofia  Garcia,Returning,Interior Detail,youtube,Sarasota,North Port,90,99,10,109,108,Card,,5
2091,2025-03-18 00:00:00,CUST0135,MARY WILSON,Returning,Ceramic Coating,,Charlotte,Punta Gorda,350,350,5,355,69,Cash,,5
2092,2025-06-08 00:00:00,CUST0432,Olivia  Garcia,New,Ceramic Coating,youtube,Sarasota,North Port,350,350,15,365.0,172,Cash,VIP ,
2093,2025-11-20 00:00:00,CUST0437,Lewis  Wilson,Returning,Ceramic Coating,Word of Mouth,Sarasota,Venice,350,$383.00,0,383,158,Card,SUMMER10,3
2094,2025-04-08 00:00:00,CUST0869,Emma Garcia,Returning,Full Detail,YouTube,Sarasota,Sarasota,150,155,0,155,54,Venmo,VIP ,3
2095,2025-04-12 00:00:00,CUST0213, John Davis,Returning,Basic Wash,FB,Charlotte,Port Charlotte,40,42,20,62,166,Venmo,,
2096,2025-05-12 00:00:00,CUST0422,Emma Davis ,Returning,Premium Wash,referral,Sarasota,Sarasota,70,68,0,68,91,cash ,,5
2097,2025-04-12 00:00:00,CUST1102,lewis johnson,Returning,Full Detail,Referral,Charlotte,Port Charlotte,150,148,20,168,147,CARD,,5
2098,2025-01-19 00:00:00,CUST0892,JOHN TAYLOR,Returning,Premium Wash,facebook,Sarasota,Sarasota,70,65,20,85,109,Card,,5
2099,2025-03-23 00:00:00,CUST0148,emma taylor,New,Interior Detail,FB,Charlotte,Port Charlotte,90,88,0,88,117,Cash App,,
2100,2025-10-06 00:00:00,CUST0315,alex wilson,Returning,Full Detail,YOUTUBE ,Sarasota,Venice,150,167,10,177,87,cash ,NEWCUSTOMER,4
2101,2025-12-05 00:00:00,CUST0049,Mary  Johnson,Returning,Ceramic Coating,TIKTOK,Sarasota,Venice,350,383,0,383,51,Cash App,,4
2102,2025-12-31 00:00:00,CUST0941,lewis johnson,Returning,Interior Detail,Youtube,Charlotte,Port Charlotte,90,99,5,104,177,Card,,3
2103,2025-11-27 00:00:00,CUST0680,ava johnson,Returning,Full Detail,Insta,Charlotte,Port Charlotte,150,160,5,165,177,cash ,,5
2104,2025-05-09 00:00:00,CUST0078, Noah Smith,Returning,Basic Wash,referral,Sarasota,North Port,40,40,0,40,171,Cash,NEWCUSTOMER,5
2105,2025-12-10 00:00:00,CUST0180,liam smith,Returning,Interior Detail,youtube,Charlotte,Punta Gorda,90,104,15,119,169,cash ,VIP ,5
2106,2025-11-06 00:00:00,CUST0151,NOAH BROWN,Returning,Basic Wash,social,Sarasota,Sarasota,40,$49.00,15,64,94,Venmo,,4
2107,2025-03-30 00:00:00,CUST0112, Sofia Garcia,Returning,Interior Detail,Insta,Charlotte,Port Charlotte,90,95,15,110.0,159,Cash App,,5
2108,2025-08-01 00:00:00,CUST0365, Olivia Taylor,Returning,Basic Wash,youtube,Sarasota,North Port,40,42,5,47,166,Venmo,,4
2109,2025-05-23 00:00:00,CUST0516,Olivia Smith ,Returning,Interior Detail,Facebook,Charlotte,Punta Gorda,90,88,20,108,85,cash ,SUMMER10,5
2110,2025-03-06 00:00:00,CUST1143,MARY TAYLOR,Returning,Ceramic Coating,YouTube,Charlotte,Punta Gorda,350,345,20,365,140,CARD,VIP ,5
2111,2025-03-17 00:00:00,CUST0145, Sofia Wilson,New,Full Detail,Word of Mouth,Sarasota,Sarasota,150,152,10,162,49,Cash App,VIP ,5
2112,2025-07-18 00:00:00,CUST1178,mary davis,Returning,Ceramic Coating,facebook,Charlotte,Port Charlotte,350,383,10,393,41,Venmo,,5
2113,2025-05-23 00:00:00,CUST0467,AVA SMITH,Returning,Basic Wash,Referred,Sarasota,Sarasota,40,40,0,40,114,Cash App,,3
2114,2025-11-12 00:00:00,CUST0530,ava smith,Returning,Ceramic Coating,Instagram,Sarasota,Venice,350,385,15,400,152,CARD,VIP ,
2115,2025-04-03 00:00:00,CUST0835,Noah  Martinez,New,Ceramic Coating,Tik tok,Charlotte,Port Charlotte,350,355,5,360,97,cash ,VIP ,4
2116,2025-11-01,CUST0795,Emma Davis ,Returning,Interior Detail,tiktok,Charlotte,Port Charlotte,90,$94.00,0,94,122,Venmo,,4
2117,2025-08-12 00:00:00,CUST0924,Mary Garcia,Returning,Basic Wash,,Charlotte,Port Charlotte,40,$39.00,0,39,48,CARD,VIP ,4
2118,10/18/2025,CUST0829,John Smith,Returning,Full Detail,tiktok,Charlotte,Punta Gorda,150,165,15,180,109,Cash,,4
2119,2025-04-12 00:00:00,CUST0887,NOAH SMITH,Returning,Ceramic Coating,tiktok,Charlotte,Port Charlotte,350,350,0,350,119,Zelle,NEWCUSTOMER,4
2120,2025-09-24 00:00:00,CUST0648,Mary Anderson,Returning,Full Detail,YouTube,Charlotte,Port Charlotte,150,167,20,187,114,Card,VIP ,5
2121,2025-12-21 00:00:00,CUST0035,Mary Martinez,Returning,Ceramic Coating,youtube,Sarasota,Venice,350,385,5,390,35,cash ,,5
2122,2025-04-20 00:00:00,CUST0798,Alex Miller,Returning,Premium Wash,Instagram ,Sarasota,North Port,70,$65.00,20,85,40,Zelle,SUMMER10,5
2123,2025-11-26 00:00:00,CUST0243,liam taylor,Returning,Full Detail,tiktok,Charlotte,Punta Gorda,150,167,5,172,137,CARD,VIP ,4
2124,2025-09-22 00:00:00,CUST1096,Lewis  Wilson,Returning,Full Detail,Youtube,Charlotte,Port Charlotte,150,170,5,175,62,Zelle,VIP ,
2125,2025-01-03 00:00:00,CUST0013,Ava Garcia ,New,Ceramic Coating,tiktok,Charlotte,Punta Gorda,350,352,0,352,108,CARD,NEWCUSTOMER,5
2126,2025-03-26 00:00:00,CUST0130,Sofia Wilson ,Returning,Full Detail,FB,Charlotte,Port Charlotte,150,152,20,172,34,Cash App,VIP ,4
2127,2025-10-09 00:00:00,CUST1200, Ava Johnson,Returning,Premium Wash,Insta,Charlotte,Punta Gorda,70,77,5,82,67,cash ,,5
2128,2025-11-24 00:00:00,CUST0094,AVA MILLER,Returning,Basic Wash,Word of Mouth,Charlotte,Port Charlotte,40,49,15,64,50,Card,SUMMER10,5
2129,2025-10-31 00:00:00,CUST0149,Emma Taylor,Returning,Basic Wash,Instagram ,Charlotte,Punta Gorda,40,46,10,56,120,Cash,VIP ,4
2130,2025-04-27 00:00:00,CUST0733,Olivia Wilson,Returning,Full Detail,FaceBook ,Charlotte,Punta Gorda,150,145,5,150,107,CARD,,4
2131,2025-08-09 00:00:00,CUST1030,Ava Garcia,New,Basic Wash,Referral,Charlotte,Port Charlotte,40,44,5,49,124,Cash App,NEWCUSTOMER,4
2132,2025-06-03 00:00:00,CUST0218,Emma  Martinez,Returning,Interior Detail,YOUTUBE ,Sarasota,Sarasota,90,90,5,95,170,Cash App,VIP ,4
2133,2025-06-02 00:00:00,CUST0594,Emma Miller,New,Basic Wash,FACEBOOK,Charlotte,Port Charlotte,40,45,0,45,115,Cash App,SUMMER10,3
2134,2025-01-12 00:00:00,CUST0618,LIAM TAYLOR,Returning,Ceramic Coating,tiktok,Sarasota,North Port,350,352,0,352,157,Venmo,,
2135,2025-05-13 00:00:00,CUST0178,lewis anderson,Returning,Premium Wash,Referral,Sarasota,Venice,70,70,20,90,141,Cash App,NEWCUSTOMER,4
2136,2025-10-31 00:00:00,CUST0577,Olivia  Wilson,Returning,Basic Wash,FaceBook ,Sarasota,Venice,40,44,0,44,120,Zelle,,4
2137,10/20/2025,CUST0897, Alex Martinez,Returning,Ceramic Coating,Tik tok,Charlotte,Port Charlotte,350,385,20,405,35,Card,,4
2138,2025-10-27 00:00:00,CUST0782,mary miller,Returning,Basic Wash,TIKTOK,Charlotte,Punta Gorda,40,44,0,44.0,41,Venmo,VIP ,3
2139,2025-08-16 00:00:00,CUST0810, Lewis Johnson,New,Ceramic Coating,Word of Mouth,Sarasota,Sarasota,350,390,5,395,74,Cash,,3
2140,2025-09-28 00:00:00,CUST0064,mary anderson,Returning,Full Detail,youtube,Charlotte,Punta Gorda,150,165,0,165,40,Zelle,SUMMER10,5
2141,2025-02-12 00:00:00,CUST0971, John Martinez,Returning,Basic Wash,instagram,Sarasota,Sarasota,40,38,15,53,89,cash ,SUMMER10,
2142,2025-12-09 00:00:00,CUST0321,Liam Garcia ,New,Full Detail,referral,Sarasota,Sarasota,150,165,0,165,103,Card,SUMMER10,3
2142,2025-12-09 00:00:00,CUST0321,Liam Garcia ,New,Full Detail,referral,Sarasota,Sarasota,150,165,0,165,103,Card,SUMMER10,3
2143,2025-11-22 00:00:00,CUST1093,olivia taylor,Returning,Full Detail,TIKTOK,Sarasota,Sarasota,150,165,20,185,64,Venmo,,5
2144,2025-10-29 00:00:00,CUST0451,Liam  Miller,Returning,Interior Detail,Youtube,Sarasota,Sarasota,90,104,20,124,108,cash ,,
2145,2025-12-30 00:00:00,CUST0280, Olivia Brown,Returning,Ceramic Coating,tiktok,Sarasota,Venice,350,380,15,395,73,cash ,SUMMER10,4
2146,2025-01-21 00:00:00,CUST0801,Lewis  Johnson,Returning,Ceramic Coating,,Charlotte,Punta Gorda,350,350,5,355,127,CARD,SUMMER10,5
2147,2025-04-17 00:00:00,CUST1118,ava garcia,Returning,Full Detail,TikTok,Sarasota,Venice,150,$145.00,0,145,175,Venmo,VIP ,5
2148,2025-12-02 00:00:00,CUST0605,AVA MILLER,Returning,Premium Wash,FaceBook ,Charlotte,Port Charlotte,70,$77.00,0,77,111,Card,,5
2149,2025-10-30 00:00:00,CUST0296,MARY WILSON,Returning,Premium Wash,TikTok,Charlotte,Port Charlotte,70,77,20,97,44,Zelle,,5
2149,2025-10-30 00:00:00,CUST0296,MARY WILSON,Returning,Premium Wash,TikTok,Charlotte,Port Charlotte,70,77,20,97,44,Zelle,,5
2150,2025-04-27 00:00:00,CUST0611,Ava  Wilson,Returning,Full Detail,TikTok,Sarasota,North Port,150,148,0,148.0,146,Cash App,,5
2151,2025-05-04 00:00:00,CUST0765,Lewis Smith,Returning,Ceramic Coating,TikTok,Charlotte,Punta Gorda,350,352,0,352,70,cash ,,
2152,2025-10-08 00:00:00,CUST0023,John Garcia ,New,Basic Wash,tiktok,Charlotte,Punta Gorda,40,44,5,49.0,93,Cash,,3
2153,2025-10-19 00:00:00,CUST1134,Ava Davis,Returning,Premium Wash,youtube,Sarasota,North Port,70,72,15,87,58,Venmo,,4
2154,2025-07-22 00:00:00,CUST1137, Emma Garcia,Returning,Full Detail,Word of Mouth,Sarasota,Sarasota,150,167,10,177,141,Venmo,,5
2155,2025-02-20 00:00:00,CUST0290,Liam Davis,Returning,Full Detail,TikTok,Sarasota,North Port,150,152,20,172,97,Venmo,VIP ,
2156,2025-09-28 00:00:00,CUST0253, John Martinez,Returning,Interior Detail,Referral,Sarasota,North Port,90,101,0,101,172,Cash,,4
2157,2025-11-20 00:00:00,CUST0086,LEWIS JOHNSON,Returning,Full Detail,FB,Sarasota,Venice,150,165,5,170,41,CARD,VIP ,4
2157,2025-11-20 00:00:00,CUST0086,LEWIS JOHNSON,Returning,Full Detail,FB,Sarasota,Venice,150,165,5,170,41,CARD,VIP ,4
2158,2025-10-04 00:00:00,CUST0011,emma johnson,Returning,Basic Wash,FB,Charlotte,Punta Gorda,40,49,0,49,118,cash ,VIP ,5
2159,2025-05-21 00:00:00,CUST1173,Noah  Taylor,Returning,Basic Wash,Word of Mouth,Sarasota,North Port,40,40,5,45,66,Zelle,,5
2160,2025-10-02 00:00:00,CUST0808,SOFIA DAVIS,Returning,Basic Wash,Referral,Charlotte,Port Charlotte,40,44,0,44,166,Zelle,SUMMER10,4
2161,2025-10-17 00:00:00,CUST1101,Emma Smith,Returning,Interior Detail,YouTube,Sarasota,North Port,90,99,10,109,61,Venmo,SUMMER10,5
2162,2025-11-30 00:00:00,CUST1122,ALEX ANDERSON,Returning,Basic Wash,Instagram,Charlotte,Punta Gorda,40,44,15,59,151,CARD,,4
2163,2025-02-21 00:00:00,CUST0175, Sofia Garcia,Returning,Basic Wash,instagram,Sarasota,Sarasota,40,$42.00,0,42,70,Venmo,,3
2164,2025-01-27 00:00:00,CUST0625,NOAH WILSON,New,Ceramic Coating,facebook,Sarasota,Sarasota,350,350,0,350,166,Venmo,VIP ,5
2165,2025-06-06 00:00:00,CUST0431, Ava Anderson,New,Interior Detail,Insta,Sarasota,Venice,90,95,20,115,149,Cash,,4
2166,2025-08-27 00:00:00,CUST0705,Olivia Smith,Returning,Ceramic Coating,TikTok,Charlotte,Port Charlotte,350,387,0,387.0,39,Venmo,SUMMER10,4
2167,2025-06-05 00:00:00,CUST0434,Emma Johnson ,Returning,Interior Detail,facebook,Sarasota,North Port,90,92,15,107,120,cash ,SUMMER10,5
2168,2025-10-18 00:00:00,CUST0846, Sofia Davis,Returning,Premium Wash,YOUTUBE ,Charlotte,Port Charlotte,70,77,0,77,43,cash ,,4
2169,2025-05-16 00:00:00,CUST1050,Olivia Anderson ,Returning,Full Detail,TikTok,Charlotte,Punta Gorda,150,152,0,152,98,Venmo,,3
2170,2025-05-24 00:00:00,CUST0292,NOAH DAVIS,Returning,Basic Wash,tiktok,Sarasota,Sarasota,40,35,20,55,43,Zelle,,5
2171,2025-04-16 00:00:00,CUST0330,Emma Davis,Returning,Basic Wash,TikTok,Sarasota,North Port,40,40,0,40,140,Cash App,NEWCUSTOMER,5
2172,2025-06-07 00:00:00,CUST0377,Olivia Taylor,Returning,Full Detail,Youtube,Charlotte,Punta Gorda,150,150,5,155,31,Cash App,,4
2173,2025-05-26 00:00:00,CUST0453,Sofia  Smith,Returning,Full Detail,referral,Charlotte,Punta Gorda,150,150,5,155.0,97,Venmo,,5
2174,2025-01-02 00:00:00,CUST0518, Liam Smith,Returning,Interior Detail,Instagram ,Charlotte,Port Charlotte,90,$90.00,-5,90,153,CARD,,3
2175,2025-03-18 00:00:00,CUST0398,ALEX ANDERSON,New,Premium Wash,Insta,Charlotte,Punta Gorda,70,68,5,73,33,Cash,,
2176,2025-05-12 00:00:00,CUST0235, Ava Johnson,Returning,Interior Detail,YOUTUBE ,Charlotte,Punta Gorda,90,$85.00,0,85,122,Cash App,,5
2177,2025-03-31 00:00:00,CUST0372,EMMA JOHNSON,Returning,Full Detail,Facebook,Charlotte,Port Charlotte,150,150,5,155,40,cash ,NEWCUSTOMER,
2178,2025-12-11 00:00:00,CUST1162,Sofia Anderson ,New,Ceramic Coating,YOUTUBE ,Sarasota,Venice,350,387,5,392,179,Venmo,NEWCUSTOMER,4
2179,2025-12-16 00:00:00,CUST0112,olivia johnson,Returning,Interior Detail,Instagram,Charlotte,Port Charlotte,90,99,10,109,80,CARD,,5
2180,2025-09-20 00:00:00,CUST1125,Lewis Miller ,Returning,Ceramic Coating,Referral,Sarasota,Venice,350,383,10,393,140,CARD,,3
2181,2025-12-17 00:00:00,CUST0945, John Anderson,Returning,Interior Detail,youtube,Sarasota,North Port,90,99,0,99,171,CARD,,4
2182,2025-04-18 00:00:00,CUST1126,john brown,Returning,Full Detail,FB,Sarasota,Sarasota,150,150,0,150,88,Cash,,
2183,03/15/2025,CUST0150,Ava Brown ,Returning,Full Detail,FB,Charlotte,Punta Gorda,150,145,5,150,67,Cash,,5
2184,2025-02-08 00:00:00,CUST0596,ALEX WILSON,Returning,Full Detail,Referral,Sarasota,North Port,150,155,10,165,69,cash ,VIP ,5
2185,08-06-2025,CUST0138,Sofia Miller,Returning,Ceramic Coating,FACEBOOK,Sarasota,Sarasota,350,345,15,360,172,Zelle,SUMMER10,5
2186,2025-03-12 00:00:00,CUST0514, John Taylor,Returning,Basic Wash,tiktok,Sarasota,Venice,40,42,0,42,131,Cash App,VIP ,5
2187,2025-11-08 00:00:00,CUST0202,Ava Davis,Returning,Ceramic Coating,FACEBOOK,Sarasota,Venice,350,390,10,400,47,Cash,SUMMER10,3
2188,2025-08-29 00:00:00,CUST0405, Emma Brown,Returning,Ceramic Coating,Instagram ,Sarasota,North Port,350,380,20,400.0,109,Cash App,,5
2189,2025-10-25 00:00:00,CUST1190,John Miller,Returning,Basic Wash,,Sarasota,Venice,40,49,15,64,146,Cash,NEWCUSTOMER,4
2190,2025-02-05 00:00:00,CUST0998, John Garcia,Returning,Interior Detail,youtube,Charlotte,Punta Gorda,90,92,15,107,146,Card,,3
2191,2025-03-25 00:00:00,CUST0678,Liam Smith ,Returning,Basic Wash,Word of Mouth,Charlotte,Punta Gorda,40,38,0,38,55,Cash App,SUMMER10,5
2192,2025-09-20 00:00:00,CUST0732,Liam  Smith,New,Premium Wash,tiktok,Charlotte,Punta Gorda,70,82,15,97,36,Card,SUMMER10,4
2193,2025-11-06 00:00:00,CUST0263,MARY MARTINEZ,Returning,Ceramic Coating,Tik tok,Sarasota,Venice,350,387,0,387,157,cash ,NEWCUSTOMER,4
2194,2025-06-21 00:00:00,CUST0481, Lewis Wilson,Returning,Full Detail,TikTok,Sarasota,Sarasota,150,155,10,165,116,Zelle,,5
2195,2025-06-22 00:00:00,CUST0205, Alex Smith,Returning,Interior Detail,TikTok,Sarasota,Venice,90,95,10,105,152,CARD,,4
2196,2025-12-28 00:00:00,CUST0584, Mary Taylor,Returning,Full Detail,Tik tok,Sarasota,Sarasota,150,165,10,175,134,Cash App,SUMMER10,5
2197,2025-02-16 00:00:00,CUST0143, Olivia Brown,New,Interior Detail,referral,Charlotte,Punta Gorda,90,90,10,100,173,Card,NEWCUSTOMER,4
2198,2025-05-21 00:00:00,CUST0397,Liam Brown ,Returning,Basic Wash,YouTube,Sarasota,Sarasota,40,40,0,40,96,Cash App,,5
2199,2025-04-28 00:00:00,CUST0651,Noah  Anderson,Returning,Premium Wash,Tik tok,Sarasota,Sarasota,70,68,20,88,121,cash ,,4
2200,2025-10-04 00:00:00,CUST0996, Mary Garcia,New,Basic Wash,FB,Sarasota,Venice,40,46,0,46,109,Card,SUMMER10,4
2201,2025-08-02 00:00:00,CUST0923,Ava Davis,Returning,Full Detail,,Charlotte,Port Charlotte,150,165,20,185,129,CARD,NEWCUSTOMER,5
2202,2025-08-08 00:00:00,CUST0673,Sofia Smith,New,Ceramic Coating,Insta,Sarasota,Sarasota,350,385,5,390,109,Cash,SUMMER10,4
2203,2025-01-26 00:00:00,CUST0627,Alex  Martinez,Returning,Basic Wash,referral,Sarasota,Venice,40,45,0,45,110,Cash App,NEWCUSTOMER,
2204,2025-01-09 00:00:00,CUST1197,Ava Johnson,Returning,Basic Wash,TIKTOK,Sarasota,Venice,40,40,5,45,131,Cash App,SUMMER10,4
2205,2025-09-28 00:00:00,CUST0313,JOHN DAVIS,Returning,Interior Detail,FACEBOOK,Sarasota,Sarasota,90,94,5,99,67,Card,,5
2206,2025-01-10 00:00:00,CUST1159,EMMA SMITH,Returning,Interior Detail,Instagram ,Charlotte,Port Charlotte,90,88,20,108,140,Card,,
2207,2025-05-01 00:00:00,CUST1161,OLIVIA MARTINEZ,Returning,Interior Detail,FB,Charlotte,Port Charlotte,90,88,15,103,170,Zelle,VIP ,
2208,2025-05-05 00:00:00,CUST0747,Sofia Smith,New,Interior Detail,Insta,Sarasota,Venice,90,$88.00,20,108,165,cash ,,5
2209,2025-06-19 00:00:00,CUST0648,Alex  Taylor,Returning,Interior Detail,youtube,Charlotte,Port Charlotte,90,95,0,95,103,CARD,,5
2210,2025-03-13 00:00:00,CUST0878, Noah Garcia,Returning,Interior Detail,TikTok,Sarasota,Sarasota,90,90,0,90,146,cash ,,4
2211,2025-06-01 00:00:00,CUST0346,Ava Taylor ,Returning,Full Detail,YOUTUBE ,Sarasota,Sarasota,150,155,0,155,49,Zelle,,5
2212,2025-07-27 00:00:00,CUST0010, Liam Martinez,Returning,Premium Wash,Instagram,Charlotte,Punta Gorda,70,79,10,89,62,cash ,,4
2213,2025-02-18 00:00:00,CUST0642,EMMA DAVIS,Returning,Interior Detail,TikTok,Charlotte,Port Charlotte,90,92,0,92,96,Cash,VIP ,4
2214,2025-06-03 00:00:00,CUST0505, Mary Miller,Returning,Ceramic Coating,TikTok,Sarasota,North Port,350,345,20,365,136,CARD,NEWCUSTOMER,5
2215,2025-12-13 00:00:00,CUST0454,Alex  Johnson,Returning,Full Detail,Instagram,Sarasota,North Port,150,163,0,163,61,Cash,,3
2216,2025-10-20 00:00:00,CUST0894,Olivia Smith ,New,Ceramic Coating,FaceBook ,Sarasota,Sarasota,350,387,0,387,179,Cash,,4
2217,2025-03-09 00:00:00,CUST0567,lewis miller,Returning,Premium Wash,FaceBook ,Charlotte,Punta Gorda,70,$68.00,10,78,143,cash ,,5
2218,2025-02-19 00:00:00,CUST0737,Emma  Brown,Returning,Full Detail,instagram,Charlotte,Port Charlotte,150,152,10,162,162,Cash App,,4
2219,2025-06-01 00:00:00,CUST0276, Liam Miller,Returning,Interior Detail,tiktok,Sarasota,Venice,90,90,20,110,57,CARD,SUMMER10,3
2219,2025-06-01 00:00:00,CUST0276, Liam Miller,Returning,Interior Detail,tiktok,Sarasota,Venice,90,90,20,110,57,CARD,SUMMER10,3
2220,2025-01-19 00:00:00,CUST0680,ava martinez,Returning,Interior Detail,Instagram ,Charlotte,Port Charlotte,90,85,15,100,110,cash ,,
2221,2025-04-10 00:00:00,CUST0983,Ava Miller,Returning,Premium Wash,instagram,Sarasota,Sarasota,70,68,20,88,48,Venmo,VIP ,4
2222,2025-03-01 00:00:00,CUST0948,Alex Johnson,New,Full Detail,TikTok,Charlotte,Punta Gorda,150,150,20,170,122,Venmo,,5
2223,2025-06-16 00:00:00,CUST0913,alex martinez,Returning,Basic Wash,YOUTUBE ,Sarasota,Venice,40,35,0,35,119,Zelle,VIP ,
2224,2025-07-21 00:00:00,CUST0735,Liam  Wilson,Returning,Full Detail,Instagram ,Charlotte,Port Charlotte,150,167,0,167,83,Zelle,VIP ,
2225,2025-12-11 00:00:00,CUST0626,Mary  Johnson,Returning,Ceramic Coating,Word of Mouth,Sarasota,Venice,350,390,5,395,151,CARD,,5
2226,2025-05-26 00:00:00,CUST0998,Ava Garcia,Returning,Basic Wash,Youtube,Charlotte,Punta Gorda,40,40,5,45,106,Zelle,VIP ,
2227,2025-06-13 00:00:00,CUST1130,John  Taylor,Returning,Interior Detail,instagram,Charlotte,Punta Gorda,90,95,15,110,81,Venmo,,4
2228,2025-08-30 00:00:00,CUST0223,John  Martinez,New,Ceramic Coating,Tik tok,Sarasota,North Port,350,385,20,405,31,Cash,NEWCUSTOMER,4
2229,2025-03-10 00:00:00,CUST0360,MARY GARCIA,Returning,Premium Wash,Word of Mouth,Charlotte,Port Charlotte,70,65,5,70,152,Venmo,VIP ,3
2230,2025-06-24,CUST0168,LEWIS MILLER,Returning,Basic Wash,YouTube,Sarasota,North Port,40,45,0,45,115,Cash,,
2231,2025-02-18 00:00:00,CUST0575,Alex  Taylor,Returning,Interior Detail,,Sarasota,North Port,90,95,0,95,147,cash ,SUMMER10,
2232,2025-04-18 00:00:00,CUST0287,Noah Brown,Returning,Premium Wash,FACEBOOK,Charlotte,Port Charlotte,70,$68.00,15,83,43,CARD,VIP ,4
2233,2025-08-14 00:00:00,CUST1104, Alex Anderson,Returning,Premium Wash,YOUTUBE ,Charlotte,Punta Gorda,70,72,0,72,112,Cash,SUMMER10,4
2234,2025-06-10 00:00:00,CUST0403,John Davis ,Returning,Basic Wash,Tik tok,Charlotte,Port Charlotte,40,40,10,50,44,Cash,SUMMER10,5
2235,2025-04-29 00:00:00,CUST0540,Noah Miller,Returning,Ceramic Coating,FaceBook ,Charlotte,Punta Gorda,350,355,10,365.0,150,Zelle,NEWCUSTOMER,3
2236,2025-05-29 00:00:00,CUST0157,Liam Miller,New,Full Detail,FB,Sarasota,North Port,150,145,0,145,68,Zelle,VIP ,3
2237,2025-05-30 00:00:00,CUST0155,Noah  Anderson,Returning,Interior Detail,Youtube,Sarasota,North Port,90,88,5,93,146,cash ,NEWCUSTOMER,3
2238,2025-10-20,CUST0039,LEWIS WILSON,New,Ceramic Coating,Facebook,Charlotte,Port Charlotte,350,390,0,390,142,Zelle,,4
2239,2025-05-23 00:00:00,CUST1039,Mary Garcia,Returning,Interior Detail,Referral,Charlotte,Port Charlotte,90,90,20,110,144,Zelle,,3
2240,2025-06-09 00:00:00,CUST0064,JOHN TAYLOR,Returning,Premium Wash,YouTube,Charlotte,Punta Gorda,70,70,10,80,50,Cash App,VIP ,4
2241,2025-01-11 00:00:00,CUST1192,Liam  Johnson,Returning,Premium Wash,Referral,Charlotte,Port Charlotte,70,65,5,70.0,46,Card,SUMMER10,5
2242,2025-05-18 00:00:00,CUST1186,LIAM JOHNSON,New,Ceramic Coating,Insta,Charlotte,Punta Gorda,350,350,5,355,45,Cash,NEWCUSTOMER,
2243,2025-03-19 00:00:00,CUST0830,Ava Smith,Returning,Ceramic Coating,YouTube,Charlotte,Port Charlotte,350,355,10,365,71,Zelle,NEWCUSTOMER,3
2244,2025-03-18 00:00:00,CUST0436,Noah Johnson,New,Interior Detail,tiktok,Sarasota,Sarasota,90,85,20,105,139,cash ,SUMMER10,4
2245,2025-09-11 00:00:00,CUST0076,LIAM BROWN,Returning,Interior Detail,Facebook,Charlotte,Punta Gorda,90,104,20,124,162,Cash App,,4
2246,2025-09-15 00:00:00,CUST1130,Mary Martinez,Returning,Basic Wash,Insta,Charlotte,Punta Gorda,40,39,0,39,89,Cash App,NEWCUSTOMER,5
2247,2025-11-16 00:00:00,CUST0534, Ava Garcia,Returning,Full Detail,tiktok,Sarasota,Venice,150,165,20,185,97,Venmo,,5
2247,2025-11-16 00:00:00,CUST0534, Ava Garcia,Returning,Full Detail,tiktok,Sarasota,Venice,150,165,20,185,97,Venmo,,5
2248,2025-10-18 00:00:00,CUST1114,Alex Wilson ,Returning,Premium Wash,FaceBook ,Sarasota,North Port,70,75,15,90,97,Cash App,SUMMER10,5
2249,2025-09-20 00:00:00,CUST1106,lewis anderson,Returning,Interior Detail,youtube,Sarasota,North Port,90,$99.00,20,119,80,Cash,,4
2250,2025-03-26 00:00:00,CUST0967,emma martinez,Returning,Interior Detail,YouTube,Charlotte,Punta Gorda,90,$85.00,15,100,83,Card,,3
2251,2025-05-26 00:00:00,CUST0305,Sofia  Garcia,Returning,Premium Wash,youtube,Charlotte,Port Charlotte,70,75,0,75,86,Card,,4
2252,2025-11-19 00:00:00,CUST0750,Emma Smith,Returning,Ceramic Coating,instagram,Charlotte,Port Charlotte,350,380,0,380,155,cash ,VIP ,5
2253,2025-02-11 00:00:00,CUST0804, Liam Brown,Returning,Ceramic Coating,FACEBOOK,Sarasota,North Port,350,350,10,360,40,cash ,,
2254,2025-05-05 00:00:00,CUST0458,Sofia Davis,Returning,Premium Wash,YOUTUBE ,Sarasota,Venice,70,75,15,90,122,Zelle,,4
2255,2025-06-16 00:00:00,CUST0596,mary martinez,Returning,Full Detail,Referral,Sarasota,North Port,150,150,0,150.0,125,Venmo,,5
2256,2025-08-29 00:00:00,CUST0275,Liam  Anderson,Returning,Full Detail,tiktok,Charlotte,Punta Gorda,150,165,10,175,116,Cash App,SUMMER10,
2256,2025-08-29 00:00:00,CUST0275,Liam  Anderson,Returning,Full Detail,tiktok,Charlotte,Punta Gorda,150,165,10,175,116,Cash App,SUMMER10,
2257,2025-10-07 00:00:00,CUST0952,Ava  Anderson,New,Interior Detail,Facebook,Charlotte,Punta Gorda,90,97,0,97,159,Cash,,3
2258,2025-07-07 00:00:00,CUST1027,Lewis Martinez,Returning,Interior Detail,YOUTUBE ,Charlotte,Punta Gorda,90,97,10,107,154,Card,VIP ,4
2259,2025-10-29 00:00:00,CUST1046,Ava Davis,Returning,Full Detail,Insta,Charlotte,Punta Gorda,150,165,0,165,98,Card,NEWCUSTOMER,3
2260,2025-01-19 00:00:00,CUST0186,John  Davis,Returning,Ceramic Coating,Youtube,Sarasota,Venice,350,352,5,357,97,Venmo,NEWCUSTOMER,5
2261,2025-03-09 00:00:00,CUST0813,Emma Wilson,Returning,Basic Wash,YOUTUBE ,Sarasota,North Port,40,40,10,50,77,Venmo,,3
2262,2025-08-06 00:00:00,CUST0746,NOAH TAYLOR,Returning,Premium Wash,Instagram ,Charlotte,Port Charlotte,70,77,20,97,38,Cash,,3
2263,2025-04-12 00:00:00,CUST1029,Mary Johnson,Returning,Ceramic Coating,FB,Charlotte,Port Charlotte,350,352,0,352,128,cash ,,3
2264,2025-02-11 00:00:00,CUST0022,LIAM GARCIA,Returning,Ceramic Coating,YouTube,Sarasota,Sarasota,350,355,15,370,115,Venmo,,
2265,2025-10-15 00:00:00,CUST0490,Mary Taylor,New,Full Detail,YOUTUBE ,Charlotte,Punta Gorda,150,165,15,180,84,Cash App,NEWCUSTOMER,5
2266,2025-06-16 00:00:00,CUST0340, Alex Johnson,Returning,Interior Detail,Instagram ,Sarasota,North Port,90,$90.00,20,110,161,Cash,NEWCUSTOMER,4
2267,2025-04-19 00:00:00,CUST1053,AVA WILSON,Returning,Basic Wash,referral,Sarasota,Sarasota,40,35,10,45,70,cash ,,4
2268,2025-02-05 00:00:00,CUST0288, Emma Anderson,Returning,Interior Detail,Facebook,Sarasota,Venice,90,88,0,88,92,Zelle,,4
2269,2025-08-20 00:00:00,CUST0914, Mary Anderson,Returning,Interior Detail,,Charlotte,Port Charlotte,90,97,0,97,146,Cash,,4
2270,2025-08-17,CUST0327,alex brown,Returning,Premium Wash,FB,Sarasota,Venice,70,77,0,77,46,Zelle,VIP ,4
2271,2025-12-19 00:00:00,CUST0367,Noah Taylor ,Returning,Ceramic Coating,YouTube,Charlotte,Punta Gorda,350,385,0,385,31,Cash,VIP ,4
2272,2025-06-13 00:00:00,CUST1160,Noah  Miller,Returning,Interior Detail,Insta,Sarasota,Venice,90,85,15,100,176,Cash App,,5
2273,2025-03-14 00:00:00,CUST1159,mary wilson,Returning,Basic Wash,Instagram,Charlotte,Port Charlotte,40,40,5,45,177,Cash,,4
2274,2025-05-16 00:00:00,CUST0300,JOHN WILSON,Returning,Premium Wash,Word of Mouth,Charlotte,Punta Gorda,70,65,0,65,180,Cash,VIP ,4
2275,2025-12-19 00:00:00,CUST0991,lewis miller,New,Premium Wash,,Sarasota,Venice,70,82,5,87.0,162,Zelle,,4
2276,2025-03-11 00:00:00,CUST0735,John  Johnson,Returning,Premium Wash,Instagram ,Charlotte,Port Charlotte,70,75,10,85,126,CARD,SUMMER10,4
2277,2025-07-15 00:00:00,CUST0083,Lewis  Davis,Returning,Interior Detail,Referred,Sarasota,Sarasota,90,99,20,119,160,CARD,VIP ,
2278,26-09-2025,CUST0449,Liam Taylor,Returning,Full Detail,Instagram,Charlotte,Port Charlotte,150,165,15,180,56,cash ,VIP ,3
2279,2025-02-18 00:00:00,CUST0999,John Garcia ,Returning,Full Detail,instagram,Sarasota,Sarasota,150,150,20,170,151,Cash,SUMMER10,4
2280,2025-11-12 00:00:00,CUST0475,liam wilson,Returning,Interior Detail,Word of Mouth,Sarasota,North Port,90,99,20,119,167,Cash,,
2281,2025-05-10 00:00:00,CUST0129,LEWIS JOHNSON,Returning,Interior Detail,Tik tok,Charlotte,Port Charlotte,90,88,10,98,102,CARD,,4
2282,05-01-2025,CUST0542,Emma Martinez,Returning,Premium Wash,facebook,Sarasota,Venice,70,65,5,70.0,105,Zelle,,3
2283,2025-01-27 00:00:00,CUST0757,ALEX TAYLOR,Returning,Full Detail,,Sarasota,Venice,150,$150.00,10,160,64,Card,SUMMER10,
2284,2025-06-09 00:00:00,CUST0480,Noah Garcia ,Returning,Basic Wash,youtube,Charlotte,Port Charlotte,40,45,0,45,163,Cash,,4
2285,2025-05-29 00:00:00,CUST0088,MARY MILLER,Returning,Premium Wash,,Sarasota,North Port,70,70,0,70,112,Cash App,,
2286,21-09-2025,CUST0424,mary davis,Returning,Full Detail,YouTube,Sarasota,Sarasota,150,165,20,185,98,cash ,NEWCUSTOMER,5
2287,2025-08-18 00:00:00,CUST1061,Alex Taylor ,Returning,Ceramic Coating,Instagram ,Sarasota,Sarasota,350,390,0,390,56,Cash App,VIP ,3
2288,2025-07-19 00:00:00,CUST0740,Liam Martinez ,Returning,Full Detail,Referred,Charlotte,Port Charlotte,150,165,5,170,126,Card,,4
2289,2025-02-19 00:00:00,CUST0795,Emma Wilson,Returning,Premium Wash,tiktok,Charlotte,Port Charlotte,70,72,15,87,178,Zelle,NEWCUSTOMER,5
2290,2025-03-08 00:00:00,CUST0962,Emma Brown,Returning,Premium Wash,facebook,Sarasota,North Port,70,72,5,77,69,Card,,
2291,2025-10-27 00:00:00,CUST0932, Liam Miller,Returning,Ceramic Coating,Facebook,Sarasota,Sarasota,350,387,5,392.0,39,Venmo,,5
2292,2025-02-27 00:00:00,CUST0096,John  Johnson,Returning,Basic Wash,FACEBOOK,Sarasota,Sarasota,40,38,15,53,173,cash ,VIP ,4
2293,2025-09-16 00:00:00,CUST0082, Olivia Smith,Returning,Interior Detail,Instagram,Sarasota,Venice,90,94,0,94,155,CARD,SUMMER10,3
2294,2025-12-08 00:00:00,CUST0664, Olivia Miller,New,Interior Detail,Referral,Sarasota,Venice,90,97,10,107,160,Cash App,,4
2295,2025-11-22 00:00:00,CUST0212,alex davis,Returning,Ceramic Coating,facebook,Sarasota,Sarasota,350,385,15,400,71,Card,VIP ,4
2296,2025-05-10 00:00:00,CUST1068,Noah  Martinez,Returning,Basic Wash,FB,Charlotte,Port Charlotte,40,42,5,47,40,Venmo,,4
2297,2025-08-03 00:00:00,CUST0561,Liam  Johnson,Returning,Premium Wash,referral,Sarasota,North Port,70,79,10,89,159,Cash App,VIP ,4
2297,2025-08-03 00:00:00,CUST0561,Liam  Johnson,Returning,Premium Wash,referral,Sarasota,North Port,70,79,10,89,159,Cash App,VIP ,4
2298,2025-06-21 00:00:00,CUST0540,Olivia  Garcia,Returning,Premium Wash,facebook,Charlotte,Punta Gorda,70,68,20,88,139,Cash App,,5
2299,2025-09-15 00:00:00,CUST1186,noah anderson,Returning,Interior Detail,instagram,Charlotte,Punta Gorda,90,104,20,124,153,cash ,,5
2300,2025-04-12 00:00:00,CUST1115,LEWIS JOHNSON,Returning,Ceramic Coating,Instagram ,Sarasota,North Port,350,350,20,370,88,Venmo,,4
2301,2025-07-28 00:00:00,CUST1168,Alex Davis ,Returning,Full Detail,Instagram,Sarasota,North Port,150,$167.00,5,172,166,Card,SUMMER10,3
2302,2025-10-18 00:00:00,CUST0357,Olivia  Anderson,Returning,Basic Wash,Instagram,Sarasota,North Port,40,44,20,64,170,Cash,SUMMER10,4
2303,2025-12-20 00:00:00,CUST0772,Lewis Garcia ,Returning,Ceramic Coating,YouTube,Charlotte,Punta Gorda,350,390,20,410,39,Venmo,VIP ,5
2304,2025-10-13 00:00:00,CUST0776,Ava  Miller,Returning,Premium Wash,YOUTUBE ,Sarasota,North Port,70,77,0,77,81,Cash,NEWCUSTOMER,4
2305,2025-04-26 00:00:00,CUST0749,LIAM MILLER,Returning,Interior Detail,tiktok,Charlotte,Punta Gorda,90,85,0,85,88,Zelle,,
2306,2025-09-21 00:00:00,CUST0160,Olivia  Brown,Returning,Ceramic Coating,YOUTUBE ,Sarasota,Sarasota,350,380,0,380,82,Card,VIP ,
2307,2025-05-30 00:00:00,CUST1059,John Brown,Returning,Interior Detail,referral,Charlotte,Port Charlotte,90,95,15,110,158,Card,SUMMER10,5
2308,2025-10-27 00:00:00,CUST0516, Olivia Garcia,Returning,Full Detail,FB,Charlotte,Punta Gorda,150,165,0,165,33,Cash,SUMMER10,3
2309,2025-02-05 00:00:00,CUST0771,Liam  Anderson,Returning,Full Detail,Referral,Sarasota,Sarasota,150,150,0,150,167,Card,SUMMER10,5
2310,2025-11-29 00:00:00,CUST0457,LIAM JOHNSON,Returning,Ceramic Coating,Referral,Charlotte,Port Charlotte,350,383,10,393,77,cash ,NEWCUSTOMER,
2311,2025-10-14 00:00:00,CUST1058,Liam Davis,Returning,Basic Wash,FACEBOOK,Charlotte,Punta Gorda,40,44,20,64,72,Venmo,VIP ,4
2312,2025-10-30 00:00:00,CUST0832,Ava Garcia ,Returning,Full Detail,FaceBook ,Sarasota,North Port,150,167,0,167,37,cash ,,
2313,2025-11-07 00:00:00,CUST0723,NOAH BROWN,New,Basic Wash,FaceBook ,Charlotte,Port Charlotte,40,42,15,57,39,Zelle,SUMMER10,5
2314,2025-07-27 00:00:00,CUST0707,Noah  Smith,Returning,Full Detail,YouTube,Sarasota,North Port,150,163,10,173,63,cash ,,4
2315,2025-04-16 00:00:00,CUST0998, Noah Taylor,Returning,Full Detail,YouTube,Charlotte,Punta Gorda,150,150,5,155,151,CARD,VIP ,5
2316,2025-06-07 00:00:00,CUST0988,Sofia Martinez ,New,Full Detail,Referred,Sarasota,North Port,150,145,5,150,159,cash ,SUMMER10,4
2317,2025-05-01 00:00:00,CUST0014,OLIVIA GARCIA,Returning,Basic Wash,YOUTUBE ,Sarasota,Sarasota,40,42,20,62,161,Zelle,NEWCUSTOMER,5
2318,2025-02-24 00:00:00,CUST1028,John Brown,New,Premium Wash,YouTube,Sarasota,Venice,70,70,10,80,129,cash ,NEWCUSTOMER,
2319,2025-01-12 00:00:00,CUST0285,Ava Garcia,Returning,Premium Wash,Referral,Sarasota,Sarasota,70,70,0,70.0,135,Card,NEWCUSTOMER,5
2320,2025-05-25 00:00:00,CUST0901, Mary Smith,Returning,Basic Wash,,Sarasota,Sarasota,40,42,5,47,126,cash ,,4
2321,2025-05-16 00:00:00,CUST0340,Ava Garcia,Returning,Ceramic Coating,instagram,Sarasota,North Port,350,348,0,348,50,Card,VIP ,5
2322,2025-01-03 00:00:00,CUST0472,liam davis,Returning,Interior Detail,Instagram ,Charlotte,Punta Gorda,90,90,10,100,111,Cash App,,4
2323,2025-05-24 00:00:00,CUST0158,Liam Garcia,Returning,Basic Wash,Tik tok,Sarasota,Venice,40,40,10,50,110,Cash,NEWCUSTOMER,5
2324,2025-01-30 00:00:00,CUST1054,Noah  Smith,Returning,Interior Detail,Facebook,Sarasota,Sarasota,90,88,10,98,50,Card,,4
2325,2025-08-25 00:00:00,CUST0576,Emma Garcia ,Returning,Ceramic Coating,YOUTUBE ,Charlotte,Port Charlotte,350,385,10,395,114,Venmo,,4
2326,2025-10-06 00:00:00,CUST0434, Ava Davis,Returning,Premium Wash,FB,Sarasota,North Port,70,82,15,97,109,cash ,SUMMER10,
2327,2025-12-14 00:00:00,CUST0308,lewis smith,Returning,Ceramic Coating,Referred,Sarasota,Sarasota,350,387,5,392,39,cash ,,5
2328,2025-04-25 00:00:00,CUST0383,Ava Miller,Returning,Full Detail,Youtube,Sarasota,North Port,150,152,0,152,44,Zelle,VIP ,5
2329,2025-04-14 00:00:00,CUST0323,Alex Martinez ,Returning,Interior Detail,Insta,Sarasota,Sarasota,90,90,0,90,37,cash ,NEWCUSTOMER,4
2330,2025-04-28 00:00:00,CUST0742,Emma Johnson,New,Full Detail,instagram,Charlotte,Port Charlotte,150,155,20,175,48,CARD,,
2331,2025-01-05 00:00:00,CUST0243,noah wilson,Returning,Premium Wash,TIKTOK,Charlotte,Punta Gorda,70,75,5,80,63,cash ,,3
2332,2025-12-26 00:00:00,CUST0472,AVA GARCIA,Returning,Interior Detail,Insta,Charlotte,Punta Gorda,90,99,0,99,36,Card,NEWCUSTOMER,3
2333,2025-09-05 00:00:00,CUST0850, Noah Anderson,New,Full Detail,YOUTUBE ,Sarasota,Sarasota,150,$165.00,15,180,99,Zelle,SUMMER10,3
2334,2025-12-30 00:00:00,CUST0677,JOHN TAYLOR,Returning,Basic Wash,Referred,Sarasota,Sarasota,40,46,5,51,91,Zelle,,3
2335,2025-11-17 00:00:00,CUST0233,Noah Johnson,Returning,Interior Detail,youtube,Charlotte,Punta Gorda,90,104,10,114,68,Zelle,,3
2336,2025-05-01 00:00:00,CUST0987,John Miller ,Returning,Premium Wash,FB,Sarasota,North Port,70,72,5,77.0,61,Zelle,,4
2337,2025-10-13 00:00:00,CUST0981,Olivia Wilson,Returning,Ceramic Coating,Facebook,Sarasota,Venice,350,390,15,405,125,Cash App,SUMMER10,4
2338,2025-05-29 00:00:00,CUST0982,Noah Miller,Returning,Full Detail,tiktok,Charlotte,Punta Gorda,150,$150.00,20,170,152,Venmo,SUMMER10,4
2339,2025-03-25,CUST0432, Noah Miller,Returning,Basic Wash,YOUTUBE ,Sarasota,North Port,40,40,0,40,89,Cash,,3
2340,2025-08-19 00:00:00,CUST0331,Lewis Taylor ,New,Ceramic Coating,YouTube,Sarasota,Venice,350,385,10,395,133,cash ,,4
2341,2025-10-15 00:00:00,CUST0842,olivia davis,Returning,Interior Detail,youtube,Charlotte,Punta Gorda,90,94,0,94,63,Cash,NEWCUSTOMER,
2342,2025-06-10 00:00:00,CUST0046,ALEX SMITH,New,Ceramic Coating,FACEBOOK,Charlotte,Punta Gorda,350,345,20,365,36,Card,SUMMER10,3
2343,2025-09-29 00:00:00,CUST0500,EMMA BROWN,Returning,Ceramic Coating,YouTube,Sarasota,Sarasota,350,383,0,383,85,Cash,,5
2344,2025-02-07 00:00:00,CUST0089,Alex Wilson ,New,Full Detail,Word of Mouth,Charlotte,Punta Gorda,150,152,0,152,136,Venmo,VIP ,
2345,2025-08-14 00:00:00,CUST0262,Lewis Martinez ,New,Premium Wash,tiktok,Charlotte,Port Charlotte,70,72,15,87,53,cash ,SUMMER10,4
2346,2025-05-22 00:00:00,CUST1175,John Miller,New,Basic Wash,youtube,Charlotte,Punta Gorda,40,45,5,50,136,Zelle,,5
2347,2025-10-19 00:00:00,CUST0330,Emma Garcia ,Returning,Premium Wash,TIKTOK,Sarasota,North Port,70,77,5,82,139,Cash App,,
2348,2025-05-31 00:00:00,CUST0276, Mary Taylor,Returning,Full Detail,TIKTOK,Sarasota,Venice,150,150,20,170,107,Zelle,,5
2349,2025-04-24 00:00:00,CUST1050, Noah Brown,Returning,Interior Detail,tiktok,Charlotte,Punta Gorda,90,88,20,108,117,Cash App,SUMMER10,
2350,2025-08-25 00:00:00,CUST0081,Lewis Smith ,Returning,Full Detail,,Sarasota,Venice,150,165,0,165,48,Cash App,,
2351,2025-03-07 00:00:00,CUST1173,Lewis  Davis,Returning,Interior Detail,referral,Sarasota,North Port,90,85,20,105.0,118,CARD,,4
2352,2025-12-27 00:00:00,CUST0301,alex martinez,New,Ceramic Coating,facebook,Charlotte,Port Charlotte,350,385,20,405,85,Venmo,,4
2353,2025-12-07 00:00:00,CUST0115, John Smith,Returning,Ceramic Coating,instagram,Sarasota,Sarasota,350,380,5,385,112,Card,VIP ,
2354,2025-09-15 00:00:00,CUST0341,lewis miller,Returning,Premium Wash,Referred,Sarasota,Sarasota,70,79,0,79.0,36,Cash App,NEWCUSTOMER,5
2355,2025-09-06 00:00:00,CUST0529,EMMA DAVIS,Returning,Premium Wash,Instagram ,Charlotte,Punta Gorda,70,79,15,94,107,Cash App,SUMMER10,4
2356,2025-11-27 00:00:00,CUST0369,LIAM ANDERSON,Returning,Basic Wash,Facebook,Sarasota,Sarasota,40,46,0,46,119,Venmo,SUMMER10,3
2357,2025-11-19 00:00:00,CUST1059,olivia anderson,Returning,Full Detail,Referred,Charlotte,Port Charlotte,150,163,0,163,160,Cash,VIP ,3
2358,2025-06-29 00:00:00,CUST0831,emma davis,Returning,Interior Detail,FB,Charlotte,Punta Gorda,90,90,10,100,34,Cash App,,4
2359,07/09/2025,CUST1155,Ava Anderson,Returning,Interior Detail,Word of Mouth,Sarasota,Venice,90,101,5,106,145,Cash App,,5
2360,2025-06-03 00:00:00,CUST0039, Noah Garcia,Returning,Full Detail,Facebook,Charlotte,Port Charlotte,150,150,15,165,83,CARD,SUMMER10,5
2361,2025-07-15 00:00:00,CUST0581,Mary Taylor ,Returning,Basic Wash,facebook,Sarasota,North Port,40,49,0,49.0,152,Cash,NEWCUSTOMER,
2362,2025-11-07 00:00:00,CUST0176,ava garcia,Returning,Ceramic Coating,referral,Sarasota,Venice,350,390,20,410,48,cash ,,4
2363,2025-09-19 00:00:00,CUST0444,Emma  Brown,New,Interior Detail,TIKTOK,Sarasota,North Port,90,97,5,102,143,Cash App,,4
2363,2025-09-19 00:00:00,CUST0444,Emma  Brown,New,Interior Detail,TIKTOK,Sarasota,North Port,90,97,5,102,143,Cash App,,4
2364,2025-05-23 00:00:00,CUST0920,mary martinez,Returning,Basic Wash,YOUTUBE ,Sarasota,North Port,40,45,0,45,164,Zelle,,5
2365,2025-12-08 00:00:00,CUST0966,Alex  Anderson,New,Basic Wash,TIKTOK,Sarasota,Sarasota,40,46,0,46,126,Card,,4
2366,2025-11-12 00:00:00,CUST0987,John Davis ,Returning,Basic Wash,FaceBook ,Sarasota,North Port,40,39,0,39,127,Cash App,,4
2367,2025-04-11 00:00:00,CUST0350, Lewis Wilson,Returning,Full Detail,Facebook,Charlotte,Port Charlotte,150,148,15,163,36,Venmo,NEWCUSTOMER,
2368,2025-09-01 00:00:00,CUST0450,Olivia Taylor,Returning,Interior Detail,YOUTUBE ,Charlotte,Punta Gorda,90,101,10,111,124,Card,VIP ,4
2369,2025-01-12 00:00:00,CUST0842,Ava  Taylor,Returning,Ceramic Coating,YOUTUBE ,Charlotte,Punta Gorda,350,345,15,360,35,Card,VIP ,3
2370,2025-08-27 00:00:00,CUST0293,Lewis Miller,Returning,Basic Wash,social,Charlotte,Port Charlotte,40,44,0,44,110,CARD,NEWCUSTOMER,5
2371,2025-02-18 00:00:00,CUST1194,Sofia Taylor ,Returning,Interior Detail,Word of Mouth,Charlotte,Port Charlotte,90,90,10,100,97,Venmo,,4
2372,2025-02-11 00:00:00,CUST0373,Alex Johnson ,Returning,Premium Wash,TIKTOK,Charlotte,Port Charlotte,70,65,5,70,79,Venmo,,3
2373,2025-06-15 00:00:00,CUST1047,Liam  Davis,Returning,Ceramic Coating,Referred,Sarasota,Venice,350,355,15,370.0,33,Cash,,
2374,2025-03-23 00:00:00,CUST0542,Olivia  Johnson,Returning,Full Detail,FaceBook ,Sarasota,Venice,150,148,0,148,53,cash ,NEWCUSTOMER,5
2375,2025-10-18 00:00:00,CUST0344,Alex Davis ,Returning,Premium Wash,,Sarasota,North Port,70,77,0,77,62,Card,VIP ,4
2376,2025-06-07 00:00:00,CUST0702,OLIVIA MILLER,Returning,Interior Detail,FaceBook ,Sarasota,Sarasota,90,90,0,90,108,Venmo,NEWCUSTOMER,4
2377,2025-08-04 00:00:00,CUST0929,Ava  Wilson,Returning,Full Detail,youtube,Sarasota,Sarasota,150,165,15,180,127,cash ,,3
2378,2025-06-07 00:00:00,CUST0141,JOHN TAYLOR,Returning,Full Detail,instagram,Sarasota,Sarasota,150,155,0,155,37,Cash App,VIP ,4
2379,2025-05-14 00:00:00,CUST0471,Lewis Wilson ,Returning,Premium Wash,Tik tok,Charlotte,Punta Gorda,70,68,0,68,87,Card,,
2380,2025-03-08 00:00:00,CUST0775,Alex  Taylor,Returning,Premium Wash,instagram,Sarasota,Sarasota,70,72,0,72,104,Venmo,,4
2381,2025-12-02 00:00:00,CUST0790,mary anderson,Returning,Basic Wash,FACEBOOK,Charlotte,Port Charlotte,40,46,0,46,166,CARD,,4
2382,2025-01-07 00:00:00,CUST0271,Alex  Garcia,Returning,Full Detail,Tik tok,Charlotte,Punta Gorda,150,152,5,157,93,CARD,,4
2383,2025-01-14 00:00:00,CUST0223,Sofia Brown ,Returning,Interior Detail,Tik tok,Sarasota,North Port,90,90,0,90.0,107,Zelle,,3
2384,2025-03-14 00:00:00,CUST0034,LEWIS MARTINEZ,Returning,Premium Wash,FaceBook ,Sarasota,North Port,70,72,0,72,180,Zelle,,3
2385,2025-06-12 00:00:00,CUST0415,LEWIS SMITH,Returning,Ceramic Coating,referral,Charlotte,Punta Gorda,350,350,10,360,130,Venmo,,5
2386,2025-03-07 00:00:00,CUST1071, Mary Davis,Returning,Interior Detail,referral,Charlotte,Punta Gorda,90,90,15,105,132,Card,,4
2387,2025-12-13 00:00:00,CUST1033,John Martinez ,Returning,Full Detail,Insta,Charlotte,Port Charlotte,150,160,0,160.0,113,CARD,VIP ,
2388,2025-05-10 00:00:00,CUST0860,Olivia Davis,Returning,Ceramic Coating,TIKTOK,Sarasota,Venice,350,355,0,355,93,cash ,NEWCUSTOMER,5
2389,2025-07-25 00:00:00,CUST0307,Mary Davis,Returning,Interior Detail,facebook,Charlotte,Punta Gorda,90,97,15,112,103,Cash App,,3
2390,2025-10-03 00:00:00,CUST0198,JOHN JOHNSON,Returning,Basic Wash,facebook,Sarasota,Sarasota,40,39,20,59,178,Cash App,SUMMER10,5
2391,2025-09-13 00:00:00,CUST0364,john johnson,Returning,Interior Detail,FACEBOOK,Sarasota,North Port,90,101,5,106,94,cash ,SUMMER10,3
2392,2025-09-23 00:00:00,CUST0975,OLIVIA GARCIA,Returning,Premium Wash,,Sarasota,Sarasota,70,79,15,94,31,cash ,NEWCUSTOMER,5
2393,2025-01-25 00:00:00,CUST0080, Mary Taylor,Returning,Premium Wash,instagram,Sarasota,North Port,70,72,10,82.0,41,Venmo,SUMMER10,4
2394,2025-10-08 00:00:00,CUST1089,john brown,New,Interior Detail,YOUTUBE ,Charlotte,Port Charlotte,90,101,0,101,145,Zelle,SUMMER10,3
2395,2025-09-10 00:00:00,CUST1031,Sofia Smith,Returning,Ceramic Coating,TikTok,Sarasota,North Port,350,387,0,387,160,CARD,,5
2396,2025-11-06 00:00:00,CUST0241,John Anderson,Returning,Basic Wash,FACEBOOK,Charlotte,Punta Gorda,40,42,10,52,32,Venmo,SUMMER10,5
2397,16-10-2025,CUST0191, Mary Taylor,Returning,Basic Wash,referral,Sarasota,Sarasota,40,44,0,44,98,Cash,SUMMER10,4
2398,2025-06-13 00:00:00,CUST0988,emma anderson,Returning,Premium Wash,Referred,Sarasota,North Port,70,75,10,85,173,CARD,NEWCUSTOMER,5
2399,2025-04-05 00:00:00,CUST0267,john taylor,Returning,Ceramic Coating,Referred,Charlotte,Port Charlotte,350,350,15,365,119,Venmo,VIP ,5
2400,2025-09-27 00:00:00,CUST1105,Ava Johnson ,Returning,Interior Detail,Youtube,Sarasota,Venice,90,99,20,119,85,Cash,VIP ,3
2401,2025-11-17 00:00:00,CUST0003,Ava  Smith,Returning,Full Detail,FB,Sarasota,Venice,150,160,20,180,99,Venmo,NEWCUSTOMER,3
2402,2025-04-20 00:00:00,CUST0884, Mary Anderson,Returning,Interior Detail,Referral,Charlotte,Punta Gorda,90,90,15,105,97,Cash,SUMMER10,5
2403,2025-12-02 00:00:00,CUST1070,Liam Anderson ,Returning,Basic Wash,Referral,Sarasota,North Port,40,$46.00,10,56,74,CARD,VIP ,5
2404,2025-11-06 00:00:00,CUST0862,olivia garcia,Returning,Interior Detail,Referral,Sarasota,Sarasota,90,99,0,99,35,Venmo,VIP ,3
2405,2025-08-26 00:00:00,CUST0759,Liam Garcia ,New,Full Detail,facebook,Sarasota,North Port,150,$167.00,20,187,36,Venmo,NEWCUSTOMER,
2406,2025-01-25 00:00:00,CUST0089,Lewis  Wilson,Returning,Interior Detail,referral,Charlotte,Punta Gorda,90,95,5,100,77,Cash,,3
2407,2025-05-21 00:00:00,CUST1086,olivia wilson,Returning,Interior Detail,Insta,Charlotte,Punta Gorda,90,90,15,105,42,Venmo,,4
2408,2025-04-27 00:00:00,CUST0879, Ava Smith,Returning,Interior Detail,referral,Sarasota,North Port,90,90,20,110,63,Cash,VIP ,3
2409,2025-01-25 00:00:00,CUST0470,alex brown,New,Ceramic Coating,YouTube,Sarasota,Sarasota,350,345,0,345,97,Cash,,5
2410,2025-03-20 00:00:00,CUST0988,EMMA MARTINEZ,Returning,Ceramic Coating,referral,Sarasota,North Port,350,350,5,355,126,Card,,4
2411,2025-03-09 00:00:00,CUST0781, Noah Garcia,Returning,Interior Detail,Word of Mouth,Sarasota,Sarasota,90,$92.00,15,107,152,cash ,,5
2412,2025-06-22 00:00:00,CUST0718,Ava  Garcia,Returning,Interior Detail,instagram,Sarasota,North Port,90,90,5,95,160,Cash App,NEWCUSTOMER,5
2413,2025-01-12 00:00:00,CUST1180,Ava  Martinez,Returning,Premium Wash,Tik tok,Charlotte,Punta Gorda,70,68,0,68,153,Cash,,4
2414,2025-10-15 00:00:00,CUST0201, Alex Taylor,Returning,Interior Detail,FB,Sarasota,Venice,90,99,5,104,174,Cash,VIP ,5
2415,2025-05-08 00:00:00,CUST0872,Noah  Wilson,New,Basic Wash,Tik tok,Sarasota,Sarasota,40,35,0,35,163,Venmo,SUMMER10,5
2416,2025-04-06 00:00:00,CUST0275, Sofia Davis,Returning,Ceramic Coating,tiktok,Charlotte,Punta Gorda,350,348,0,348,142,Venmo,,4
2417,2025-04-02 00:00:00,CUST0522,Noah  Johnson,Returning,Ceramic Coating,FB,Sarasota,Sarasota,350,348,10,358,159,Zelle,VIP ,5
2418,2025-05-21 00:00:00,CUST0978, Mary Wilson,Returning,Ceramic Coating,TikTok,Charlotte,Punta Gorda,350,$350.00,0,350,111,Cash App,,
2419,2025-01-31 00:00:00,CUST0477, Lewis Martinez,Returning,Interior Detail,Tik tok,Sarasota,Sarasota,90,85,20,105,65,CARD,NEWCUSTOMER,3
2420,2025-11-30 00:00:00,CUST0172,Liam Miller ,Returning,Ceramic Coating,Instagram ,Charlotte,Punta Gorda,350,380,0,380,88,Venmo,,4
2421,2025-01-20 00:00:00,CUST0581,Emma Anderson,Returning,Interior Detail,facebook,Sarasota,North Port,90,92,0,92,74,Cash App,,5
2422,2025-05-26 00:00:00,CUST1114, Ava Brown,Returning,Interior Detail,FaceBook ,Sarasota,North Port,90,88,0,88,115,Venmo,SUMMER10,4
2423,2025-11-12 00:00:00,CUST0837,John Wilson ,Returning,Ceramic Coating,,Charlotte,Punta Gorda,350,390,0,390,49,Card,,4
2424,2025-06-09 00:00:00,CUST0528,Mary  Davis,Returning,Premium Wash,Tik tok,Charlotte,Punta Gorda,70,68,10,78,123,Card,NEWCUSTOMER,4
2425,2025-12-15 00:00:00,CUST0388,Olivia  Brown,New,Interior Detail,Facebook,Sarasota,Venice,90,104,5,109.0,88,Card,VIP ,5
2426,2025-02-12 00:00:00,CUST0012,Emma  Garcia,Returning,Basic Wash,Tik tok,Sarasota,Venice,40,45,20,65,66,cash ,,5
2427,2025-09-11 00:00:00,CUST0015,JOHN SMITH,New,Full Detail,Facebook,Charlotte,Port Charlotte,150,160,0,160,59,CARD,VIP ,3
2428,2025-05-10 00:00:00,CUST1184,SOFIA MARTINEZ,Returning,Interior Detail,Referral,Charlotte,Port Charlotte,90,90,20,110,173,CARD,SUMMER10,5
2429,2025-03-01 00:00:00,CUST1071,JOHN SMITH,Returning,Interior Detail,Word of Mouth,Charlotte,Punta Gorda,90,92,-5,107,129,Cash App,,3
2430,2025-05-31 00:00:00,CUST0242,LEWIS SMITH,Returning,Full Detail,social,Sarasota,North Port,150,155,0,155,129,CARD,SUMMER10,3
2431,2025-10-14 00:00:00,CUST1065,Emma Anderson ,Returning,Interior Detail,Referred,Charlotte,Punta Gorda,90,101,20,121,39,Venmo,NEWCUSTOMER,4
2432,2025-01-05 00:00:00,CUST0015,Mary Taylor,Returning,Basic Wash,FACEBOOK,Charlotte,Port Charlotte,40,35,0,35,132,Venmo,,
2433,2025-09-23 00:00:00,CUST0769,alex smith,Returning,Ceramic Coating,tiktok,Charlotte,Port Charlotte,350,380,5,385,53,Zelle,SUMMER10,
2434,2025-12-11 00:00:00,CUST0421,emma garcia,Returning,Basic Wash,,Sarasota,Sarasota,40,49,20,69,63,Card,,4
2435,2025-05-10 00:00:00,CUST0647, Olivia Anderson,New,Basic Wash,Instagram,Charlotte,Punta Gorda,40,35,0,35,54,Card,NEWCUSTOMER,5
2436,2025-09-24 00:00:00,CUST0838,Noah  Johnson,Returning,Interior Detail,TIKTOK,Sarasota,Venice,90,97,15,112,71,cash ,SUMMER10,4
2437,2025-06-27,CUST0742,Emma Miller ,Returning,Ceramic Coating,Instagram,Charlotte,Port Charlotte,350,$352.00,10,362,146,Cash,,3
2438,2025-09-10 00:00:00,CUST0219,Emma Davis ,Returning,Premium Wash,Instagram,Sarasota,North Port,70,$77.00,0,77,78,Venmo,VIP ,
2439,2025-02-25 00:00:00,CUST0317,olivia wilson,New,Ceramic Coating,youtube,Charlotte,Port Charlotte,350,355,15,370,169,Zelle,VIP ,4
2440,2025-03-24 00:00:00,CUST0873,liam johnson,Returning,Premium Wash,instagram,Charlotte,Port Charlotte,70,68,0,68,165,Zelle,,5
2441,2025-04-09 00:00:00,CUST1199,MARY BROWN,Returning,Basic Wash,tiktok,Charlotte,Punta Gorda,40,45,5,50,54,CARD,,4
2442,2025-05-29 00:00:00,CUST0520,EMMA SMITH,New,Ceramic Coating,TIKTOK,Sarasota,Sarasota,350,355,20,375,88,cash ,,
2443,2025-11-25 00:00:00,CUST0536, Liam Wilson,Returning,Ceramic Coating,Insta,Sarasota,North Port,350,390,0,390,89,Cash App,NEWCUSTOMER,
2444,2025-06-05 00:00:00,CUST1098, Emma Smith,Returning,Interior Detail,youtube,Sarasota,Venice,90,92,5,97,153,Cash App,,3
2444,2025-06-05 00:00:00,CUST1098, Emma Smith,Returning,Interior Detail,youtube,Sarasota,Venice,90,92,5,97,153,Cash App,,3
2445,2025-07-09 00:00:00,CUST0868, Ava Garcia,Returning,Ceramic Coating,YouTube,Sarasota,Venice,350,385,15,400,47,Venmo,,4
2446,2025-09-20 00:00:00,CUST1157, Liam Davis,New,Interior Detail,social,Charlotte,Port Charlotte,90,104,5,109,127,Card,VIP ,5
2447,2025-03-21 00:00:00,CUST0749,JOHN MARTINEZ,Returning,Interior Detail,tiktok,Charlotte,Punta Gorda,90,95,0,95,56,Cash App,SUMMER10,
2448,2025-09-09 00:00:00,CUST0565,AVA DAVIS,Returning,Ceramic Coating,Instagram,Charlotte,Punta Gorda,350,385,20,405,42,cash ,,4
2449,2025-04-07 00:00:00,CUST0814,Sofia Brown ,Returning,Basic Wash,FACEBOOK,Sarasota,Venice,40,40,5,45,111,Cash App,,
2450,2025-09-17 00:00:00,CUST0418,Lewis Miller,Returning,Full Detail,TIKTOK,Sarasota,North Port,150,160,0,160,118,Cash,NEWCUSTOMER,
2451,2025-09-17 00:00:00,CUST0847,alex martinez,Returning,Premium Wash,Referred,Sarasota,Venice,70,82,20,102,49,Cash App,SUMMER10,5
2452,13-04-2025,CUST1131,Sofia Smith ,Returning,Interior Detail,facebook,Charlotte,Port Charlotte,90,88,10,98.0,159,Cash App,VIP ,
2453,2025-02-09 00:00:00,CUST1142,Lewis Brown,Returning,Ceramic Coating,,Sarasota,Sarasota,350,345,10,355,125,Cash,VIP ,3
2454,2025-09-30 00:00:00,CUST0989, Mary Garcia,Returning,Basic Wash,Instagram,Sarasota,North Port,40,44,20,64.0,73,Card,,5
2455,2025-04-11 00:00:00,CUST0367,Sofia Johnson,Returning,Basic Wash,YouTube,Charlotte,Punta Gorda,40,$40.00,20,60,40,Venmo,,4
2456,2025-12-25 00:00:00,CUST0759,Mary Garcia,Returning,Basic Wash,,Sarasota,North Port,40,44,5,49,143,CARD,NEWCUSTOMER,
2457,2025-11-04 00:00:00,CUST1146,mary martinez,Returning,Full Detail,TIKTOK,Charlotte,Punta Gorda,150,165,20,185,43,Zelle,SUMMER10,5
2458,2025-08-09 00:00:00,CUST1137,Lewis Johnson,Returning,Interior Detail,Referral,Sarasota,Sarasota,90,97,15,112,124,cash ,,5
2459,2025-11-04 00:00:00,CUST0991,Olivia Miller ,Returning,Interior Detail,youtube,Sarasota,Venice,90,97,20,117,61,Cash,,5
2460,2025-05-04 00:00:00,CUST0520,John Taylor ,Returning,Interior Detail,TIKTOK,Sarasota,Sarasota,90,85,15,100,170,Cash App,NEWCUSTOMER,4
2461,2025-08-19 00:00:00,CUST0629,Mary Garcia,Returning,Ceramic Coating,FB,Charlotte,Punta Gorda,350,387,0,387,90,Cash,NEWCUSTOMER,3
2462,2025-06-27 00:00:00,CUST1184,Mary  Martinez,Returning,Premium Wash,referral,Charlotte,Port Charlotte,70,72,10,82,163,Zelle,,4
2463,2025-03-04 00:00:00,CUST0706,Liam  Davis,Returning,Interior Detail,YOUTUBE ,Sarasota,Venice,90,95,10,105,74,Zelle,SUMMER10,5
2464,2025-04-26 00:00:00,CUST0816,Sofia  Smith,Returning,Premium Wash,FB,Sarasota,Venice,70,75,0,75,149,cash ,SUMMER10,4
2465,2025-07-10 00:00:00,CUST0283,Sofia Martinez,Returning,Premium Wash,FB,Sarasota,North Port,70,77,15,92,43,Cash App,VIP ,3
2466,2025-03-03 00:00:00,CUST0244,Noah Brown,Returning,Premium Wash,instagram,Sarasota,North Port,70,70,0,70,128,Cash,SUMMER10,
2467,2025-09-13 00:00:00,CUST0471,Noah Johnson,Returning,Basic Wash,,Charlotte,Punta Gorda,40,$49.00,10,59,173,Venmo,,3
2468,2025-01-07 00:00:00,CUST0915,liam davis,Returning,Full Detail,YOUTUBE ,Charlotte,Punta Gorda,150,150,10,160,85,Venmo,,5
2469,2025-06-04 00:00:00,CUST0332,Liam  Smith,New,Full Detail,Word of Mouth,Charlotte,Punta Gorda,150,$145.00,5,150,117,Cash,,5
2470,2025-04-02 00:00:00,CUST0206,NOAH GARCIA,Returning,Ceramic Coating,YouTube,Sarasota,Venice,350,352,5,357,39,Venmo,,4
2471,2025-01-14 00:00:00,CUST0440,Ava Taylor,Returning,Basic Wash,Insta,Sarasota,Venice,40,45,15,60,76,cash ,SUMMER10,
2472,2025-08-17 00:00:00,CUST1042,john miller,Returning,Full Detail,TIKTOK,Sarasota,Venice,150,165,5,170,163,Venmo,,3
2473,2025-03-27 00:00:00,CUST0821,Olivia  Martinez,Returning,Interior Detail,Insta,Sarasota,North Port,90,85,5,90,40,Venmo,,5
2474,2025-05-13 00:00:00,CUST0694,noah smith,New,Basic Wash,Referred,Sarasota,Sarasota,40,45,0,45,167,Zelle,,3
2475,2025-07-02 00:00:00,CUST1128,olivia garcia,Returning,Interior Detail,Youtube,Charlotte,Port Charlotte,90,94,0,94,110,Zelle,,4
2476,2025-03-03 00:00:00,CUST0107,Sofia Brown,Returning,Ceramic Coating,social,Sarasota,Venice,350,345,0,345,30,Zelle,,5
2477,08/07/2025,CUST0330,Mary Davis ,Returning,Interior Detail,Tik tok,Sarasota,North Port,90,99,15,114,163,Cash,NEWCUSTOMER,4
2478,2025-09-03 00:00:00,CUST0797,Alex  Wilson,Returning,Basic Wash,Instagram ,Sarasota,North Port,40,44,0,44,66,Venmo,SUMMER10,
2479,2025-08-18 00:00:00,CUST0011,LEWIS DAVIS,Returning,Basic Wash,FaceBook ,Charlotte,Punta Gorda,40,49,15,64,76,Cash App,,
2480,2025-03-20 00:00:00,CUST0187,AVA WILSON,Returning,Ceramic Coating,tiktok,Charlotte,Punta Gorda,350,352,0,352,85,CARD,,
2481,2025-05-29 00:00:00,CUST0298,sofia wilson,Returning,Interior Detail,youtube,Charlotte,Port Charlotte,90,90,20,110,87,cash ,VIP ,
2482,2025-05-18,CUST0966,sofia garcia,Returning,Full Detail,tiktok,Sarasota,Sarasota,150,150,0,150,85,Cash App,NEWCUSTOMER,3
2483,2025-11-10 00:00:00,CUST0892,Alex Johnson ,Returning,Interior Detail,FACEBOOK,Sarasota,Sarasota,90,99,5,104,50,cash ,SUMMER10,5
2484,2025-03-06 00:00:00,CUST0181,alex garcia,Returning,Ceramic Coating,tiktok,Sarasota,North Port,350,352,15,367,144,Cash App,,
2485,2025-01-13 00:00:00,CUST0132, John Miller,New,Interior Detail,TikTok,Sarasota,Sarasota,90,95,20,115,105,Zelle,SUMMER10,4
2486,2025-08-01 00:00:00,CUST0539,Liam Davis,Returning,Ceramic Coating,TikTok,Sarasota,Venice,350,380,5,385,95,Card,NEWCUSTOMER,3
2487,2025-08-30 00:00:00,CUST0455, Ava Johnson,Returning,Premium Wash,Referred,Sarasota,Sarasota,70,72,0,72,152,Cash,,4
2488,2025-08-01 00:00:00,CUST0760,ava anderson,Returning,Premium Wash,FACEBOOK,Sarasota,Venice,70,77,0,77,111,Zelle,VIP ,5
2489,2025-06-30 00:00:00,CUST0164,JOHN WILSON,New,Full Detail,Referred,Sarasota,Venice,150,$155.00,0,155,108,Card,NEWCUSTOMER,4
2490,2025-12-04 00:00:00,CUST0078,Emma Smith,Returning,Ceramic Coating,Word of Mouth,Sarasota,North Port,350,385,10,395,144,Venmo,,4
2491,2025-06-22 00:00:00,CUST0788,NOAH JOHNSON,Returning,Premium Wash,Instagram,Charlotte,Punta Gorda,70,70,0,70,145,Card,,5
2492,2025-06-09 00:00:00,CUST0821,Liam  Brown,Returning,Full Detail,Insta,Sarasota,North Port,150,150,20,170,46,CARD,VIP ,4
2493,2025-06-13 00:00:00,CUST1068,Lewis Davis,Returning,Full Detail,FaceBook ,Charlotte,Port Charlotte,150,148,10,158,45,Cash,SUMMER10,5
2494,2025-07-07 00:00:00,CUST0587,Emma  Taylor,Returning,Interior Detail,Youtube,Sarasota,Sarasota,90,99,0,99,160,cash ,,
2495,2025-07-10 00:00:00,CUST0118,emma johnson,New,Premium Wash,FACEBOOK,Sarasota,Venice,70,$77.00,0,77,150,cash ,,4
2496,2025-11-04 00:00:00,CUST0359,NOAH WILSON,Returning,Interior Detail,social,Charlotte,Punta Gorda,90,97,0,97,175,cash ,,
2497,2025-09-13 00:00:00,CUST1013,Emma Miller ,New,Ceramic Coating,Youtube,Charlotte,Punta Gorda,350,385,15,400,122,Cash App,,4
2498,2025-07-02 00:00:00,CUST0900,Sofia  Taylor,Returning,Full Detail,Insta,Sarasota,North Port,150,$165.00,15,180,121,Venmo,VIP ,
2499,2025-04-27 00:00:00,CUST0022,Liam  Martinez,Returning,Full Detail,Youtube,Sarasota,Sarasota,150,145,0,145,99,Card,NEWCUSTOMER,3
2500,2025-10-09 00:00:00,CUST0414, Olivia Miller,Returning,Premium Wash,tiktok,Charlotte,Punta Gorda,70,72,15,87,63,CARD,,3
2501,2025-07-15 00:00:00,CUST1062,Noah  Taylor,New,Basic Wash,FB,Sarasota,North Port,40,44,15,59,138,Zelle,VIP ,3
2502,2025-02-03 00:00:00,CUST0586,Mary Martinez ,Returning,Premium Wash,Tik tok,Charlotte,Punta Gorda,70,70,10,80,142,Zelle,SUMMER10,5
2503,2025-02-21 00:00:00,CUST0399,Sofia  Anderson,Returning,Full Detail,YouTube,Sarasota,Venice,150,$148.00,10,158,126,cash ,,5
2504,2025-04-22 00:00:00,CUST0069, Lewis Davis,Returning,Full Detail,FaceBook ,Charlotte,Port Charlotte,150,155,10,165,60,Cash App,NEWCUSTOMER,5
2505,2025-09-09 00:00:00,CUST1046,ALEX BROWN,Returning,Premium Wash,instagram,Charlotte,Punta Gorda,70,77,15,92,148,cash ,SUMMER10,
2506,2025-03-23 00:00:00,CUST1057,Ava Martinez ,Returning,Basic Wash,YOUTUBE ,Sarasota,Venice,40,45,15,60,98,Zelle,,
2507,2025-08-20 00:00:00,CUST0475,OLIVIA MILLER,Returning,Ceramic Coating,Referral,Sarasota,North Port,350,383,0,383,104,CARD,,5
2508,2025-08-15 00:00:00,CUST0348,Emma Johnson ,Returning,Premium Wash,instagram,Charlotte,Port Charlotte,70,72,0,72.0,172,Cash,NEWCUSTOMER,3
2509,2025-08-21 00:00:00,CUST0074,sofia anderson,Returning,Premium Wash,,Sarasota,Venice,70,72,5,77,130,Card,SUMMER10,4
2510,2025-08-09 00:00:00,CUST0737,ALEX MARTINEZ,Returning,Premium Wash,instagram,Charlotte,Port Charlotte,70,82,0,82,52,Cash App,SUMMER10,5
2511,2025-02-11 00:00:00,CUST0490,OLIVIA SMITH,Returning,Full Detail,YOUTUBE ,Charlotte,Punta Gorda,150,145,0,145,89,cash ,NEWCUSTOMER,
2512,2025-01-21 00:00:00,CUST0001, Olivia Taylor,Returning,Interior Detail,Insta,Sarasota,Sarasota,90,90,0,90,129,Zelle,VIP ,4
2513,2025-02-11 00:00:00,CUST0323,noah miller,Returning,Interior Detail,Insta,Sarasota,Sarasota,90,92,0,92,159,Venmo,SUMMER10,5
2514,2025-04-23 00:00:00,CUST0178,Alex Johnson,Returning,Ceramic Coating,referral,Sarasota,Venice,350,350,15,365,67,Zelle,,3
2515,2025-04-15 00:00:00,CUST0566,Sofia Anderson ,Returning,Ceramic Coating,Tik tok,Sarasota,North Port,350,348,15,363,45,Card,,3
2516,2025-07-11 00:00:00,CUST0819,EMMA TAYLOR,Returning,Basic Wash,Instagram,Charlotte,Punta Gorda,40,44,20,64,30,CARD,SUMMER10,
2517,2025-01-17 00:00:00,CUST0724, Lewis Davis,New,Basic Wash,referral,Sarasota,Sarasota,40,40,0,40,37,Cash,,4
2518,2025-04-30 00:00:00,CUST0810,MARY JOHNSON,Returning,Full Detail,Referred,Sarasota,Sarasota,150,150,0,150,80,CARD,NEWCUSTOMER,5
2519,2025-05-09 00:00:00,CUST0831,SOFIA DAVIS,Returning,Ceramic Coating,Facebook,Charlotte,Punta Gorda,350,350,15,365,42,Cash,SUMMER10,5
2520,2025-05-10,CUST0411,Ava Smith,Returning,Ceramic Coating,Referred,Sarasota,North Port,350,355,10,365,82,cash ,NEWCUSTOMER,5
2521,2025-03-01 00:00:00,CUST1061, Sofia Garcia,Returning,Premium Wash,Insta,Sarasota,Sarasota,70,$72.00,5,77,106,cash ,,
2522,2025-02-17 00:00:00,CUST0032,Alex  Garcia,Returning,Interior Detail,TikTok,Sarasota,North Port,90,88,5,93,75,Zelle,NEWCUSTOMER,4
2523,2025-01-29 00:00:00,CUST0141,EMMA MARTINEZ,Returning,Basic Wash,Instagram ,Sarasota,Sarasota,40,40,5,45,135,Cash,VIP ,3
2524,2025-04-07 00:00:00,CUST0185,sofia martinez,Returning,Interior Detail,YOUTUBE ,Sarasota,Venice,90,85,20,105,50,Zelle,,3
2525,2025-01-10 00:00:00,CUST1126,Liam  Martinez,Returning,Basic Wash,FaceBook ,Sarasota,Sarasota,40,42,0,42,122,Zelle,SUMMER10,5
2525,2025-01-10 00:00:00,CUST1126,Liam  Martinez,Returning,Basic Wash,FaceBook ,Sarasota,Sarasota,40,42,0,42,122,Zelle,SUMMER10,5
2526,08/30/2025,CUST0583,Sofia  Taylor,New,Interior Detail,Youtube,Sarasota,Sarasota,90,$101.00,10,111,113,Venmo,NEWCUSTOMER,3
2527,2025-11-10 00:00:00,CUST1146,Sofia Smith ,Returning,Ceramic Coating,Tik tok,Charlotte,Punta Gorda,350,390,15,405,108,CARD,NEWCUSTOMER,4
2528,2025-08-20 00:00:00,CUST1194,Mary Anderson,Returning,Interior Detail,Referral,Charlotte,Port Charlotte,90,94,0,94,111,Card,VIP ,
2529,2025-10-04 00:00:00,CUST0713,Lewis Anderson,Returning,Basic Wash,youtube,Charlotte,Port Charlotte,40,49,20,69,64,Cash,VIP ,5
2530,2025-10-11 00:00:00,CUST0712, Alex Taylor,New,Full Detail,Insta,Sarasota,Sarasota,150,160,5,165,99,cash ,,5
2531,07/22/2025,CUST0567,liam miller,Returning,Full Detail,FaceBook ,Charlotte,Punta Gorda,150,160,0,160,58,CARD,VIP ,4
2532,2025-09-04 00:00:00,CUST0464,Mary Smith,Returning,Full Detail,,Sarasota,North Port,150,170,5,175,174,Cash,,3
2533,2025-10-17 00:00:00,CUST0399,sofia brown,Returning,Interior Detail,YOUTUBE ,Sarasota,Venice,90,99,20,119,129,Zelle,VIP ,4
2534,2025-09-21 00:00:00,CUST0932,Lewis  Taylor,Returning,Premium Wash,FACEBOOK,Sarasota,Sarasota,70,79,20,99,35,Cash,,4
2535,2025-08-02 00:00:00,CUST0828, Mary Davis,Returning,Basic Wash,youtube,Sarasota,Venice,40,46,0,46,99,Card,SUMMER10,3
2536,2025-07-19 00:00:00,CUST1178, Olivia Taylor,Returning,Basic Wash,Facebook,Charlotte,Port Charlotte,40,44,0,44,179,Cash App,VIP ,4
2537,2025-03-20 00:00:00,CUST0010,emma brown,Returning,Ceramic Coating,instagram,Charlotte,Punta Gorda,350,350,0,350,95,Cash,SUMMER10,
2538,2025-12-09 00:00:00,CUST0535,Olivia Brown ,Returning,Premium Wash,YouTube,Sarasota,Sarasota,70,72,15,87,69,CARD,,5
2539,2025-12-10 00:00:00,CUST0359,alex martinez,Returning,Premium Wash,social,Charlotte,Punta Gorda,70,72,5,77,104,Cash,,4
2540,2025-06-22 00:00:00,CUST0834,Sofia  Wilson,Returning,Interior Detail,YOUTUBE ,Charlotte,Punta Gorda,90,90,0,90,77,cash ,NEWCUSTOMER,4
2541,2025-03-10 00:00:00,CUST1037,Lewis Taylor ,New,Full Detail,Instagram ,Sarasota,Sarasota,150,145,10,155,62,cash ,NEWCUSTOMER,5
2542,2025-03-28 00:00:00,CUST0219,John  Wilson,Returning,Interior Detail,Instagram ,Sarasota,North Port,90,85,0,85,46,cash ,,4
2543,2025-04-11 00:00:00,CUST1145,LEWIS WILSON,Returning,Basic Wash,YouTube,Sarasota,North Port,40,40,0,40,58,Cash,VIP ,3
2544,2025-01-08 00:00:00,CUST0149,Emma  Taylor,Returning,Basic Wash,Instagram ,Charlotte,Punta Gorda,40,45,0,45,102,Card,,5
2545,2025-11-29 00:00:00,CUST1031, Lewis Davis,Returning,Full Detail,TikTok,Sarasota,North Port,150,165,5,170,150,cash ,,
2546,2025-07-19 00:00:00,CUST0603,Sofia Taylor,Returning,Interior Detail,social,Sarasota,Sarasota,90,99,10,109,169,Card,SUMMER10,5
2547,2025-03-28 00:00:00,CUST0697,Liam  Garcia,New,Premium Wash,YOUTUBE ,Sarasota,North Port,70,75,5,80,107,cash ,VIP ,3
2548,2025-02-12 00:00:00,CUST0240, Mary Wilson,Returning,Interior Detail,TikTok,Charlotte,Port Charlotte,90,$95.00,20,115,147,CARD,VIP ,5
2549,2025-04-19 00:00:00,CUST1052,Noah Davis ,Returning,Interior Detail,youtube,Charlotte,Punta Gorda,90,88,15,103,143,Cash,,5
2550,2025-06-01 00:00:00,CUST0528,Sofia Garcia ,Returning,Ceramic Coating,TikTok,Charlotte,Punta Gorda,350,348,20,368,155,cash ,,4
2551,2025-01-17 00:00:00,CUST1102,Emma Davis ,Returning,Basic Wash,referral,Charlotte,Port Charlotte,40,45,15,60,162,CARD,,5
2552,2025-05-13 00:00:00,CUST1178,Ava Smith ,Returning,Full Detail,FB,Charlotte,Port Charlotte,150,155,20,175,37,cash ,VIP ,4
2553,2025-05-28 00:00:00,CUST0513, Alex Martinez,Returning,Basic Wash,TIKTOK,Charlotte,Port Charlotte,40,40,0,40,56,Card,,4
2554,2025-10-04 00:00:00,CUST0907,LEWIS ANDERSON,Returning,Premium Wash,facebook,Sarasota,North Port,70,77,10,87,56,cash ,,4
2555,08/20/2025,CUST0773,Alex Brown,Returning,Ceramic Coating,instagram,Sarasota,North Port,350,390,0,390,64,CARD,,5
2556,2025-11-10 00:00:00,CUST1154,Ava Davis ,Returning,Interior Detail,YouTube,Sarasota,North Port,90,$101.00,10,111,148,Card,SUMMER10,5
2557,2025-08-16 00:00:00,CUST0991,Noah Martinez,Returning,Premium Wash,Youtube,Sarasota,Venice,70,72,20,92,125,cash ,NEWCUSTOMER,5
2558,2025-05-19 00:00:00,CUST0499,Lewis Johnson,Returning,Premium Wash,youtube,Charlotte,Punta Gorda,70,68,5,73,131,Cash App,,3
2559,2025-07-30 00:00:00,CUST0696,Mary Martinez,New,Basic Wash,Insta,Sarasota,Venice,40,44,0,44,66,Cash App,SUMMER10,5
2560,2025-01-28 00:00:00,CUST0940,sofia garcia,New,Interior Detail,Tik tok,Sarasota,North Port,90,$88.00,5,93,50,Card,,
2561,2025-02-20 00:00:00,CUST0944, Ava Martinez,Returning,Premium Wash,Youtube,Charlotte,Port Charlotte,70,72,5,77,149,Zelle,,3
2562,09/18/2025,CUST0057,John Johnson,Returning,Ceramic Coating,Tik tok,Sarasota,Sarasota,350,385,15,400,84,Cash,,3
2563,2025-09-18 00:00:00,CUST0988,JOHN GARCIA,Returning,Premium Wash,referral,Sarasota,North Port,70,75,10,85,149,Venmo,NEWCUSTOMER,4
2564,2025-12-16 00:00:00,CUST0239,Alex Davis,New,Full Detail,facebook,Sarasota,Venice,150,160,0,160,101,cash ,VIP ,
2565,2025-12-18 00:00:00,CUST0529, Mary Davis,Returning,Premium Wash,Instagram,Charlotte,Punta Gorda,70,72,20,92,106,Venmo,VIP ,4
2566,2025-01-08 00:00:00,CUST0139,john garcia,Returning,Interior Detail,Referred,Charlotte,Punta Gorda,90,90,15,105,51,cash ,SUMMER10,
2567,16-11-2025,CUST0784,NOAH GARCIA,Returning,Premium Wash,Word of Mouth,Charlotte,Port Charlotte,70,75,0,75,145,Venmo,SUMMER10,4
2568,2025-05-18 00:00:00,CUST0452, Noah Wilson,Returning,Full Detail,Insta,Sarasota,Venice,150,155,0,155,90,Cash,,5
2569,2025-02-07 00:00:00,CUST0471,alex taylor,Returning,Full Detail,TikTok,Charlotte,Punta Gorda,150,152,0,152,104,CARD,,5
2570,2025-04-21 00:00:00,CUST0647, Lewis Martinez,Returning,Interior Detail,,Charlotte,Punta Gorda,90,95,0,95,154,Venmo,NEWCUSTOMER,5
2571,2025-08-08 00:00:00,CUST0845,olivia anderson,Returning,Basic Wash,Insta,Sarasota,Venice,40,46,20,66,81,cash ,VIP ,5
2572,2025-12-03,CUST0724,noah martinez,Returning,Ceramic Coating,Referral,Sarasota,Sarasota,350,380,15,395,153,Cash,,4
2572,2025-12-03,CUST0724,noah martinez,Returning,Ceramic Coating,Referral,Sarasota,Sarasota,350,380,15,395,153,Cash,,4
2573,2025-08-11 00:00:00,CUST1058,Sofia Miller ,Returning,Basic Wash,FaceBook ,Charlotte,Punta Gorda,40,46,15,61,69,Venmo,,5
2574,2025-05-16 00:00:00,CUST1098,LIAM TAYLOR,Returning,Ceramic Coating,Youtube,Sarasota,Venice,350,348,20,368,66,Venmo,NEWCUSTOMER,4
2575,2025-09-13 00:00:00,CUST0020,Alex Garcia,Returning,Full Detail,instagram,Sarasota,North Port,150,170,15,185,176,Cash App,SUMMER10,5
2576,2025-12-26 00:00:00,CUST0540, Liam Smith,Returning,Basic Wash,FaceBook ,Charlotte,Punta Gorda,40,49,0,49,158,Zelle,NEWCUSTOMER,3
2577,2025-11-25 00:00:00,CUST0509,ava garcia,Returning,Interior Detail,facebook,Sarasota,Venice,90,97,10,107,77,cash ,SUMMER10,4
2578,2025-02-18 00:00:00,CUST0589, Mary Davis,New,Interior Detail,youtube,Charlotte,Punta Gorda,90,88,5,93,67,Venmo,NEWCUSTOMER,5
2579,2025-10-19 00:00:00,CUST0191,liam davis,Returning,Interior Detail,Word of Mouth,Sarasota,Sarasota,90,104,10,114,47,Venmo,,5
2580,2025-11-20 00:00:00,CUST0818,Noah  Davis,New,Full Detail,Insta,Sarasota,North Port,150,165,20,185,68,CARD,SUMMER10,3
2581,2025-03-19 00:00:00,CUST0701,Liam Garcia ,Returning,Ceramic Coating,TIKTOK,Sarasota,Sarasota,350,345,20,365,179,CARD,,5
2582,2025-04-15 00:00:00,CUST0156, Emma Taylor,Returning,Full Detail,Facebook,Sarasota,North Port,150,150,20,170,137,Venmo,NEWCUSTOMER,4
2583,2025-06-18 00:00:00,CUST1136,Ava  Martinez,Returning,Premium Wash,referral,Sarasota,Venice,70,70,5,75,100,Cash,,3
2584,2025-08-05 00:00:00,CUST0366,Olivia Wilson ,Returning,Full Detail,YouTube,Charlotte,Punta Gorda,150,163,0,163,140,Venmo,,5
2585,2025-04-29 00:00:00,CUST0976,ava smith,Returning,Ceramic Coating,Facebook,Sarasota,North Port,350,350,15,365,79,CARD,SUMMER10,5
2586,2025-07-09 00:00:00,CUST0643,Olivia Johnson,Returning,Basic Wash,youtube,Charlotte,Punta Gorda,40,46,0,46,82,CARD,,5
2587,2025-09-12 00:00:00,CUST0725,mary davis,Returning,Premium Wash,Insta,Sarasota,Venice,70,72,0,72,142,Venmo,,3
2588,2025-09-23 00:00:00,CUST0448,liam taylor,Returning,Interior Detail,instagram,Charlotte,Punta Gorda,90,99,10,109,57,Cash App,VIP ,4
2589,2025-05-29 00:00:00,CUST1175,Mary Anderson ,Returning,Premium Wash,YouTube,Charlotte,Punta Gorda,70,72,5,77,107,Zelle,VIP ,4
2590,2025-06-13 00:00:00,CUST0552,Emma  Miller,Returning,Ceramic Coating,facebook,Sarasota,Sarasota,350,352,0,352,80,cash ,,4
2591,2025-05-20 00:00:00,CUST0375,emma garcia,Returning,Basic Wash,YOUTUBE ,Sarasota,Venice,40,40,10,50,55,Card,SUMMER10,5
2592,2025-12-13 00:00:00,CUST0390,sofia johnson,Returning,Full Detail,Referred,Charlotte,Punta Gorda,150,160,15,175,136,Cash,SUMMER10,4
2593,2025-09-15 00:00:00,CUST1022, Lewis Johnson,Returning,Ceramic Coating,FACEBOOK,Sarasota,Venice,350,$385.00,0,385,144,cash ,,5
2594,2025-09-26 00:00:00,CUST0409,LEWIS WILSON,Returning,Interior Detail,Word of Mouth,Sarasota,Sarasota,90,104,10,114,172,Cash,,
2595,2025-06-30 00:00:00,CUST0481, Lewis Miller,Returning,Interior Detail,TikTok,Sarasota,Sarasota,90,90,10,100,56,Venmo,VIP ,5
2596,2025-06-09 00:00:00,CUST0496,Ava Garcia,Returning,Full Detail,Referred,Charlotte,Punta Gorda,150,150,20,170,180,CARD,,5
2597,2025-12-17 00:00:00,CUST0544,sofia johnson,Returning,Interior Detail,Referred,Charlotte,Port Charlotte,90,97,15,112,159,Card,NEWCUSTOMER,5
2598,2025-10-15 00:00:00,CUST0424,olivia davis,Returning,Ceramic Coating,youtube,Sarasota,Sarasota,350,387,15,402,57,Zelle,,4
2599,2025-10-15 00:00:00,CUST0470, Noah Brown,Returning,Premium Wash,youtube,Sarasota,Sarasota,70,77,0,77,134,cash ,,4
2600,2025-08-14 00:00:00,CUST0416, Noah Taylor,Returning,Interior Detail,facebook,Charlotte,Punta Gorda,90,97,5,102,98,Zelle,,5
2601,2025-01-11 00:00:00,CUST0512,Lewis Johnson ,Returning,Premium Wash,Instagram ,Sarasota,North Port,70,72,5,77,115,Zelle,,
2602,2025-01-10 00:00:00,CUST0730,John Taylor ,New,Basic Wash,TIKTOK,Charlotte,Port Charlotte,40,40,5,45,94,cash ,SUMMER10,
2603,2025-09-28 00:00:00,CUST0320,olivia smith,New,Premium Wash,tiktok,Sarasota,Sarasota,70,82,20,102,154,CARD,,
2604,2025-09-30 00:00:00,CUST0219,John Taylor,Returning,Ceramic Coating,Instagram ,Sarasota,North Port,350,387,5,392,155,cash ,VIP ,5
2605,2025-07-02 00:00:00,CUST0246,John Garcia,Returning,Interior Detail,TIKTOK,Charlotte,Punta Gorda,90,$99.00,5,104,56,Cash App,VIP ,
2606,2025-06-02 00:00:00,CUST0161,Emma Smith,Returning,Ceramic Coating,instagram,Charlotte,Port Charlotte,350,345,0,345,31,Venmo,VIP ,3
2607,2025-11-11 00:00:00,CUST1009,Liam  Miller,Returning,Interior Detail,Insta,Sarasota,Sarasota,90,99,0,99,62,Zelle,,4
2608,2025-11-30 00:00:00,CUST0014,Sofia  Miller,Returning,Interior Detail,youtube,Sarasota,Sarasota,90,97,0,97,127,Zelle,NEWCUSTOMER,5
2609,2025-05-04 00:00:00,CUST1109,Sofia Smith,Returning,Basic Wash,Youtube,Charlotte,Punta Gorda,40,42,5,47,65,cash ,,5
2610,2025-04-24 00:00:00,CUST0087,SOFIA MILLER,New,Interior Detail,TIKTOK,Charlotte,Punta Gorda,90,85,20,105,154,Cash App,VIP ,4
2611,2025-10-05 00:00:00,CUST0988,Liam Brown,Returning,Ceramic Coating,Referral,Sarasota,North Port,350,390,0,390,68,Venmo,SUMMER10,
2612,2025-08-01 00:00:00,CUST0761,liam smith,New,Ceramic Coating,Word of Mouth,Sarasota,Venice,350,380,20,400,51,Venmo,,5
2613,2025-06-21 00:00:00,CUST0646,NOAH GARCIA,Returning,Interior Detail,FACEBOOK,Charlotte,Punta Gorda,90,90,0,90,111,Cash App,,4
2614,2025-10-15 00:00:00,CUST1009,Alex Garcia,Returning,Premium Wash,Instagram ,Sarasota,Sarasota,70,79,20,99,174,Cash App,,4
2615,2025-06-23 00:00:00,CUST1177,Ava  Smith,New,Interior Detail,Facebook,Charlotte,Port Charlotte,90,90,15,105,32,Card,NEWCUSTOMER,5
2616,2025-04-23 00:00:00,CUST0563,sofia anderson,Returning,Basic Wash,TikTok,Sarasota,North Port,40,40,0,40,153,cash ,SUMMER10,5
2617,2025-05-02 00:00:00,CUST1006,ava brown,Returning,Ceramic Coating,,Charlotte,Port Charlotte,350,350,-5,365,130,Zelle,,3
2618,2025-02-01 00:00:00,CUST0375,olivia taylor,Returning,Interior Detail,youtube,Sarasota,Venice,90,90,15,105,108,Cash,SUMMER10,4
2618,2025-02-01 00:00:00,CUST0375,olivia taylor,Returning,Interior Detail,youtube,Sarasota,Venice,90,90,15,105,108,Cash,SUMMER10,4
2619,2025-08-10 00:00:00,CUST1047,OLIVIA WILSON,Returning,Premium Wash,referral,Sarasota,Venice,70,75,20,95,56,Zelle,NEWCUSTOMER,
2620,2025-04-29 00:00:00,CUST0574,Lewis  Johnson,Returning,Basic Wash,YouTube,Sarasota,Venice,40,38,0,38,75,Cash,,
2621,2025-02-08 00:00:00,CUST0815,Mary Brown ,Returning,Ceramic Coating,Youtube,Charlotte,Port Charlotte,350,$350.00,5,355,144,Card,SUMMER10,4
2622,2025-09-25 00:00:00,CUST0455,Noah Davis ,Returning,Premium Wash,Referral,Sarasota,Sarasota,70,75,0,75,119,Venmo,NEWCUSTOMER,4
2623,2025-08-21 00:00:00,CUST1182,Ava Martinez ,New,Interior Detail,facebook,Sarasota,Venice,90,101,15,116,118,CARD,SUMMER10,5
2624,2025-01-18 00:00:00,CUST0263,Sofia Wilson ,Returning,Interior Detail,tiktok,Sarasota,Venice,90,85,10,95,106,Venmo,,4
2625,2025-05-29 00:00:00,CUST0111, Noah Davis,Returning,Interior Detail,FB,Sarasota,Sarasota,90,92,5,97,139,CARD,VIP ,4
2626,2025-05-29 00:00:00,CUST1077,Emma Johnson,Returning,Full Detail,Referral,Sarasota,North Port,150,150,10,160,178,CARD,NEWCUSTOMER,4
2626,2025-05-29 00:00:00,CUST1077,Emma Johnson,Returning,Full Detail,Referral,Sarasota,North Port,150,150,10,160,178,CARD,NEWCUSTOMER,4
2627,2025-05-06 00:00:00,CUST0867,Ava Martinez,Returning,Full Detail,TIKTOK,Sarasota,Sarasota,150,150,15,165,126,Venmo,VIP ,4
2628,2025-10-29 00:00:00,CUST0980,John Garcia,Returning,Ceramic Coating,referral,Charlotte,Punta Gorda,350,390,15,405,76,cash ,,4
2629,2025-12-26 00:00:00,CUST1108, John Brown,Returning,Premium Wash,youtube,Charlotte,Port Charlotte,70,72,0,72,77,Venmo,VIP ,3
2630,2025-08-26 00:00:00,CUST0067, Olivia Garcia,Returning,Interior Detail,Youtube,Sarasota,Sarasota,90,104,5,109,54,Venmo,SUMMER10,3
2631,2025-05-15 00:00:00,CUST1030,Emma  Anderson,Returning,Ceramic Coating,referral,Charlotte,Port Charlotte,350,350,20,370,87,CARD,NEWCUSTOMER,5
2632,2025-05-31 00:00:00,CUST0712,Liam  Wilson,Returning,Ceramic Coating,Insta,Sarasota,Sarasota,350,355,0,355,116,Cash App,,5
2633,2025-08-24 00:00:00,CUST0807,ava davis,New,Premium Wash,Instagram ,Sarasota,North Port,70,72,0,72,61,Card,SUMMER10,4
2633,2025-08-24 00:00:00,CUST0807,ava davis,New,Premium Wash,Instagram ,Sarasota,North Port,70,72,0,72,61,Card,SUMMER10,4
2634,2025-08-12 00:00:00,CUST0358,Olivia Garcia,Returning,Ceramic Coating,tiktok,Sarasota,Venice,350,385,15,400,56,Cash,VIP ,
2635,2025-07-22 00:00:00,CUST0937,Alex  Smith,Returning,Premium Wash,youtube,Charlotte,Port Charlotte,70,72,20,92,34,Zelle,,4
2636,2025-09-13 00:00:00,CUST0247,JOHN MARTINEZ,Returning,Ceramic Coating,Word of Mouth,Sarasota,North Port,350,385,5,390.0,74,Cash,,4
2637,2025-03-27 00:00:00,CUST1062,Noah  Johnson,Returning,Full Detail,Facebook,Sarasota,North Port,150,152,20,172,127,cash ,NEWCUSTOMER,5
2638,2025-05-30 00:00:00,CUST0943,emma anderson,New,Full Detail,FACEBOOK,Charlotte,Punta Gorda,150,152,5,157,110,cash ,SUMMER10,3
2639,2025-08-23 00:00:00,CUST0647,Lewis Taylor,Returning,Interior Detail,social,Charlotte,Punta Gorda,90,99,20,119,174,cash ,,
2640,2025-12-11 00:00:00,CUST0018,Noah Taylor,Returning,Premium Wash,YouTube,Sarasota,Sarasota,70,72,5,77,96,CARD,SUMMER10,3
2641,2025-01-22 00:00:00,CUST0025,Lewis  Taylor,Returning,Full Detail,instagram,Charlotte,Punta Gorda,150,150,15,165,175,Cash,,
2642,2025-12-14 00:00:00,CUST0432,Ava  Martinez,Returning,Basic Wash,YouTube,Sarasota,North Port,40,49,0,49,89,Card,,4
2643,2025-10-12 00:00:00,CUST0778,noah miller,Returning,Premium Wash,Referral,Charlotte,Punta Gorda,70,77,10,87,158,Cash App,NEWCUSTOMER,3
2644,2025-09-26 00:00:00,CUST1190, Lewis Garcia,Returning,Basic Wash,referral,Sarasota,Venice,40,46,0,46,66,CARD,VIP ,5
2645,2025-09-15 00:00:00,CUST0207,john garcia,Returning,Interior Detail,Instagram ,Charlotte,Port Charlotte,90,101,10,111.0,120,Cash App,,5
2646,2025-01-29 00:00:00,CUST0667,Liam  Miller,New,Basic Wash,youtube,Charlotte,Port Charlotte,40,40,20,60,41,Venmo,,5
2647,2025-08-01 00:00:00,CUST0741,mary wilson,New,Full Detail,tiktok,Sarasota,North Port,150,167,5,172,73,Card,,
2648,2025-10-10 00:00:00,CUST0532,LIAM MARTINEZ,Returning,Premium Wash,Insta,Charlotte,Port Charlotte,70,79,15,94,154,cash ,,4
2649,2025-02-19 00:00:00,CUST0384,NOAH DAVIS,Returning,Premium Wash,YouTube,Sarasota,Venice,70,70,10,80,32,Cash App,VIP ,
2650,2025-04-05 00:00:00,CUST1124, Lewis Garcia,New,Basic Wash,facebook,Sarasota,Sarasota,40,45,0,45,55,cash ,NEWCUSTOMER,5
2651,2025-03-29 00:00:00,CUST0539,Ava  Garcia,Returning,Ceramic Coating,tiktok,Sarasota,Venice,350,352,5,357,95,Zelle,SUMMER10,4
2652,02/13/2025,CUST0486, Noah Miller,Returning,Premium Wash,tiktok,Sarasota,Sarasota,70,75,10,85,57,CARD,NEWCUSTOMER,4
2653,2025-10-05 00:00:00,CUST0552,EMMA BROWN,Returning,Full Detail,facebook,Sarasota,Sarasota,150,165,0,165,162,Card,VIP ,4
2653,2025-10-05 00:00:00,CUST0552,EMMA BROWN,Returning,Full Detail,facebook,Sarasota,Sarasota,150,165,0,165,162,Card,VIP ,4
2654,2025-06-20 00:00:00,CUST0966,liam garcia,Returning,Basic Wash,TIKTOK,Sarasota,Sarasota,40,40,0,40,90,Cash,,4
2655,2025-07-08 00:00:00,CUST0703,Alex  Wilson,Returning,Ceramic Coating,instagram,Charlotte,Punta Gorda,350,383,10,393,154,Cash,,4
2656,2025-12-19 00:00:00,CUST0750,Alex Garcia ,Returning,Ceramic Coating,instagram,Charlotte,Port Charlotte,350,390,5,395,83,Card,,5
2657,2025-07-03 00:00:00,CUST0377,noah miller,Returning,Premium Wash,youtube,Charlotte,Punta Gorda,70,77,20,97,42,Card,NEWCUSTOMER,5
2658,2025-01-03 00:00:00,CUST1022,Liam  Miller,Returning,Premium Wash,facebook,Sarasota,Venice,70,65,15,80,30,cash ,,4
2659,2025-07-10 00:00:00,CUST0869, John Anderson,Returning,Ceramic Coating,YouTube,Sarasota,Sarasota,350,387,5,392,101,CARD,NEWCUSTOMER,5
2660,04/28/2025,CUST0432,LIAM MILLER,Returning,Premium Wash,youtube,Sarasota,North Port,70,72,10,82,60,Card,VIP ,
2661,2025-01-19 00:00:00,CUST0859, Olivia Johnson,Returning,Premium Wash,Insta,Sarasota,North Port,70,68,15,83,102,cash ,,
2662,2025-01-23 00:00:00,CUST0763,mary wilson,Returning,Premium Wash,,Charlotte,Port Charlotte,70,75,0,75,38,Cash,SUMMER10,3
2663,2025-01-30 00:00:00,CUST0748,Sofia  Taylor,Returning,Premium Wash,Tik tok,Charlotte,Punta Gorda,70,70,10,80,95,Cash,SUMMER10,3
2664,2025-10-22 00:00:00,CUST0821, Mary Taylor,Returning,Ceramic Coating,Instagram ,Sarasota,North Port,350,380,0,380,42,Venmo,VIP ,4
2665,2025-04-18 00:00:00,CUST0573,Liam Miller,Returning,Ceramic Coating,Instagram ,Charlotte,Punta Gorda,350,352,5,357,49,Cash,NEWCUSTOMER,5
2666,2025-10-08 00:00:00,CUST0924,Alex Wilson ,Returning,Basic Wash,Referral,Charlotte,Port Charlotte,40,44,5,49,100,cash ,,5
2667,2025-05-08 00:00:00,CUST0369,EMMA WILSON,Returning,Basic Wash,Facebook,Sarasota,Sarasota,40,38,10,48,128,Card,NEWCUSTOMER,3
2668,2025-08-17 00:00:00,CUST1171,Noah Miller,Returning,Ceramic Coating,TikTok,Sarasota,North Port,350,385,15,400,123,Card,,5
2669,2025-04-21 00:00:00,CUST0269,Liam  Smith,Returning,Basic Wash,facebook,Sarasota,Sarasota,40,35,15,50,65,Venmo,,
2670,2025-05-16 00:00:00,CUST1180, Alex Brown,Returning,Interior Detail,Tik tok,Charlotte,Punta Gorda,90,92,20,112,74,Card,,4
2671,2025-12-28 00:00:00,CUST0469,Emma Taylor,Returning,Basic Wash,Youtube,Sarasota,North Port,40,44,5,49,53,Card,SUMMER10,4
2672,2025-07-05 00:00:00,CUST0205,Alex Brown ,Returning,Interior Detail,TIKTOK,Sarasota,Venice,90,99,10,109,138,Cash App,SUMMER10,4
2673,2025-05-24 00:00:00,CUST0553,Emma Taylor ,Returning,Premium Wash,TIKTOK,Sarasota,North Port,70,70,20,90,73,CARD,,5
2674,2025-03-13 00:00:00,CUST0483,ava wilson,Returning,Basic Wash,FaceBook ,Sarasota,Venice,40,45,5,50,78,Cash,,3
2675,2025-05-09 00:00:00,CUST1138,Lewis Smith,New,Basic Wash,Facebook,Charlotte,Port Charlotte,40,45,5,50,111,CARD,,5
2676,2025-12-30 00:00:00,CUST0886, Emma Martinez,Returning,Ceramic Coating,Referral,Sarasota,Sarasota,350,387,5,392,91,Cash App,,3
2677,2025-09-18 00:00:00,CUST0781,Alex  Taylor,Returning,Interior Detail,Word of Mouth,Sarasota,Sarasota,90,97,20,117,119,Cash,VIP ,4
2678,2025-01-03 00:00:00,CUST0402,Liam Davis ,Returning,Ceramic Coating,YOUTUBE ,Charlotte,Port Charlotte,350,350,20,370,45,Card,,4
2679,2025-04-14 00:00:00,CUST0299,Alex Garcia ,Returning,Interior Detail,tiktok,Charlotte,Punta Gorda,90,85,15,100,57,cash ,,5
2680,2025-08-12 00:00:00,CUST0307,Emma  Taylor,Returning,Basic Wash,Facebook,Charlotte,Punta Gorda,40,49,20,69,67,cash ,,3
2681,2025-11-16 00:00:00,CUST0969,Sofia Smith,Returning,Ceramic Coating,TikTok,Charlotte,Punta Gorda,350,390,10,400,92,CARD,,5
2682,2025-12-28 00:00:00,CUST0020, Olivia Martinez,Returning,Basic Wash,Insta,Sarasota,North Port,40,49,0,49,44,Cash,SUMMER10,4
2683,2025-12-20 00:00:00,CUST0362,John  Miller,New,Basic Wash,TikTok,Sarasota,North Port,40,39,0,39,146,cash ,,5
2684,2025-01-10 00:00:00,CUST0864,ALEX WILSON,Returning,Full Detail,Youtube,Sarasota,Venice,150,148,10,158.0,57,Zelle,,3
2685,2025-10-29 00:00:00,CUST1024,Olivia Smith,Returning,Full Detail,YOUTUBE ,Charlotte,Port Charlotte,150,165,0,165,43,Zelle,,3
2685,2025-10-29 00:00:00,CUST1024,Olivia Smith,Returning,Full Detail,YOUTUBE ,Charlotte,Port Charlotte,150,165,0,165,43,Zelle,,3
2686,2025-08-19 00:00:00,CUST0276,John Smith ,Returning,Basic Wash,TikTok,Sarasota,Venice,40,46,0,46,116,Cash,,4
2687,2025-08-07 00:00:00,CUST1059,John Johnson,Returning,Ceramic Coating,referral,Charlotte,Port Charlotte,350,380,0,380,111,Venmo,NEWCUSTOMER,
2688,2025-03-07 00:00:00,CUST1094,JOHN JOHNSON,Returning,Full Detail,FaceBook ,Charlotte,Punta Gorda,150,152,10,162,162,Zelle,,5
2689,2025-04-22 00:00:00,CUST0647,ALEX TAYLOR,Returning,Interior Detail,instagram,Charlotte,Punta Gorda,90,85,10,95,175,Zelle,VIP ,4
2690,2025-01-13 00:00:00,CUST0997,John  Brown,Returning,Interior Detail,Referred,Charlotte,Punta Gorda,90,90,5,95,129,CARD,VIP ,4
2691,2025-03-27 00:00:00,CUST0615,EMMA TAYLOR,Returning,Ceramic Coating,youtube,Sarasota,Sarasota,350,345,20,365,114,Cash,,4
2692,2025-08-22 00:00:00,CUST0514,Olivia Wilson,Returning,Full Detail,TikTok,Sarasota,Venice,150,170,5,175,112,Venmo,VIP ,3
2693,2025-03-31 00:00:00,CUST1152,NOAH WILSON,Returning,Premium Wash,TikTok,Sarasota,North Port,70,65,10,75,164,CARD,NEWCUSTOMER,4
2694,2025-11-10 00:00:00,CUST1163,Ava Davis ,Returning,Ceramic Coating,Insta,Sarasota,North Port,350,385,0,385,88,cash ,SUMMER10,
2695,2025-02-23 00:00:00,CUST0098,Lewis Wilson,New,Interior Detail,Word of Mouth,Charlotte,Punta Gorda,90,92,20,112,47,cash ,,5
2696,2025-01-12 00:00:00,CUST0816,Mary  Miller,Returning,Full Detail,facebook,Sarasota,Venice,150,150,10,160,149,Venmo,VIP ,
2697,2025-07-28 00:00:00,CUST0203,NOAH MARTINEZ,New,Premium Wash,Tik tok,Sarasota,Sarasota,70,75,10,85,74,Venmo,VIP ,4
2698,2025-01-14 00:00:00,CUST0335,Sofia  Smith,Returning,Interior Detail,Referred,Sarasota,Sarasota,90,95,20,115,100,Cash,,5
2699,2025-05-01 00:00:00,CUST0123,ALEX MILLER,Returning,Premium Wash,facebook,Sarasota,Sarasota,70,72,0,72,171,Venmo,,5
2700,2025-01-20 00:00:00,CUST0442,alex smith,Returning,Interior Detail,Word of Mouth,Sarasota,North Port,90,$90.00,5,95,124,Venmo,VIP ,3
2701,2025-03-16 00:00:00,CUST0521,Mary Garcia,Returning,Interior Detail,Facebook,Charlotte,Port Charlotte,90,95,10,105,146,Cash,,5
2702,2025-08-31,CUST0976,Liam  Wilson,Returning,Premium Wash,facebook,Sarasota,North Port,70,79,0,79,48,cash ,,4
2703,2025-08-11 00:00:00,CUST0198,Ava Anderson,Returning,Premium Wash,,Sarasota,Sarasota,70,72,0,72,124,Cash,,5
2704,2025-03-11 00:00:00,CUST0922,ava garcia,Returning,Basic Wash,Youtube,Sarasota,North Port,40,45,5,50.0,126,cash ,VIP ,4
2705,2025-11-08 00:00:00,CUST0686,MARY JOHNSON,Returning,Full Detail,FaceBook ,Sarasota,Venice,150,165,20,185,87,Card,,
2706,2025-07-30 00:00:00,CUST0533, Lewis Brown,Returning,Interior Detail,Instagram,Sarasota,Sarasota,90,94,0,94,98,Card,,4
2707,2025-04-11 00:00:00,CUST0740,Lewis  Brown,Returning,Ceramic Coating,referral,Charlotte,Port Charlotte,350,355,10,365,46,Zelle,VIP ,4
2708,2025-07-05 00:00:00,CUST0738,Olivia  Brown,Returning,Full Detail,Insta,Sarasota,North Port,150,165,15,180,64,CARD,,3
2709,2025-05-12 00:00:00,CUST1148,Lewis Brown,Returning,Interior Detail,facebook,Charlotte,Punta Gorda,90,95,0,95,105,Cash,,
2710,2025-04-21 00:00:00,CUST1142,John Martinez ,Returning,Interior Detail,Insta,Sarasota,Sarasota,90,90,15,105,83,Cash App,NEWCUSTOMER,
2711,2025-05-12 00:00:00,CUST0528,Alex  Martinez,Returning,Premium Wash,tiktok,Charlotte,Punta Gorda,70,75,0,75,32,CARD,,
2712,2025-01-20 00:00:00,CUST0705, Lewis Martinez,Returning,Premium Wash,Tik tok,Charlotte,Port Charlotte,70,65,5,70,74,Cash App,SUMMER10,5
2713,2025-01-24 00:00:00,CUST0041, Alex Garcia,Returning,Premium Wash,referral,Sarasota,Venice,70,70,0,70,172,Cash App,,4
2714,2025-08-15 00:00:00,CUST0844,AVA MILLER,Returning,Full Detail,Instagram,Sarasota,North Port,150,160,5,165,89,Cash App,VIP ,
2715,2025-06-03 00:00:00,CUST0249,Sofia Taylor ,Returning,Interior Detail,TIKTOK,Sarasota,Venice,90,90,-5,110,70,Venmo,,4
2716,2025-10-20 00:00:00,CUST0720,OLIVIA ANDERSON,Returning,Ceramic Coating,Youtube,Charlotte,Punta Gorda,350,385,20,405,166,Card,VIP ,
2717,2025-08-18 00:00:00,CUST0408,Ava  Johnson,Returning,Interior Detail,Tik tok,Sarasota,Sarasota,90,94,10,104,128,Cash App,,3
2718,2025-11-06 00:00:00,CUST1182,Mary Johnson,Returning,Full Detail,Facebook,Sarasota,Venice,150,165,0,165,176,CARD,SUMMER10,5
2719,2025-12-25 00:00:00,CUST1180,noah miller,Returning,Full Detail,TikTok,Charlotte,Punta Gorda,150,170,20,190,32,Card,VIP ,5
2720,2025-07-21 00:00:00,CUST1103, Sofia Taylor,New,Basic Wash,FaceBook ,Sarasota,Venice,40,42,10,52,45,cash ,,
2721,2025-02-07 00:00:00,CUST0358,Olivia Wilson ,Returning,Full Detail,TikTok,Sarasota,Venice,150,155,5,160,104,CARD,,
2722,2025-09-17 00:00:00,CUST0583,emma miller,Returning,Basic Wash,Youtube,Sarasota,Sarasota,40,44,0,44,92,Cash App,SUMMER10,5
2723,2025-07-07 00:00:00,CUST0728,Noah Davis ,Returning,Basic Wash,YOUTUBE ,Sarasota,North Port,40,42,0,42.0,116,Cash,SUMMER10,4
2724,2025-02-26 00:00:00,CUST0666,Sofia Brown ,Returning,Ceramic Coating,FaceBook ,Charlotte,Port Charlotte,350,352,5,357,134,Venmo,,4
2725,2025-01-20 00:00:00,CUST1046,LIAM MILLER,Returning,Premium Wash,Insta,Charlotte,Punta Gorda,70,$72.00,15,87,141,Zelle,SUMMER10,4
2726,2025-09-30 00:00:00,CUST0999,Sofia  Taylor,Returning,Premium Wash,Instagram ,Sarasota,Sarasota,70,79,0,79,171,Cash App,,3
2727,2025-04-29 00:00:00,CUST0916, John Johnson,Returning,Ceramic Coating,YOUTUBE ,Sarasota,Sarasota,350,348,10,358,54,Cash,SUMMER10,4
2728,2025-03-12 00:00:00,CUST0161,AVA JOHNSON,Returning,Premium Wash,Insta,Charlotte,Port Charlotte,70,68,0,68,135,Card,VIP ,4
2729,2025-01-04 00:00:00,CUST0781,Mary Taylor ,Returning,Full Detail,Referral,Sarasota,Sarasota,150,150,0,150,81,CARD,NEWCUSTOMER,5
2730,2025-08-09 00:00:00,CUST0587,Emma Johnson,Returning,Interior Detail,Youtube,Sarasota,Sarasota,90,99,10,109,93,Venmo,NEWCUSTOMER,4
2731,2025-01-14 00:00:00,CUST0950,Lewis  Anderson,Returning,Full Detail,Instagram,Sarasota,North Port,150,148,0,148,150,Card,SUMMER10,4
2732,2025-01-03 00:00:00,CUST0297, Olivia Garcia,New,Premium Wash,instagram,Sarasota,North Port,70,70,0,70,132,cash ,VIP ,
2733,2025-08-04 00:00:00,CUST0344, Sofia Taylor,Returning,Ceramic Coating,tiktok,Sarasota,North Port,350,383,15,398,59,Cash App,,4
2734,2025-08-17 00:00:00,CUST0691,MARY MILLER,New,Interior Detail,Referral,Sarasota,Venice,90,$94.00,0,94,85,Venmo,VIP ,4
2735,2025-12-02 00:00:00,CUST0864,olivia johnson,Returning,Ceramic Coating,Youtube,Sarasota,Venice,350,385,5,390,98,CARD,,4
2736,2025-07-05 00:00:00,CUST1171,Alex  Taylor,Returning,Basic Wash,tiktok,Sarasota,North Port,40,39,5,44,138,Cash App,NEWCUSTOMER,4
2737,2025-02-24 00:00:00,CUST0829,Sofia Miller ,Returning,Full Detail,Tik tok,Charlotte,Punta Gorda,150,155,0,155,42,cash ,VIP ,3
2738,2025-09-11 00:00:00,CUST0147,Liam  Brown,New,Ceramic Coating,referral,Sarasota,Sarasota,350,385,20,405,61,Cash,,5
2739,01/24/2025,CUST0163,alex smith,New,Basic Wash,Instagram ,Sarasota,Sarasota,40,40,20,60,80,Cash,VIP ,
2740,2025-06-11 00:00:00,CUST0332, Ava Wilson,Returning,Ceramic Coating,Word of Mouth,Charlotte,Punta Gorda,350,352,20,372,157,Zelle,NEWCUSTOMER,
2741,2025-06-07 00:00:00,CUST0704, Mary Wilson,Returning,Full Detail,FB,Charlotte,Port Charlotte,150,145,5,150,55,Venmo,,3
2742,2025-03-23 00:00:00,CUST0468,Sofia Brown ,Returning,Ceramic Coating,TIKTOK,Sarasota,Sarasota,350,350,0,350,54,Cash App,NEWCUSTOMER,3
2743,2025-06-08 00:00:00,CUST0643,Emma  Smith,Returning,Basic Wash,Youtube,Charlotte,Punta Gorda,40,35,0,35,88,Card,,4
2744,2025-07-07 00:00:00,CUST0649,ALEX TAYLOR,Returning,Interior Detail,Instagram ,Sarasota,Sarasota,90,$94.00,0,94,87,Zelle,,4
2745,2025-03-01 00:00:00,CUST0597,Ava Wilson,Returning,Ceramic Coating,Referral,Sarasota,Venice,350,350,0,350,175,CARD,,
2746,2025-11-01 00:00:00,CUST0548,Emma  Garcia,Returning,Full Detail,Tik tok,Sarasota,North Port,150,163,20,183,59,CARD,SUMMER10,5
2747,11/15/2025,CUST0810,Emma Miller,Returning,Interior Detail,referral,Sarasota,Sarasota,90,101,15,116.0,177,Card,,
2748,2025-07-30 00:00:00,CUST0556,Alex Miller ,Returning,Basic Wash,Tik tok,Sarasota,North Port,40,42,20,62,133,Cash App,,4
2749,2025-06-01 00:00:00,CUST0912,Ava  Garcia,Returning,Full Detail,Tik tok,Charlotte,Port Charlotte,150,148,10,158,49,Card,VIP ,4
2750,2025-04-19 00:00:00,CUST0744,Olivia Taylor ,New,Interior Detail,Facebook,Charlotte,Punta Gorda,90,85,5,90,152,Card,,5
2751,2025-03-17 00:00:00,CUST1067,OLIVIA JOHNSON,Returning,Interior Detail,Word of Mouth,Sarasota,North Port,90,85,10,95,131,CARD,SUMMER10,5
2752,2025-01-30 00:00:00,CUST0923,Olivia  Johnson,Returning,Full Detail,Youtube,Charlotte,Port Charlotte,150,152,20,172,125,cash ,,4
2753,2025-11-10 00:00:00,CUST0848,Olivia Smith,Returning,Full Detail,Tik tok,Sarasota,Sarasota,150,170,0,170,152,Card,,
2754,2025-04-27 00:00:00,CUST0343, Liam Wilson,Returning,Premium Wash,youtube,Charlotte,Punta Gorda,70,65,0,65,32,Cash App,,3
2755,2025-12-22 00:00:00,CUST0377,Lewis  Taylor,Returning,Ceramic Coating,YouTube,Charlotte,Punta Gorda,350,385,20,405,168,Zelle,SUMMER10,
2756,2025-07-11 00:00:00,CUST0048,SOFIA WILSON,New,Ceramic Coating,Tik tok,Charlotte,Port Charlotte,350,385,20,405,36,CARD,VIP ,
2757,2025-01-19 00:00:00,CUST0257,noah garcia,New,Premium Wash,Insta,Sarasota,Sarasota,70,65,0,65,178,Cash,NEWCUSTOMER,4
2758,2025-06-22 00:00:00,CUST0481,JOHN TAYLOR,Returning,Full Detail,Tik tok,Sarasota,Sarasota,150,150,20,170,91,Venmo,,4
2759,2025-08-16 00:00:00,CUST0516,Olivia Wilson ,Returning,Full Detail,FaceBook ,Charlotte,Punta Gorda,150,163,20,183,67,Cash,,4
2760,2025-12-16 00:00:00,CUST0164,Lewis  Johnson,Returning,Interior Detail,Referred,Sarasota,Venice,90,101,20,121,165,cash ,VIP ,4
2761,2025-07-02 00:00:00,CUST0432,Sofia Anderson ,Returning,Ceramic Coating,Youtube,Sarasota,North Port,350,383,15,398,92,Venmo,SUMMER10,5
2762,2025-04-23 00:00:00,CUST0342,Liam Johnson ,Returning,Full Detail,Referral,Sarasota,Sarasota,150,148,20,168.0,172,CARD,,4
2763,2025-07-02 00:00:00,CUST0814,Emma Brown,Returning,Full Detail,FACEBOOK,Sarasota,Venice,150,167,0,167,155,Zelle,NEWCUSTOMER,
2764,2025-05-26 00:00:00,CUST0211,noah wilson,Returning,Interior Detail,Youtube,Sarasota,Venice,90,88,0,88,119,Cash App,,3
2765,2025-11-15 00:00:00,CUST0196,Sofia Taylor ,Returning,Ceramic Coating,YOUTUBE ,Sarasota,Sarasota,350,385,20,405.0,143,Cash,NEWCUSTOMER,
2766,2025-04-26 00:00:00,CUST0131,Olivia Garcia,Returning,Premium Wash,instagram,Sarasota,Venice,70,65,0,65,122,Cash App,SUMMER10,
2767,2025-04-23 00:00:00,CUST0970,LIAM ANDERSON,Returning,Full Detail,FaceBook ,Charlotte,Punta Gorda,150,148,5,153,129,Venmo,NEWCUSTOMER,5
2768,2025-09-08 00:00:00,CUST1124, Noah Miller,Returning,Interior Detail,FACEBOOK,Sarasota,Sarasota,90,99,5,104,76,Zelle,,4
2769,2025-09-08 00:00:00,CUST0111, John Taylor,Returning,Premium Wash,facebook,Sarasota,Sarasota,70,79,15,94,120,Venmo,NEWCUSTOMER,5
2770,2025-10-30 00:00:00,CUST0054, John Garcia,Returning,Basic Wash,Referred,Charlotte,Port Charlotte,40,44,5,49,46,Venmo,SUMMER10,3
2771,2025-11-09 00:00:00,CUST0814,John Wilson ,Returning,Full Detail,FACEBOOK,Sarasota,Venice,150,165,10,175,174,Cash App,NEWCUSTOMER,5
2772,2025-04-28 00:00:00,CUST1074,Alex Wilson,Returning,Interior Detail,TikTok,Sarasota,Sarasota,90,88,0,88,90,Card,SUMMER10,5
2773,2025-10-28 00:00:00,CUST0171,John Martinez,New,Full Detail,Word of Mouth,Charlotte,Punta Gorda,150,170,0,170,174,CARD,,3
2774,2025-06-10 00:00:00,CUST0213,John Smith ,Returning,Premium Wash,Facebook,Charlotte,Port Charlotte,70,65,5,70,157,Zelle,NEWCUSTOMER,5
2775,2025-07-17 00:00:00,CUST0538,noah martinez,Returning,Premium Wash,Youtube,Sarasota,North Port,70,77,5,82,95,Card,,4
2776,2025-09-17 00:00:00,CUST0319,Sofia Miller,Returning,Basic Wash,youtube,Sarasota,Sarasota,40,44,15,59,132,Card,NEWCUSTOMER,3
2777,2025-05-28 00:00:00,CUST0173,Sofia Davis,Returning,Ceramic Coating,YOUTUBE ,Sarasota,Sarasota,350,350,0,350,46,Cash App,,4
2778,2025-08-28 00:00:00,CUST0799,sofia anderson,New,Basic Wash,instagram,Charlotte,Punta Gorda,40,49,15,64,126,Cash,,3
2779,2025-02-16 00:00:00,CUST0634,ALEX ANDERSON,Returning,Premium Wash,Instagram ,Sarasota,Venice,70,72,0,72.0,177,Cash,,5
2780,2025-07-17 00:00:00,CUST0470,Liam  Martinez,Returning,Premium Wash,YouTube,Sarasota,Sarasota,70,82,0,82,134,Zelle,NEWCUSTOMER,4
2780,2025-07-17 00:00:00,CUST0470,Liam  Martinez,Returning,Premium Wash,YouTube,Sarasota,Sarasota,70,82,0,82,134,Zelle,NEWCUSTOMER,4
2781,2025-02-16 00:00:00,CUST0507,mary taylor,Returning,Ceramic Coating,referral,Charlotte,Port Charlotte,350,$350.00,5,355,120,cash ,VIP ,4
2782,2025-03-19 00:00:00,CUST0582,John Martinez ,New,Full Detail,Tik tok,Sarasota,North Port,150,148,0,148,87,Cash,NEWCUSTOMER,
2783,2025-05-04 00:00:00,CUST0908,Emma Davis ,Returning,Interior Detail,Youtube,Sarasota,Sarasota,90,85,10,95.0,136,Venmo,,
2784,2025-03-16 00:00:00,CUST0259,Ava Miller ,Returning,Full Detail,Referred,Sarasota,Sarasota,150,150,10,160,114,Zelle,VIP ,3
2785,2025-12-25 00:00:00,CUST0269,Mary  Taylor,Returning,Basic Wash,FB,Sarasota,Sarasota,40,$49.00,5,54,78,cash ,,5
2786,2025-05-17 00:00:00,CUST1079,Mary  Johnson,Returning,Premium Wash,tiktok,Sarasota,North Port,70,70,0,70,88,Zelle,,5
2787,2025-03-31 00:00:00,CUST0350,Liam Miller,Returning,Basic Wash,social,Charlotte,Port Charlotte,40,38,0,38,93,CARD,,3
2788,2025-11-21 00:00:00,CUST0059,Alex Martinez ,New,Premium Wash,FACEBOOK,Sarasota,Venice,70,79,5,84,143,CARD,SUMMER10,
2789,2025-03-02 00:00:00,CUST0072, Emma Miller,Returning,Basic Wash,Referral,Sarasota,Sarasota,40,35,15,50,122,Cash,,3
2790,2025-05-18 00:00:00,CUST0731,John Wilson ,Returning,Full Detail,facebook,Sarasota,Venice,150,152,15,167,57,Zelle,VIP ,
2791,2025-02-19 00:00:00,CUST0667,Noah Davis,Returning,Interior Detail,YouTube,Charlotte,Port Charlotte,90,95,5,100,59,Zelle,VIP ,4
2792,2025-09-16 00:00:00,CUST0976,EMMA GARCIA,Returning,Full Detail,FACEBOOK,Sarasota,North Port,150,165,15,180,139,Cash App,,3
2793,2025-04-17 00:00:00,CUST0957,SOFIA GARCIA,New,Ceramic Coating,tiktok,Sarasota,Sarasota,350,352,0,352,41,Venmo,,
2794,2025-04-23 00:00:00,CUST1108,NOAH JOHNSON,Returning,Ceramic Coating,youtube,Charlotte,Port Charlotte,350,355,15,370,57,cash ,,
2795,2025-12-16 00:00:00,CUST0558,Sofia  Johnson,Returning,Basic Wash,TIKTOK,Sarasota,Sarasota,40,49,0,49,122,Card,,
2796,2025-09-11 00:00:00,CUST1124,alex brown,Returning,Interior Detail,facebook,Sarasota,Sarasota,90,99,0,99,177,Venmo,NEWCUSTOMER,4
2797,2025-04-28 00:00:00,CUST0912,Liam  Garcia,Returning,Premium Wash,TIKTOK,Charlotte,Port Charlotte,70,70,15,85,163,Card,,4
2798,2025-07-17 00:00:00,CUST0277, Olivia Brown,New,Interior Detail,Tik tok,Charlotte,Port Charlotte,90,94,0,94,145,Cash App,SUMMER10,3
2799,2025-12-03 00:00:00,CUST1105,Emma Johnson,Returning,Ceramic Coating,YouTube,Sarasota,Venice,350,383,5,388,104,Zelle,,5
2800,2025-12-31 00:00:00,CUST0363,Lewis Smith,Returning,Ceramic Coating,FACEBOOK,Charlotte,Port Charlotte,350,$385.00,5,390,90,cash ,,3
2801,2025-02-20 00:00:00,CUST0936,Alex Smith,Returning,Premium Wash,facebook,Sarasota,North Port,70,68,20,88,156,Venmo,,4
2802,2025-09-02 00:00:00,CUST1156,Liam Garcia,Returning,Full Detail,social,Charlotte,Punta Gorda,150,163,-5,173,78,Cash App,NEWCUSTOMER,4
2803,2025-02-04 00:00:00,CUST0891,EMMA JOHNSON,Returning,Full Detail,Insta,Sarasota,North Port,150,155,20,175,56,Zelle,,4
2804,2025-10-29 00:00:00,CUST1073,Ava Davis ,Returning,Full Detail,referral,Sarasota,North Port,150,167,10,177,39,Cash App,,5
2805,2025-03-10 00:00:00,CUST1094,Alex  Miller,Returning,Interior Detail,FB,Charlotte,Punta Gorda,90,92,10,102.0,65,Cash,NEWCUSTOMER,
2806,2025-12-15 00:00:00,CUST0635,JOHN GARCIA,Returning,Basic Wash,instagram,Sarasota,North Port,40,49,10,59.0,31,Cash App,VIP ,
2807,2025-11-16 00:00:00,CUST0712,alex wilson,Returning,Full Detail,instagram,Sarasota,Sarasota,150,170,0,170,126,Card,,
2808,2025-02-18 00:00:00,CUST0987,OLIVIA MILLER,Returning,Basic Wash,FaceBook ,Sarasota,North Port,40,40,0,40,179,Card,,4
2809,2025-03-15 00:00:00,CUST1106,emma johnson,Returning,Premium Wash,youtube,Sarasota,North Port,70,72,0,72,149,Cash App,VIP ,4
2810,2025-07-11 00:00:00,CUST0466,Lewis  Smith,Returning,Ceramic Coating,YouTube,Charlotte,Port Charlotte,350,387,0,387,147,CARD,,4
2811,2025-09-18 00:00:00,CUST0184,John  Brown,Returning,Premium Wash,Instagram,Sarasota,Sarasota,70,77,10,87.0,123,CARD,,4
2812,2025-12-22 00:00:00,CUST0905, Olivia Taylor,Returning,Premium Wash,referral,Charlotte,Port Charlotte,70,79,0,79,96,Card,NEWCUSTOMER,4
2813,2025-03-11 00:00:00,CUST0631, Ava Garcia,New,Full Detail,Facebook,Sarasota,Venice,150,150,5,155,154,cash ,SUMMER10,5
2814,2025-03-31 00:00:00,CUST0750,Olivia Davis ,Returning,Full Detail,Insta,Charlotte,Port Charlotte,150,148,0,148.0,167,CARD,SUMMER10,4
2815,2025-09-17 00:00:00,CUST0845,Lewis  Garcia,Returning,Interior Detail,Instagram ,Sarasota,Venice,90,97,0,97,97,Zelle,,5
2816,2025-05-06 00:00:00,CUST0533,alex martinez,Returning,Ceramic Coating,instagram,Sarasota,Sarasota,350,350,0,350,163,CARD,,3
2817,2025-08-19 00:00:00,CUST0319,Lewis Davis ,Returning,Interior Detail,YouTube,Sarasota,Sarasota,90,94,0,94,155,Venmo,,
2818,2025-10-22 00:00:00,CUST0622,Noah Johnson,New,Full Detail,Insta,Sarasota,Sarasota,150,160,10,170,121,Zelle,,4
2819,2025-05-09 00:00:00,CUST0022, Mary Davis,Returning,Ceramic Coating,Youtube,Sarasota,Sarasota,350,350,0,350,123,Zelle,,5
2820,2025-10-07 00:00:00,CUST0001,lewis martinez,Returning,Premium Wash,instagram,Sarasota,Sarasota,70,$77.00,0,77,62,cash ,,4
2821,2025-11-09 00:00:00,CUST1072,ava johnson,Returning,Basic Wash,Referral,Charlotte,Port Charlotte,40,49,20,69,61,Card,SUMMER10,4
2822,04/10/2025,CUST0280,Noah  Taylor,Returning,Ceramic Coating,Tik tok,Sarasota,Venice,350,355,0,355,40,Card,,5
2823,2025-11-22 00:00:00,CUST0705,Olivia  Davis,Returning,Interior Detail,tiktok,Charlotte,Port Charlotte,90,$97.00,15,112,146,Venmo,,
2824,24-10-2025,CUST0588, Ava Johnson,Returning,Basic Wash,TIKTOK,Sarasota,Sarasota,40,46,10,56,166,Cash App,,3
2825,2025-07-01 00:00:00,CUST0961,Lewis  Anderson,New,Ceramic Coating,YouTube,Sarasota,Venice,350,390,-5,410,61,cash ,,3
2826,2025-06-23 00:00:00,CUST1096,liam davis,Returning,Interior Detail,YouTube,Charlotte,Port Charlotte,90,90,10,100,58,cash ,,4
2827,2025-11-12 00:00:00,CUST0018,liam garcia,Returning,Full Detail,YOUTUBE ,Sarasota,Sarasota,150,167,15,182,140,Cash,,4
2828,2025-12-30 00:00:00,CUST1008,Noah  Martinez,Returning,Ceramic Coating,youtube,Charlotte,Port Charlotte,350,385,0,385,148,Venmo,,3
2829,2025-07-07 00:00:00,CUST0978,John  Anderson,Returning,Premium Wash,TikTok,Charlotte,Punta Gorda,70,77,15,92,114,Zelle,NEWCUSTOMER,4
2830,2025-02-26 00:00:00,CUST0614,lewis martinez,Returning,Premium Wash,tiktok,Sarasota,Venice,70,68,5,73,55,Cash App,,3
2831,2025-01-31 00:00:00,CUST0019,Lewis  Smith,Returning,Ceramic Coating,Instagram,Charlotte,Port Charlotte,350,352,15,367,57,Zelle,VIP ,5
2832,2025-03-25 00:00:00,CUST0882,Mary  Miller,Returning,Interior Detail,Instagram,Charlotte,Punta Gorda,90,85,5,90,172,CARD,SUMMER10,5
2833,2025-06-01 00:00:00,CUST0600,Emma  Garcia,Returning,Premium Wash,instagram,Sarasota,Venice,70,70,10,80,107,Card,VIP ,5
2834,2025-02-05 00:00:00,CUST0474,lewis garcia,Returning,Interior Detail,instagram,Sarasota,Venice,90,85,0,85,167,CARD,VIP ,4
2835,2025-08-01 00:00:00,CUST0015, Ava Johnson,Returning,Full Detail,FACEBOOK,Charlotte,Port Charlotte,150,165,0,165,158,Cash App,NEWCUSTOMER,5
2836,2025-12-30 00:00:00,CUST1123, Ava Wilson,Returning,Ceramic Coating,Referral,Sarasota,Venice,350,385,0,385,30,Cash App,,5
2837,2025-04-16 00:00:00,CUST0766,olivia smith,Returning,Full Detail,,Sarasota,North Port,150,150,0,150,84,Cash App,,5
2838,2025-12-08 00:00:00,CUST0387,alex martinez,Returning,Full Detail,referral,Sarasota,Venice,150,$165.00,-5,180,118,cash ,,4
2839,2025-08-08 00:00:00,CUST0844,Olivia Garcia,Returning,Interior Detail,instagram,Sarasota,North Port,90,99,10,109,177,Card,,4
2840,12-06-2025,CUST1149,SOFIA JOHNSON,New,Premium Wash,tiktok,Sarasota,North Port,70,$68.00,20,88,135,CARD,,4
2841,2025-08-08 00:00:00,CUST0896,Noah Davis ,Returning,Interior Detail,YouTube,Sarasota,Venice,90,99,0,99,117,Cash,,
2842,2025-09-27 00:00:00,CUST0809,EMMA MILLER,Returning,Ceramic Coating,Youtube,Sarasota,Venice,350,390,0,390,64,Zelle,VIP ,5
2843,2025-04-30 00:00:00,CUST0512,SOFIA MILLER,Returning,Interior Detail,social,Sarasota,North Port,90,90,5,95,146,Card,,3
2844,12/02/2025,CUST0335,Lewis Garcia ,Returning,Basic Wash,referral,Sarasota,Sarasota,40,44,0,44.0,101,Zelle,,5
2845,2025-07-01 00:00:00,CUST0799,Emma Brown ,Returning,Ceramic Coating,Insta,Charlotte,Punta Gorda,350,380,0,380,94,Zelle,VIP ,5
2846,2025-04-16 00:00:00,CUST0775,Noah Wilson ,Returning,Interior Detail,Instagram ,Sarasota,Sarasota,90,95,5,100,110,Zelle,VIP ,5
2847,2025-08-05 00:00:00,CUST0452,Sofia Smith,Returning,Full Detail,instagram,Sarasota,Venice,150,167,10,177,161,Cash App,,
2848,2025-07-24 00:00:00,CUST0539, Olivia Johnson,Returning,Full Detail,TikTok,Sarasota,Venice,150,160,20,180,73,Zelle,SUMMER10,4
2849,2025-03-11 00:00:00,CUST0163,SOFIA ANDERSON,Returning,Full Detail,Insta,Sarasota,Sarasota,150,145,20,165.0,136,Zelle,,5
2850,2025-02-13 00:00:00,CUST0865, Mary Smith,Returning,Ceramic Coating,FaceBook ,Charlotte,Punta Gorda,350,350,0,350,133,cash ,SUMMER10,4
2851,2025-11-25 00:00:00,CUST0491,Emma Smith ,Returning,Ceramic Coating,YOUTUBE ,Charlotte,Port Charlotte,350,387,15,402,41,Zelle,,3
2852,2025-10-28 00:00:00,CUST1059,Sofia  Smith,Returning,Basic Wash,Referral,Charlotte,Port Charlotte,40,42,0,42,42,Card,,4
2853,2025-08-16 00:00:00,CUST0557,alex brown,Returning,Ceramic Coating,FACEBOOK,Charlotte,Port Charlotte,350,390,0,390,69,Cash,,4
2854,2025-07-03 00:00:00,CUST0584, Olivia Miller,Returning,Premium Wash,TikTok,Sarasota,Sarasota,70,82,10,92,179,Venmo,VIP ,
2855,2025-04-17 00:00:00,CUST1090, Alex Brown,Returning,Full Detail,FACEBOOK,Charlotte,Port Charlotte,150,145,20,165,171,Venmo,SUMMER10,4
2856,2025-03-25 00:00:00,CUST0551,Noah Brown,Returning,Interior Detail,YOUTUBE ,Charlotte,Punta Gorda,90,90,0,90,99,cash ,NEWCUSTOMER,5
2857,2025-12-04 00:00:00,CUST0846,mary johnson,Returning,Premium Wash,YOUTUBE ,Charlotte,Port Charlotte,70,72,15,87,74,Cash,,3
2858,2025-09-07 00:00:00,CUST0386,Sofia Miller,Returning,Basic Wash,YouTube,Sarasota,Sarasota,40,49,15,64,142,Cash App,,4
2859,2025-12-29 00:00:00,CUST0141,Ava  Anderson,Returning,Premium Wash,instagram,Sarasota,Sarasota,70,77,15,92,54,Cash,,5
2860,2025-01-21 00:00:00,CUST0374,John  Anderson,New,Ceramic Coating,Instagram ,Sarasota,Sarasota,350,348,0,348,134,Zelle,,4
2861,2025-07-15 00:00:00,CUST0280,Lewis Johnson,Returning,Basic Wash,Tik tok,Sarasota,Venice,40,49,10,59,111,Card,SUMMER10,
2862,2025-06-27 00:00:00,CUST0594,NOAH MILLER,Returning,Ceramic Coating,facebook,Charlotte,Port Charlotte,350,348,5,353,164,cash ,NEWCUSTOMER,5
2863,2025-01-07 00:00:00,CUST0227,Ava Smith,Returning,Full Detail,Referred,Sarasota,Venice,150,145,0,145,78,Venmo,,
2864,2025-03-11 00:00:00,CUST0933,Mary Johnson,Returning,Basic Wash,facebook,Charlotte,Punta Gorda,40,35,5,40,171,Cash,,3
2865,2025-05-07 00:00:00,CUST0928,Mary Garcia,Returning,Ceramic Coating,Word of Mouth,Charlotte,Port Charlotte,350,348,15,363,160,Zelle,,5
2866,2025-06-09 00:00:00,CUST0558,Ava Brown ,Returning,Premium Wash,TikTok,Sarasota,Sarasota,70,70,10,80,54,Zelle,VIP ,3
2867,2025-09-05 00:00:00,CUST1008,OLIVIA SMITH,Returning,Ceramic Coating,Youtube,Charlotte,Port Charlotte,350,383,10,393,108,Cash,,
2868,2025-07-22 00:00:00,CUST0385, Mary Garcia,Returning,Ceramic Coating,instagram,Sarasota,Venice,350,383,0,383,54,Card,,5
2869,2025-05-28 00:00:00,CUST0657,LEWIS BROWN,Returning,Ceramic Coating,,Charlotte,Punta Gorda,350,350,20,370,166,Zelle,SUMMER10,3
2870,2025-05-23 00:00:00,CUST0040,Emma Smith,Returning,Full Detail,Tik tok,Sarasota,North Port,150,152,0,152,87,CARD,,4
2871,2025-07-18 00:00:00,CUST0312,Mary  Davis,New,Basic Wash,FaceBook ,Charlotte,Port Charlotte,40,44,10,54,31,Cash App,SUMMER10,
2872,2025-06-03 00:00:00,CUST0102,Lewis Anderson,Returning,Ceramic Coating,Facebook,Sarasota,Sarasota,350,352,0,352,155,Zelle,,3
2873,2025-05-22 00:00:00,CUST1096,alex johnson,Returning,Full Detail,youtube,Charlotte,Port Charlotte,150,148,10,158,109,Venmo,NEWCUSTOMER,4
2874,2025-11-09 00:00:00,CUST0046,Alex Miller,Returning,Ceramic Coating,facebook,Charlotte,Punta Gorda,350,$390.00,0,390,105,Zelle,,4
2875,2025-06-14 00:00:00,CUST0381,AVA MILLER,Returning,Premium Wash,Word of Mouth,Sarasota,North Port,70,65,5,70,169,Zelle,,3
2876,2025-11-10 00:00:00,CUST0210,Noah Martinez ,Returning,Full Detail,tiktok,Sarasota,North Port,150,160,10,170,70,Venmo,VIP ,4
2877,01/21/2025,CUST0578, John Johnson,New,Basic Wash,Facebook,Charlotte,Punta Gorda,40,35,0,35,65,Cash App,VIP ,4
2878,2025-03-23 00:00:00,CUST0552,Alex Martinez ,Returning,Full Detail,FACEBOOK,Sarasota,Sarasota,150,148,20,168,122,cash ,,4
2879,2025-03-10 00:00:00,CUST0257,Liam  Davis,Returning,Ceramic Coating,Insta,Sarasota,Sarasota,350,345,10,355,162,Venmo,VIP ,5
2880,11-05-2025,CUST0898,Sofia Brown,Returning,Ceramic Coating,FACEBOOK,Sarasota,Venice,350,352,-5,367,156,Cash App,VIP ,4
2880,11-05-2025,CUST0898,Sofia Brown,Returning,Ceramic Coating,FACEBOOK,Sarasota,Venice,350,352,-5,367,156,Cash App,VIP ,4
2881,2025-03-28 00:00:00,CUST0017,Liam  Garcia,Returning,Basic Wash,Facebook,Sarasota,Venice,40,$38.00,10,48,155,Cash App,NEWCUSTOMER,4
2881,2025-03-28 00:00:00,CUST0017,Liam  Garcia,Returning,Basic Wash,Facebook,Sarasota,Venice,40,$38.00,10,48,155,Cash App,NEWCUSTOMER,4
2882,2025-08-06 00:00:00,CUST0477, Ava Smith,Returning,Full Detail,social,Sarasota,Sarasota,150,167,0,167,155,CARD,NEWCUSTOMER,
2883,2025-11-01 00:00:00,CUST0185,LIAM DAVIS,Returning,Ceramic Coating,YouTube,Sarasota,Venice,350,387,15,402,58,Zelle,NEWCUSTOMER,5
2884,2025-12-11 00:00:00,CUST0309, Emma Brown,Returning,Full Detail,Tik tok,Charlotte,Punta Gorda,150,160,20,180,146,cash ,VIP ,4
2885,2025-12-07 00:00:00,CUST0031,Mary Garcia,New,Ceramic Coating,facebook,Sarasota,Sarasota,350,390,15,405,148,Cash App,,3
2886,2025-06-10 00:00:00,CUST1011,ALEX GARCIA,Returning,Interior Detail,Tik tok,Charlotte,Port Charlotte,90,90,5,95,40,Venmo,NEWCUSTOMER,4
2887,2025-06-27 00:00:00,CUST0445,Sofia Taylor,Returning,Full Detail,Tik tok,Sarasota,North Port,150,$152.00,0,152,124,Zelle,,5
2888,2025-04-27 00:00:00,CUST0701, Liam Brown,Returning,Interior Detail,TIKTOK,Sarasota,Sarasota,90,92,5,97,167,Cash App,,5
2889,2025-07-15 00:00:00,CUST0861,alex wilson,Returning,Full Detail,tiktok,Charlotte,Port Charlotte,150,163,10,173,85,Card,,
2890,2025-11-23 00:00:00,CUST0639,Lewis Taylor ,Returning,Premium Wash,instagram,Sarasota,Venice,70,72,15,87,40,Zelle,SUMMER10,4
2891,2025-03-27 00:00:00,CUST1021,Olivia Davis,Returning,Ceramic Coating,YouTube,Charlotte,Port Charlotte,350,352,5,357,158,cash ,,4
2892,10/16/2025,CUST0761,John Taylor,Returning,Interior Detail,referral,Sarasota,Venice,90,99,0,99,131,Card,NEWCUSTOMER,5
2893,2025-03-22 00:00:00,CUST0950,Noah Miller,Returning,Interior Detail,Insta,Sarasota,North Port,90,90,5,95,48,CARD,VIP ,4
2894,2025-06-01 00:00:00,CUST0065, Liam Miller,Returning,Full Detail,Instagram,Sarasota,Sarasota,150,150,15,165,168,Cash App,,5
2895,2025-03-02 00:00:00,CUST0677, Lewis Anderson,Returning,Premium Wash,Word of Mouth,Sarasota,Sarasota,70,65,0,65,85,Card,,
2896,2025-03-02 00:00:00,CUST0165,LEWIS JOHNSON,Returning,Full Detail,Word of Mouth,Sarasota,North Port,150,152,0,152,113,Zelle,,5
2897,2025-12-20 00:00:00,CUST0300,Liam  Martinez,Returning,Full Detail,Referred,Charlotte,Punta Gorda,150,170,10,180,103,Cash App,SUMMER10,4
2898,2025-01-28 00:00:00,CUST0115,AVA ANDERSON,Returning,Interior Detail,instagram,Sarasota,Sarasota,90,90,20,110,167,Cash,SUMMER10,5
2899,2025-02-12 00:00:00,CUST0546,MARY GARCIA,Returning,Ceramic Coating,Tik tok,Charlotte,Punta Gorda,350,350,5,355,91,Zelle,SUMMER10,
2900,2025-06-18 00:00:00,CUST0804,Alex Wilson ,Returning,Premium Wash,Facebook,Sarasota,North Port,70,65,15,80,164,Venmo,NEWCUSTOMER,4
2901,2025-03-27 00:00:00,CUST0147,John Martinez ,Returning,Premium Wash,Referred,Sarasota,Sarasota,70,65,20,85,114,Zelle,,
2902,2025-06-26 00:00:00,CUST1113,ALEX JOHNSON,Returning,Interior Detail,Tik tok,Sarasota,North Port,90,85,0,85,118,Cash,VIP ,5
2903,2025-01-17 00:00:00,CUST0963,Lewis Davis ,New,Ceramic Coating,Word of Mouth,Sarasota,Venice,350,350,0,350.0,110,Venmo,,
2904,2025-04-08 00:00:00,CUST0372,Alex Brown ,Returning,Basic Wash,Facebook,Charlotte,Port Charlotte,40,45,5,50,115,CARD,,
2905,2025-07-17,CUST0394, Mary Davis,Returning,Full Detail,youtube,Sarasota,Venice,150,167,0,167,145,Card,,4
2906,2025-04-08 00:00:00,CUST0513,John  Smith,Returning,Premium Wash,TikTok,Charlotte,Port Charlotte,70,65,15,80,101,Venmo,NEWCUSTOMER,3
2907,2025-03-06 00:00:00,CUST0782,mary miller,Returning,Premium Wash,TIKTOK,Charlotte,Punta Gorda,70,72,0,72,76,Cash App,VIP ,3
2908,2025-11-26 00:00:00,CUST0026,Liam Garcia ,Returning,Interior Detail,Youtube,Charlotte,Punta Gorda,90,101,20,121,161,Zelle,NEWCUSTOMER,5
2909,2025-12-07 00:00:00,CUST0250,Sofia Wilson,New,Full Detail,Referred,Charlotte,Port Charlotte,150,163,0,163,151,Cash App,,
2910,2025-01-05 00:00:00,CUST0510,Ava Garcia ,Returning,Ceramic Coating,Referral,Charlotte,Port Charlotte,350,345,10,355,127,Zelle,,5
2911,2025-01-02 00:00:00,CUST0789,LEWIS GARCIA,Returning,Ceramic Coating,FB,Sarasota,Sarasota,350,352,10,362,171,cash ,,5
2912,2025-01-22 00:00:00,CUST0908, John Taylor,Returning,Interior Detail,YOUTUBE ,Sarasota,Sarasota,90,92,20,112,92,Cash,VIP ,3
2913,2025-04-22 00:00:00,CUST0507,JOHN MARTINEZ,Returning,Basic Wash,social,Charlotte,Port Charlotte,40,38,15,53,128,Venmo,,4
2914,2025-02-26 00:00:00,CUST0069,john smith,Returning,Full Detail,FaceBook ,Charlotte,Port Charlotte,150,150,0,150,125,Card,,3
2915,2025-03-07 00:00:00,CUST0408,Noah  Garcia,Returning,Full Detail,TIKTOK,Sarasota,Sarasota,150,150,15,165,95,Card,,4
2916,2025-11-26 00:00:00,CUST0944,Olivia Miller,Returning,Interior Detail,youtube,Charlotte,Port Charlotte,90,97,20,117,144,Cash App,,4
2917,2025-04-08 00:00:00,CUST0193,Mary  Brown,New,Ceramic Coating,Word of Mouth,Sarasota,Venice,350,348,5,353,65,Cash App,,5
2918,2025-05-24 00:00:00,CUST1068,MARY BROWN,Returning,Basic Wash,FACEBOOK,Charlotte,Port Charlotte,40,40,0,40,169,cash ,,4
2919,2025-05-05 00:00:00,CUST0427,Olivia  Martinez,New,Interior Detail,instagram,Sarasota,Venice,90,90,5,95,117,Zelle,SUMMER10,
2920,2025-06-16 00:00:00,CUST0969,ALEX DAVIS,Returning,Premium Wash,Tik tok,Charlotte,Punta Gorda,70,65,0,65,40,CARD,NEWCUSTOMER,4
2921,2025-03-27 00:00:00,CUST0797,Emma  Anderson,Returning,Basic Wash,instagram,Sarasota,North Port,40,35,0,35,176,CARD,NEWCUSTOMER,5
2922,2025-03-17 00:00:00,CUST0640,Alex  Johnson,Returning,Basic Wash,Tik tok,Charlotte,Punta Gorda,40,42,10,52,69,Cash,,4
2923,2025-12-10 00:00:00,CUST0662,John  Davis,Returning,Full Detail,referral,Charlotte,Port Charlotte,150,165,15,180,108,Zelle,,4
2924,2025-10-21 00:00:00,CUST0325, Alex Miller,Returning,Premium Wash,facebook,Sarasota,Sarasota,70,82,5,87,91,CARD,,4
2925,2025-02-28 00:00:00,CUST0087,john martinez,Returning,Basic Wash,TikTok,Charlotte,Punta Gorda,40,42,0,42,65,Card,VIP ,5
2926,2025-05-18 00:00:00,CUST1126,Olivia Johnson,Returning,Basic Wash,FB,Sarasota,Sarasota,40,40,10,50,138,Venmo,,5
2927,2025-04-09 00:00:00,CUST1067,NOAH DAVIS,Returning,Basic Wash,Referral,Sarasota,North Port,40,40,15,55,79,Cash,VIP ,5
2928,2025-07-11,CUST0251,John  Brown,Returning,Basic Wash,FACEBOOK,Sarasota,Sarasota,40,44,0,44,35,CARD,,4
2929,2025-08-31 00:00:00,CUST0519,EMMA DAVIS,New,Interior Detail,instagram,Charlotte,Punta Gorda,90,94,15,109,139,cash ,NEWCUSTOMER,4
2930,2025-11-15 00:00:00,CUST0986,John Smith,New,Interior Detail,Facebook,Sarasota,North Port,90,97,5,102,159,Venmo,VIP ,5
2931,2025-02-18 00:00:00,CUST0612,ALEX BROWN,Returning,Full Detail,Instagram,Sarasota,North Port,150,148,0,148,159,Venmo,VIP ,5
2932,2025-02-01 00:00:00,CUST0407,JOHN JOHNSON,Returning,Premium Wash,instagram,Charlotte,Port Charlotte,70,75,5,80,90,CARD,,4
2933,2025-10-04 00:00:00,CUST0739,Mary Anderson ,Returning,Basic Wash,Referral,Charlotte,Port Charlotte,40,39,15,54,119,Card,VIP ,5
2934,2025-01-20 00:00:00,CUST0107,Noah Miller,Returning,Interior Detail,Referral,Sarasota,Venice,90,85,10,95,62,CARD,VIP ,3
2935,2025-06-03 00:00:00,CUST0447,sofia anderson,Returning,Interior Detail,Tik tok,Charlotte,Port Charlotte,90,85,0,85,84,Card,SUMMER10,3
2935,2025-06-03 00:00:00,CUST0447,sofia anderson,Returning,Interior Detail,Tik tok,Charlotte,Port Charlotte,90,85,0,85,84,Card,SUMMER10,3
2936,2025-03-09 00:00:00,CUST0232, Lewis Johnson,Returning,Ceramic Coating,TIKTOK,Sarasota,Sarasota,350,345,15,360,92,CARD,,4
2937,2025-08-02 00:00:00,CUST0484,Mary Smith ,New,Premium Wash,YOUTUBE ,Charlotte,Punta Gorda,70,75,20,95,154,CARD,,5
2938,2025-05-23 00:00:00,CUST0890,OLIVIA WILSON,Returning,Basic Wash,Instagram,Sarasota,North Port,40,42,10,52,69,cash ,VIP ,5
2939,2025-08-20 00:00:00,CUST0665,Mary  Johnson,Returning,Basic Wash,Tik tok,Charlotte,Port Charlotte,40,46,10,56,122,Venmo,NEWCUSTOMER,4
2940,2025-08-01 00:00:00,CUST0031,olivia martinez,Returning,Interior Detail,FACEBOOK,Sarasota,Sarasota,90,101,0,101,90,Card,VIP ,3
2941,2025-03-20 00:00:00,CUST0343,Olivia  Martinez,Returning,Ceramic Coating,YouTube,Charlotte,Punta Gorda,350,355,0,355,133,cash ,NEWCUSTOMER,
2942,2025-08-02 00:00:00,CUST0566,ALEX MARTINEZ,Returning,Premium Wash,TIKTOK,Sarasota,North Port,70,72,15,87,136,Zelle,,3
2943,2025-04-26 00:00:00,CUST1198,Lewis Taylor,Returning,Full Detail,Referred,Charlotte,Port Charlotte,150,155,5,160,92,Cash App,,
2944,2025-04-02 00:00:00,CUST0246,LIAM MILLER,Returning,Full Detail,TIKTOK,Charlotte,Punta Gorda,150,155,10,165,71,Cash,SUMMER10,4
2945,2025-09-27,CUST0811,Mary Johnson,Returning,Full Detail,Tik tok,Charlotte,Punta Gorda,150,160,10,170,155,Card,,
2946,2025-06-17,CUST0498,Liam Smith,Returning,Basic Wash,youtube,Charlotte,Port Charlotte,40,40,15,55,46,Venmo,,4
2947,2025-02-27 00:00:00,CUST0019,John Johnson,Returning,Interior Detail,Instagram,Charlotte,Port Charlotte,90,92,0,92,180,Cash App,,4
2948,2025-10-11 00:00:00,CUST0087,lewis garcia,Returning,Ceramic Coating,TikTok,Charlotte,Punta Gorda,350,383,10,393,149,Cash App,SUMMER10,5
2949,2025-01-26 00:00:00,CUST1191,liam miller,New,Ceramic Coating,FaceBook ,Sarasota,North Port,350,352,5,357,55,cash ,,
2950,2025-03-07 00:00:00,CUST0974, Ava Smith,Returning,Basic Wash,Tik tok,Charlotte,Port Charlotte,40,42,20,62,77,Venmo,,
2951,2025-09-05 00:00:00,CUST0318, Noah Taylor,Returning,Ceramic Coating,YOUTUBE ,Charlotte,Port Charlotte,350,380,10,390,64,Cash,SUMMER10,4
2952,2025-09-11 00:00:00,CUST0761,EMMA WILSON,Returning,Ceramic Coating,Referral,Sarasota,Venice,350,390,20,410,138,Zelle,VIP ,4
2953,2025-02-13 00:00:00,CUST0184,Olivia Martinez,Returning,Full Detail,Instagram ,Sarasota,Sarasota,150,148,0,148,159,Cash App,SUMMER10,5
2954,2025-04-07 00:00:00,CUST0510,Alex Davis ,Returning,Full Detail,Referred,Charlotte,Port Charlotte,150,150,20,170,53,Zelle,NEWCUSTOMER,
2955,2025-02-11 00:00:00,CUST0323,olivia miller,Returning,Basic Wash,Instagram ,Sarasota,Sarasota,40,45,0,45,122,Cash,,5
2956,2025-08-15 00:00:00,CUST1024,Emma Martinez ,Returning,Premium Wash,YouTube,Charlotte,Port Charlotte,70,$82.00,15,97,70,cash ,NEWCUSTOMER,
2957,2025-09-19 00:00:00,CUST0188,SOFIA JOHNSON,Returning,Ceramic Coating,TikTok,Charlotte,Punta Gorda,350,390,10,400,32,Cash App,,5
2958,2025-06-16 00:00:00,CUST0694,mary wilson,Returning,Ceramic Coating,Referred,Sarasota,Sarasota,350,355,10,365,131,CARD,NEWCUSTOMER,5
2959,2025-10-06 00:00:00,CUST0123,noah wilson,Returning,Ceramic Coating,Facebook,Sarasota,Sarasota,350,385,10,395,56,CARD,,5
2960,2025-03-30 00:00:00,CUST0123,Mary Taylor,Returning,Interior Detail,Facebook,Sarasota,Sarasota,90,90,10,100,138,Zelle,SUMMER10,5
2961,2025-06-27 00:00:00,CUST0729,john brown,Returning,Full Detail,Instagram,Sarasota,Sarasota,150,145,15,160,162,Cash,,3
2962,2025-07-16 00:00:00,CUST0316,LEWIS JOHNSON,Returning,Full Detail,TikTok,Sarasota,North Port,150,163,0,163,105,cash ,,4
2963,2025-11-03 00:00:00,CUST1099,AVA JOHNSON,Returning,Ceramic Coating,tiktok,Charlotte,Punta Gorda,350,$380.00,5,385,136,Cash App,SUMMER10,
2964,2025-09-24 00:00:00,CUST0220,sofia martinez,Returning,Basic Wash,facebook,Charlotte,Punta Gorda,40,$39.00,5,44,144,Venmo,,4
2965,2025-09-25 00:00:00,CUST0258, Olivia Wilson,New,Full Detail,FaceBook ,Charlotte,Port Charlotte,150,167,20,187,139,Cash App,,
2966,2025-03-15 00:00:00,CUST1000,Sofia Martinez,Returning,Interior Detail,Instagram ,Sarasota,Sarasota,90,92,20,112,46,Zelle,,4
2967,2025-01-08 00:00:00,CUST0477,LEWIS DAVIS,Returning,Premium Wash,Tik tok,Sarasota,Sarasota,70,72,15,87.0,69,Cash,,
2968,2025-10-24 00:00:00,CUST0649, John Taylor,Returning,Premium Wash,Insta,Sarasota,Sarasota,70,79,10,89,97,Cash,NEWCUSTOMER,
2969,2025-06-13 00:00:00,CUST1144, Sofia Brown,Returning,Premium Wash,referral,Sarasota,Sarasota,70,70,5,75,62,cash ,,3
2970,2025-03-26 00:00:00,CUST0712,noah brown,Returning,Premium Wash,Instagram,Sarasota,Sarasota,70,72,0,72,84,Venmo,NEWCUSTOMER,5
2971,2025-03-13 00:00:00,CUST0899,Ava Davis,Returning,Full Detail,Instagram,Charlotte,Port Charlotte,150,150,0,150,132,cash ,NEWCUSTOMER,
2972,2025-02-24 00:00:00,CUST0396,Emma Miller,New,Ceramic Coating,Referred,Sarasota,Venice,350,345,20,365,93,CARD,,5
2973,2025-02-16 00:00:00,CUST0044,Mary Garcia ,New,Interior Detail,YouTube,Charlotte,Port Charlotte,90,95,15,110,37,Cash App,SUMMER10,4
2974,2025-08-26 00:00:00,CUST0774,mary davis,Returning,Interior Detail,TIKTOK,Charlotte,Port Charlotte,90,$99.00,15,114,128,cash ,,5
2975,2025-04-14 00:00:00,CUST0734,alex garcia,Returning,Premium Wash,Word of Mouth,Sarasota,North Port,70,68,0,68,71,Venmo,SUMMER10,5
2976,07/29/2025,CUST0276,Liam Garcia ,Returning,Interior Detail,TikTok,Sarasota,Venice,90,99,15,114,64,CARD,NEWCUSTOMER,4
2977,2025-02-11 00:00:00,CUST0514,John  Davis,Returning,Full Detail,tiktok,Sarasota,Venice,150,152,20,172,106,CARD,,
2978,2025-11-12 00:00:00,CUST0081,AVA MARTINEZ,Returning,Interior Detail,Youtube,Sarasota,Venice,90,104,0,104,125,Cash,NEWCUSTOMER,3
2979,25-09-2025,CUST0994,NOAH BROWN,Returning,Interior Detail,,Sarasota,Venice,90,104,0,104,145,Venmo,VIP ,4
2980,2025-09-20 00:00:00,CUST0897, Alex Garcia,Returning,Basic Wash,Tik tok,Charlotte,Port Charlotte,40,44,15,59,103,CARD,NEWCUSTOMER,4
2981,12/02/2025,CUST1145,John Anderson,Returning,Interior Detail,YouTube,Sarasota,North Port,90,99,0,99,170,Zelle,,
2982,2025-12-31 00:00:00,CUST0604,JOHN TAYLOR,Returning,Premium Wash,FB,Charlotte,Punta Gorda,70,77,20,97,75,Venmo,,5
2983,2025-09-16 00:00:00,CUST1112,Mary Smith,Returning,Ceramic Coating,referral,Charlotte,Port Charlotte,350,387,0,387,32,Venmo,VIP ,4
2984,2025-10-10 00:00:00,CUST1004,noah smith,Returning,Interior Detail,instagram,Charlotte,Port Charlotte,90,101,0,101,94,Card,,5
2985,24-04-2025,CUST0389,liam martinez,Returning,Full Detail,TikTok,Sarasota,North Port,150,145,0,145,118,CARD,SUMMER10,4
2986,29-12-2025,CUST1161,Alex Anderson ,Returning,Interior Detail,FB,Charlotte,Port Charlotte,90,94,0,94,121,cash ,,5
2987,2025-02-09 00:00:00,CUST0383, Noah Garcia,Returning,Basic Wash,YOUTUBE ,Sarasota,North Port,40,40,0,40,179,Cash App,SUMMER10,5
2988,2025-08-08 00:00:00,CUST1114,LIAM MILLER,Returning,Ceramic Coating,facebook,Sarasota,North Port,350,387,15,402,139,Venmo,,4
2989,2025-05-09 00:00:00,CUST0713, Emma Taylor,Returning,Interior Detail,YouTube,Charlotte,Port Charlotte,90,90,20,110,77,Venmo,,3
2990,2025-01-08 00:00:00,CUST0663,Sofia Miller ,Returning,Ceramic Coating,Instagram,Sarasota,Sarasota,350,345,0,345,42,Venmo,,4
2991,2025-04-11 00:00:00,CUST0960,noah davis,New,Interior Detail,Referral,Sarasota,North Port,90,90,20,110,166,Venmo,,3
2992,2025-06-25 00:00:00,CUST0564,EMMA TAYLOR,Returning,Basic Wash,instagram,Charlotte,Punta Gorda,40,35,15,50,163,Zelle,VIP ,3
2993,2025-04-17 00:00:00,CUST1136,LIAM JOHNSON,Returning,Full Detail,referral,Sarasota,Venice,150,155,10,165,129,Card,,4
2994,2025-04-11 00:00:00,CUST0329,liam brown,Returning,Basic Wash,Referral,Sarasota,Venice,40,35,10,45,31,CARD,,5
2995,2025-09-17 00:00:00,CUST0142,Emma Martinez,Returning,Ceramic Coating,Referral,Charlotte,Port Charlotte,350,385,20,405,158,cash ,NEWCUSTOMER,
2996,2025-09-03,CUST1088,SOFIA SMITH,Returning,Interior Detail,instagram,Charlotte,Port Charlotte,90,99,15,114,95,Zelle,,3
2997,2025-10-02 00:00:00,CUST0318,Mary Davis ,Returning,Ceramic Coating,YouTube,Charlotte,Port Charlotte,350,387,0,387.0,85,Zelle,,5
2998,2025-02-01 00:00:00,CUST0921,Noah Garcia,Returning,Interior Detail,Instagram,Sarasota,Sarasota,90,92,15,107,177,Zelle,,5
2998,2025-02-01 00:00:00,CUST0921,Noah Garcia,Returning,Interior Detail,Instagram,Sarasota,Sarasota,90,92,15,107,177,Zelle,,5
2999,2025-05-17 00:00:00,CUST0606,Emma  Miller,Returning,Ceramic Coating,tiktok,Sarasota,North Port,350,348,15,363,36,cash ,,4
3000,2025-01-12 00:00:00,CUST0540,Sofia Garcia ,Returning,Full Detail,FaceBook ,Charlotte,Punta Gorda,150,155,-5,160,115,Zelle,,3
3001,29-10-2025,CUST1110,Olivia  Smith,Returning,Premium Wash,YOUTUBE ,Sarasota,North Port,70,75,0,75,45,Venmo,,3
3002,2025-01-16 00:00:00,CUST0752,ava johnson,Returning,Ceramic Coating,facebook,Sarasota,North Port,350,352,0,352,59,Cash App,SUMMER10,
3003,2025-05-09 00:00:00,CUST0930,JOHN SMITH,New,Premium Wash,Insta,Charlotte,Port Charlotte,70,70,10,80,129,Venmo,VIP ,4
3004,2025-03-04 00:00:00,CUST0002,Ava Martinez,Returning,Interior Detail,,Sarasota,Venice,90,90,5,95,169,Zelle,SUMMER10,4
3005,2025-04-19 00:00:00,CUST1037,LEWIS GARCIA,Returning,Basic Wash,Insta,Sarasota,Sarasota,40,45,0,45,180,Venmo,NEWCUSTOMER,4
3006,2025-01-21 00:00:00,CUST0777,Noah Davis ,Returning,Premium Wash,,Sarasota,Sarasota,70,72,10,82,42,CARD,VIP ,4
3007,2025-06-07 00:00:00,CUST0380,Emma Anderson,New,Full Detail,youtube,Charlotte,Port Charlotte,150,152,0,152,156,Cash,,4
3008,2025-09-26 00:00:00,CUST0039,ava brown,Returning,Full Detail,FB,Charlotte,Port Charlotte,150,170,0,170,160,cash ,,5
3009,2025-06-11 00:00:00,CUST0746,ALEX DAVIS,Returning,Basic Wash,Instagram ,Charlotte,Port Charlotte,40,35,20,55,148,CARD,NEWCUSTOMER,4
3010,2025-09-17 00:00:00,CUST0490,alex miller,Returning,Full Detail,Youtube,Charlotte,Punta Gorda,150,160,20,180,51,Cash App,,3
3011,2025-04-12 00:00:00,CUST0657,Mary  Anderson,Returning,Full Detail,Word of Mouth,Charlotte,Punta Gorda,150,155,0,155,109,Venmo,,4
3012,2025-08-11 00:00:00,CUST0130,MARY ANDERSON,Returning,Ceramic Coating,FACEBOOK,Charlotte,Port Charlotte,350,385,0,385,116,Zelle,,
3013,2025-02-28 00:00:00,CUST1104,Noah  Miller,Returning,Interior Detail,youtube,Charlotte,Punta Gorda,90,92,0,92,149,Zelle,,4
3014,2025-09-04 00:00:00,CUST0794,MARY MARTINEZ,Returning,Full Detail,YouTube,Sarasota,North Port,150,160,15,175,54,cash ,,5
3015,2025-05-08 00:00:00,CUST0389,Olivia  Taylor,Returning,Premium Wash,TIKTOK,Sarasota,North Port,70,70,20,90,33,Cash,NEWCUSTOMER,5
3016,2025-10-10 00:00:00,CUST1074,Sofia Davis ,Returning,Ceramic Coating,Tik tok,Sarasota,Sarasota,350,390,0,390,126,Venmo,,4
3017,2025-11-21 00:00:00,CUST1019,Emma  Taylor,Returning,Basic Wash,youtube,Sarasota,Venice,40,$49.00,5,54,143,Card,,4
3018,2025-01-25 00:00:00,CUST1130,Sofia Martinez,Returning,Full Detail,Instagram,Charlotte,Punta Gorda,150,150,0,150,109,Venmo,NEWCUSTOMER,5
3019,2025-05-11 00:00:00,CUST0316,John Davis ,Returning,Full Detail,TIKTOK,Sarasota,North Port,150,$145.00,0,145,178,cash ,VIP ,
3020,2025-12-19 00:00:00,CUST0580,Mary  Smith,Returning,Basic Wash,referral,Sarasota,North Port,40,$39.00,0,39,49,Venmo,,3
3021,2025-07-15 00:00:00,CUST0661, Sofia Anderson,Returning,Ceramic Coating,Tik tok,Charlotte,Punta Gorda,350,385,0,385,118,CARD,,5
3022,2025-10-08 00:00:00,CUST0840,ALEX GARCIA,Returning,Ceramic Coating,FACEBOOK,Sarasota,North Port,350,380,5,385,72,Zelle,NEWCUSTOMER,5
3023,2025-06-03 00:00:00,CUST0660, Ava Martinez,Returning,Full Detail,Word of Mouth,Sarasota,North Port,150,150,5,155,110,Card,NEWCUSTOMER,5
3024,2025-05-13 00:00:00,CUST0227,Mary Johnson ,Returning,Interior Detail,referral,Sarasota,Venice,90,90,15,105,96,Cash,VIP ,
3025,2025-08-15 00:00:00,CUST0198, Olivia Garcia,Returning,Interior Detail,facebook,Sarasota,Sarasota,90,104,5,109,176,CARD,NEWCUSTOMER,4
3026,2025-07-08 00:00:00,CUST1072,Ava Taylor,Returning,Premium Wash,Referred,Charlotte,Port Charlotte,70,$72.00,10,82,124,CARD,,5
3027,2025-09-22 00:00:00,CUST0137,mary brown,New,Full Detail,FACEBOOK,Sarasota,North Port,150,165,20,185,102,Cash App,NEWCUSTOMER,4
3028,2025-05-14 00:00:00,CUST0090,Olivia  Wilson,Returning,Premium Wash,TikTok,Sarasota,Venice,70,70,0,70,74,Venmo,VIP ,4
3029,2025-07-30 00:00:00,CUST0266,JOHN WILSON,Returning,Interior Detail,FACEBOOK,Sarasota,Venice,90,99,10,109,173,Card,NEWCUSTOMER,5
3030,2025-03-01 00:00:00,CUST0366,john wilson,Returning,Ceramic Coating,,Charlotte,Punta Gorda,350,355,20,375,83,Zelle,NEWCUSTOMER,4
3031,2025-12-30 00:00:00,CUST0065, Alex Wilson,Returning,Basic Wash,Insta,Sarasota,Sarasota,40,49,5,54,52,CARD,SUMMER10,4
3032,2025-12-30 00:00:00,CUST0414,LEWIS GARCIA,Returning,Premium Wash,Tik tok,Charlotte,Punta Gorda,70,77,15,92,88,cash ,,5
3033,2025-08-01 00:00:00,CUST0220,LEWIS MARTINEZ,Returning,Full Detail,facebook,Charlotte,Punta Gorda,150,170,0,170,84,CARD,,3
3034,2025-08-04 00:00:00,CUST0995, John Martinez,Returning,Ceramic Coating,,Charlotte,Punta Gorda,350,380,0,380,82,Card,,5
3035,2025-08-14 00:00:00,CUST0393,Lewis Johnson ,New,Premium Wash,Youtube,Sarasota,Venice,70,82,0,82.0,40,cash ,SUMMER10,
3036,2025-05-11 00:00:00,CUST0203,Olivia Garcia,Returning,Ceramic Coating,TIKTOK,Sarasota,Sarasota,350,348,20,368,126,Cash App,,4
3037,2025-03-17 00:00:00,CUST0066,Mary Brown,Returning,Premium Wash,Word of Mouth,Sarasota,North Port,70,70,15,85,119,Card,,5
3038,2025-10-13 00:00:00,CUST1170,John Davis ,Returning,Full Detail,Insta,Sarasota,Sarasota,150,165,0,165.0,178,Cash App,,4
3039,2025-10-04 00:00:00,CUST0796,EMMA MARTINEZ,Returning,Interior Detail,youtube,Charlotte,Punta Gorda,90,104,0,104,156,Card,,5
3040,2025-06-05 00:00:00,CUST1004,AVA GARCIA,Returning,Interior Detail,Insta,Charlotte,Port Charlotte,90,90,0,90,30,Cash,,4
3041,2025-09-05,CUST1077, Noah Davis,Returning,Ceramic Coating,referral,Sarasota,North Port,350,383,20,403,166,Zelle,NEWCUSTOMER,3
3042,2025-08-06 00:00:00,CUST0525,Alex  Miller,Returning,Interior Detail,tiktok,Sarasota,Sarasota,90,104,0,104,80,cash ,,4
3043,2025-07-09 00:00:00,CUST0101,Alex Smith,Returning,Full Detail,Instagram,Sarasota,Sarasota,150,170,10,180,71,Venmo,VIP ,4
3043,2025-07-09 00:00:00,CUST0101,Alex Smith,Returning,Full Detail,Instagram,Sarasota,Sarasota,150,170,10,180,71,Venmo,VIP ,4
3044,06/12/2025,CUST0751, Olivia Anderson,Returning,Ceramic Coating,YOUTUBE ,Sarasota,North Port,350,352,15,367,88,Venmo,,4
3045,2025-06-29 00:00:00,CUST0453,LEWIS SMITH,Returning,Premium Wash,Referred,Charlotte,Punta Gorda,70,70,10,80.0,172,Cash,,3
3046,2025-02-03 00:00:00,CUST0146,ava taylor,Returning,Interior Detail,FB,Sarasota,Sarasota,90,85,20,105,112,Card,NEWCUSTOMER,4
3047,2025-02-10 00:00:00,CUST0027,Sofia Miller,Returning,Basic Wash,youtube,Charlotte,Punta Gorda,40,40,10,50,152,Venmo,NEWCUSTOMER,
3048,2025-11-03 00:00:00,CUST0428,OLIVIA WILSON,Returning,Ceramic Coating,instagram,Charlotte,Port Charlotte,350,385,10,395,65,Cash,SUMMER10,4
3049,2025-12-04 00:00:00,CUST1007,Lewis Miller ,Returning,Premium Wash,FaceBook ,Charlotte,Port Charlotte,70,82,0,82,143,Cash,VIP ,4
3050,2025-11-10 00:00:00,CUST0164,LIAM WILSON,Returning,Interior Detail,referral,Sarasota,Venice,90,94,0,94,156,cash ,NEWCUSTOMER,4
3050,2025-11-10 00:00:00,CUST0164,LIAM WILSON,Returning,Interior Detail,referral,Sarasota,Venice,90,94,0,94,156,cash ,NEWCUSTOMER,4
3051,2025-03-16 00:00:00,CUST0959, Mary Garcia,New,Basic Wash,Instagram,Charlotte,Punta Gorda,40,$38.00,15,53,172,Cash App,,5
3052,2025-10-06 00:00:00,CUST0125,Olivia Taylor ,Returning,Interior Detail,Instagram ,Sarasota,Sarasota,90,104,0,104,173,Cash,NEWCUSTOMER,4
3053,2025-06-25,CUST0740,John Anderson,Returning,Ceramic Coating,Referred,Charlotte,Port Charlotte,350,348,10,358,97,Cash App,SUMMER10,
3054,2025-05-30 00:00:00,CUST1143,olivia smith,Returning,Interior Detail,Youtube,Charlotte,Punta Gorda,90,90,20,110,75,cash ,NEWCUSTOMER,4
3055,2025-09-30 00:00:00,CUST0852,alex brown,Returning,Full Detail,,Charlotte,Punta Gorda,150,170,15,185,74,Cash App,,4
3056,2025-11-21 00:00:00,CUST0756,AVA WILSON,Returning,Premium Wash,FACEBOOK,Sarasota,North Port,70,77,5,82,100,Venmo,,5
3057,2025-04-18 00:00:00,CUST0120, Alex Wilson,Returning,Premium Wash,TikTok,Sarasota,Venice,70,72,5,77,107,Card,SUMMER10,5
3058,2025-05-19 00:00:00,CUST0545,Olivia Martinez,New,Full Detail,social,Sarasota,Venice,150,152,5,157,44,CARD,,4
3059,2025-12-16 00:00:00,CUST1084,John  Smith,Returning,Premium Wash,referral,Charlotte,Port Charlotte,70,82,0,82,162,Cash App,,5
3060,2025-09-28 00:00:00,CUST0084,alex brown,Returning,Interior Detail,Insta,Charlotte,Port Charlotte,90,97,15,112,31,Cash,,5
3061,2025-12-13 00:00:00,CUST0145,SOFIA GARCIA,Returning,Premium Wash,referral,Sarasota,Sarasota,70,75,10,85,72,Card,,5
3062,2025-10-16 00:00:00,CUST0623,Lewis  Anderson,Returning,Interior Detail,YouTube,Sarasota,Venice,90,101,20,121,179,Card,VIP ,3
3063,2025-07-31 00:00:00,CUST0160, Mary Smith,Returning,Basic Wash,YOUTUBE ,Sarasota,Sarasota,40,46,15,61,179,Cash App,,4
3064,2025-09-29 00:00:00,CUST0443,EMMA GARCIA,New,Premium Wash,tiktok,Sarasota,Sarasota,70,$72.00,5,77,96,cash ,,
3065,2025-03-07 00:00:00,CUST1064,Emma  Taylor,Returning,Interior Detail,Tik tok,Sarasota,Venice,90,90,0,90,72,Venmo,SUMMER10,
3066,2025-09-05 00:00:00,CUST0199,John  Davis,Returning,Interior Detail,YOUTUBE ,Charlotte,Punta Gorda,90,97,20,117,67,Cash,VIP ,5
3067,2025-06-05 00:00:00,CUST0208,Olivia Wilson,Returning,Interior Detail,Instagram ,Charlotte,Port Charlotte,90,92,15,107,121,Cash App,VIP ,3
3068,2025-02-16 00:00:00,CUST0474,Ava  Garcia,Returning,Premium Wash,Instagram,Sarasota,Venice,70,68,20,88,166,Cash,,
3069,2025-07-20 00:00:00,CUST1089,NOAH BROWN,Returning,Premium Wash,YouTube,Charlotte,Port Charlotte,70,82,10,92,41,Zelle,,3
3070,2025-05-28 00:00:00,CUST0790,John Johnson ,Returning,Full Detail,Facebook,Charlotte,Port Charlotte,150,155,10,165,92,Venmo,VIP ,5
3071,2025-05-04 00:00:00,CUST0389,John Davis ,Returning,Interior Detail,Tik tok,Sarasota,North Port,90,90,5,95,93,Cash App,,5
3072,2025-01-01 00:00:00,CUST0396,Olivia  Anderson,Returning,Basic Wash,Word of Mouth,Sarasota,Venice,40,$45.00,10,55,132,Cash App,NEWCUSTOMER,
3073,2025-09-04 00:00:00,CUST1078,Mary Anderson ,Returning,Basic Wash,,Charlotte,Punta Gorda,40,46,0,46,84,Venmo,,4
3074,2025-12-09 00:00:00,CUST0510,emma garcia,Returning,Basic Wash,referral,Charlotte,Port Charlotte,40,42,0,42,160,Cash,,5
3075,2025-05-08 00:00:00,CUST1168,Liam  Wilson,Returning,Ceramic Coating,Insta,Sarasota,North Port,350,352,0,352,169,CARD,NEWCUSTOMER,3
3076,2025-07-10 00:00:00,CUST0367,Ava Anderson ,Returning,Ceramic Coating,YouTube,Charlotte,Punta Gorda,350,$387.00,15,402,66,Card,NEWCUSTOMER,5
3077,2025-03-08 00:00:00,CUST1144, Ava Johnson,Returning,Basic Wash,referral,Sarasota,Sarasota,40,38,0,38,168,Venmo,,4
3078,2025-01-04 00:00:00,CUST1144,Liam Martinez,Returning,Interior Detail,Referred,Sarasota,Sarasota,90,90,0,90,180,Cash,,5
3079,2025-10-30 00:00:00,CUST0851, Alex Martinez,Returning,Ceramic Coating,TikTok,Sarasota,Sarasota,350,$390.00,15,405,41,CARD,,4
3080,2025-10-21 00:00:00,CUST0217,Alex Miller,Returning,Premium Wash,tiktok,Charlotte,Punta Gorda,70,72,0,72,118,Venmo,,4
3081,2025-05-23 00:00:00,CUST1181,Olivia Wilson ,Returning,Full Detail,Tik tok,Charlotte,Punta Gorda,150,150,10,160,179,Cash,VIP ,5
3082,2025-07-10 00:00:00,CUST0734,LIAM MILLER,Returning,Full Detail,Referred,Sarasota,North Port,150,165,15,180,45,Cash App,VIP ,4
3083,2025-01-21 00:00:00,CUST0940,olivia wilson,Returning,Premium Wash,Tik tok,Sarasota,North Port,70,72,15,87,62,cash ,,5
3084,2025-08-15 00:00:00,CUST0875,Liam Miller,Returning,Basic Wash,Instagram,Charlotte,Punta Gorda,40,39,20,59,153,Venmo,NEWCUSTOMER,4
3085,2025-11-09 00:00:00,CUST0214, Liam Johnson,Returning,Premium Wash,YouTube,Sarasota,North Port,70,75,5,80,77,Card,,5
3086,2025-04-27 00:00:00,CUST0342,Liam  Wilson,Returning,Interior Detail,Referred,Sarasota,Sarasota,90,90,0,90,153,Zelle,,4
3087,2025-10-29 00:00:00,CUST0370,Ava  Taylor,Returning,Full Detail,Facebook,Charlotte,Port Charlotte,150,165,10,175,172,CARD,,4
3088,2025-05-22 00:00:00,CUST1127,emma taylor,Returning,Full Detail,,Charlotte,Port Charlotte,150,150,15,165,51,Cash,NEWCUSTOMER,5
3089,2025-02-08 00:00:00,CUST0823,Emma Anderson,Returning,Premium Wash,Referral,Charlotte,Port Charlotte,70,$65.00,10,75,71,CARD,SUMMER10,5
3090,2025-12-21 00:00:00,CUST1034,ALEX ANDERSON,Returning,Ceramic Coating,Referral,Charlotte,Port Charlotte,350,383,5,388,79,CARD,,4
3091,2025-09-09 00:00:00,CUST0692,lewis miller,Returning,Interior Detail,TIKTOK,Charlotte,Punta Gorda,90,104,0,104,63,Cash,NEWCUSTOMER,5
3092,2025-11-29 00:00:00,CUST0324,John Miller,Returning,Full Detail,Instagram ,Sarasota,Venice,150,170,15,185,149,cash ,,5
3093,2025-07-26 00:00:00,CUST1094,Mary  Taylor,Returning,Ceramic Coating,FaceBook ,Charlotte,Punta Gorda,350,385,0,385,165,cash ,SUMMER10,4
3094,07/29/2025,CUST0908,Liam Martinez,Returning,Ceramic Coating,youtube,Sarasota,Sarasota,350,390,5,395,139,Zelle,,5
3095,2025-04-25 00:00:00,CUST0722,Alex Anderson ,Returning,Basic Wash,youtube,Sarasota,Sarasota,40,35,10,45,42,Cash App,NEWCUSTOMER,4
3096,2025-08-13 00:00:00,CUST0646,mary brown,Returning,Premium Wash,Facebook,Charlotte,Punta Gorda,70,75,15,90,116,cash ,,5
3096,2025-08-13 00:00:00,CUST0646,mary brown,Returning,Premium Wash,Facebook,Charlotte,Punta Gorda,70,75,15,90,116,cash ,,5
3097,2025-05-14 00:00:00,CUST1127,Emma Garcia ,Returning,Full Detail,Instagram,Charlotte,Port Charlotte,150,152,15,167,111,cash ,SUMMER10,5
3098,2025-09-08 00:00:00,CUST0665,Noah Brown ,Returning,Full Detail,TikTok,Charlotte,Port Charlotte,150,163,0,163,169,Venmo,SUMMER10,4
3099,2025-08-07 00:00:00,CUST0762,Lewis Anderson,Returning,Premium Wash,instagram,Sarasota,Venice,70,79,10,89,58,Card,SUMMER10,4
3100,2025-04-01 00:00:00,CUST0845, Liam Garcia,Returning,Full Detail,Insta,Sarasota,Venice,150,150,20,170,34,CARD,,4
3101,2025-12-20 00:00:00,CUST0882,MARY WILSON,Returning,Premium Wash,instagram,Charlotte,Punta Gorda,70,79,5,84,89,Zelle,VIP ,5
3102,2025-02-15 00:00:00,CUST0663,MARY WILSON,Returning,Full Detail,Instagram,Sarasota,Sarasota,150,145,0,145,97,Zelle,,4
3103,2025-02-07 00:00:00,CUST0493,Ava Davis,Returning,Full Detail,facebook,Charlotte,Port Charlotte,150,$148.00,5,153,49,Venmo,,4
3104,2025-05-22 00:00:00,CUST1154,Mary  Davis,Returning,Premium Wash,youtube,Sarasota,North Port,70,70,15,85,152,cash ,NEWCUSTOMER,3
3105,2025-04-10 00:00:00,CUST1118,Sofia Brown,Returning,Interior Detail,Tik tok,Sarasota,Venice,90,95,20,115,107,cash ,VIP ,4
3106,2025-11-24 00:00:00,CUST0439,Emma  Anderson,Returning,Full Detail,Facebook,Sarasota,Sarasota,150,160,20,180,163,Zelle,VIP ,4
3107,2025-07-09 00:00:00,CUST0769,EMMA DAVIS,Returning,Interior Detail,Tik tok,Charlotte,Port Charlotte,90,99,0,99,51,Card,SUMMER10,
3108,2025-02-04 00:00:00,CUST1127,Ava Brown,Returning,Ceramic Coating,Instagram,Charlotte,Port Charlotte,350,345,0,345,124,Cash,NEWCUSTOMER,4
3109,2025-05-27 00:00:00,CUST0521,ava miller,Returning,Basic Wash,FaceBook ,Charlotte,Port Charlotte,40,40,20,60,132,Card,SUMMER10,4
3110,2025-01-30 00:00:00,CUST0738, Emma Garcia,Returning,Interior Detail,Instagram,Sarasota,North Port,90,92,20,112,93,CARD,NEWCUSTOMER,5
3111,2025-11-30,CUST0927,Ava  Wilson,Returning,Full Detail,social,Sarasota,North Port,150,$165.00,5,170,83,Venmo,,4
3112,2025-03-25 00:00:00,CUST0917,John  Anderson,New,Full Detail,Tik tok,Sarasota,Sarasota,150,150,10,160,53,Zelle,SUMMER10,3
3113,2025-10-08 00:00:00,CUST0814,ava garcia,Returning,Full Detail,FaceBook ,Sarasota,Venice,150,165,0,165,118,CARD,,5
3114,2025-12-10 00:00:00,CUST0001,Olivia  Davis,Returning,Ceramic Coating,Insta,Sarasota,Sarasota,350,383,0,383,153,cash ,,3
3115,2025-09-27 00:00:00,CUST0071,OLIVIA GARCIA,Returning,Full Detail,Referral,Sarasota,Venice,150,170,0,170,41,cash ,,4
3116,2025-06-03 00:00:00,CUST0583,SOFIA JOHNSON,Returning,Ceramic Coating,YOUTUBE ,Sarasota,Sarasota,350,348,0,348,54,Venmo,VIP ,5
3117,2025-04-12 00:00:00,CUST0034, Noah Garcia,Returning,Full Detail,FACEBOOK,Sarasota,North Port,150,150,5,155,56,Cash App,VIP ,5
3118,2025-08-03 00:00:00,CUST1061,ALEX ANDERSON,Returning,Premium Wash,instagram,Sarasota,Sarasota,70,77,10,87,165,Cash App,NEWCUSTOMER,5
3119,2025-05-30 00:00:00,CUST0277,AVA JOHNSON,Returning,Basic Wash,TikTok,Charlotte,Port Charlotte,40,38,20,58,46,Cash App,NEWCUSTOMER,3
3120,2025-03-24 00:00:00,CUST0619,OLIVIA SMITH,Returning,Ceramic Coating,Facebook,Sarasota,Sarasota,350,350,5,355,123,Venmo,NEWCUSTOMER,3
3121,2025-04-20 00:00:00,CUST0014,Liam  Anderson,Returning,Basic Wash,YouTube,Sarasota,Sarasota,40,38,20,58,39,cash ,,5
3122,2025-10-02 00:00:00,CUST0616, Liam Wilson,Returning,Basic Wash,Youtube,Charlotte,Punta Gorda,40,$39.00,5,44,38,cash ,,4
3123,2025-07-20 00:00:00,CUST0455, Alex Brown,Returning,Full Detail,Referred,Sarasota,Sarasota,150,170,10,180,162,Cash,VIP ,5
3124,2025-10-11 00:00:00,CUST0440,Noah Taylor,Returning,Premium Wash,Instagram ,Sarasota,Venice,70,79,15,94,66,cash ,,5
3125,2025-06-22 00:00:00,CUST0645,Emma Johnson ,Returning,Ceramic Coating,TIKTOK,Charlotte,Punta Gorda,350,355,20,375,177,CARD,VIP ,
3126,2025-11-23 00:00:00,CUST0045,emma martinez,Returning,Full Detail,YOUTUBE ,Sarasota,Sarasota,150,163,0,163,148,Zelle,,5
3127,2025-07-25 00:00:00,CUST0566,Liam Miller ,Returning,Interior Detail,TIKTOK,Sarasota,North Port,90,94,0,94,138,Card,VIP ,4
3128,2025-03-04 00:00:00,CUST1134,JOHN TAYLOR,Returning,Full Detail,YOUTUBE ,Sarasota,North Port,150,150,0,150,37,Cash App,,3
3129,2025-03-14 00:00:00,CUST1048,John Martinez,Returning,Basic Wash,YouTube,Charlotte,Punta Gorda,40,40,0,40,99,Zelle,NEWCUSTOMER,5
3130,2025-09-08 00:00:00,CUST1140,Liam  Garcia,Returning,Basic Wash,TikTok,Charlotte,Port Charlotte,40,49,10,59,165,Zelle,SUMMER10,4
3131,2025-05-04 00:00:00,CUST1169,lewis garcia,Returning,Full Detail,youtube,Sarasota,Venice,150,150,20,170,123,Zelle,,4
3132,2025-05-01 00:00:00,CUST1171,Alex Johnson ,Returning,Interior Detail,Tik tok,Sarasota,North Port,90,92,0,92,101,cash ,,5
3133,2025-10-02 00:00:00,CUST0317,Sofia Martinez ,Returning,Interior Detail,YouTube,Charlotte,Port Charlotte,90,97,20,117,35,cash ,SUMMER10,
3134,2025-04-30 00:00:00,CUST0194,emma miller,Returning,Premium Wash,Tik tok,Sarasota,Venice,70,68,10,78,47,Cash App,SUMMER10,4
3135,2025-11-13 00:00:00,CUST0078,OLIVIA DAVIS,Returning,Interior Detail,Word of Mouth,Sarasota,North Port,90,101,15,116,121,CARD,VIP ,5
3136,2025-06-13 00:00:00,CUST0943,OLIVIA ANDERSON,Returning,Full Detail,FB,Charlotte,Punta Gorda,150,148,20,168,37,Zelle,,5
3137,2025-10-13 00:00:00,CUST0729,Ava Smith ,Returning,Full Detail,instagram,Sarasota,Sarasota,150,167,10,177,149,CARD,,5
3138,2025-09-22 00:00:00,CUST0320, Liam Davis,Returning,Interior Detail,Tik tok,Sarasota,Sarasota,90,101,0,101,169,Venmo,SUMMER10,3
3139,2025-11-16 00:00:00,CUST0284, Alex Davis,Returning,Ceramic Coating,Youtube,Sarasota,North Port,350,385,0,385,32,Card,VIP ,
3140,2025-06-10 00:00:00,CUST0543,JOHN MARTINEZ,Returning,Basic Wash,Facebook,Sarasota,Sarasota,40,40,10,50,153,Card,,3
3141,2025-11-04 00:00:00,CUST0752,alex miller,Returning,Full Detail,facebook,Sarasota,North Port,150,160,20,180,178,cash ,VIP ,5
3142,2025-03-30 00:00:00,CUST1193, Lewis Anderson,Returning,Basic Wash,instagram,Sarasota,Venice,40,38,0,38,91,Zelle,VIP ,5
3143,2025-05-22 00:00:00,CUST0512, Mary Johnson,Returning,Basic Wash,Instagram,Sarasota,North Port,40,45,10,55,101,Cash App,SUMMER10,5
3144,2025-07-22 00:00:00,CUST0478,emma taylor,Returning,Interior Detail,FACEBOOK,Sarasota,North Port,90,94,5,99,111,Cash,NEWCUSTOMER,4
3145,2025-11-05 00:00:00,CUST0525,JOHN MARTINEZ,Returning,Premium Wash,Tik tok,Sarasota,Sarasota,70,77,0,77,56,Cash App,,4
3146,2025-08-15 00:00:00,CUST0616,Mary Miller,Returning,Ceramic Coating,Youtube,Charlotte,Punta Gorda,350,385,10,395,79,CARD,,3
3147,2025-11-30 00:00:00,CUST0189,LIAM GARCIA,Returning,Full Detail,Instagram,Sarasota,Sarasota,150,167,-5,187,94,Zelle,,4
3148,2025-08-10 00:00:00,CUST1169, Alex Wilson,Returning,Full Detail,YouTube,Sarasota,Venice,150,165,0,165,154,Card,VIP ,4
3149,2025-02-10 00:00:00,CUST0819, Mary Smith,Returning,Full Detail,Instagram ,Charlotte,Punta Gorda,150,150,20,170,106,Card,,5
3150,2025-07-15 00:00:00,CUST1166,lewis brown,Returning,Premium Wash,youtube,Sarasota,North Port,70,77,20,97,143,cash ,,4
3151,2025-03-09 00:00:00,CUST0446,john brown,Returning,Premium Wash,referral,Charlotte,Punta Gorda,70,68,0,68,115,cash ,SUMMER10,4
3152,2025-09-21 00:00:00,CUST0159,olivia martinez,New,Basic Wash,YOUTUBE ,Charlotte,Port Charlotte,40,44,10,54,165,Card,,
3153,2025-01-02 00:00:00,CUST0665,Lewis Brown,Returning,Basic Wash,tiktok,Charlotte,Port Charlotte,40,45,0,45,68,Card,,
3154,2025-12-27 00:00:00,CUST0989, Noah Miller,Returning,Basic Wash,Instagram,Sarasota,North Port,40,42,5,47,54,Card,SUMMER10,
3155,2025-05-05 00:00:00,CUST0355,emma johnson,Returning,Ceramic Coating,Referred,Sarasota,North Port,350,345,10,355,177,Cash App,VIP ,3
3156,2025-04-20 00:00:00,CUST1000,Liam Miller,Returning,Full Detail,instagram,Sarasota,Sarasota,150,150,5,155,178,Zelle,VIP ,5
3157,2025-03-27 00:00:00,CUST1181, Mary Davis,Returning,Ceramic Coating,TikTok,Charlotte,Punta Gorda,350,345,5,350.0,54,Card,,4
3158,2025-04-30 00:00:00,CUST0196,OLIVIA DAVIS,Returning,Basic Wash,youtube,Sarasota,Sarasota,40,40,20,60,125,Cash,,4
3159,2025-05-07 00:00:00,CUST0616,LIAM MILLER,Returning,Interior Detail,YOUTUBE ,Charlotte,Punta Gorda,90,88,0,88,119,CARD,SUMMER10,5
3160,2025-09-12 00:00:00,CUST0077,Lewis Wilson ,Returning,Premium Wash,referral,Sarasota,Sarasota,70,82,0,82,84,Cash,,3
3161,2025-07-02 00:00:00,CUST1181, Noah Wilson,Returning,Premium Wash,TIKTOK,Charlotte,Punta Gorda,70,77,0,77,96,Venmo,SUMMER10,4
3162,2025-01-16 00:00:00,CUST0782,Alex Taylor,Returning,Ceramic Coating,tiktok,Charlotte,Punta Gorda,350,348,0,348,151,Zelle,,4
3163,2025-03-03 00:00:00,CUST0161,Sofia Brown,Returning,Full Detail,Insta,Charlotte,Port Charlotte,150,152,15,167,141,cash ,,4
3164,2025-06-07 00:00:00,CUST0115,Olivia  Smith,Returning,Ceramic Coating,Instagram ,Sarasota,Sarasota,350,350,15,365,51,Cash,,
3165,2025-09-25 00:00:00,CUST0685,Ava  Anderson,New,Ceramic Coating,Referral,Charlotte,Punta Gorda,350,387,5,392,179,CARD,VIP ,
3166,2025-02-04 00:00:00,CUST0713, Alex Brown,Returning,Interior Detail,YOUTUBE ,Charlotte,Port Charlotte,90,85,5,90,105,Cash App,,5
3167,2025-09-24 00:00:00,CUST0890,Lewis Miller,Returning,Basic Wash,Instagram,Sarasota,North Port,40,$49.00,5,54,90,Zelle,NEWCUSTOMER,4
3168,2025-03-05 00:00:00,CUST0854,Ava  Taylor,Returning,Premium Wash,TikTok,Sarasota,Sarasota,70,72,5,77,121,Venmo,VIP ,
3169,2025-02-19 00:00:00,CUST0247,ALEX TAYLOR,Returning,Full Detail,Word of Mouth,Sarasota,North Port,150,$150.00,5,155,43,Venmo,VIP ,
3170,2025-09-12 00:00:00,CUST0465,Liam Anderson ,New,Premium Wash,TIKTOK,Charlotte,Port Charlotte,70,77,15,92,175,cash ,NEWCUSTOMER,4
3171,2025-05-29 00:00:00,CUST0024,Ava Davis,Returning,Premium Wash,Instagram,Charlotte,Port Charlotte,70,65,0,65,68,CARD,NEWCUSTOMER,4
3172,2025-11-21 00:00:00,CUST0784, Mary Miller,Returning,Interior Detail,Word of Mouth,Charlotte,Port Charlotte,90,104,10,114,83,Venmo,NEWCUSTOMER,5
3173,2025-10-31 00:00:00,CUST0111,John Taylor ,Returning,Interior Detail,FaceBook ,Sarasota,Sarasota,90,99,10,109,158,CARD,SUMMER10,5
3174,2025-10-03 00:00:00,CUST0625,NOAH ANDERSON,Returning,Full Detail,facebook,Sarasota,Sarasota,150,170,0,170,41,Zelle,SUMMER10,4
3175,2025-12-23 00:00:00,CUST1074, Noah Johnson,Returning,Premium Wash,tiktok,Sarasota,Sarasota,70,79,0,79.0,83,Zelle,NEWCUSTOMER,5
3176,2025-06-21 00:00:00,CUST0085,Alex Miller ,New,Interior Detail,Instagram,Charlotte,Punta Gorda,90,95,20,115,142,Zelle,,4
3177,2025-07-20 00:00:00,CUST0654,ALEX SMITH,Returning,Full Detail,YouTube,Charlotte,Punta Gorda,150,165,0,165,133,Venmo,SUMMER10,
3178,2025-11-20 00:00:00,CUST1106,alex brown,Returning,Ceramic Coating,Youtube,Sarasota,North Port,350,390,0,390,59,Card,,3
3179,2025-02-04 00:00:00,CUST1157,Sofia  Wilson,Returning,Basic Wash,TIKTOK,Charlotte,Port Charlotte,40,40,10,50,167,Cash,,3
3180,2025-08-04 00:00:00,CUST0307, Mary Brown,Returning,Full Detail,FaceBook ,Charlotte,Punta Gorda,150,170,15,185,118,Card,NEWCUSTOMER,5
3180,2025-08-04 00:00:00,CUST0307, Mary Brown,Returning,Full Detail,FaceBook ,Charlotte,Punta Gorda,150,170,15,185,118,Card,NEWCUSTOMER,5
3181,2025-03-06 00:00:00,CUST0670,Liam Martinez,Returning,Interior Detail,tiktok,Sarasota,North Port,90,90,20,110,98,Cash App,SUMMER10,5
3182,2025-01-08 00:00:00,CUST1029, Ava Miller,Returning,Full Detail,FACEBOOK,Charlotte,Port Charlotte,150,152,20,172,138,Venmo,,4
3183,2025-10-28 00:00:00,CUST0453,Olivia  Miller,Returning,Ceramic Coating,referral,Charlotte,Punta Gorda,350,383,10,393,90,cash ,,
3184,2025-12-09 00:00:00,CUST0314,Liam  Johnson,Returning,Basic Wash,YOUTUBE ,Charlotte,Port Charlotte,40,49,15,64,111,Cash,,5
3185,2025-11-28 00:00:00,CUST0104, Olivia Anderson,Returning,Premium Wash,instagram,Charlotte,Punta Gorda,70,75,20,95,46,Cash App,,3
3186,2025-03-17 00:00:00,CUST0805,ALEX WILSON,Returning,Basic Wash,YouTube,Charlotte,Port Charlotte,40,40,0,40,70,Cash App,SUMMER10,5
3187,2025-06-23 00:00:00,CUST0913,SOFIA WILSON,Returning,Interior Detail,Youtube,Sarasota,Venice,90,90,0,90,94,Card,,4
3188,2025-02-16 00:00:00,CUST1179,Sofia Johnson,Returning,Premium Wash,referral,Sarasota,North Port,70,72,15,87,63,Zelle,,
3189,2025-01-15 00:00:00,CUST1034,alex garcia,Returning,Premium Wash,referral,Charlotte,Port Charlotte,70,70,0,70,53,CARD,,
3190,2025-12-27 00:00:00,CUST0185, Noah Anderson,Returning,Interior Detail,youtube,Sarasota,Venice,90,94,10,104,170,cash ,,4
3191,2025-05-27 00:00:00,CUST0455,Liam Johnson,Returning,Interior Detail,,Sarasota,Sarasota,90,88,10,98.0,180,Cash,VIP ,4
3192,2025-01-26 00:00:00,CUST0885,Mary Wilson ,Returning,Premium Wash,referral,Charlotte,Punta Gorda,70,65,5,70,129,Zelle,,5
3193,2025-11-04 00:00:00,CUST0594, Lewis Davis,Returning,Interior Detail,Facebook,Charlotte,Port Charlotte,90,101,0,101,136,Cash,,4
3194,2025-04-03 00:00:00,CUST0808, Sofia Smith,Returning,Interior Detail,Referral,Charlotte,Port Charlotte,90,88,5,93,42,Venmo,SUMMER10,4
3195,2025-08-20 00:00:00,CUST0304, Sofia Martinez,Returning,Interior Detail,Insta,Charlotte,Port Charlotte,90,94,0,94,89,Cash App,,
3196,2025-01-21 00:00:00,CUST0271,john davis,Returning,Interior Detail,TIKTOK,Charlotte,Punta Gorda,90,92,0,92,65,cash ,,4
3197,2025-11-03 00:00:00,CUST0689,Mary Davis,Returning,Premium Wash,referral,Sarasota,North Port,70,79,0,79,130,CARD,,4
3198,2025-02-07 00:00:00,CUST0170,Lewis  Davis,Returning,Interior Detail,referral,Sarasota,North Port,90,90,10,100,110,CARD,VIP ,
3199,2025-10-03 00:00:00,CUST0975,liam martinez,Returning,Ceramic Coating,Referred,Sarasota,Sarasota,350,380,0,380,158,CARD,,4
3200,2025-06-06 00:00:00,CUST1171,sofia wilson,Returning,Ceramic Coating,tiktok,Sarasota,North Port,350,345,20,365,175,Card,,4
3201,2025-06-28 00:00:00,CUST0101,john brown,Returning,Interior Detail,Insta,Sarasota,Sarasota,90,90,5,95,171,Cash,VIP ,
3202,2025-05-12 00:00:00,CUST1123,Alex Garcia ,Returning,Full Detail,referral,Sarasota,Venice,150,152,0,152,124,CARD,,5
3203,2025-11-07 00:00:00,CUST0818,Sofia Garcia,Returning,Interior Detail,Instagram,Sarasota,North Port,90,94,15,109,146,Cash,SUMMER10,3
3204,2025-12-14 00:00:00,CUST0538,ava davis,Returning,Basic Wash,Youtube,Sarasota,North Port,40,44,5,49,91,Card,,3
3205,2025-01-28 00:00:00,CUST0175,Mary  Brown,Returning,Full Detail,Instagram,Sarasota,Sarasota,150,150,15,165,63,Card,,4
3206,2025-09-17 00:00:00,CUST0817,john smith,New,Ceramic Coating,facebook,Sarasota,Venice,350,380,0,380.0,166,Card,NEWCUSTOMER,4
3207,2025-03-17 00:00:00,CUST1028,Liam  Smith,Returning,Premium Wash,youtube,Sarasota,Venice,70,68,0,68,118,Venmo,,
3208,2025-03-08 00:00:00,CUST0890,Lewis Wilson ,Returning,Full Detail,Instagram,Sarasota,North Port,150,155,20,175,89,Cash App,NEWCUSTOMER,4
3209,2025-12-08 00:00:00,CUST0268,OLIVIA SMITH,Returning,Basic Wash,,Charlotte,Punta Gorda,40,44,0,44,124,Venmo,,4
3210,2025-07-13 00:00:00,CUST0277,Noah Anderson ,Returning,Interior Detail,TikTok,Charlotte,Port Charlotte,90,101,15,116,173,CARD,,5
3210,2025-07-13 00:00:00,CUST0277,Noah Anderson ,Returning,Interior Detail,TikTok,Charlotte,Port Charlotte,90,101,15,116,173,CARD,,5
3211,2025-06-11 00:00:00,CUST0985, John Miller,Returning,Premium Wash,YouTube,Sarasota,Venice,70,65,15,80,42,Cash,,5
3212,2025-12-13 00:00:00,CUST1146,Lewis Miller,Returning,Full Detail,TikTok,Charlotte,Punta Gorda,150,163,15,178,94,CARD,,4
3213,2025-12-27 00:00:00,CUST0406,Liam Anderson,Returning,Premium Wash,TIKTOK,Sarasota,Sarasota,70,79,15,94,67,cash ,,
3214,2025-09-14 00:00:00,CUST1000,NOAH MILLER,Returning,Premium Wash,Instagram ,Sarasota,Sarasota,70,75,0,75,154,CARD,,4
3215,2025-03-13 00:00:00,CUST0810,liam miller,Returning,Premium Wash,Word of Mouth,Sarasota,Sarasota,70,65,0,65,83,Venmo,,5
3216,2025-03-28 00:00:00,CUST1171,AVA BROWN,Returning,Full Detail,TIKTOK,Sarasota,North Port,150,150,15,165,117,CARD,NEWCUSTOMER,4
3217,2025-09-19 00:00:00,CUST0402,mary garcia,Returning,Ceramic Coating,youtube,Charlotte,Port Charlotte,350,390,5,395,36,Cash App,NEWCUSTOMER,
3218,2025-08-02 00:00:00,CUST1150,Liam  Johnson,Returning,Interior Detail,FB,Sarasota,Sarasota,90,$104.00,10,114,101,Card,,5
3219,2025-06-02 00:00:00,CUST1074,olivia smith,Returning,Interior Detail,tiktok,Sarasota,Sarasota,90,90,20,110,78,Venmo,,5
3220,2025-07-29 00:00:00,CUST0505,Liam  Smith,Returning,Interior Detail,TikTok,Sarasota,North Port,90,99,20,119,146,cash ,,5
3221,2025-03-02 00:00:00,CUST0497, Lewis Johnson,Returning,Premium Wash,facebook,Sarasota,Sarasota,70,72,20,92,123,Cash,NEWCUSTOMER,5
3222,2025-09-25 00:00:00,CUST0147,olivia davis,Returning,Ceramic Coating,Referred,Sarasota,Sarasota,350,390,5,395,68,Card,SUMMER10,5
3223,2025-09-19 00:00:00,CUST0546,John Wilson,Returning,Premium Wash,,Charlotte,Punta Gorda,70,72,10,82,104,Cash App,,5
3224,2025-08-06 00:00:00,CUST0881,ALEX DAVIS,New,Premium Wash,Tik tok,Sarasota,Venice,70,75,0,75,91,Cash App,,5
3225,2025-10-10 00:00:00,CUST0663,Sofia Garcia,Returning,Premium Wash,Insta,Sarasota,Sarasota,70,72,0,72,132,Card,NEWCUSTOMER,3
3226,2025-05-16 00:00:00,CUST1180,Ava Martinez ,Returning,Interior Detail,Tik tok,Charlotte,Punta Gorda,90,90,5,95,80,Card,,5
3227,2025-12-28 00:00:00,CUST0184,Sofia Davis,Returning,Full Detail,instagram,Sarasota,Sarasota,150,170,0,170,152,Zelle,,5
3228,04/03/2025,CUST0231,Lewis Wilson ,Returning,Interior Detail,FaceBook ,Sarasota,North Port,90,92,0,92,100,Cash App,,4
3229,2025-04-19 00:00:00,CUST0848,NOAH BROWN,Returning,Ceramic Coating,Tik tok,Sarasota,Sarasota,350,345,0,345,141,Card,NEWCUSTOMER,4
3230,2025-08-29 00:00:00,CUST0868,Liam Taylor,Returning,Premium Wash,Youtube,Sarasota,Venice,70,82,20,102,85,cash ,NEWCUSTOMER,
3231,2025-12-21 00:00:00,CUST0749,Ava Anderson ,Returning,Ceramic Coating,Tik tok,Charlotte,Punta Gorda,350,380,0,380,128,cash ,,4
3232,2025-05-22 00:00:00,CUST0714, John Smith,Returning,Interior Detail,TIKTOK,Charlotte,Port Charlotte,90,90,15,105,135,CARD,SUMMER10,4
3233,2025-10-18 00:00:00,CUST0391, Ava Smith,Returning,Basic Wash,Word of Mouth,Sarasota,North Port,40,44,0,44,135,cash ,NEWCUSTOMER,
3234,2025-08-25 00:00:00,CUST0657,NOAH MILLER,Returning,Full Detail,Word of Mouth,Charlotte,Punta Gorda,150,$165.00,15,180,89,Card,SUMMER10,4
3235,2025-12-06 00:00:00,CUST0706,Liam Taylor,Returning,Basic Wash,social,Sarasota,Venice,40,49,15,64,80,Cash,,5
3236,2025-11-08 00:00:00,CUST0050,Liam Davis,New,Full Detail,YouTube,Sarasota,Venice,150,165,20,185,178,Zelle,,3
3236,2025-11-08 00:00:00,CUST0050,Liam Davis,New,Full Detail,YouTube,Sarasota,Venice,150,165,20,185,178,Zelle,,3
3237,2025-06-26 00:00:00,CUST0625,Lewis Garcia ,Returning,Basic Wash,FB,Sarasota,Sarasota,40,38,0,38,73,cash ,,
3238,2025-05-21 00:00:00,CUST0347, Sofia Anderson,Returning,Full Detail,TIKTOK,Charlotte,Port Charlotte,150,150,0,150,157,Card,,4
3239,2025-07-08 00:00:00,CUST0717, Lewis Taylor,Returning,Premium Wash,Facebook,Charlotte,Punta Gorda,70,77,10,87,49,CARD,SUMMER10,4
3240,2025-02-18 00:00:00,CUST0906, Alex Smith,New,Full Detail,YouTube,Sarasota,Sarasota,150,145,5,150,112,Card,SUMMER10,4
3241,2025-10-29 00:00:00,CUST0299, Noah Davis,Returning,Full Detail,tiktok,Charlotte,Punta Gorda,150,160,15,175,158,Cash,SUMMER10,5
3242,2025-07-09 00:00:00,CUST0903,Alex Smith,Returning,Full Detail,YOUTUBE ,Sarasota,North Port,150,165,0,165,41,Cash App,,5
3243,2025-05-16 00:00:00,CUST0092,Lewis  Martinez,Returning,Basic Wash,Youtube,Charlotte,Port Charlotte,40,42,0,42,109,Cash App,SUMMER10,5
3244,2025-02-12 00:00:00,CUST0479,AVA DAVIS,Returning,Ceramic Coating,Referral,Sarasota,Venice,350,350,0,350,57,CARD,,5
3245,2025-12-19 00:00:00,CUST0409,alex davis,Returning,Interior Detail,Word of Mouth,Sarasota,Sarasota,90,101,0,101,112,Zelle,NEWCUSTOMER,3
3246,2025-03-31 00:00:00,CUST0766,mary garcia,Returning,Interior Detail,Referral,Sarasota,North Port,90,95,0,95,80,Venmo,,4
3247,2025-10-22 00:00:00,CUST0320, Liam Johnson,Returning,Full Detail,TikTok,Sarasota,Sarasota,150,167,20,187,177,Zelle,,
3248,2025-12-07 00:00:00,CUST0176,John  Davis,Returning,Full Detail,referral,Sarasota,Venice,150,165,15,180,138,Zelle,NEWCUSTOMER,3
3249,2025-09-02 00:00:00,CUST0231,LIAM WILSON,Returning,Ceramic Coating,FaceBook ,Sarasota,North Port,350,380,0,380,116,Cash,VIP ,
3250,2025-07-11 00:00:00,CUST0112,olivia miller,Returning,Basic Wash,Instagram ,Charlotte,Port Charlotte,40,42,20,62,175,Zelle,,4
3251,2025-11-14 00:00:00,CUST0498,lewis brown,Returning,Ceramic Coating,YOUTUBE ,Charlotte,Port Charlotte,350,$385.00,0,385,107,Venmo,,5
3252,2025-04-16 00:00:00,CUST0303, Liam Johnson,Returning,Premium Wash,TIKTOK,Charlotte,Port Charlotte,70,68,15,83,96,Card,,4
3253,2025-12-29 00:00:00,CUST0590,LEWIS JOHNSON,Returning,Premium Wash,Instagram ,Charlotte,Port Charlotte,70,75,0,75,111,cash ,,
3254,2025-11-06 00:00:00,CUST0029,lewis smith,Returning,Interior Detail,instagram,Sarasota,Venice,90,99,0,99.0,132,CARD,VIP ,4
3255,2025-08-21 00:00:00,CUST0704,Noah Taylor ,Returning,Premium Wash,FaceBook ,Charlotte,Port Charlotte,70,77,-5,82,83,Venmo,,5
3256,2025-09-22,CUST0228, Alex Brown,Returning,Interior Detail,YouTube,Sarasota,Sarasota,90,94,20,114,171,Zelle,,3
3257,2025-12-10,CUST0625, Olivia Brown,Returning,Premium Wash,Facebook,Sarasota,Sarasota,70,82,10,92,161,CARD,,5
3258,2025-02-06 00:00:00,CUST0922, Noah Wilson,Returning,Premium Wash,YOUTUBE ,Sarasota,North Port,70,72,5,77.0,115,Cash App,,3
3259,2025-11-01 00:00:00,CUST0965,noah johnson,Returning,Ceramic Coating,facebook,Sarasota,Venice,350,385,5,390,137,Zelle,,
3260,2025-02-10 00:00:00,CUST0047,NOAH JOHNSON,Returning,Basic Wash,YouTube,Sarasota,Venice,40,35,0,35,114,cash ,SUMMER10,5
3261,2025-01-17 00:00:00,CUST0680,MARY SMITH,Returning,Ceramic Coating,instagram,Charlotte,Port Charlotte,350,348,20,368,167,Card,,3
3262,2025-12-10 00:00:00,CUST0429, Lewis Anderson,Returning,Interior Detail,tiktok,Charlotte,Punta Gorda,90,94,5,99,158,CARD,NEWCUSTOMER,4
3263,2025-10-04 00:00:00,CUST1102, Liam Anderson,Returning,Premium Wash,Referred,Charlotte,Port Charlotte,70,79,10,89,170,Zelle,NEWCUSTOMER,3
3264,2025-11-03 00:00:00,CUST0434,EMMA TAYLOR,Returning,Full Detail,FACEBOOK,Sarasota,North Port,150,167,15,182,38,Cash,,
3264,2025-11-03 00:00:00,CUST0434,EMMA TAYLOR,Returning,Full Detail,FACEBOOK,Sarasota,North Port,150,167,15,182,38,Cash,,
3265,2025-02-28 00:00:00,CUST0418,LIAM JOHNSON,Returning,Full Detail,Tik tok,Sarasota,North Port,150,150,0,150,79,Card,,3
3266,2025-07-02 00:00:00,CUST1120,SOFIA ANDERSON,Returning,Ceramic Coating,Youtube,Charlotte,Punta Gorda,350,385,0,385,178,Cash,VIP ,4
3267,2025-02-10,CUST1072,Liam  Garcia,Returning,Premium Wash,referral,Charlotte,Port Charlotte,70,75,15,90,121,Venmo,VIP ,3
3268,2025-02-08 00:00:00,CUST0530,Liam Martinez,Returning,Interior Detail,Insta,Sarasota,Venice,90,95,5,100,99,Card,VIP ,
3269,2025-07-11 00:00:00,CUST1124,ava wilson,Returning,Full Detail,Facebook,Sarasota,Sarasota,150,160,10,170,93,Cash,NEWCUSTOMER,4
3270,2025-09-24 00:00:00,CUST0990,Alex Garcia,Returning,Premium Wash,FaceBook ,Charlotte,Punta Gorda,70,72,0,72,108,CARD,,5
3271,2025-05-27 00:00:00,CUST0290,Emma Martinez,Returning,Interior Detail,TIKTOK,Sarasota,North Port,90,88,0,88,132,Cash,,4
3272,2025-11-29 00:00:00,CUST0038,Ava  Anderson,New,Full Detail,Word of Mouth,Sarasota,Venice,150,165,5,170,128,Card,SUMMER10,4
3273,2025-05-07 00:00:00,CUST0772,Ava  Smith,Returning,Premium Wash,youtube,Charlotte,Punta Gorda,70,65,15,80,179,Zelle,SUMMER10,
3274,2025-02-15 00:00:00,CUST1194,Lewis Davis ,Returning,Premium Wash,Referral,Charlotte,Port Charlotte,70,70,15,85,88,Zelle,,5
3275,2025-02-14 00:00:00,CUST1079, Ava Davis,Returning,Premium Wash,TIKTOK,Sarasota,North Port,70,68,20,88,97,cash ,VIP ,5
3276,2025-01-01 00:00:00,CUST0090,mary miller,Returning,Interior Detail,TIKTOK,Sarasota,Venice,90,92,15,107,72,Card,,5
3277,2025-06-17 00:00:00,CUST0524,John  Martinez,Returning,Ceramic Coating,YOUTUBE ,Charlotte,Punta Gorda,350,348,5,353,144,Cash App,SUMMER10,4
3278,2025-04-18 00:00:00,CUST0349, Alex Martinez,Returning,Interior Detail,Youtube,Charlotte,Port Charlotte,90,88,20,108,163,Cash,,5
3279,2025-01-19 00:00:00,CUST0124,ALEX DAVIS,Returning,Interior Detail,TikTok,Charlotte,Punta Gorda,90,88,0,88,98,cash ,,4
3280,2025-11-28 00:00:00,CUST0582,John  Martinez,Returning,Interior Detail,TIKTOK,Sarasota,North Port,90,99,10,109,130,Card,,
3281,2025-03-13 00:00:00,CUST0412,alex garcia,Returning,Full Detail,instagram,Sarasota,Venice,150,150,0,150,153,cash ,NEWCUSTOMER,4
3282,2025-04-19 00:00:00,CUST0556,MARY BROWN,Returning,Premium Wash,TikTok,Sarasota,North Port,70,75,0,75,159,Venmo,VIP ,4
3283,2025-09-25 00:00:00,CUST0109,liam johnson,Returning,Ceramic Coating,TikTok,Sarasota,Venice,350,385,10,395,39,Venmo,SUMMER10,
3284,2025-08-28 00:00:00,CUST0953,Lewis Anderson,Returning,Premium Wash,Youtube,Charlotte,Port Charlotte,70,77,10,87,163,Cash,SUMMER10,3
3285,2025-10-28 00:00:00,CUST0018,LEWIS JOHNSON,Returning,Interior Detail,YOUTUBE ,Sarasota,Sarasota,90,94,0,94,76,Venmo,,4
3285,2025-10-28 00:00:00,CUST0018,LEWIS JOHNSON,Returning,Interior Detail,YOUTUBE ,Sarasota,Sarasota,90,94,0,94,76,Venmo,,4
3286,2025-03-31 00:00:00,CUST0137,alex miller,Returning,Ceramic Coating,FaceBook ,Sarasota,North Port,350,$350.00,0,350,65,cash ,,
3287,2025-04-13 00:00:00,CUST0796,LEWIS MILLER,Returning,Full Detail,youtube,Charlotte,Punta Gorda,150,155,0,155,65,Cash App,,4
3288,2025-09-07 00:00:00,CUST0556,Emma Smith,Returning,Ceramic Coating,tiktok,Sarasota,North Port,350,385,5,390,65,CARD,,5
3288,2025-09-07 00:00:00,CUST0556,Emma Smith,Returning,Ceramic Coating,tiktok,Sarasota,North Port,350,385,5,390,65,CARD,,5
3289,2025-01-08 00:00:00,CUST0738, Lewis Miller,Returning,Ceramic Coating,Instagram,Sarasota,North Port,350,350,0,350,175,Cash App,VIP ,
3290,2025-06-02 00:00:00,CUST0221,Noah  Davis,Returning,Premium Wash,YouTube,Sarasota,Sarasota,70,65,10,75,57,Venmo,,3
3291,2025-12-13 00:00:00,CUST0040,Olivia Anderson,Returning,Interior Detail,Tik tok,Sarasota,North Port,90,99,20,119,180,Venmo,,5
3292,2025-06-23 00:00:00,CUST0600,NOAH GARCIA,Returning,Premium Wash,Insta,Sarasota,Venice,70,72,0,72,86,Zelle,,4
3293,2025-12-09 00:00:00,CUST0792,MARY MARTINEZ,Returning,Interior Detail,Referred,Charlotte,Punta Gorda,90,99,20,119,141,cash ,NEWCUSTOMER,5
3294,2025-06-07 00:00:00,CUST0474,olivia anderson,Returning,Full Detail,Instagram ,Sarasota,Venice,150,150,20,170,37,Cash App,NEWCUSTOMER,5
3295,2025-08-03 00:00:00,CUST0780,alex wilson,Returning,Premium Wash,TikTok,Charlotte,Punta Gorda,70,77,20,97,157,Cash,,
3296,2025-06-26 00:00:00,CUST1042, Noah Martinez,Returning,Basic Wash,TIKTOK,Sarasota,Venice,40,40,5,45,104,Zelle,VIP ,
3297,2025-06-24 00:00:00,CUST0204,MARY GARCIA,Returning,Basic Wash,FB,Sarasota,North Port,40,45,15,60,130,cash ,NEWCUSTOMER,4
3298,2025-12-06 00:00:00,CUST0647,Ava Taylor ,Returning,Interior Detail,Instagram,Charlotte,Punta Gorda,90,104,20,124,138,Cash App,,4
3299,2025-12-04 00:00:00,CUST0993,NOAH TAYLOR,Returning,Full Detail,referral,Sarasota,Sarasota,150,165,15,180,85,Venmo,NEWCUSTOMER,5
3300,2025-05-26 00:00:00,CUST1089,olivia martinez,Returning,Interior Detail,YOUTUBE ,Charlotte,Port Charlotte,90,90,15,105,57,CARD,,5
3301,2025-11-20 00:00:00,CUST0181,Lewis Garcia,Returning,Basic Wash,TikTok,Sarasota,North Port,40,$44.00,10,54,110,cash ,,5
3302,2025-06-10 00:00:00,CUST0382,sofia miller,Returning,Full Detail,YOUTUBE ,Charlotte,Port Charlotte,150,148,15,163,146,Venmo,,
3303,2025-05-07 00:00:00,CUST0408,John Davis ,Returning,Ceramic Coating,Tik tok,Sarasota,Sarasota,350,352,0,352,48,Zelle,VIP ,5
3304,2025-03-23 00:00:00,CUST1026,Sofia  Taylor,Returning,Basic Wash,FaceBook ,Sarasota,Venice,40,35,15,50,70,Venmo,,3
3305,2025-05-27 00:00:00,CUST0938,liam martinez,Returning,Basic Wash,Referral,Sarasota,Sarasota,40,40,5,45,130,Cash,,5
3306,2025-08-27 00:00:00,CUST1149,JOHN DAVIS,Returning,Premium Wash,TIKTOK,Sarasota,North Port,70,75,20,95,62,Cash App,VIP ,5
3307,2025-03-25 00:00:00,CUST0045,Noah Anderson ,Returning,Premium Wash,YouTube,Sarasota,Sarasota,70,70,0,70,66,Venmo,,
3308,2025-04-23 00:00:00,CUST0082,Alex Johnson,Returning,Ceramic Coating,Instagram,Sarasota,Venice,350,345,15,360,155,cash ,SUMMER10,4
3309,2025-08-13 00:00:00,CUST0507,Mary  Davis,Returning,Ceramic Coating,Referred,Charlotte,Port Charlotte,350,387,0,387,168,cash ,,
3310,2025-11-28 00:00:00,CUST1085,John Brown,Returning,Basic Wash,FACEBOOK,Sarasota,Venice,40,46,0,46,126,Card,,
3311,2025-08-31 00:00:00,CUST0625,Lewis Davis,Returning,Premium Wash,social,Sarasota,Sarasota,70,77,15,92,165,Venmo,VIP ,5
3312,2025-05-23 00:00:00,CUST0684,Olivia Martinez ,New,Premium Wash,youtube,Sarasota,Sarasota,70,70,5,75,109,cash ,SUMMER10,5
3313,2025-02-10 00:00:00,CUST1004,Ava Wilson ,Returning,Ceramic Coating,instagram,Charlotte,Port Charlotte,350,350,0,350,32,Cash,,
3314,2025-09-15 00:00:00,CUST0806,Emma  Johnson,New,Premium Wash,FaceBook ,Charlotte,Punta Gorda,70,77,20,97,151,Cash,NEWCUSTOMER,5
3315,2025-10-12 00:00:00,CUST0322,mary taylor,Returning,Full Detail,YouTube,Sarasota,Venice,150,170,0,170,150,Cash,,3
3316,2025-04-15 00:00:00,CUST0038,Emma Davis ,Returning,Basic Wash,referral,Sarasota,Venice,40,35,10,45,170,Card,,4
3317,2025-07-21 00:00:00,CUST0711, Emma Taylor,Returning,Basic Wash,facebook,Charlotte,Punta Gorda,40,39,20,59,54,Cash App,VIP ,3
3318,2025-11-03 00:00:00,CUST0721,alex brown,Returning,Full Detail,Tik tok,Charlotte,Punta Gorda,150,160,15,175,118,Cash,NEWCUSTOMER,
3319,2025-11-27 00:00:00,CUST0728,Sofia Brown,Returning,Interior Detail,Youtube,Sarasota,North Port,90,99,0,99,180,Venmo,,4
3320,2025-09-23 00:00:00,CUST0620,John Anderson ,New,Ceramic Coating,TikTok,Sarasota,Sarasota,350,385,10,395,59,Cash,,3
3321,2025-07-29 00:00:00,CUST0484, Noah Martinez,Returning,Interior Detail,YouTube,Charlotte,Punta Gorda,90,99,20,119.0,45,Venmo,,5
3322,2025-02-20 00:00:00,CUST1027, Ava Taylor,Returning,Ceramic Coating,Youtube,Charlotte,Punta Gorda,350,345,20,365,97,Venmo,,4
3323,2025-04-28 00:00:00,CUST0565,Noah Wilson,Returning,Premium Wash,Instagram,Charlotte,Punta Gorda,70,75,20,95,140,cash ,VIP ,5
3324,2025-07-20 00:00:00,CUST0127,liam miller,Returning,Basic Wash,instagram,Sarasota,Venice,40,39,0,39,166,Cash,NEWCUSTOMER,5
3325,2025-02-08 00:00:00,CUST0528,liam taylor,Returning,Interior Detail,TikTok,Charlotte,Punta Gorda,90,88,20,108,53,Card,,5
3326,2025-01-28 00:00:00,CUST0793,john garcia,Returning,Full Detail,,Sarasota,North Port,150,150,0,150,48,Venmo,,
3326,2025-01-28 00:00:00,CUST0793,john garcia,Returning,Full Detail,,Sarasota,North Port,150,150,0,150,48,Venmo,,
3327,2025-09-16 00:00:00,CUST0061,Olivia  Wilson,Returning,Full Detail,Instagram ,Charlotte,Port Charlotte,150,167,5,172,139,Cash,NEWCUSTOMER,5
3328,2025-03-25 00:00:00,CUST1137,Sofia  Johnson,Returning,Premium Wash,Referral,Sarasota,Sarasota,70,72,5,77,112,cash ,VIP ,5
3329,2025-06-04 00:00:00,CUST0574,lewis smith,Returning,Premium Wash,youtube,Sarasota,Venice,70,75,0,75,87,CARD,VIP ,4
3330,2025-04-27 00:00:00,CUST0462, Olivia Garcia,Returning,Full Detail,TikTok,Sarasota,North Port,150,145,15,160,30,CARD,,
3331,2025-01-02 00:00:00,CUST0311,Emma Garcia ,Returning,Basic Wash,Instagram ,Charlotte,Port Charlotte,40,42,20,62,144,Venmo,SUMMER10,5
3332,2025-04-03 00:00:00,CUST0700,Olivia Anderson,Returning,Premium Wash,FB,Charlotte,Punta Gorda,70,70,0,70,78,Venmo,VIP ,4
3333,2025-06-15 00:00:00,CUST0805, Mary Davis,Returning,Interior Detail,YOUTUBE ,Charlotte,Port Charlotte,90,90,15,105,137,Cash App,,5
3334,2025-12-16 00:00:00,CUST0282,Mary  Taylor,Returning,Full Detail,,Sarasota,North Port,150,160,5,165,99,cash ,,4
3335,2025-10-23 00:00:00,CUST0180,alex martinez,Returning,Basic Wash,YouTube,Charlotte,Punta Gorda,40,44,15,59,99,CARD,SUMMER10,4
3336,2025-09-15 00:00:00,CUST0783,olivia martinez,New,Full Detail,facebook,Sarasota,North Port,150,163,0,163,178,CARD,NEWCUSTOMER,3
3337,2025-03-22 00:00:00,CUST1067,NOAH TAYLOR,Returning,Basic Wash,Referred,Sarasota,North Port,40,38,0,38,78,CARD,,5
3338,2025-09-25 00:00:00,CUST0466, Lewis Miller,Returning,Full Detail,Youtube,Charlotte,Port Charlotte,150,165,0,165,153,cash ,,5
3339,2025-08-23,CUST0855,sofia taylor,Returning,Full Detail,youtube,Sarasota,Venice,150,165,5,170,120,Zelle,,
3340,2025-11-17 00:00:00,CUST0493,ava garcia,Returning,Basic Wash,,Charlotte,Port Charlotte,40,44,15,59,130,CARD,,3
3341,2025-11-07 00:00:00,CUST1174, Mary Miller,Returning,Basic Wash,Instagram,Sarasota,North Port,40,$49.00,10,59,168,Zelle,VIP ,5
3342,2025-10-28 00:00:00,CUST0313,Mary  Davis,Returning,Full Detail,facebook,Sarasota,Sarasota,150,163,15,178,81,Cash,,4
3343,2025-12-23 00:00:00,CUST0874,LIAM SMITH,Returning,Interior Detail,Word of Mouth,Charlotte,Punta Gorda,90,94,15,109,135,Cash App,,4
3344,2025-08-01 00:00:00,CUST0640,Lewis Johnson ,Returning,Ceramic Coating,TikTok,Charlotte,Punta Gorda,350,387,15,402,107,Card,,4
3345,2025-03-03 00:00:00,CUST0675,Mary  Wilson,Returning,Basic Wash,Tik tok,Sarasota,Sarasota,40,38,5,43,87,Zelle,VIP ,5
3346,2025-02-18 00:00:00,CUST0920,AVA SMITH,Returning,Basic Wash,youtube,Sarasota,North Port,40,35,10,45,69,Cash App,NEWCUSTOMER,5
3347,2025-05-07 00:00:00,CUST1111, Olivia Davis,Returning,Premium Wash,instagram,Charlotte,Punta Gorda,70,65,10,75,95,Zelle,,3
3348,2025-08-11 00:00:00,CUST0270,Sofia Miller,New,Interior Detail,tiktok,Sarasota,Venice,90,99,10,109,82,Cash,,5
3349,2025-10-06 00:00:00,CUST0424, Liam Johnson,Returning,Interior Detail,Youtube,Sarasota,Sarasota,90,97,0,97,41,CARD,,5
3350,2025-10-21,CUST0284,Noah  Davis,Returning,Interior Detail,YOUTUBE ,Sarasota,North Port,90,94,10,104,107,Card,SUMMER10,4
3351,2025-10-11 00:00:00,CUST1190,Emma  Martinez,Returning,Basic Wash,Referred,Sarasota,Venice,40,44,5,49,90,CARD,SUMMER10,5
3352,2025-10-04 00:00:00,CUST1109,John Taylor,Returning,Basic Wash,YouTube,Charlotte,Punta Gorda,40,46,5,51,154,Cash App,,3
3353,04/17/2025,CUST0415,Liam Taylor ,Returning,Ceramic Coating,Referred,Charlotte,Punta Gorda,350,350,0,350,44,CARD,SUMMER10,4
3354,2025-05-26,CUST0283,mary brown,Returning,Full Detail,FB,Sarasota,North Port,150,150,5,155,122,CARD,,4
3355,2025-04-09 00:00:00,CUST0633,Lewis Brown,Returning,Basic Wash,facebook,Sarasota,Sarasota,40,40,0,40,140,Cash,,3
3356,2025-03-14 00:00:00,CUST1073,Olivia  Wilson,Returning,Interior Detail,referral,Sarasota,North Port,90,85,20,105,170,Zelle,SUMMER10,4
3357,2025-05-02 00:00:00,CUST0277, Noah Johnson,Returning,Interior Detail,TIKTOK,Charlotte,Port Charlotte,90,90,20,110,55,cash ,SUMMER10,5
3358,2025-01-30 00:00:00,CUST0881, Emma Taylor,Returning,Interior Detail,TIKTOK,Sarasota,Venice,90,92,0,92,111,CARD,,4
3359,2025-07-07 00:00:00,CUST0298,Liam  Davis,Returning,Premium Wash,youtube,Charlotte,Port Charlotte,70,72,15,87,168,Cash,SUMMER10,4
3360,2025-12-30 00:00:00,CUST1157,SOFIA WILSON,Returning,Ceramic Coating,social,Charlotte,Port Charlotte,350,$390.00,15,405,127,Cash App,SUMMER10,5
3361,2025-12-20 00:00:00,CUST0324,Lewis Martinez,Returning,Ceramic Coating,instagram,Sarasota,Venice,350,385,5,390,163,Cash App,,4
3362,2025-10-15 00:00:00,CUST0651,Liam Martinez ,Returning,Full Detail,tiktok,Sarasota,Sarasota,150,$165.00,0,165,158,Zelle,,3
3363,14-07-2025,CUST0139,mary garcia,Returning,Interior Detail,Referred,Charlotte,Punta Gorda,90,99,20,119,155,Zelle,,5
3364,2025-06-05 00:00:00,CUST1142,Liam  Smith,Returning,Basic Wash,Instagram,Sarasota,Sarasota,40,$40.00,5,45,118,Cash App,VIP ,3
3365,2025-06-21 00:00:00,CUST1092,Noah Davis,New,Full Detail,Word of Mouth,Charlotte,Punta Gorda,150,148,15,163,109,CARD,VIP ,5
3366,2025-12-01 00:00:00,CUST0243,Ava Miller,Returning,Full Detail,TIKTOK,Charlotte,Punta Gorda,150,163,0,163,86,Cash App,,5
3367,2025-02-10 00:00:00,CUST0378, Olivia Wilson,Returning,Premium Wash,YOUTUBE ,Charlotte,Port Charlotte,70,75,0,75,170,Zelle,NEWCUSTOMER,5
3368,2025-03-04 00:00:00,CUST0651,Sofia Johnson ,Returning,Full Detail,Tik tok,Sarasota,Sarasota,150,152,5,157,159,CARD,,5
3369,2025-01-23 00:00:00,CUST0299,sofia taylor,Returning,Basic Wash,TikTok,Charlotte,Punta Gorda,40,40,5,45,43,CARD,SUMMER10,4
3370,2025-12-26 00:00:00,CUST0061,Liam Smith,Returning,Premium Wash,Insta,Charlotte,Port Charlotte,70,77,5,82,75,Venmo,,
3371,2025-03-16 00:00:00,CUST0653,Ava Brown ,Returning,Premium Wash,instagram,Sarasota,Sarasota,70,65,0,65,71,Cash App,NEWCUSTOMER,5
3372,2025-02-17 00:00:00,CUST0848,Liam  Johnson,Returning,Interior Detail,tiktok,Sarasota,Sarasota,90,85,0,85,118,cash ,VIP ,
3373,2025-06-09 00:00:00,CUST0843,Mary Johnson,Returning,Full Detail,Instagram ,Charlotte,Punta Gorda,150,150,5,155,30,Zelle,,
3374,2025-11-09 00:00:00,CUST0622,alex martinez,Returning,Interior Detail,Instagram ,Sarasota,Sarasota,90,101,10,111,121,cash ,,4
3375,2025-04-28 00:00:00,CUST0908,sofia wilson,Returning,Interior Detail,Youtube,Sarasota,Sarasota,90,90,10,100,118,CARD,,5
3376,2025-04-10 00:00:00,CUST0561,Alex Wilson ,Returning,Premium Wash,Referral,Sarasota,North Port,70,70,0,70,75,cash ,,5
3377,2025-06-16 00:00:00,CUST0312, Liam Garcia,Returning,Interior Detail,FaceBook ,Charlotte,Port Charlotte,90,90,0,90,58,CARD,,5
3378,2025-10-17 00:00:00,CUST0385, Lewis Wilson,Returning,Ceramic Coating,Instagram,Sarasota,Venice,350,385,20,405,44,Cash App,NEWCUSTOMER,
3379,2025-06-05 00:00:00,CUST0219,Ava  Taylor,Returning,Ceramic Coating,Insta,Sarasota,North Port,350,355,20,375,158,Cash,VIP ,
3380,2025-01-07 00:00:00,CUST0270,olivia miller,Returning,Interior Detail,tiktok,Sarasota,Venice,90,95,0,95.0,118,Card,,3
3381,2025-07-15 00:00:00,CUST0379,OLIVIA MILLER,Returning,Premium Wash,Referred,Charlotte,Punta Gorda,70,77,5,82,45,CARD,,3
3382,2025-02-25 00:00:00,CUST0054,JOHN JOHNSON,Returning,Ceramic Coating,Referred,Charlotte,Port Charlotte,350,345,0,345,93,Card,,5
3383,2025-11-17 00:00:00,CUST0547,Liam Anderson ,Returning,Basic Wash,FB,Sarasota,Venice,40,42,10,52,80,cash ,,
3384,2025-07-12 00:00:00,CUST1162,AVA GARCIA,Returning,Premium Wash,youtube,Sarasota,Venice,70,75,20,95,112,cash ,,4
3385,2025-02-16 00:00:00,CUST0473, Sofia Smith,New,Premium Wash,TIKTOK,Charlotte,Port Charlotte,70,70,0,70,150,Cash,,4
3386,2025-05-28 00:00:00,CUST0476,John Johnson ,Returning,Basic Wash,Referred,Charlotte,Port Charlotte,40,40,20,60,89,CARD,VIP ,5
3387,2025-10-02 00:00:00,CUST0473,mary wilson,Returning,Full Detail,TikTok,Charlotte,Port Charlotte,150,165,5,170,120,Venmo,NEWCUSTOMER,
3388,2025-06-06 00:00:00,CUST0054,lewis martinez,Returning,Premium Wash,Word of Mouth,Charlotte,Port Charlotte,70,68,15,83,62,Cash,NEWCUSTOMER,
3389,2025-07-21 00:00:00,CUST0736, Emma Miller,Returning,Interior Detail,,Charlotte,Port Charlotte,90,99,0,99,32,Cash App,,3
3390,2025-05-06 00:00:00,CUST0163, Olivia Taylor,Returning,Basic Wash,Instagram ,Sarasota,Sarasota,40,45,20,65,39,Venmo,NEWCUSTOMER,3
3391,2025-11-01 00:00:00,CUST0977,Lewis  Taylor,Returning,Ceramic Coating,Instagram ,Charlotte,Port Charlotte,350,$390.00,5,395,49,Cash,SUMMER10,4
3392,2025-10-21 00:00:00,CUST0275,noah anderson,Returning,Full Detail,Tik tok,Charlotte,Punta Gorda,150,167,5,172,166,Cash,,5
3393,2025-03-05 00:00:00,CUST1029,Emma Smith ,Returning,Basic Wash,Facebook,Charlotte,Port Charlotte,40,40,20,60,103,Zelle,NEWCUSTOMER,5
3394,2025-11-21 00:00:00,CUST0961,JOHN ANDERSON,Returning,Ceramic Coating,YOUTUBE ,Sarasota,Venice,350,385,5,390,81,Cash,VIP ,3
3395,2025-06-25 00:00:00,CUST0766,sofia garcia,Returning,Interior Detail,Referred,Sarasota,North Port,90,85,0,85,65,Cash App,SUMMER10,5
3396,2025-04-26 00:00:00,CUST0377,LIAM GARCIA,Returning,Full Detail,youtube,Charlotte,Punta Gorda,150,145,0,145,41,Cash,VIP ,4
3397,2025-07-23 00:00:00,CUST0794,Olivia Davis,Returning,Basic Wash,Youtube,Sarasota,North Port,40,42,0,42,167,CARD,,4
3398,2025-11-17 00:00:00,CUST1007,Noah Brown,Returning,Interior Detail,FACEBOOK,Charlotte,Port Charlotte,90,101,0,101,121,Venmo,,4
3399,2025-01-31 00:00:00,CUST0971,AVA SMITH,Returning,Full Detail,Instagram,Sarasota,Sarasota,150,$150.00,5,155,148,Zelle,SUMMER10,4
3400,2025-04-23 00:00:00,CUST0282,noah anderson,Returning,Ceramic Coating,Instagram,Sarasota,North Port,350,355,0,355,162,Zelle,,5
3401,2025-12-31 00:00:00,CUST0336,Noah Miller ,Returning,Premium Wash,youtube,Charlotte,Punta Gorda,70,77,-5,92.0,51,Cash App,NEWCUSTOMER,5
3402,2025-11-21 00:00:00,CUST0396,John Anderson ,Returning,Premium Wash,referral,Sarasota,Venice,70,79,15,94,143,cash ,,4
3403,2025-12-10 00:00:00,CUST0464,mary smith,Returning,Basic Wash,Facebook,Sarasota,North Port,40,42,0,42.0,176,cash ,SUMMER10,5
3404,2025-03-08 00:00:00,CUST0067,Sofia  Johnson,Returning,Premium Wash,youtube,Sarasota,Sarasota,70,70,15,85,36,Venmo,NEWCUSTOMER,3
3405,2025-03-16 00:00:00,CUST0837,Liam Brown ,Returning,Basic Wash,referral,Charlotte,Punta Gorda,40,40,5,45,108,Cash App,,5
3406,2025-02-14 00:00:00,CUST0031,Lewis  Davis,Returning,Interior Detail,FaceBook ,Sarasota,Sarasota,90,92,20,112,171,cash ,,
3407,2025-09-17 00:00:00,CUST0553,MARY WILSON,Returning,Basic Wash,tiktok,Sarasota,North Port,40,44,5,49,134,Card,SUMMER10,4
3408,2025-06-03 00:00:00,CUST0846,Mary  Davis,Returning,Premium Wash,YouTube,Charlotte,Port Charlotte,70,70,0,70,118,Cash,,5
3409,2025-06-04 00:00:00,CUST0456,John Taylor ,Returning,Full Detail,Facebook,Charlotte,Port Charlotte,150,150,20,170,75,Zelle,VIP ,5
3410,2025-12-29 00:00:00,CUST0416, Mary Smith,Returning,Basic Wash,FACEBOOK,Charlotte,Punta Gorda,40,44,0,44,79,Card,,4
3411,2025-08-22 00:00:00,CUST0419,mary wilson,Returning,Interior Detail,Word of Mouth,Charlotte,Port Charlotte,90,97,10,107,176,Venmo,,
3412,2025-02-20 00:00:00,CUST0136,Noah Brown,Returning,Basic Wash,Tik tok,Sarasota,Venice,40,40,5,45,42,Card,SUMMER10,4
3413,02-11-2025,CUST0363,Lewis Brown,Returning,Interior Detail,FACEBOOK,Charlotte,Port Charlotte,90,104,20,124,67,Cash,,5
3414,2025-09-19 00:00:00,CUST0900, Liam Miller,Returning,Ceramic Coating,instagram,Sarasota,North Port,350,380,0,380,156,CARD,,5
3415,2025-11-11,CUST1004,Olivia Johnson ,Returning,Ceramic Coating,Insta,Charlotte,Port Charlotte,350,383,0,383,62,Cash App,,4
3416,2025-05-05 00:00:00,CUST0666,EMMA DAVIS,Returning,Premium Wash,facebook,Charlotte,Port Charlotte,70,75,20,95,101,cash ,SUMMER10,
3417,2025-09-02 00:00:00,CUST0938,Ava  Taylor,Returning,Premium Wash,referral,Sarasota,Sarasota,70,77,5,82,156,cash ,NEWCUSTOMER,
3418,2025-01-30 00:00:00,CUST0506,MARY MILLER,Returning,Full Detail,YOUTUBE ,Charlotte,Punta Gorda,150,150,15,165,95,Cash App,NEWCUSTOMER,
3419,2025-05-02 00:00:00,CUST0876,lewis martinez,Returning,Premium Wash,Referred,Sarasota,Venice,70,68,10,78,58,Cash App,,
3420,2025-05-05 00:00:00,CUST0830,Ava Smith,Returning,Interior Detail,YouTube,Charlotte,Port Charlotte,90,92,0,92,161,CARD,NEWCUSTOMER,4
3421,2025-02-06 00:00:00,CUST0086,OLIVIA DAVIS,Returning,Ceramic Coating,facebook,Sarasota,Venice,350,355,15,370.0,51,Card,NEWCUSTOMER,5
3422,2025-06-19 00:00:00,CUST0780,JOHN MILLER,Returning,Full Detail,TikTok,Charlotte,Punta Gorda,150,150,15,165,39,CARD,,4
3423,2025-05-04 00:00:00,CUST0641,emma smith,Returning,Basic Wash,instagram,Sarasota,Sarasota,40,45,5,50,173,Venmo,,3
3424,2025-12-23 00:00:00,CUST0808,Olivia Johnson ,Returning,Ceramic Coating,Referred,Charlotte,Port Charlotte,350,383,0,383,98,cash ,,3
3425,2025-02-04 00:00:00,CUST1172,Sofia  Brown,Returning,Premium Wash,Facebook,Charlotte,Port Charlotte,70,68,0,68,170,CARD,,
3426,2025-03-28 00:00:00,CUST1099,Lewis Anderson,Returning,Basic Wash,TIKTOK,Charlotte,Punta Gorda,40,45,5,50,137,Venmo,,5
3427,2025-05-14 00:00:00,CUST1076,mary martinez,New,Full Detail,Instagram,Charlotte,Port Charlotte,150,148,0,148,152,Zelle,,5
3428,2025-07-15 00:00:00,CUST0079,alex garcia,New,Basic Wash,TIKTOK,Sarasota,Sarasota,40,42,0,42,60,CARD,VIP ,5
3429,10/01/2025,CUST1067,Lewis Garcia,Returning,Premium Wash,Word of Mouth,Sarasota,North Port,70,72,0,72,115,Venmo,SUMMER10,3
3430,2025-07-20 00:00:00,CUST0224,Sofia Davis,Returning,Interior Detail,youtube,Charlotte,Port Charlotte,90,99,0,99,125,Cash,SUMMER10,3
3431,2025-10-12 00:00:00,CUST0925,Mary Anderson,Returning,Ceramic Coating,FaceBook ,Charlotte,Port Charlotte,350,385,10,395,46,Cash App,,4
3432,03/18/2025,CUST0936, Sofia Martinez,Returning,Full Detail,FB,Sarasota,North Port,150,$152.00,0,152,126,cash ,NEWCUSTOMER,5
3433,2025-02-28 00:00:00,CUST0087,Noah Davis ,Returning,Ceramic Coating,tiktok,Charlotte,Punta Gorda,350,350,0,350,128,Card,,4
3434,2025-05-06 00:00:00,CUST0504,Mary Brown,Returning,Interior Detail,Tik tok,Charlotte,Punta Gorda,90,90,0,90,155,CARD,,5
3435,2025-04-19 00:00:00,CUST1063,Mary Martinez ,Returning,Premium Wash,Tik tok,Charlotte,Punta Gorda,70,72,15,87.0,68,CARD,VIP ,3
3436,2025-08-12 00:00:00,CUST1102,SOFIA MILLER,Returning,Basic Wash,Word of Mouth,Charlotte,Port Charlotte,40,44,15,59,101,cash ,NEWCUSTOMER,5
3437,2025-10-05 00:00:00,CUST0811, Lewis Miller,Returning,Interior Detail,TIKTOK,Charlotte,Punta Gorda,90,94,15,109,133,Card,NEWCUSTOMER,3
3438,2025-03-09 00:00:00,CUST0081,mary taylor,Returning,Premium Wash,YOUTUBE ,Sarasota,Venice,70,72,0,72,67,Zelle,,3
3439,2025-03-10 00:00:00,CUST1143, Liam Davis,Returning,Basic Wash,YOUTUBE ,Charlotte,Punta Gorda,40,38,20,58,61,Venmo,SUMMER10,
3440,2025-06-14 00:00:00,CUST0794,lewis anderson,Returning,Ceramic Coating,Youtube,Sarasota,North Port,350,355,5,360,135,cash ,SUMMER10,4
3441,2025-11-01 00:00:00,CUST1058,olivia wilson,Returning,Premium Wash,Facebook,Charlotte,Punta Gorda,70,77,5,82,106,Zelle,,
3442,2025-06-11 00:00:00,CUST0101,Ava Davis,Returning,Ceramic Coating,Instagram,Sarasota,Sarasota,350,348,0,348,80,cash ,VIP ,
3443,2025-12-31 00:00:00,CUST0389, Emma Martinez,Returning,Full Detail,TIKTOK,Sarasota,North Port,150,160,0,160,159,Cash,,4
3444,2025-12-08 00:00:00,CUST0597,Noah Miller ,Returning,Interior Detail,,Sarasota,Venice,90,104,10,114,108,CARD,,4
3445,2025-11-05 00:00:00,CUST0901,noah anderson,Returning,Full Detail,FACEBOOK,Sarasota,Sarasota,150,$160.00,5,165,71,Cash,VIP ,5
3446,2025-12-09 00:00:00,CUST0816,Noah  Brown,Returning,Full Detail,FB,Sarasota,Venice,150,$167.00,0,167,114,CARD,,3
3447,2025-02-11 00:00:00,CUST0624,emma brown,Returning,Ceramic Coating,Facebook,Charlotte,Punta Gorda,350,355,15,370.0,161,Zelle,,4
3448,2025-12-20 00:00:00,CUST0586,Emma  Garcia,Returning,Interior Detail,tiktok,Charlotte,Punta Gorda,90,99,0,99,64,Zelle,VIP ,5
3449,2025-04-19 00:00:00,CUST0945,Sofia Wilson,Returning,Full Detail,,Sarasota,North Port,150,148,20,168,93,Venmo,VIP ,4
3450,2025-02-20 00:00:00,CUST0341,Ava  Martinez,Returning,Interior Detail,Referred,Sarasota,Sarasota,90,90,0,90,140,Venmo,,5
3451,2025-09-07 00:00:00,CUST0866,sofia smith,Returning,Premium Wash,Word of Mouth,Charlotte,Punta Gorda,70,77,10,87,102,cash ,SUMMER10,5
3452,2025-12-07 00:00:00,CUST0603,Emma Miller,Returning,Full Detail,Instagram,Sarasota,Sarasota,150,165,5,170,158,Zelle,VIP ,5
3453,2025-01-21 00:00:00,CUST0112,JOHN MILLER,Returning,Premium Wash,Instagram ,Charlotte,Port Charlotte,70,70,10,80,99,Cash,,5
3454,2025-10-27,CUST1059,Lewis Taylor ,Returning,Basic Wash,Referred,Charlotte,Port Charlotte,40,44,15,59.0,52,CARD,,3
3455,2025-05-19 00:00:00,CUST0292,Sofia Garcia ,Returning,Basic Wash,Tik tok,Sarasota,Sarasota,40,45,20,65,74,Cash,,4
3456,2025-12-25 00:00:00,CUST0950,Emma Anderson,Returning,Ceramic Coating,Instagram ,Sarasota,North Port,350,390,0,390,77,Cash,,5
3457,2025-11-20 00:00:00,CUST0926,ALEX MILLER,Returning,Ceramic Coating,YOUTUBE ,Charlotte,Port Charlotte,350,385,5,390,61,CARD,,5
3458,2025-04-02 00:00:00,CUST0186,Liam Smith ,Returning,Full Detail,Youtube,Sarasota,Venice,150,150,10,160,128,Venmo,,5
3459,2025-10-07 00:00:00,CUST1026,John  Johnson,Returning,Premium Wash,FB,Sarasota,Venice,70,75,20,95.0,171,CARD,VIP ,4
3460,2025-05-05 00:00:00,CUST0232,Alex Garcia ,Returning,Interior Detail,TIKTOK,Sarasota,Sarasota,90,88,10,98,55,Cash,,5
3461,2025-04-21 00:00:00,CUST0369,liam taylor,Returning,Ceramic Coating,facebook,Sarasota,Sarasota,350,345,10,355,65,Venmo,SUMMER10,
3462,2025-12-20 00:00:00,CUST1199,NOAH TAYLOR,Returning,Ceramic Coating,Tik tok,Charlotte,Punta Gorda,350,387,10,397,112,CARD,SUMMER10,5
3463,2025-05-19 00:00:00,CUST1120,ava johnson,Returning,Ceramic Coating,YOUTUBE ,Charlotte,Punta Gorda,350,355,10,365,180,Cash App,,4
3464,2025-09-30 00:00:00,CUST0278,OLIVIA ANDERSON,Returning,Basic Wash,Youtube,Sarasota,Venice,40,$44.00,5,49,171,CARD,NEWCUSTOMER,4
3465,2025-04-09 00:00:00,CUST0806, John Brown,Returning,Interior Detail,Facebook,Charlotte,Punta Gorda,90,95,5,100,128,cash ,,
3466,2025-09-09 00:00:00,CUST0847, Sofia Wilson,Returning,Ceramic Coating,Referral,Sarasota,Venice,350,390,0,390.0,168,Cash,,
3467,2025-12-04 00:00:00,CUST0663,Olivia Brown,Returning,Premium Wash,Insta,Sarasota,Sarasota,70,82,5,87,64,Venmo,VIP ,4
3468,2025-04-14 00:00:00,CUST0924,MARY DAVIS,Returning,Full Detail,referral,Charlotte,Port Charlotte,150,150,-5,170,164,CARD,,5
3469,2025-08-02 00:00:00,CUST0052,olivia wilson,Returning,Full Detail,Word of Mouth,Sarasota,North Port,150,165,5,170,57,Card,,5
3470,2025-09-06 00:00:00,CUST0367,Liam  Johnson,Returning,Ceramic Coating,youtube,Charlotte,Punta Gorda,350,383,5,388,120,Cash,VIP ,3
3471,2025-06-01 00:00:00,CUST0930,Mary Johnson,Returning,Premium Wash,Instagram,Charlotte,Port Charlotte,70,70,10,80,150,Venmo,,5
3472,2025-09-07 00:00:00,CUST0414,Emma  Johnson,Returning,Premium Wash,TIKTOK,Charlotte,Punta Gorda,70,77,5,82,169,CARD,NEWCUSTOMER,5
3473,2025-10-02 00:00:00,CUST0932, Mary Anderson,Returning,Full Detail,FB,Sarasota,Sarasota,150,167,15,182.0,163,Card,,5
3474,2025-06-14 00:00:00,CUST0185,alex martinez,Returning,Interior Detail,youtube,Sarasota,Venice,90,92,0,92,148,Cash App,SUMMER10,4
3475,2025-12-07 00:00:00,CUST0513, John Brown,Returning,Ceramic Coating,tiktok,Charlotte,Port Charlotte,350,385,0,385,127,Cash App,SUMMER10,4
3476,2025-01-08 00:00:00,CUST0664, Noah Davis,Returning,Basic Wash,referral,Sarasota,Venice,40,40,0,40,141,Cash App,VIP ,3
3477,2025-10-11 00:00:00,CUST0336, Noah Anderson,Returning,Interior Detail,youtube,Charlotte,Punta Gorda,90,99,0,99,130,Zelle,,
3478,2025-01-05 00:00:00,CUST0254,Alex Johnson ,Returning,Premium Wash,instagram,Sarasota,Venice,70,75,5,80,38,Zelle,,4
3479,2025-05-25 00:00:00,CUST0187,Lewis Garcia,Returning,Interior Detail,tiktok,Charlotte,Punta Gorda,90,90,5,95,73,cash ,,5
3480,2025-04-11 00:00:00,CUST0234,AVA SMITH,Returning,Basic Wash,YouTube,Sarasota,Sarasota,40,35,0,35,86,Venmo,SUMMER10,4
3481,2025-06-13 00:00:00,CUST0921,ava smith,Returning,Ceramic Coating,Insta,Sarasota,Sarasota,350,345,5,350,167,Cash App,NEWCUSTOMER,4
3482,2025-05-27 00:00:00,CUST0744,John  Anderson,Returning,Premium Wash,facebook,Charlotte,Punta Gorda,70,65,5,70,152,cash ,SUMMER10,5
3483,2025-03-05 00:00:00,CUST0175,Emma Smith,Returning,Ceramic Coating,Insta,Sarasota,Sarasota,350,355,0,355,141,Zelle,,5
3484,2025-04-01 00:00:00,CUST1073,MARY TAYLOR,Returning,Ceramic Coating,Word of Mouth,Sarasota,North Port,350,348,0,348,58,Card,SUMMER10,4
3485,2025-04-27 00:00:00,CUST0787,LIAM MARTINEZ,Returning,Premium Wash,Instagram ,Sarasota,North Port,70,65,10,75,47,cash ,,4
3486,2025-12-20 00:00:00,CUST1048,sofia davis,Returning,Premium Wash,YouTube,Charlotte,Punta Gorda,70,72,5,77,39,CARD,VIP ,
3487,2025-09-24 00:00:00,CUST0328,olivia davis,Returning,Basic Wash,TIKTOK,Sarasota,Sarasota,40,44,0,44,172,CARD,,3
3488,2025-11-06 00:00:00,CUST0776, Mary Anderson,Returning,Ceramic Coating,YouTube,Sarasota,North Port,350,385,0,385,159,Card,VIP ,4
3489,2025-06-22 00:00:00,CUST1128, Liam Wilson,Returning,Basic Wash,youtube,Charlotte,Port Charlotte,40,45,15,60,49,CARD,,5
3490,2025-02-16 00:00:00,CUST0780,ava johnson,Returning,Premium Wash,tiktok,Charlotte,Punta Gorda,70,75,0,75,129,CARD,,3
3491,2025-05-20 00:00:00,CUST0090,noah smith,Returning,Ceramic Coating,TIKTOK,Sarasota,Venice,350,350,0,350,82,Cash App,,5
3492,2025-09-03 00:00:00,CUST0350,Lewis Johnson,Returning,Full Detail,FaceBook ,Charlotte,Port Charlotte,150,165,20,185.0,141,Zelle,NEWCUSTOMER,
3493,2025-05-29 00:00:00,CUST0687,lewis johnson,Returning,Premium Wash,TikTok,Sarasota,Venice,70,70,5,75,128,Card,,3
3494,2025-09-03 00:00:00,CUST1159,Liam Martinez,Returning,Interior Detail,Insta,Charlotte,Port Charlotte,90,99,0,99,95,CARD,,5
3495,2025-01-05 00:00:00,CUST0308,John Martinez ,Returning,Premium Wash,Referral,Sarasota,Sarasota,70,68,20,88,78,Cash,VIP ,5
3496,2025-07-03 00:00:00,CUST0333,Mary  Miller,Returning,Full Detail,Instagram ,Sarasota,Venice,150,170,15,185,43,Venmo,,5
3497,2025-01-20 00:00:00,CUST0297,sofia miller,Returning,Basic Wash,instagram,Sarasota,North Port,40,$42.00,15,57,153,Cash,NEWCUSTOMER,3
3498,2025-02-15 00:00:00,CUST0367,Liam Taylor ,Returning,Basic Wash,YOUTUBE ,Charlotte,Punta Gorda,40,38,15,53,34,Cash App,VIP ,5
3499,2025-01-12 00:00:00,CUST0106,LIAM SMITH,Returning,Premium Wash,Tik tok,Sarasota,Venice,70,72,5,77,93,Zelle,NEWCUSTOMER,3
3500,2025-03-11 00:00:00,CUST0860,NOAH GARCIA,Returning,Ceramic Coating,Tik tok,Sarasota,Venice,350,345,5,350,75,Card,,4
3501,2025-01-17 00:00:00,CUST0631,Ava Smith ,Returning,Premium Wash,FB,Sarasota,Venice,70,75,0,75,150,CARD,,5
3502,2025-05-27 00:00:00,CUST0634,Liam Miller ,Returning,Interior Detail,Instagram,Sarasota,Venice,90,90,15,105,129,Card,VIP ,3
3503,2025-06-03 00:00:00,CUST0914,LEWIS MARTINEZ,Returning,Interior Detail,TikTok,Charlotte,Port Charlotte,90,85,5,90,93,CARD,,3
3504,2025-10-31 00:00:00,CUST0592,Mary Johnson ,Returning,Interior Detail,Referred,Charlotte,Port Charlotte,90,104,0,104,143,CARD,NEWCUSTOMER,3
3505,2025-04-18,CUST0371,Emma Wilson,Returning,Ceramic Coating,tiktok,Charlotte,Punta Gorda,350,345,20,365,164,Cash,SUMMER10,3
3506,2025-08-24 00:00:00,CUST0241,emma martinez,Returning,Full Detail,FB,Charlotte,Punta Gorda,150,160,5,165.0,126,Card,NEWCUSTOMER,3
3507,2025-11-04 00:00:00,CUST0270, Noah Johnson,Returning,Ceramic Coating,tiktok,Sarasota,Venice,350,387,15,402,103,Cash,SUMMER10,
3508,2025-12-18 00:00:00,CUST0416,Liam  Taylor,Returning,Ceramic Coating,FaceBook ,Charlotte,Punta Gorda,350,$390.00,20,410,33,cash ,,5
3509,2025-03-11 00:00:00,CUST0008, Lewis Smith,Returning,Full Detail,,Sarasota,Venice,150,150,0,150,94,Cash App,VIP ,5
3510,2025-07-02 00:00:00,CUST0519,Mary  Wilson,Returning,Premium Wash,instagram,Charlotte,Punta Gorda,70,75,0,75,104,Card,VIP ,
3511,2025-09-07 00:00:00,CUST0026,JOHN JOHNSON,Returning,Basic Wash,youtube,Charlotte,Punta Gorda,40,42,0,42,130,Cash App,NEWCUSTOMER,
3512,2025-08-16 00:00:00,CUST0940,lewis davis,Returning,Full Detail,tiktok,Sarasota,North Port,150,165,20,185,161,Cash,,3
3513,2025-04-12 00:00:00,CUST1020, John Johnson,Returning,Premium Wash,Tik tok,Sarasota,Sarasota,70,70,20,90,88,Zelle,,4
3514,2025-03-16 00:00:00,CUST1022, Sofia Johnson,Returning,Full Detail,FACEBOOK,Sarasota,Venice,150,145,20,165,121,CARD,NEWCUSTOMER,5
3515,2025-08-04 00:00:00,CUST1114,Mary  Anderson,Returning,Full Detail,facebook,Sarasota,North Port,150,163,10,173,125,Venmo,NEWCUSTOMER,
3516,2025-07-22 00:00:00,CUST0012,ALEX WILSON,Returning,Full Detail,tiktok,Sarasota,Venice,150,160,20,180,109,Cash App,VIP ,4
3517,2025-07-11 00:00:00,CUST1011,Mary  Brown,Returning,Premium Wash,TIKTOK,Charlotte,Port Charlotte,70,75,10,85,138,Cash,,3
3518,2025-09-06 00:00:00,CUST0488, Emma Anderson,Returning,Basic Wash,Tik tok,Sarasota,Sarasota,40,44,5,49,56,cash ,,
3519,2025-08-30,CUST0445,Emma  Garcia,Returning,Premium Wash,,Sarasota,North Port,70,79,10,89,147,Zelle,,4
3520,2025-06-28 00:00:00,CUST0975,Olivia  Davis,Returning,Ceramic Coating,Word of Mouth,Sarasota,Sarasota,350,355,15,370,163,Cash,,4
3521,07-08-2025,CUST0930, John Wilson,Returning,Full Detail,instagram,Charlotte,Port Charlotte,150,167,10,177,79,Zelle,NEWCUSTOMER,
3521,07-08-2025,CUST0930, John Wilson,Returning,Full Detail,instagram,Charlotte,Port Charlotte,150,167,10,177,79,Zelle,NEWCUSTOMER,
3522,2025-03-23 00:00:00,CUST0840,john johnson,Returning,Ceramic Coating,FB,Sarasota,North Port,350,348,15,363,92,cash ,,5
3523,2025-04-02 00:00:00,CUST0905,Emma  Davis,Returning,Interior Detail,Word of Mouth,Charlotte,Port Charlotte,90,90,5,95,153,Card,VIP ,4
3524,2025-06-24 00:00:00,CUST0163, John Martinez,Returning,Ceramic Coating,Instagram ,Sarasota,Sarasota,350,352,15,367.0,103,CARD,,3
3525,2025-08-27 00:00:00,CUST0014,Lewis  Miller,Returning,Full Detail,Youtube,Sarasota,Sarasota,150,160,0,160,105,Zelle,VIP ,
3526,2025-09-17 00:00:00,CUST0502, Ava Davis,Returning,Ceramic Coating,referral,Charlotte,Punta Gorda,350,387,0,387,105,Venmo,SUMMER10,
3527,2025-12-31 00:00:00,CUST1121,Emma  Taylor,Returning,Premium Wash,Youtube,Sarasota,Venice,70,72,0,72.0,154,Zelle,VIP ,5
3528,12-06-2025,CUST0570,John Smith ,Returning,Basic Wash,Youtube,Sarasota,Venice,40,38,10,48,78,Zelle,,3
3529,2025-02-17 00:00:00,CUST1142,Sofia Brown,Returning,Interior Detail,Insta,Sarasota,Sarasota,90,85,20,105,142,Cash,VIP ,3
3530,2025-11-25 00:00:00,CUST0426,LIAM MARTINEZ,Returning,Premium Wash,Facebook,Charlotte,Punta Gorda,70,72,0,72,128,Cash App,SUMMER10,5
3531,2025-11-24 00:00:00,CUST0101,ALEX BROWN,Returning,Interior Detail,Instagram,Sarasota,Sarasota,90,94,15,109,61,Cash,,5
3532,2025-04-26 00:00:00,CUST0379,Ava  Brown,Returning,Premium Wash,referral,Charlotte,Punta Gorda,70,75,0,75,60,Zelle,,3
3533,2025-12-03 00:00:00,CUST0304,Noah Johnson,Returning,Basic Wash,instagram,Charlotte,Port Charlotte,40,49,-5,64,98,Cash App,,5
3534,2025-12-03 00:00:00,CUST0113,Sofia Martinez,Returning,Premium Wash,youtube,Charlotte,Port Charlotte,70,82,0,82,168,Cash App,VIP ,4
3535,2025-08-13 00:00:00,CUST0715,Mary  Taylor,Returning,Full Detail,Referral,Charlotte,Port Charlotte,150,165,0,165,91,Cash App,,
3536,2025-12-18 00:00:00,CUST0076,liam anderson,Returning,Interior Detail,Facebook,Charlotte,Punta Gorda,90,94,5,99,30,Venmo,,
3537,2025-11-24 00:00:00,CUST0298,Emma  Brown,Returning,Premium Wash,Youtube,Charlotte,Port Charlotte,70,82,0,82,156,Cash App,VIP ,4
3538,2025-05-27 00:00:00,CUST0067,Olivia  Taylor,Returning,Full Detail,youtube,Sarasota,Sarasota,150,150,20,170,135,Cash,SUMMER10,
3539,2025-03-04 00:00:00,CUST1184,ava wilson,Returning,Basic Wash,Referred,Charlotte,Port Charlotte,40,35,0,35,88,CARD,,4
3540,2025-10-21 00:00:00,CUST0612,Olivia Anderson ,Returning,Full Detail,Instagram,Sarasota,North Port,150,167,15,182,138,Venmo,,3
3541,2025-11-19 00:00:00,CUST0679,Noah Johnson ,Returning,Interior Detail,Referred,Sarasota,North Port,90,94,0,94,98,Venmo,SUMMER10,5
3542,2025-11-21 00:00:00,CUST0180,Mary Taylor,Returning,Premium Wash,Youtube,Charlotte,Punta Gorda,70,77,5,82,168,cash ,,3
3543,2025-01-13 00:00:00,CUST0101,Olivia Johnson ,Returning,Basic Wash,Instagram ,Sarasota,Sarasota,40,40,5,45,141,Card,NEWCUSTOMER,3
3544,2025-07-08 00:00:00,CUST0224,Ava Brown ,Returning,Premium Wash,Youtube,Charlotte,Port Charlotte,70,79,0,79,106,Zelle,SUMMER10,5
3545,2025-10-14 00:00:00,CUST0854, Emma Taylor,Returning,Premium Wash,tiktok,Sarasota,Sarasota,70,$72.00,10,82,122,Cash,,4
3546,2025-07-27 00:00:00,CUST0366,JOHN GARCIA,Returning,Interior Detail,YOUTUBE ,Charlotte,Punta Gorda,90,104,15,119,92,Venmo,VIP ,4
3547,2025-04-24 00:00:00,CUST0331, Emma Garcia,Returning,Basic Wash,Youtube,Sarasota,Venice,40,42,5,47,125,Cash,,4
3548,2025-01-22 00:00:00,CUST0583,Alex  Taylor,Returning,Interior Detail,youtube,Sarasota,Sarasota,90,88,15,103,77,Zelle,,5
3549,2025-12-15 00:00:00,CUST1173, Emma Smith,Returning,Premium Wash,Word of Mouth,Sarasota,North Port,70,72,15,87,101,Venmo,,4
3550,2025-08-02 00:00:00,CUST1152,emma taylor,Returning,Ceramic Coating,TIKTOK,Sarasota,North Port,350,390,0,390,46,CARD,,
3551,20-06-2025,CUST0364,Noah  Miller,Returning,Basic Wash,Facebook,Sarasota,North Port,40,40,5,45,126,cash ,,4
3552,2025-11-19 00:00:00,CUST0933,Emma  Martinez,Returning,Full Detail,facebook,Charlotte,Punta Gorda,150,165,10,175,33,cash ,NEWCUSTOMER,
3553,2025-02-23 00:00:00,CUST1186,OLIVIA WILSON,Returning,Ceramic Coating,instagram,Charlotte,Punta Gorda,350,348,0,348,128,Cash App,,4
3554,2025-10-25 00:00:00,CUST0738,Sofia Miller ,Returning,Full Detail,Insta,Sarasota,North Port,150,165,0,165,109,CARD,,4
3555,2025-11-16 00:00:00,CUST0074,noah brown,Returning,Ceramic Coating,referral,Sarasota,Venice,350,383,15,398,101,CARD,,
3556,2025-05-06 00:00:00,CUST0191,Lewis Johnson ,Returning,Full Detail,referral,Sarasota,Sarasota,150,152,10,162,102,Cash App,,4
3557,2025-10-04 00:00:00,CUST0613,Lewis Martinez,Returning,Full Detail,FaceBook ,Charlotte,Port Charlotte,150,165,5,170,41,Card,,5
3558,2025-07-23 00:00:00,CUST0662,John Davis,Returning,Ceramic Coating,Referred,Charlotte,Port Charlotte,350,390,20,410,168,Zelle,,
3559,2025-07-13 00:00:00,CUST0755,Noah  Miller,Returning,Full Detail,Word of Mouth,Charlotte,Punta Gorda,150,165,0,165,139,Card,,5
3560,2025-06-18 00:00:00,CUST0777,Emma Davis ,Returning,Full Detail,Instagram,Sarasota,Sarasota,150,$148.00,10,158,134,cash ,,
3561,2025-06-01 00:00:00,CUST0139,Olivia Davis,Returning,Premium Wash,Word of Mouth,Charlotte,Punta Gorda,70,75,10,85,79,CARD,SUMMER10,4
3562,2025-02-04 00:00:00,CUST0876,ALEX MILLER,Returning,Premium Wash,Referral,Sarasota,Venice,70,68,0,68,131,Venmo,NEWCUSTOMER,
3563,2025-07-03 00:00:00,CUST1128,NOAH JOHNSON,Returning,Full Detail,YOUTUBE ,Charlotte,Port Charlotte,150,$165.00,20,185,167,Venmo,NEWCUSTOMER,5
3564,2025-10-13 00:00:00,CUST0133,Sofia  Miller,Returning,Premium Wash,TIKTOK,Sarasota,North Port,70,79,10,89,34,Cash,,5
3565,2025-02-26 00:00:00,CUST0600,Sofia  Anderson,Returning,Ceramic Coating,Instagram,Sarasota,Venice,350,350,15,365,52,cash ,,3
3566,2025-08-10 00:00:00,CUST0965,Liam Taylor ,Returning,Basic Wash,FB,Sarasota,Venice,40,39,0,39,40,Venmo,,5
3567,2025-10-30 00:00:00,CUST0276,Mary Miller,Returning,Basic Wash,tiktok,Sarasota,Venice,40,44,10,54,49,cash ,,4
3568,2025-06-12 00:00:00,CUST0250,John  Martinez,Returning,Interior Detail,Referral,Charlotte,Port Charlotte,90,92,15,107,35,cash ,,3
3569,2025-01-19 00:00:00,CUST0563, Mary Miller,Returning,Premium Wash,TikTok,Sarasota,North Port,70,70,15,85,92,Zelle,NEWCUSTOMER,4
3570,2025-09-21 00:00:00,CUST0675,Olivia  Miller,Returning,Interior Detail,tiktok,Sarasota,Sarasota,90,101,5,106,35,Cash,,
3571,2025-10-09 00:00:00,CUST1080,Noah Miller,New,Interior Detail,referral,Charlotte,Punta Gorda,90,99,10,109,132,CARD,,5
3572,2025-04-23 00:00:00,CUST0848,Noah  Anderson,Returning,Premium Wash,Tik tok,Sarasota,Sarasota,70,68,15,83,80,Card,SUMMER10,4
3573,2025-11-23 00:00:00,CUST1075,alex taylor,Returning,Premium Wash,YouTube,Sarasota,North Port,70,77,0,77,82,Card,VIP ,4
3574,2025-01-30 00:00:00,CUST0430,alex johnson,Returning,Basic Wash,TIKTOK,Sarasota,North Port,40,40,5,45,154,Cash App,NEWCUSTOMER,3
3575,2025-05-15 00:00:00,CUST0429,lewis martinez,Returning,Basic Wash,Tik tok,Charlotte,Punta Gorda,40,38,5,43,94,Cash,VIP ,4
3576,2025-03-08 00:00:00,CUST0120,lewis garcia,Returning,Basic Wash,Tik tok,Sarasota,Venice,40,42,10,52,176,Cash App,,4
3577,06-03-2025,CUST0224,Noah Smith ,Returning,Interior Detail,YouTube,Charlotte,Port Charlotte,90,95,0,95,138,Cash App,,5
3578,2025-10-19 00:00:00,CUST1171,Olivia Miller,Returning,Full Detail,,Sarasota,North Port,150,163,15,178,139,Zelle,,4
3579,2025-01-25,CUST1084,Ava  Martinez,Returning,Basic Wash,referral,Charlotte,Port Charlotte,40,40,15,55,67,Zelle,VIP ,
3580,2025-02-06 00:00:00,CUST0180,Ava Brown,Returning,Ceramic Coating,YOUTUBE ,Charlotte,Punta Gorda,350,355,20,375,172,Venmo,,5
3581,2025-01-01 00:00:00,CUST0991,noah anderson,Returning,Full Detail,youtube,Sarasota,Venice,150,$150.00,10,160,153,Zelle,,
3582,2025-02-06 00:00:00,CUST0589, Emma Smith,Returning,Interior Detail,YOUTUBE ,Charlotte,Punta Gorda,90,90,0,90,98,Zelle,,3
3583,2025-05-21 00:00:00,CUST0875,Lewis Brown,Returning,Interior Detail,instagram,Charlotte,Punta Gorda,90,95,15,110.0,161,Cash,NEWCUSTOMER,4
3584,2025-08-20 00:00:00,CUST0649,Mary Anderson ,Returning,Ceramic Coating,Insta,Sarasota,Sarasota,350,$387.00,0,387,160,Venmo,,5
3585,2025-05-16 00:00:00,CUST0532,Lewis Brown ,Returning,Full Detail,Insta,Charlotte,Port Charlotte,150,150,0,150,138,Cash,NEWCUSTOMER,5
3586,2025-07-07 00:00:00,CUST1077,john martinez,Returning,Premium Wash,Referred,Sarasota,North Port,70,82,15,97,85,cash ,,
3587,2025-05-08 00:00:00,CUST1178,LEWIS GARCIA,Returning,Ceramic Coating,FaceBook ,Charlotte,Port Charlotte,350,345,20,365,118,Venmo,,
3588,20-07-2025,CUST0725,liam taylor,Returning,Interior Detail,Insta,Sarasota,Venice,90,101,0,101,74,Cash,VIP ,
3589,2025-05-07 00:00:00,CUST0266,OLIVIA JOHNSON,Returning,Ceramic Coating,Facebook,Sarasota,Venice,350,350,10,360,51,Cash,VIP ,4
3590,2025-09-14 00:00:00,CUST1153,Alex Garcia ,Returning,Full Detail,facebook,Sarasota,Sarasota,150,165,0,165,79,Card,,4
3591,2025-06-13 00:00:00,CUST1017,Noah Davis ,Returning,Premium Wash,youtube,Charlotte,Punta Gorda,70,$70.00,15,85,153,Card,SUMMER10,4
3592,2025-02-04 00:00:00,CUST1065, Olivia Taylor,Returning,Ceramic Coating,Referred,Charlotte,Punta Gorda,350,350,5,355,51,Zelle,,4
3593,2025-07-13 00:00:00,CUST1020, Ava Smith,Returning,Full Detail,,Sarasota,Sarasota,150,$170.00,0,170,137,Card,,3
3594,2025-07-10 00:00:00,CUST1009,ALEX BROWN,Returning,Interior Detail,Instagram,Sarasota,Sarasota,90,99,0,99,92,Card,VIP ,4
3595,2025-04-14 00:00:00,CUST0369,Emma Johnson,Returning,Ceramic Coating,facebook,Sarasota,Sarasota,350,350,0,350,144,CARD,VIP ,3
3596,2025-01-23 00:00:00,CUST0477,Olivia Anderson ,Returning,Ceramic Coating,TIKTOK,Sarasota,Sarasota,350,345,0,345,132,Venmo,,
3597,2025-09-22 00:00:00,CUST0595,john anderson,New,Basic Wash,Insta,Charlotte,Punta Gorda,40,42,20,62,141,CARD,VIP ,
3598,2025-10-17 00:00:00,CUST0397, John Garcia,Returning,Ceramic Coating,YouTube,Sarasota,Sarasota,350,385,5,390,170,Venmo,,5
3599,2025-09-17 00:00:00,CUST0004,LIAM JOHNSON,Returning,Premium Wash,Insta,Charlotte,Punta Gorda,70,79,10,89,134,CARD,VIP ,3
3600,2025-12-24 00:00:00,CUST0243, Lewis Smith,Returning,Full Detail,TIKTOK,Charlotte,Punta Gorda,150,163,0,163,78,Cash,NEWCUSTOMER,4
3601,2025-03-16 00:00:00,CUST0050,mary taylor,Returning,Full Detail,Youtube,Sarasota,Venice,150,148,15,163,121,Cash,,3
3602,2025-12-21,CUST0953,Emma  Brown,Returning,Ceramic Coating,Youtube,Charlotte,Port Charlotte,350,385,0,385,50,Zelle,SUMMER10,5
3603,2025-03-13 00:00:00,CUST0242,lewis garcia,Returning,Premium Wash,Referral,Sarasota,North Port,70,68,10,78,120,cash ,SUMMER10,5
3604,2025-09-16 00:00:00,CUST0425,Sofia Wilson,Returning,Interior Detail,facebook,Sarasota,Venice,90,$99.00,10,109,137,cash ,,5
3605,2025-07-07 00:00:00,CUST0850,Alex  Martinez,Returning,Interior Detail,YOUTUBE ,Sarasota,Sarasota,90,97,15,112,159,cash ,NEWCUSTOMER,
3606,2025-06-22 00:00:00,CUST0848,Olivia Anderson,Returning,Full Detail,tiktok,Sarasota,Sarasota,150,152,20,172,57,Zelle,NEWCUSTOMER,5
3607,2025-10-17 00:00:00,CUST0094, Lewis Smith,Returning,Premium Wash,Word of Mouth,Charlotte,Port Charlotte,70,75,10,85,82,Cash App,SUMMER10,3
3608,2025-02-14 00:00:00,CUST0684,MARY TAYLOR,Returning,Basic Wash,YouTube,Sarasota,Sarasota,40,35,10,45,96,Cash,SUMMER10,
3609,2025-03-02 00:00:00,CUST0717,Sofia Taylor,Returning,Ceramic Coating,Facebook,Charlotte,Punta Gorda,350,350,5,355,46,Cash,,4
3610,2025-03-24 00:00:00,CUST1148,Olivia Smith,Returning,Premium Wash,FaceBook ,Charlotte,Punta Gorda,70,68,20,88,58,Card,SUMMER10,4
3611,2025-05-03 00:00:00,CUST0435,Noah Brown,New,Full Detail,referral,Sarasota,Venice,150,150,0,150,180,Cash,,5
3612,2025-12-24 00:00:00,CUST0024,John Miller,Returning,Premium Wash,Instagram ,Charlotte,Port Charlotte,70,79,0,79,58,Zelle,SUMMER10,3
3613,2025-01-16 00:00:00,CUST0413,liam anderson,Returning,Premium Wash,Instagram ,Charlotte,Punta Gorda,70,70,10,80,102,CARD,,3
3614,2025-03-07 00:00:00,CUST0577, Alex Miller,Returning,Premium Wash,FaceBook ,Sarasota,Venice,70,68,15,83,63,Card,VIP ,3
3615,2025-05-25 00:00:00,CUST0522,LEWIS WILSON,Returning,Interior Detail,facebook,Sarasota,Sarasota,90,90,5,95,36,CARD,,
3616,2025-06-11 00:00:00,CUST0139,Mary  Smith,Returning,Interior Detail,referral,Charlotte,Punta Gorda,90,92,5,97,60,cash ,,
3617,2025-08-22 00:00:00,CUST0631,OLIVIA TAYLOR,Returning,Basic Wash,Facebook,Sarasota,Venice,40,44,5,49,110,Card,SUMMER10,4
3618,2025-05-24 00:00:00,CUST0615,Lewis Taylor ,Returning,Premium Wash,youtube,Sarasota,Sarasota,70,70,5,75,67,Cash App,,4
3619,2025-12-24 00:00:00,CUST1038,ava johnson,Returning,Full Detail,Youtube,Charlotte,Port Charlotte,150,167,0,167,71,CARD,VIP ,5
3620,2025-07-07 00:00:00,CUST1127,Lewis Smith,Returning,Premium Wash,Insta,Charlotte,Port Charlotte,70,79,0,79,150,Card,SUMMER10,4
3621,2025-11-18 00:00:00,CUST0664,John  Martinez,Returning,Ceramic Coating,,Sarasota,Venice,350,383,10,393,97,Zelle,VIP ,5
3622,2025-01-13 00:00:00,CUST0013,EMMA JOHNSON,Returning,Basic Wash,tiktok,Charlotte,Punta Gorda,40,40,20,60,39,Zelle,,
3623,2025-07-03 00:00:00,CUST0234, John Smith,Returning,Full Detail,YouTube,Sarasota,Sarasota,150,160,20,180,34,Cash,SUMMER10,4
3624,2025-04-21 00:00:00,CUST0683,Liam Garcia ,New,Interior Detail,Word of Mouth,Sarasota,North Port,90,85,15,100,172,Zelle,SUMMER10,3
3625,2025-10-17 00:00:00,CUST0700,ava anderson,Returning,Full Detail,Facebook,Charlotte,Punta Gorda,150,165,20,185,84,Zelle,NEWCUSTOMER,5
3626,2025-10-22 00:00:00,CUST0812,Olivia Martinez ,Returning,Ceramic Coating,YOUTUBE ,Sarasota,Sarasota,350,383,20,403,171,Cash,NEWCUSTOMER,
3627,2025-08-03 00:00:00,CUST1166,MARY DAVIS,Returning,Interior Detail,,Sarasota,North Port,90,99,10,109,170,Venmo,NEWCUSTOMER,
3628,2025-04-30 00:00:00,CUST0060,Alex Smith ,Returning,Premium Wash,TIKTOK,Charlotte,Punta Gorda,70,65,5,70,134,Cash App,SUMMER10,4
3629,2025-02-24 00:00:00,CUST0360,Sofia  Anderson,Returning,Premium Wash,Referral,Charlotte,Port Charlotte,70,72,15,87,75,Cash,,4
3630,2025-01-27 00:00:00,CUST0398,Noah  Martinez,Returning,Interior Detail,Instagram,Charlotte,Punta Gorda,90,85,0,85,71,Venmo,NEWCUSTOMER,
3631,2025-04-28 00:00:00,CUST0677,Alex Miller,Returning,Full Detail,referral,Sarasota,Sarasota,150,148,15,163,136,CARD,VIP ,5
3632,2025-08-09 00:00:00,CUST0693,Liam  Anderson,Returning,Premium Wash,referral,Charlotte,Punta Gorda,70,72,0,72,152,Cash,,3
3633,2025-08-19 00:00:00,CUST0982,John  Wilson,Returning,Interior Detail,Tik tok,Charlotte,Punta Gorda,90,97,0,97,54,CARD,,5
3634,2025-02-22 00:00:00,CUST0972,Emma Johnson,Returning,Basic Wash,,Charlotte,Port Charlotte,40,40,0,40,159,Cash App,,3
3635,2025-10-22 00:00:00,CUST0073,LIAM WILSON,Returning,Interior Detail,Youtube,Charlotte,Punta Gorda,90,94,0,94.0,49,Cash,NEWCUSTOMER,5
3635,2025-10-22 00:00:00,CUST0073,LIAM WILSON,Returning,Interior Detail,Youtube,Charlotte,Punta Gorda,90,94,0,94.0,49,Cash,NEWCUSTOMER,5
3636,2025-11-17 00:00:00,CUST0279,Ava Johnson,Returning,Interior Detail,YouTube,Charlotte,Punta Gorda,90,101,10,111,91,CARD,,5
3637,2025-08-21 00:00:00,CUST0987, Sofia Garcia,Returning,Basic Wash,FaceBook ,Sarasota,North Port,40,39,5,44,174,Cash App,,3
3638,2025-06-07 00:00:00,CUST0319,Sofia  Miller,Returning,Full Detail,youtube,Sarasota,Sarasota,150,152,5,157,44,Cash App,VIP ,5
3639,2025-09-26 00:00:00,CUST0944,Noah Garcia,Returning,Interior Detail,Youtube,Charlotte,Port Charlotte,90,104,0,104,137,Cash App,VIP ,
3640,2025-01-21 00:00:00,CUST1100,Olivia Davis ,Returning,Full Detail,YouTube,Charlotte,Punta Gorda,150,145,10,155,143,Card,SUMMER10,4
3641,2025-02-22 00:00:00,CUST0687, Emma Miller,Returning,Basic Wash,TIKTOK,Sarasota,Venice,40,40,20,60,82,cash ,NEWCUSTOMER,
3642,2025-10-02 00:00:00,CUST0948,EMMA MILLER,Returning,Basic Wash,Tik tok,Charlotte,Punta Gorda,40,$44.00,0,44,30,Cash App,SUMMER10,3
3643,2025-11-09 00:00:00,CUST0848,alex davis,Returning,Interior Detail,tiktok,Sarasota,Sarasota,90,99,10,109,73,Zelle,,4
3644,2025-10-08 00:00:00,CUST0115, Emma Brown,Returning,Ceramic Coating,Insta,Sarasota,Sarasota,350,390,0,390,107,Cash App,NEWCUSTOMER,4
3645,2025-08-02 00:00:00,CUST1068,Sofia Johnson,Returning,Basic Wash,FaceBook ,Charlotte,Port Charlotte,40,44,0,44,35,Card,VIP ,5
3646,2025-01-31 00:00:00,CUST0614,olivia wilson,Returning,Ceramic Coating,social,Sarasota,Venice,350,$348.00,15,363,44,Venmo,,5
3647,2025-12-03 00:00:00,CUST1158,Noah Davis,Returning,Basic Wash,Referred,Sarasota,North Port,40,46,10,56,99,CARD,,
3648,07/02/2025,CUST0647,OLIVIA SMITH,Returning,Premium Wash,Instagram ,Charlotte,Punta Gorda,70,77,5,82,173,Cash,NEWCUSTOMER,5
3649,2025-01-23 00:00:00,CUST1138,AVA SMITH,Returning,Full Detail,FACEBOOK,Charlotte,Port Charlotte,150,152,0,152,142,Card,,5
3650,2025-02-01 00:00:00,CUST1098,emma smith,Returning,Basic Wash,YOUTUBE ,Sarasota,Venice,40,40,5,45,165,Card,,
3651,03/15/2025,CUST0039,Mary  Martinez,Returning,Full Detail,facebook,Charlotte,Port Charlotte,150,150,0,150,43,Cash App,,4
3652,2025-01-10 00:00:00,CUST0427,Noah Brown,Returning,Basic Wash,instagram,Sarasota,Venice,40,38,5,43,57,cash ,VIP ,5
3653,2025-02-23 00:00:00,CUST1183,John Smith ,Returning,Ceramic Coating,Referral,Sarasota,Sarasota,350,350,0,350,144,Venmo,NEWCUSTOMER,4
3654,2025-02-21 00:00:00,CUST0680,John Anderson,Returning,Premium Wash,instagram,Charlotte,Port Charlotte,70,65,0,65,118,Venmo,SUMMER10,5
3655,2025-05-28 00:00:00,CUST0725, Emma Anderson,Returning,Full Detail,instagram,Sarasota,Venice,150,150,10,160,58,Cash,NEWCUSTOMER,4
3656,2025-06-09 00:00:00,CUST0136,JOHN WILSON,Returning,Basic Wash,Tik tok,Sarasota,Venice,40,38,5,43,120,Zelle,,
3657,2025-01-14 00:00:00,CUST0306,lewis garcia,Returning,Basic Wash,facebook,Charlotte,Port Charlotte,40,42,5,47,80,CARD,,
3658,2025-06-27,CUST0575,NOAH MILLER,Returning,Full Detail,Instagram ,Sarasota,North Port,150,145,5,150,155,cash ,NEWCUSTOMER,4
3659,2025-02-22 00:00:00,CUST0064,Sofia Wilson,Returning,Premium Wash,YOUTUBE ,Charlotte,Punta Gorda,70,72,5,77,130,Cash,,4
3660,2025-12-01,CUST0695,Olivia  Wilson,New,Full Detail,Word of Mouth,Sarasota,North Port,150,160,5,165,86,Cash App,SUMMER10,3
3661,2025-01-22 00:00:00,CUST0769,noah martinez,Returning,Interior Detail,TikTok,Charlotte,Port Charlotte,90,$90.00,15,105,57,Card,SUMMER10,5
3662,2025-01-30 00:00:00,CUST1095,Alex Taylor,Returning,Interior Detail,FaceBook ,Charlotte,Punta Gorda,90,92,0,92,94,Cash App,,4
3663,2025-07-10 00:00:00,CUST0340,Liam Wilson ,Returning,Premium Wash,Instagram,Sarasota,North Port,70,72,5,77,71,Cash App,,3
3664,2025-09-17 00:00:00,CUST1170, Liam Miller,Returning,Ceramic Coating,Instagram,Sarasota,Sarasota,350,380,15,395,93,Venmo,VIP ,4
3665,2025-07-24 00:00:00,CUST0798,john miller,Returning,Full Detail,Instagram,Sarasota,North Port,150,160,0,160,49,cash ,SUMMER10,4
3666,2025-02-28 00:00:00,CUST0384,ALEX GARCIA,Returning,Full Detail,YOUTUBE ,Sarasota,Venice,150,150,10,160,105,cash ,,5
3667,2025-09-21 00:00:00,CUST0240,John Garcia,Returning,Full Detail,tiktok,Charlotte,Port Charlotte,150,163,20,183,146,Cash App,,4
3668,2025-01-12 00:00:00,CUST0632,Sofia Taylor ,Returning,Interior Detail,Referred,Sarasota,North Port,90,$90.00,20,110.0,77,Card,,3
3669,2025-04-29,CUST0645,Olivia Miller,Returning,Full Detail,tiktok,Charlotte,Punta Gorda,150,145,0,145,72,cash ,NEWCUSTOMER,5
3670,2025-10-17 00:00:00,CUST0065, Alex Taylor,Returning,Full Detail,Instagram ,Sarasota,Sarasota,150,170,5,175,153,Zelle,NEWCUSTOMER,5
3671,2025-12-04 00:00:00,CUST0557,LEWIS DAVIS,Returning,Basic Wash,facebook,Charlotte,Port Charlotte,40,46,15,61.0,109,Cash App,,5
3672,2025-09-05 00:00:00,CUST0848, Olivia Miller,Returning,Basic Wash,,Sarasota,Sarasota,40,44,15,59,84,Cash,,4
3673,2025-12-20 00:00:00,CUST0178,mary davis,Returning,Basic Wash,Referred,Sarasota,Venice,40,46,0,46,62,CARD,,4
3674,07-05-2025,CUST1018,John Johnson ,New,Interior Detail,Word of Mouth,Sarasota,Sarasota,90,88,0,88,109,CARD,,
3675,2025-03-16 00:00:00,CUST0487, Liam Wilson,Returning,Basic Wash,FaceBook ,Sarasota,Sarasota,40,35,0,35,122,Card,VIP ,5
3676,2025-12-27 00:00:00,CUST0762,JOHN WILSON,Returning,Ceramic Coating,Instagram,Sarasota,Venice,350,385,20,405,101,Card,,5
3677,2025-07-23 00:00:00,CUST0926,AVA GARCIA,Returning,Premium Wash,YouTube,Charlotte,Port Charlotte,70,77,10,87,126,Card,,5
3678,2025-02-18 00:00:00,CUST0620,Alex Davis,Returning,Premium Wash,TIKTOK,Sarasota,Sarasota,70,68,20,88,108,Venmo,VIP ,5
3679,2025-03-20 00:00:00,CUST0443,mary wilson,Returning,Ceramic Coating,tiktok,Sarasota,Sarasota,350,348,20,368,108,Cash,NEWCUSTOMER,4
3680,2025-08-29 00:00:00,CUST1076,Alex Taylor ,Returning,Interior Detail,instagram,Charlotte,Port Charlotte,90,104,5,109,66,Card,,5
3681,2025-12-15 00:00:00,CUST0620, John Smith,Returning,Ceramic Coating,TIKTOK,Sarasota,Sarasota,350,385,15,400,97,Card,NEWCUSTOMER,3
3682,2025-06-03 00:00:00,CUST0359,Olivia Miller ,Returning,Interior Detail,tiktok,Charlotte,Punta Gorda,90,90,0,90,108,Card,SUMMER10,3
3683,2025-10-01 00:00:00,CUST0230, Sofia Wilson,New,Interior Detail,Referred,Charlotte,Punta Gorda,90,104,20,124,144,CARD,,
3684,04/06/2025,CUST0767,Ava Davis ,Returning,Premium Wash,YouTube,Sarasota,Venice,70,70,5,75,94,CARD,SUMMER10,4
3685,2025-08-02 00:00:00,CUST0077,Emma Martinez,Returning,Premium Wash,referral,Sarasota,Sarasota,70,75,10,85,123,Cash,,5
3686,2025-10-21 00:00:00,CUST0414,john brown,Returning,Premium Wash,TikTok,Charlotte,Punta Gorda,70,77,20,97,79,Cash,,5
3687,28-07-2025,CUST0190,noah davis,Returning,Full Detail,Instagram,Sarasota,Venice,150,167,20,187,130,Cash,SUMMER10,3
3688,2025-12-09 00:00:00,CUST0909, Alex Taylor,Returning,Interior Detail,,Sarasota,North Port,90,99,0,99,173,Venmo,,3
3689,2025-03-29 00:00:00,CUST1037,Sofia Brown ,Returning,Ceramic Coating,instagram,Sarasota,Sarasota,350,348,0,348,111,CARD,,3
3690,2025-11-02 00:00:00,CUST0052,JOHN DAVIS,Returning,Basic Wash,referral,Sarasota,North Port,40,49,0,49,50,Venmo,,
3691,2025-09-21 00:00:00,CUST0989,MARY DAVIS,Returning,Full Detail,Instagram ,Sarasota,North Port,150,165,0,165,58,Venmo,VIP ,4
3692,11/21/2025,CUST1025,Ava Smith,Returning,Ceramic Coating,Referred,Charlotte,Port Charlotte,350,$385.00,0,385,173,Zelle,,4
3693,2025-11-16 00:00:00,CUST0316,Lewis Taylor ,Returning,Premium Wash,tiktok,Sarasota,North Port,70,79,0,79,50,Card,,
3694,2025-06-06 00:00:00,CUST0390, Lewis Brown,Returning,Premium Wash,Referral,Charlotte,Punta Gorda,70,72,5,77,32,Venmo,,
3695,2025-06-05 00:00:00,CUST0697,alex johnson,Returning,Ceramic Coating,Youtube,Sarasota,North Port,350,352,20,372,82,Venmo,VIP ,3
3696,2025-05-19 00:00:00,CUST0991,John  Garcia,Returning,Ceramic Coating,YOUTUBE ,Sarasota,Venice,350,350,10,360,174,Cash App,,
3697,2025-05-01 00:00:00,CUST1073,Emma Miller,Returning,Basic Wash,referral,Sarasota,North Port,40,35,15,50,42,Zelle,VIP ,4
3698,2025-03-06 00:00:00,CUST0636,Alex Martinez,Returning,Premium Wash,FACEBOOK,Charlotte,Punta Gorda,70,70,5,75,50,cash ,SUMMER10,4
3699,2025-04-17 00:00:00,CUST0671,Olivia  Garcia,Returning,Interior Detail,youtube,Sarasota,North Port,90,$90.00,0,90,161,Zelle,,5
3700,2025-05-27 00:00:00,CUST0294,olivia brown,Returning,Premium Wash,Tik tok,Charlotte,Punta Gorda,70,75,10,85,37,Venmo,VIP ,5
3701,2025-05-17 00:00:00,CUST0202, John Brown,Returning,Premium Wash,Facebook,Sarasota,Venice,70,72,15,87,172,CARD,SUMMER10,5
3702,2025-06-11 00:00:00,CUST1058,alex brown,Returning,Ceramic Coating,facebook,Charlotte,Punta Gorda,350,350,0,350,64,Venmo,,4
3703,2025-04-10 00:00:00,CUST0272,Emma Wilson ,Returning,Premium Wash,referral,Charlotte,Punta Gorda,70,65,10,75,122,cash ,,4
3704,2025-12-04 00:00:00,CUST0421, Ava Anderson,Returning,Basic Wash,referral,Sarasota,Sarasota,40,39,5,44,168,Zelle,,5
3705,2025-11-03 00:00:00,CUST0075,LIAM WILSON,New,Basic Wash,FB,Sarasota,North Port,40,42,20,62,130,Cash App,NEWCUSTOMER,
3706,2025-05-21 00:00:00,CUST0941,NOAH ANDERSON,Returning,Basic Wash,YOUTUBE ,Charlotte,Port Charlotte,40,38,10,48,101,Venmo,VIP ,
3707,2025-03-24 00:00:00,CUST0794, Lewis Davis,Returning,Premium Wash,YouTube,Sarasota,North Port,70,72,10,82,70,Venmo,,4
3708,2025-06-26 00:00:00,CUST1070,Sofia  Wilson,Returning,Ceramic Coating,Word of Mouth,Sarasota,North Port,350,348,0,348,40,cash ,NEWCUSTOMER,5
3709,2025-07-17 00:00:00,CUST0238,EMMA MILLER,Returning,Interior Detail,Youtube,Charlotte,Punta Gorda,90,97,5,102,41,Card,,4
3710,2025-04-22 00:00:00,CUST0009,alex smith,Returning,Ceramic Coating,Word of Mouth,Charlotte,Punta Gorda,350,$352.00,0,352,79,Cash,,5
3711,2025-02-25 00:00:00,CUST0637,LIAM ANDERSON,Returning,Basic Wash,Youtube,Sarasota,Sarasota,40,40,0,40.0,79,Cash,NEWCUSTOMER,5
3712,2025-06-28 00:00:00,CUST0091,EMMA GARCIA,Returning,Full Detail,Referral,Sarasota,Venice,150,148,15,163,48,Cash App,NEWCUSTOMER,3
3713,2025-07-05 00:00:00,CUST0179,Mary Brown ,Returning,Full Detail,YouTube,Sarasota,Venice,150,165,10,175,46,CARD,,4
3714,06-08-2025,CUST0683,Liam Wilson,Returning,Premium Wash,Referred,Sarasota,North Port,70,75,10,85,172,Venmo,,4
3715,2025-11-12 00:00:00,CUST0957,mary brown,Returning,Full Detail,Tik tok,Sarasota,Sarasota,150,163,15,178,82,CARD,,
3716,2025-08-05 00:00:00,CUST0095,John Wilson,Returning,Full Detail,instagram,Sarasota,Venice,150,165,0,165,44,cash ,,
3717,04/30/2025,CUST0212,John Garcia ,Returning,Full Detail,FaceBook ,Sarasota,Sarasota,150,145,20,165,144,Cash App,SUMMER10,3
3718,2025-06-24 00:00:00,CUST1067,NOAH JOHNSON,Returning,Interior Detail,Referred,Sarasota,North Port,90,92,20,112,47,Zelle,,
3719,2025-01-23 00:00:00,CUST0640,Ava  Garcia,Returning,Interior Detail,tiktok,Charlotte,Punta Gorda,90,$90.00,5,95,144,CARD,VIP ,5
3720,2025-08-01 00:00:00,CUST0047, Mary Davis,Returning,Basic Wash,youtube,Sarasota,Venice,40,46,20,66,52,Card,,4
3721,2025-08-23 00:00:00,CUST1183,NOAH GARCIA,Returning,Interior Detail,Referral,Sarasota,Sarasota,90,104,0,104,86,CARD,,5
3722,2025-01-13 00:00:00,CUST0640,AVA JOHNSON,Returning,Ceramic Coating,TIKTOK,Charlotte,Punta Gorda,350,350,0,350,171,cash ,SUMMER10,4
3723,2025-04-11 00:00:00,CUST0430,Emma Wilson,Returning,Full Detail,TikTok,Sarasota,North Port,150,145,0,145,168,cash ,,5
3724,2025-01-24,CUST0658, Olivia Martinez,Returning,Basic Wash,Word of Mouth,Sarasota,North Port,40,40,0,40,151,cash ,,4
3725,2025-12-30 00:00:00,CUST0411,Lewis Anderson ,Returning,Full Detail,Word of Mouth,Sarasota,North Port,150,165,0,165,143,Cash App,,
3726,2025-01-11 00:00:00,CUST0395,Alex  Anderson,Returning,Basic Wash,youtube,Sarasota,Sarasota,40,38,0,38,125,Cash App,,4
3727,2025-09-30 00:00:00,CUST0587,Liam Martinez,Returning,Full Detail,youtube,Sarasota,Sarasota,150,165,15,180,128,Card,SUMMER10,4
3728,2025-10-08 00:00:00,CUST0567,alex wilson,Returning,Interior Detail,FACEBOOK,Charlotte,Punta Gorda,90,104,0,104,170,Zelle,,5
3729,2025-04-04 00:00:00,CUST1091,Ava Miller ,Returning,Ceramic Coating,FB,Charlotte,Port Charlotte,350,355,5,360,158,Cash App,VIP ,5
3730,2025-07-20 00:00:00,CUST0654,Liam  Johnson,Returning,Ceramic Coating,youtube,Charlotte,Punta Gorda,350,385,0,385,138,Zelle,,4
3731,2025-01-21 00:00:00,CUST0904,lewis brown,Returning,Premium Wash,referral,Charlotte,Port Charlotte,70,68,0,68,85,Cash,,5
3732,2025-12-06 00:00:00,CUST0241,Liam Miller,Returning,Interior Detail,Facebook,Charlotte,Punta Gorda,90,$101.00,15,116,176,Venmo,VIP ,
3733,2025-07-30 00:00:00,CUST0559, Mary Brown,New,Premium Wash,FACEBOOK,Charlotte,Port Charlotte,70,79,-5,84,100,Cash App,NEWCUSTOMER,
3734,2025-05-20 00:00:00,CUST0306,alex wilson,Returning,Interior Detail,Facebook,Charlotte,Port Charlotte,90,$92.00,10,102,145,Cash,,4
3735,2025-10-20 00:00:00,CUST0323,Mary Johnson ,Returning,Premium Wash,instagram,Sarasota,Sarasota,70,79,5,84,67,Card,NEWCUSTOMER,5
3736,2025-10-25 00:00:00,CUST0561,John Wilson ,Returning,Ceramic Coating,,Sarasota,North Port,350,385,20,405,123,Card,,
3737,2025-04-11 00:00:00,CUST0235,Lewis Smith,Returning,Interior Detail,YouTube,Charlotte,Punta Gorda,90,90,5,95,122,Venmo,,5
3738,2025-10-31 00:00:00,CUST0032,Noah Johnson,Returning,Interior Detail,tiktok,Sarasota,North Port,90,97,20,117,53,Zelle,SUMMER10,
3739,2025-12-25 00:00:00,CUST1147,lewis taylor,Returning,Ceramic Coating,referral,Charlotte,Port Charlotte,350,383,0,383,43,Card,NEWCUSTOMER,4
3740,2025-01-28 00:00:00,CUST1053,John Johnson,Returning,Basic Wash,Referral,Sarasota,Sarasota,40,42,10,52,125,Venmo,NEWCUSTOMER,5
3741,2025-02-10 00:00:00,CUST0210,Alex Taylor,Returning,Full Detail,tiktok,Sarasota,North Port,150,145,5,150,116,Card,,4
3742,2025-12-21 00:00:00,CUST0424,Ava Smith ,Returning,Full Detail,Youtube,Sarasota,Sarasota,150,163,0,163,154,Card,,4
3743,2025-10-30 00:00:00,CUST1112,Lewis Anderson ,Returning,Premium Wash,Referral,Charlotte,Port Charlotte,70,79,15,94,180,Cash,,5
3744,2025-05-26 00:00:00,CUST0718,Lewis  Martinez,Returning,Basic Wash,Instagram,Sarasota,North Port,40,42,0,42,53,Zelle,,5
3745,2025-09-13 00:00:00,CUST1126,noah davis,Returning,Interior Detail,facebook,Sarasota,Sarasota,90,99,0,99.0,169,Venmo,,3
3746,2025-08-15 00:00:00,CUST0653,Mary  Anderson,Returning,Full Detail,Insta,Sarasota,Sarasota,150,160,0,160,162,Cash,VIP ,4
3747,2025-08-24 00:00:00,CUST0556,olivia martinez,Returning,Interior Detail,tiktok,Sarasota,North Port,90,99,5,104,97,Cash,,4
3748,2025-12-27 00:00:00,CUST0290,Liam Taylor,Returning,Full Detail,TIKTOK,Sarasota,North Port,150,165,0,165,143,Card,,4
3749,2025-01-13 00:00:00,CUST0581,Emma  Anderson,Returning,Full Detail,facebook,Sarasota,North Port,150,150,0,150,32,cash ,SUMMER10,
3750,2025-07-29 00:00:00,CUST1176,Alex Miller,Returning,Ceramic Coating,FACEBOOK,Sarasota,Venice,350,383,5,388,68,Zelle,VIP ,5
3751,2025-08-17 00:00:00,CUST0502,John  Brown,Returning,Basic Wash,Word of Mouth,Charlotte,Punta Gorda,40,49,0,49,110,Card,NEWCUSTOMER,5
3752,2025-04-10 00:00:00,CUST0351,mary taylor,Returning,Full Detail,Facebook,Charlotte,Punta Gorda,150,150,15,165,96,Zelle,,
3753,2025-01-31 00:00:00,CUST0146,Mary Johnson ,Returning,Basic Wash,FaceBook ,Sarasota,Sarasota,40,45,5,50,75,Zelle,NEWCUSTOMER,3
3754,2025-01-16 00:00:00,CUST0638,Sofia  Smith,Returning,Interior Detail,FaceBook ,Sarasota,North Port,90,95,10,105,129,cash ,,3
3755,2025-05-17 00:00:00,CUST0694,Noah  Anderson,Returning,Full Detail,referral,Sarasota,Sarasota,150,152,20,172,37,CARD,SUMMER10,5
3756,2025-11-25 00:00:00,CUST1108,mary johnson,Returning,Ceramic Coating,youtube,Charlotte,Port Charlotte,350,390,0,390,147,CARD,,5
3757,2025-06-15 00:00:00,CUST0909,Mary Martinez ,Returning,Premium Wash,youtube,Sarasota,North Port,70,65,0,65,82,Cash,,3
3758,2025-11-06 00:00:00,CUST0104,Olivia Garcia,Returning,Full Detail,Insta,Charlotte,Punta Gorda,150,160,5,165,162,cash ,,4
3759,2025-04-10 00:00:00,CUST0267,LIAM JOHNSON,Returning,Basic Wash,Word of Mouth,Charlotte,Port Charlotte,40,40,15,55,35,Cash App,,4
3759,2025-04-10 00:00:00,CUST0267,LIAM JOHNSON,Returning,Basic Wash,Word of Mouth,Charlotte,Port Charlotte,40,40,15,55,35,Cash App,,4
3760,2025-04-19 00:00:00,CUST0060,Lewis Smith ,Returning,Full Detail,TIKTOK,Charlotte,Punta Gorda,150,145,0,145,91,Venmo,,5
3761,2025-12-09 00:00:00,CUST0965,Sofia Smith ,Returning,Full Detail,FB,Sarasota,Venice,150,167,0,167,50,Card,SUMMER10,5
3762,2025-06-22 00:00:00,CUST0104,Alex Davis ,Returning,Ceramic Coating,Instagram ,Charlotte,Punta Gorda,350,$350.00,0,350,164,cash ,,4
3763,2025-08-25 00:00:00,CUST0217,Olivia  Johnson,Returning,Full Detail,TikTok,Charlotte,Punta Gorda,150,163,0,163,71,Cash App,,5
3764,2025-06-11 00:00:00,CUST0786,OLIVIA MILLER,Returning,Premium Wash,Instagram ,Charlotte,Port Charlotte,70,70,0,70,86,Zelle,NEWCUSTOMER,4
3765,2025-08-04 00:00:00,CUST0111,Mary Brown,Returning,Basic Wash,facebook,Sarasota,Sarasota,40,44,15,59,106,cash ,,4
3766,2025-09-21 00:00:00,CUST0177,Ava Brown ,Returning,Full Detail,YOUTUBE ,Sarasota,North Port,150,160,15,175,123,Zelle,,
3767,2025-09-20 00:00:00,CUST0874,LIAM DAVIS,Returning,Ceramic Coating,Referral,Charlotte,Punta Gorda,350,385,0,385,178,Card,,4
3768,2025-10-19 00:00:00,CUST0803,Emma  Davis,Returning,Premium Wash,Instagram,Charlotte,Punta Gorda,70,79,10,89,68,CARD,,4
3769,2025-10-01 00:00:00,CUST0367,Noah Wilson ,Returning,Full Detail,Youtube,Charlotte,Punta Gorda,150,165,10,175,71,Card,,
3770,2025-01-03 00:00:00,CUST0914,Noah  Brown,Returning,Interior Detail,TIKTOK,Charlotte,Port Charlotte,90,85,0,85,147,cash ,SUMMER10,
3771,2025-01-28 00:00:00,CUST0729,Noah Davis ,Returning,Basic Wash,Insta,Sarasota,Sarasota,40,38,20,58,50,Venmo,,5
3772,2025-11-22 00:00:00,CUST0640,Lewis Anderson,Returning,Full Detail,tiktok,Charlotte,Punta Gorda,150,160,0,160,43,cash ,NEWCUSTOMER,
3772,2025-11-22 00:00:00,CUST0640,Lewis Anderson,Returning,Full Detail,tiktok,Charlotte,Punta Gorda,150,160,0,160,43,cash ,NEWCUSTOMER,
3773,2025-05-29 00:00:00,CUST0681,SOFIA WILSON,Returning,Full Detail,Youtube,Charlotte,Port Charlotte,150,148,10,158,67,Cash,,5
3774,2025-01-28 00:00:00,CUST0406,Lewis Smith ,Returning,Ceramic Coating,Tik tok,Sarasota,Sarasota,350,350,20,370,129,Cash App,NEWCUSTOMER,5
3775,2025-11-06 00:00:00,CUST1093,Mary  Smith,Returning,Premium Wash,TikTok,Sarasota,Sarasota,70,75,10,85,34,CARD,SUMMER10,
3776,2025-03-06 00:00:00,CUST0161,Olivia Garcia,Returning,Premium Wash,,Charlotte,Port Charlotte,70,70,20,90,35,CARD,VIP ,3
3777,2025-12-22 00:00:00,CUST0954,Ava Brown,New,Interior Detail,facebook,Sarasota,Sarasota,90,101,20,121,126,CARD,NEWCUSTOMER,5
3778,2025-01-21 00:00:00,CUST1163,Mary Taylor,Returning,Full Detail,instagram,Sarasota,North Port,150,150,20,170,104,Cash App,SUMMER10,4
3779,2025-09-09 00:00:00,CUST0270,alex garcia,Returning,Full Detail,Tik tok,Sarasota,Venice,150,167,10,177,70,Venmo,,4
3780,2025-08-23 00:00:00,CUST0191,Liam Davis,Returning,Ceramic Coating,Referral,Sarasota,Sarasota,350,387,5,392,129,CARD,SUMMER10,
3781,2025-08-15 00:00:00,CUST0960,mary brown,Returning,Ceramic Coating,Word of Mouth,Sarasota,North Port,350,385,10,395,122,Cash App,NEWCUSTOMER,4
3782,2025-01-13 00:00:00,CUST0200, Liam Smith,Returning,Basic Wash,tiktok,Charlotte,Punta Gorda,40,38,5,43,43,cash ,,5
3783,2025-11-09 00:00:00,CUST0934,Mary Taylor,Returning,Premium Wash,tiktok,Sarasota,Sarasota,70,$77.00,15,92,38,Cash App,,5
3784,2025-02-18 00:00:00,CUST0636,Noah  Brown,Returning,Interior Detail,FACEBOOK,Charlotte,Punta Gorda,90,85,10,95,72,Cash,SUMMER10,4
3785,2025-04-28 00:00:00,CUST0954,Mary Johnson,Returning,Premium Wash,Facebook,Sarasota,Sarasota,70,$72.00,5,77,170,Cash App,,4
3786,2025-02-23 00:00:00,CUST0964,Olivia  Johnson,Returning,Interior Detail,Insta,Sarasota,Venice,90,95,10,105,68,CARD,,
3787,2025-05-18 00:00:00,CUST0475,Emma Brown ,Returning,Ceramic Coating,Referral,Sarasota,North Port,350,345,15,360,94,Cash,,
3788,2025-02-22 00:00:00,CUST0459,mary johnson,Returning,Basic Wash,Referred,Charlotte,Port Charlotte,40,38,0,38,154,Card,,3
3789,2025-02-13 00:00:00,CUST0295,AVA WILSON,Returning,Interior Detail,Insta,Charlotte,Punta Gorda,90,90,5,95,169,Venmo,,3
3790,2025-10-30 00:00:00,CUST0529,John Anderson,Returning,Interior Detail,Insta,Charlotte,Punta Gorda,90,97,15,112,67,Cash App,,
3791,2025-02-22 00:00:00,CUST0745,Mary Smith,Returning,Basic Wash,Tik tok,Sarasota,North Port,40,38,0,38,127,Card,SUMMER10,4
3792,2025-03-15 00:00:00,CUST0803,Emma Wilson,Returning,Basic Wash,Instagram ,Charlotte,Punta Gorda,40,35,10,45,157,CARD,,
3793,2025-02-15 00:00:00,CUST0376, Liam Martinez,New,Ceramic Coating,Tik tok,Sarasota,Venice,350,345,5,350.0,102,Venmo,VIP ,4
3794,2025-01-13 00:00:00,CUST0677,john miller,Returning,Ceramic Coating,Referred,Sarasota,Sarasota,350,352,5,357,45,cash ,SUMMER10,4
3795,2025-06-14 00:00:00,CUST0666,JOHN BROWN,Returning,Ceramic Coating,Facebook,Charlotte,Port Charlotte,350,350,0,350,38,cash ,SUMMER10,5
3796,2025-04-12 00:00:00,CUST0929,John  Taylor,Returning,Full Detail,YouTube,Sarasota,Sarasota,150,150,0,150,52,Cash,,3
3797,2025-10-07 00:00:00,CUST0999,JOHN MILLER,Returning,Interior Detail,Insta,Sarasota,Sarasota,90,94,20,114,117,Card,,4
3798,2025-09-15 00:00:00,CUST0062,Sofia  Miller,New,Full Detail,tiktok,Charlotte,Punta Gorda,150,170,5,175,40,Venmo,,3
3799,2025-12-03 00:00:00,CUST0134, Sofia Davis,Returning,Premium Wash,tiktok,Sarasota,North Port,70,79,15,94,77,Cash App,VIP ,4
3800,2025-12-22 00:00:00,CUST0974,noah garcia,Returning,Basic Wash,tiktok,Charlotte,Port Charlotte,40,$49.00,5,54,132,Cash App,,5
3801,18-05-2025,CUST0232,emma davis,Returning,Full Detail,TIKTOK,Sarasota,Sarasota,150,152,10,162,75,Zelle,,5
3802,2025-06-12 00:00:00,CUST0720,noah wilson,Returning,Basic Wash,YOUTUBE ,Charlotte,Punta Gorda,40,40,20,60,120,Cash,VIP ,5
3803,2025-04-21 00:00:00,CUST0981,Ava Taylor ,Returning,Premium Wash,FB,Sarasota,Venice,70,70,10,80,90,Cash,SUMMER10,5
3804,04/12/2025,CUST0945,Ava Garcia,Returning,Ceramic Coating,YOUTUBE ,Sarasota,North Port,350,352,0,352,139,Card,,4
3805,2025-01-17 00:00:00,CUST0350,emma davis,Returning,Ceramic Coating,Facebook,Charlotte,Port Charlotte,350,$350.00,0,350,94,Zelle,,5
3806,2025-09-25 00:00:00,CUST0579,lewis smith,Returning,Premium Wash,Youtube,Charlotte,Punta Gorda,70,79,5,84,50,Card,SUMMER10,4
3807,2025-07-01 00:00:00,CUST0714,OLIVIA GARCIA,Returning,Full Detail,TIKTOK,Charlotte,Port Charlotte,150,160,20,180,76,Cash,VIP ,5
3808,2025-01-24 00:00:00,CUST1177, Mary Brown,Returning,Ceramic Coating,FACEBOOK,Charlotte,Port Charlotte,350,350,0,350,112,Cash App,,3
3809,2025-01-29 00:00:00,CUST0261,Noah  Anderson,Returning,Ceramic Coating,Referral,Sarasota,Venice,350,352,0,352,179,cash ,,
3810,2025-06-20 00:00:00,CUST1041,Emma  Garcia,New,Interior Detail,Instagram ,Sarasota,Sarasota,90,90,0,90,40,Card,VIP ,5
3811,2025-08-16 00:00:00,CUST0211,Lewis Martinez,Returning,Premium Wash,Youtube,Sarasota,Venice,70,77,5,82,72,Card,NEWCUSTOMER,
3812,2025-07-07 00:00:00,CUST0831,olivia garcia,Returning,Premium Wash,FACEBOOK,Charlotte,Punta Gorda,70,77,20,97,81,Card,VIP ,4
3813,2025-12-12 00:00:00,CUST0220, Emma Miller,Returning,Full Detail,facebook,Charlotte,Punta Gorda,150,163,0,163,129,CARD,,4
3814,2025-08-18 00:00:00,CUST0668,Lewis  Garcia,Returning,Premium Wash,TikTok,Charlotte,Port Charlotte,70,77,10,87,150,Zelle,NEWCUSTOMER,
3815,2025-11-17 00:00:00,CUST1139,Mary Brown,Returning,Premium Wash,Facebook,Sarasota,Sarasota,70,72,0,72,166,Venmo,SUMMER10,5
3816,2025-12-06 00:00:00,CUST0146,John  Brown,Returning,Ceramic Coating,Facebook,Sarasota,Sarasota,350,385,20,405,82,Cash App,NEWCUSTOMER,5
3817,2025-04-29 00:00:00,CUST0619, Ava Anderson,Returning,Basic Wash,FB,Sarasota,Sarasota,40,35,10,45.0,44,Cash App,VIP ,4
3818,2025-06-05 00:00:00,CUST1092,Emma  Anderson,Returning,Basic Wash,Referral,Charlotte,Punta Gorda,40,42,10,52,127,Cash,,4
3819,2025-09-29 00:00:00,CUST0945,Lewis  Taylor,Returning,Full Detail,Youtube,Sarasota,North Port,150,165,15,180,139,CARD,SUMMER10,4
3820,2025-06-24 00:00:00,CUST0821,Olivia Taylor,Returning,Basic Wash,Insta,Sarasota,North Port,40,40,0,40,84,cash ,,4
3821,2025-04-14 00:00:00,CUST0847,noah davis,Returning,Premium Wash,referral,Sarasota,Venice,70,$68.00,15,83.0,40,cash ,,3
3822,2025-04-02 00:00:00,CUST0489,alex wilson,Returning,Interior Detail,FaceBook ,Charlotte,Port Charlotte,90,92,0,92,161,Cash App,,5
3823,2025-07-05 00:00:00,CUST0500,Liam Davis ,Returning,Premium Wash,YOUTUBE ,Sarasota,Sarasota,70,77,5,82,43,Cash App,SUMMER10,5
3824,2025-10-10 00:00:00,CUST1123,Noah Wilson,Returning,Full Detail,Word of Mouth,Sarasota,Venice,150,163,0,163,172,Cash App,NEWCUSTOMER,5
3825,2025-06-30 00:00:00,CUST0326, Ava Garcia,Returning,Full Detail,Referred,Sarasota,Venice,150,152,0,152,67,Cash App,SUMMER10,5
3826,2025-06-19 00:00:00,CUST0988,Liam Wilson ,Returning,Full Detail,referral,Sarasota,North Port,150,150,0,150,109,cash ,VIP ,4
3827,2025-07-06 00:00:00,CUST0787,john taylor,Returning,Ceramic Coating,Instagram,Sarasota,North Port,350,387,15,402,164,Card,,
3828,2025-06-24,CUST0136,ALEX MARTINEZ,Returning,Premium Wash,tiktok,Sarasota,Venice,70,70,15,85,88,Card,,5
3829,2025-08-10 00:00:00,CUST0698,olivia smith,Returning,Full Detail,YOUTUBE ,Sarasota,North Port,150,160,10,170,74,Venmo,,3
3830,2025-08-21 00:00:00,CUST0427,Liam Davis ,Returning,Basic Wash,instagram,Sarasota,Venice,40,42,15,57,62,CARD,,4
3831,2025-06-11 00:00:00,CUST0883,JOHN TAYLOR,Returning,Full Detail,YouTube,Sarasota,Sarasota,150,$155.00,0,155,111,Cash App,SUMMER10,4
3832,2025-05-14 00:00:00,CUST0892, Lewis Brown,Returning,Basic Wash,facebook,Sarasota,Sarasota,40,38,15,53,51,cash ,SUMMER10,5
3833,2025-08-12 00:00:00,CUST1162,Olivia  Anderson,Returning,Interior Detail,YOUTUBE ,Sarasota,Venice,90,99,0,99,49,Venmo,,
3834,2025-06-02 00:00:00,CUST0701,Alex Wilson,Returning,Premium Wash,TIKTOK,Sarasota,Sarasota,70,72,10,82,46,CARD,NEWCUSTOMER,
3835,2025-02-02 00:00:00,CUST1116, Olivia Brown,Returning,Premium Wash,instagram,Sarasota,North Port,70,72,0,72,90,Cash,,4
3836,2025-02-24 00:00:00,CUST0484,JOHN WILSON,Returning,Basic Wash,youtube,Charlotte,Punta Gorda,40,45,0,45,121,CARD,,5
3837,2025-01-07 00:00:00,CUST0355,Ava  Brown,Returning,Full Detail,Referred,Sarasota,North Port,150,155,15,170,38,Card,SUMMER10,5
3838,2025-09-01 00:00:00,CUST0160,Ava  Garcia,Returning,Basic Wash,YOUTUBE ,Sarasota,Sarasota,40,49,5,54,134,cash ,,5
3839,2025-11-09 00:00:00,CUST1176,John Miller,Returning,Premium Wash,FACEBOOK,Sarasota,Venice,70,75,20,95,60,Zelle,VIP ,4
3840,2025-05-06 00:00:00,CUST0997,John Anderson,Returning,Basic Wash,Referred,Charlotte,Punta Gorda,40,38,5,43,54,Venmo,,5
3841,2025-01-12 00:00:00,CUST0235,Lewis  Brown,Returning,Premium Wash,Youtube,Charlotte,Punta Gorda,70,68,5,73,86,Card,VIP ,4
3842,2025-01-16 00:00:00,CUST0949,Noah Martinez ,Returning,Interior Detail,TikTok,Charlotte,Punta Gorda,90,88,10,98,151,Venmo,,4
3843,2025-07-27 00:00:00,CUST0667,Noah Johnson,Returning,Basic Wash,Youtube,Charlotte,Port Charlotte,40,44,0,44,77,Venmo,,5
3844,2025-02-12 00:00:00,CUST1137,ALEX GARCIA,Returning,Basic Wash,Referral,Sarasota,Sarasota,40,45,5,50,176,CARD,,5
3845,2025-05-15 00:00:00,CUST0200,Sofia  Brown,Returning,Ceramic Coating,TIKTOK,Charlotte,Punta Gorda,350,355,15,370,150,Card,,3
3846,2025-08-16 00:00:00,CUST0912,Mary Wilson,Returning,Premium Wash,tiktok,Charlotte,Port Charlotte,70,77,5,82,67,Cash,,
3847,2025-04-21 00:00:00,CUST0361, Sofia Smith,Returning,Premium Wash,youtube,Sarasota,Sarasota,70,70,15,85,173,cash ,,3
3848,2025-11-03 00:00:00,CUST0631,Alex Davis,Returning,Basic Wash,Facebook,Sarasota,Venice,40,49,0,49,76,Cash,NEWCUSTOMER,
3849,2025-06-09 00:00:00,CUST0832, Olivia Wilson,Returning,Full Detail,FaceBook ,Sarasota,North Port,150,150,20,170,137,Cash,,3
3850,2025-11-27 00:00:00,CUST0143,Lewis Taylor,Returning,Ceramic Coating,Referred,Charlotte,Punta Gorda,350,383,5,388,123,Zelle,,4
3851,2025-09-21 00:00:00,CUST0223, Lewis Davis,Returning,Interior Detail,Tik tok,Sarasota,North Port,90,97,0,97,69,cash ,,
3851,2025-09-21 00:00:00,CUST0223, Lewis Davis,Returning,Interior Detail,Tik tok,Sarasota,North Port,90,97,0,97,69,cash ,,
3852,08/13/2025,CUST0777,john taylor,Returning,Premium Wash,instagram,Sarasota,Sarasota,70,77,5,82,81,cash ,,5
3853,2025-08-05 00:00:00,CUST0671,Liam Taylor ,Returning,Ceramic Coating,Youtube,Sarasota,North Port,350,380,0,380,42,Card,VIP ,
3854,2025-02-14 00:00:00,CUST1013,Noah Taylor ,Returning,Full Detail,YOUTUBE ,Charlotte,Punta Gorda,150,148,0,148,45,Venmo,,5
3855,2025-08-02 00:00:00,CUST0126,JOHN ANDERSON,New,Premium Wash,Word of Mouth,Sarasota,Sarasota,70,77,0,77,88,Cash App,SUMMER10,3
3856,2025-02-28 00:00:00,CUST0186,JOHN JOHNSON,Returning,Interior Detail,YOUTUBE ,Sarasota,Venice,90,95,15,110,170,Cash App,VIP ,4
3857,2025-05-12 00:00:00,CUST0446,John  Smith,Returning,Interior Detail,Referred,Charlotte,Punta Gorda,90,90,20,110,146,CARD,VIP ,5
3858,2025-04-14 00:00:00,CUST0285, John Johnson,Returning,Interior Detail,referral,Sarasota,Sarasota,90,95,15,110,92,cash ,SUMMER10,5
3859,2025-07-14 00:00:00,CUST1190,ava johnson,Returning,Basic Wash,Referral,Sarasota,Venice,40,44,20,64,86,Cash App,SUMMER10,5
3860,2025-06-06 00:00:00,CUST0001, John Taylor,Returning,Full Detail,instagram,Sarasota,Sarasota,150,148,5,153,96,Venmo,SUMMER10,4
3861,2025-04-08 00:00:00,CUST0301,EMMA WILSON,Returning,Full Detail,FACEBOOK,Charlotte,Port Charlotte,150,155,20,175,118,cash ,SUMMER10,4
3862,2025-08-14 00:00:00,CUST0306,Lewis Smith ,Returning,Interior Detail,facebook,Charlotte,Port Charlotte,90,99,0,99,92,Venmo,VIP ,
3863,2025-07-24 00:00:00,CUST0928,AVA BROWN,Returning,Interior Detail,Word of Mouth,Charlotte,Port Charlotte,90,101,0,101,84,Card,,4
3863,2025-07-24 00:00:00,CUST0928,AVA BROWN,Returning,Interior Detail,Word of Mouth,Charlotte,Port Charlotte,90,101,0,101,84,Card,,4
3864,2025-03-20 00:00:00,CUST1089,Liam  Johnson,Returning,Basic Wash,YOUTUBE ,Charlotte,Port Charlotte,40,35,0,35,131,Venmo,,4
3865,2025-05-04 00:00:00,CUST0597,olivia johnson,Returning,Interior Detail,Referred,Sarasota,Venice,90,88,20,108,100,Venmo,NEWCUSTOMER,4
3866,2025-08-06 00:00:00,CUST0799,Mary  Anderson,Returning,Basic Wash,Instagram ,Charlotte,Punta Gorda,40,44,15,59,53,cash ,,5
3867,2025-01-04 00:00:00,CUST1184,Emma  Taylor,Returning,Premium Wash,referral,Charlotte,Port Charlotte,70,70,0,70,99,Cash App,VIP ,
3868,2025-03-31 00:00:00,CUST0916,LIAM SMITH,Returning,Premium Wash,YOUTUBE ,Sarasota,Sarasota,70,75,5,80,88,Venmo,NEWCUSTOMER,
3869,2025-04-14 00:00:00,CUST0401,Ava Martinez,Returning,Interior Detail,Instagram,Charlotte,Punta Gorda,90,92,0,92,167,CARD,,4
3870,2025-04-29 00:00:00,CUST0422,Lewis Anderson ,Returning,Premium Wash,Word of Mouth,Sarasota,Sarasota,70,70,10,80,105,Cash,,5
3871,2025-05-13 00:00:00,CUST0649,olivia davis,Returning,Ceramic Coating,Instagram,Sarasota,Sarasota,350,348,20,368,104,Card,VIP ,4
3872,2025-11-08 00:00:00,CUST0614,NOAH SMITH,Returning,Basic Wash,TikTok,Sarasota,Venice,40,42,0,42,32,Zelle,,4
3873,2025-04-06 00:00:00,CUST1168,Alex  Wilson,Returning,Premium Wash,Instagram ,Sarasota,North Port,70,65,15,80,35,Cash,,5
3874,2025-11-27 00:00:00,CUST0624,mary johnson,Returning,Basic Wash,FB,Charlotte,Punta Gorda,40,42,0,42,68,Venmo,VIP ,5
3875,2025-05-23 00:00:00,CUST0891,Ava Martinez ,Returning,Basic Wash,Instagram ,Sarasota,North Port,40,42,0,42,108,Card,,
3876,2025-10-15,CUST0706,john martinez,Returning,Full Detail,Youtube,Sarasota,Venice,150,167,20,187,160,Cash App,,5
3877,2025-01-28 00:00:00,CUST0183, Olivia Taylor,Returning,Basic Wash,TIKTOK,Sarasota,North Port,40,45,0,45,168,Venmo,,5
3878,2025-10-05 00:00:00,CUST1194, Sofia Miller,Returning,Full Detail,referral,Charlotte,Port Charlotte,150,165,20,185,106,cash ,,4
3879,2025-08-21 00:00:00,CUST0017,Olivia Miller ,Returning,Full Detail,FACEBOOK,Sarasota,Venice,150,160,0,160,111,Venmo,VIP ,5
3880,2025-01-17 00:00:00,CUST1046,LIAM MILLER,Returning,Basic Wash,Instagram ,Charlotte,Punta Gorda,40,40,0,40.0,173,Zelle,,5
3880,2025-01-17 00:00:00,CUST1046,LIAM MILLER,Returning,Basic Wash,Instagram ,Charlotte,Punta Gorda,40,40,0,40.0,173,Zelle,,5
3881,2025-02-28 00:00:00,CUST0828,Lewis Brown,Returning,Full Detail,youtube,Sarasota,Venice,150,155,0,155,167,Venmo,,4
3882,2025-03-31 00:00:00,CUST0262, Emma Wilson,Returning,Interior Detail,TikTok,Charlotte,Port Charlotte,90,90,0,90,105,Zelle,SUMMER10,5
3883,2025-07-18 00:00:00,CUST0603,Emma Martinez,Returning,Basic Wash,social,Sarasota,Sarasota,40,49,5,54,149,cash ,,4
3884,2025-12-28 00:00:00,CUST0128,Alex  Smith,Returning,Premium Wash,,Charlotte,Port Charlotte,70,75,0,75,70,CARD,,4
3885,26-01-2025,CUST0757,noah wilson,Returning,Ceramic Coating,youtube,Sarasota,Venice,350,350,0,350,42,CARD,,5
3886,2025-01-25 00:00:00,CUST1125, Alex Davis,Returning,Interior Detail,Word of Mouth,Sarasota,Venice,90,88,15,103,46,CARD,,5
3887,2025-10-28 00:00:00,CUST0109,Emma Wilson,Returning,Full Detail,Tik tok,Sarasota,Venice,150,170,15,185,117,Cash App,VIP ,5
3888,2025-12-05 00:00:00,CUST0002,lewis anderson,Returning,Ceramic Coating,YOUTUBE ,Sarasota,Venice,350,$387.00,15,402,156,Card,NEWCUSTOMER,5
3889,2025-09-24 00:00:00,CUST1147,emma smith,Returning,Full Detail,Referral,Charlotte,Port Charlotte,150,165,5,170,119,Cash App,,4
3890,2025-06-30,CUST0736,Noah Anderson,Returning,Interior Detail,Instagram ,Charlotte,Port Charlotte,90,95,20,115,33,Cash,,3
3891,2025-12-26 00:00:00,CUST0225,EMMA GARCIA,New,Interior Detail,Referral,Charlotte,Punta Gorda,90,99,5,104,133,Cash,NEWCUSTOMER,3
3892,2025-03-09 00:00:00,CUST0578, Liam Garcia,Returning,Basic Wash,FACEBOOK,Charlotte,Punta Gorda,40,$40.00,15,55,53,Card,NEWCUSTOMER,5
3893,2025-12-17 00:00:00,CUST0064,NOAH MILLER,Returning,Premium Wash,youtube,Charlotte,Punta Gorda,70,75,0,75,72,Card,NEWCUSTOMER,4
3894,2025-11-17 00:00:00,CUST0482, Alex Taylor,Returning,Interior Detail,Insta,Charlotte,Punta Gorda,90,99,0,99,108,CARD,,
3895,2025-02-18 00:00:00,CUST0885,lewis garcia,Returning,Basic Wash,Referred,Charlotte,Punta Gorda,40,38,0,38,177,Card,NEWCUSTOMER,4
3896,2025-06-24 00:00:00,CUST0808,Sofia  Brown,Returning,Premium Wash,referral,Charlotte,Port Charlotte,70,75,20,95,145,Venmo,VIP ,5
3897,2025-02-21 00:00:00,CUST0652,Noah Johnson,Returning,Basic Wash,Tik tok,Charlotte,Port Charlotte,40,35,0,35,120,Venmo,NEWCUSTOMER,5
3898,2025-04-12 00:00:00,CUST0784,Noah  Miller,Returning,Interior Detail,Word of Mouth,Charlotte,Port Charlotte,90,88,0,88,65,Cash App,SUMMER10,3
3899,2025-08-04 00:00:00,CUST0832,John  Garcia,Returning,Premium Wash,FaceBook ,Sarasota,North Port,70,75,20,95,161,Cash App,,
3900,2025-07-07 00:00:00,CUST0782, Liam Smith,Returning,Ceramic Coating,TikTok,Charlotte,Punta Gorda,350,385,15,400,52,Zelle,,5
3901,2025-02-26 00:00:00,CUST0892,Sofia Miller ,Returning,Basic Wash,Facebook,Sarasota,Sarasota,40,40,0,40,58,Venmo,,5
3902,2025-02-16 00:00:00,CUST1117,Mary  Miller,New,Ceramic Coating,TIKTOK,Sarasota,North Port,350,352,20,372,89,Cash App,SUMMER10,
3903,2025-06-08 00:00:00,CUST0433,John Johnson,Returning,Premium Wash,Tik tok,Sarasota,Sarasota,70,72,0,72.0,86,Cash,NEWCUSTOMER,3
3904,2025-06-23 00:00:00,CUST0356,MARY WILSON,Returning,Premium Wash,YouTube,Sarasota,Venice,70,72,20,92,51,cash ,,4
3905,2025-08-30 00:00:00,CUST0973,Sofia  Smith,Returning,Premium Wash,TIKTOK,Charlotte,Punta Gorda,70,77,10,87,93,CARD,SUMMER10,5
3906,2025-10-09 00:00:00,CUST0285, Alex Johnson,Returning,Basic Wash,referral,Sarasota,Sarasota,40,46,15,61,123,cash ,,4
3907,2025-08-29 00:00:00,CUST0386, Ava Smith,Returning,Premium Wash,Youtube,Sarasota,Sarasota,70,77,20,97,82,Venmo,,4
3908,2025-01-05 00:00:00,CUST1138,MARY SMITH,Returning,Interior Detail,facebook,Charlotte,Port Charlotte,90,92,0,92,83,CARD,,4
3909,2025-03-25 00:00:00,CUST0788,Noah  Davis,Returning,Ceramic Coating,instagram,Charlotte,Punta Gorda,350,350,5,355,157,Zelle,,
3910,2025-11-04 00:00:00,CUST0738,emma smith,Returning,Full Detail,Instagram,Sarasota,North Port,150,167,10,177,35,cash ,,4
3911,2025-12-27 00:00:00,CUST0855,Noah Davis ,Returning,Full Detail,YouTube,Sarasota,Venice,150,165,10,175,121,CARD,NEWCUSTOMER,3
3912,2025-09-05 00:00:00,CUST0316,Ava Davis ,Returning,Premium Wash,Tik tok,Sarasota,North Port,70,75,20,95,131,Cash App,,
3913,2025-02-23 00:00:00,CUST0591,LEWIS SMITH,New,Full Detail,YOUTUBE ,Sarasota,North Port,150,$150.00,20,170,153,Zelle,,
3914,2025-06-10 00:00:00,CUST0258,noah martinez,Returning,Basic Wash,FB,Charlotte,Port Charlotte,40,35,20,55,118,Zelle,,4
3915,2025-08-14 00:00:00,CUST0276,sofia anderson,Returning,Full Detail,tiktok,Sarasota,Venice,150,$165.00,15,180,150,Zelle,,5
3916,2025-01-15 00:00:00,CUST0024,Sofia  Martinez,Returning,Premium Wash,Instagram ,Charlotte,Port Charlotte,70,75,5,80,57,Cash,,5
3917,2025-08-12 00:00:00,CUST0147,Olivia Miller ,Returning,Basic Wash,Referral,Sarasota,Sarasota,40,46,10,56,36,Zelle,,4
3918,02-03-2025,CUST0033,ava wilson,Returning,Interior Detail,TikTok,Sarasota,North Port,90,90,20,110,166,Zelle,,4
3919,2025-05-02 00:00:00,CUST0295, Noah Johnson,Returning,Full Detail,Instagram ,Charlotte,Punta Gorda,150,155,10,165,135,Zelle,SUMMER10,3
3920,2025-10-04 00:00:00,CUST0997,Mary Smith ,Returning,Interior Detail,Word of Mouth,Charlotte,Punta Gorda,90,99,0,99,132,cash ,SUMMER10,5
3921,2025-02-15 00:00:00,CUST0895,John Brown ,Returning,Interior Detail,YOUTUBE ,Charlotte,Punta Gorda,90,90,15,105,175,Venmo,,3
3921,2025-02-15 00:00:00,CUST0895,John Brown ,Returning,Interior Detail,YOUTUBE ,Charlotte,Punta Gorda,90,90,15,105,175,Venmo,,3
3922,2025-10-21 00:00:00,CUST0279,Olivia Smith,Returning,Interior Detail,YOUTUBE ,Charlotte,Punta Gorda,90,99,20,119.0,109,CARD,SUMMER10,4
3923,2025-03-03 00:00:00,CUST0174,mary davis,Returning,Full Detail,FB,Sarasota,North Port,150,145,5,150,79,Zelle,SUMMER10,5
3924,2025-03-27 00:00:00,CUST0282,Emma Davis,Returning,Full Detail,instagram,Sarasota,North Port,150,152,0,152,35,Zelle,NEWCUSTOMER,
3925,2025-07-29 00:00:00,CUST0852, Lewis Davis,Returning,Basic Wash,tiktok,Charlotte,Punta Gorda,40,46,5,51,96,Cash,VIP ,4
3926,2025-03-19 00:00:00,CUST0934,liam taylor,Returning,Full Detail,Tik tok,Sarasota,Sarasota,150,155,5,160,168,Card,,5
3927,2025-07-21 00:00:00,CUST0872, Liam Davis,Returning,Ceramic Coating,TikTok,Sarasota,Sarasota,350,390,0,390,179,Venmo,NEWCUSTOMER,4
3928,2025-10-29 00:00:00,CUST0369,Liam  Smith,Returning,Ceramic Coating,FaceBook ,Sarasota,Sarasota,350,390,10,400,122,Zelle,,3
3929,2025-08-11 00:00:00,CUST0931,Lewis Anderson,Returning,Interior Detail,Youtube,Charlotte,Punta Gorda,90,101,15,116,151,Cash,,4
3930,2025-08-10 00:00:00,CUST1044, John Martinez,Returning,Basic Wash,tiktok,Sarasota,North Port,40,49,0,49,31,Card,,5
3931,2025-01-03 00:00:00,CUST0869,Liam Brown ,Returning,Full Detail,Youtube,Sarasota,Sarasota,150,148,0,148.0,144,cash ,,
3932,2025-01-06 00:00:00,CUST1131,Ava  Anderson,Returning,Ceramic Coating,FaceBook ,Charlotte,Port Charlotte,350,348,0,348,133,Cash,NEWCUSTOMER,5
3933,2025-04-03 00:00:00,CUST0922,Sofia  Davis,Returning,Premium Wash,Youtube,Sarasota,North Port,70,75,10,85.0,79,CARD,VIP ,4
3934,2025-01-08 00:00:00,CUST0788,Alex Johnson ,Returning,Premium Wash,Instagram,Charlotte,Punta Gorda,70,65,10,75,66,Card,,5
3935,2025-08-23 00:00:00,CUST0728,Emma Anderson ,Returning,Premium Wash,YOUTUBE ,Sarasota,North Port,70,75,0,75,101,Card,,3
3936,2025-04-18 00:00:00,CUST0463,Ava Smith ,Returning,Ceramic Coating,Youtube,Sarasota,Sarasota,350,355,10,365,138,CARD,,5
3937,2025-06-10 00:00:00,CUST0381,John Davis,Returning,Basic Wash,Referral,Sarasota,North Port,40,38,20,58,86,Zelle,VIP ,4
3938,2025-07-28 00:00:00,CUST0870,Lewis  Martinez,New,Premium Wash,instagram,Sarasota,Venice,70,79,15,94,53,CARD,VIP ,3
3939,2025-08-28 00:00:00,CUST0016,OLIVIA BROWN,Returning,Ceramic Coating,Youtube,Sarasota,North Port,350,390,15,405,117,Cash,SUMMER10,3
3940,2025-11-27 00:00:00,CUST1184,LEWIS DAVIS,Returning,Ceramic Coating,Referral,Charlotte,Port Charlotte,350,380,0,380,90,CARD,,5
3941,2025-11-29 00:00:00,CUST1021,Ava Smith,Returning,Premium Wash,Youtube,Charlotte,Port Charlotte,70,82,5,87,138,Card,NEWCUSTOMER,5
3942,2025-02-19 00:00:00,CUST0485, Olivia Taylor,Returning,Premium Wash,Instagram,Charlotte,Punta Gorda,70,75,0,75,43,Cash,VIP ,4
3943,2025-01-11 00:00:00,CUST1028,lewis wilson,Returning,Basic Wash,YOUTUBE ,Sarasota,Venice,40,38,20,58.0,58,cash ,SUMMER10,4
3944,2025-12-17 00:00:00,CUST0552, Noah Anderson,Returning,Interior Detail,FaceBook ,Sarasota,Sarasota,90,104,15,119,80,Cash App,SUMMER10,4
3945,2025-06-05 00:00:00,CUST0842,ava anderson,Returning,Ceramic Coating,YouTube,Charlotte,Punta Gorda,350,352,0,352,82,Venmo,,4
3946,2025-03-11 00:00:00,CUST1119,OLIVIA MILLER,Returning,Interior Detail,Facebook,Charlotte,Punta Gorda,90,90,15,105,133,Venmo,,5
3947,2025-06-18 00:00:00,CUST1181,Mary Smith,Returning,Interior Detail,TikTok,Charlotte,Punta Gorda,90,88,0,88.0,39,CARD,VIP ,4
3948,2025-09-29 00:00:00,CUST0752,liam wilson,Returning,Ceramic Coating,FB,Sarasota,North Port,350,385,0,385,30,cash ,,3
3948,2025-09-29 00:00:00,CUST0752,liam wilson,Returning,Ceramic Coating,FB,Sarasota,North Port,350,385,0,385,30,cash ,,3
3949,2025-03-09 00:00:00,CUST0069,Emma  Wilson,Returning,Premium Wash,FB,Charlotte,Port Charlotte,70,75,5,80,115,Card,,5
3950,2025-12-21 00:00:00,CUST0078,LEWIS DAVIS,Returning,Ceramic Coating,Referral,Sarasota,North Port,350,387,15,402,110,Cash,NEWCUSTOMER,4
3951,2025-09-09 00:00:00,CUST1164,LIAM TAYLOR,New,Premium Wash,TIKTOK,Sarasota,Venice,70,82,20,102,173,Cash App,NEWCUSTOMER,3
3952,2025-02-17 00:00:00,CUST0990, Liam Brown,Returning,Premium Wash,FaceBook ,Charlotte,Punta Gorda,70,75,0,75,121,Cash,VIP ,3
3953,2025-07-03 00:00:00,CUST0755,Alex  Taylor,Returning,Interior Detail,referral,Charlotte,Punta Gorda,90,97,0,97,40,Venmo,NEWCUSTOMER,
3954,2025-11-16 00:00:00,CUST0232, John Taylor,Returning,Premium Wash,tiktok,Sarasota,Sarasota,70,77,10,87.0,126,cash ,VIP ,
3955,2025-07-06 00:00:00,CUST1189,Liam  Anderson,Returning,Full Detail,Facebook,Charlotte,Punta Gorda,150,167,20,187,166,Cash App,VIP ,
3956,2025-03-31 00:00:00,CUST0987,Lewis Garcia ,Returning,Premium Wash,FACEBOOK,Sarasota,North Port,70,68,15,83,88,Cash,,4
3957,2025-11-28 00:00:00,CUST0164,Lewis  Garcia,Returning,Basic Wash,Referral,Sarasota,Venice,40,44,5,49,32,Cash App,,3
3958,2025-05-19 00:00:00,CUST0291,Liam  Johnson,Returning,Basic Wash,referral,Charlotte,Port Charlotte,40,38,0,38,68,cash ,SUMMER10,
3959,2025-12-23 00:00:00,CUST1079,Liam Martinez,Returning,Premium Wash,Tik tok,Sarasota,North Port,70,77,10,87,45,cash ,,4
3960,2025-03-30 00:00:00,CUST0573,Liam Brown ,Returning,Interior Detail,Insta,Charlotte,Punta Gorda,90,90,20,110,56,Venmo,,5
3961,2025-10-01 00:00:00,CUST0953,Lewis  Anderson,Returning,Interior Detail,YOUTUBE ,Charlotte,Port Charlotte,90,101,0,101,151,Card,,
3962,2025-01-19 00:00:00,CUST1059,SOFIA MILLER,Returning,Premium Wash,referral,Charlotte,Port Charlotte,70,70,15,85,120,CARD,NEWCUSTOMER,3
3963,2025-11-07 00:00:00,CUST0161,Alex  Taylor,Returning,Interior Detail,Instagram ,Charlotte,Port Charlotte,90,99,15,114,173,Venmo,,
3964,2025-12-24 00:00:00,CUST1072,lewis davis,Returning,Basic Wash,Referred,Charlotte,Port Charlotte,40,42,5,47,53,cash ,SUMMER10,
3965,2025-06-03 00:00:00,CUST0182,LEWIS MARTINEZ,Returning,Interior Detail,Insta,Sarasota,Sarasota,90,90,10,100,76,Cash App,SUMMER10,5
3966,2025-09-17 00:00:00,CUST0503,Ava Taylor ,Returning,Premium Wash,TIKTOK,Sarasota,Venice,70,82,10,92,86,Cash,,5
3967,18-04-2025,CUST0968,Emma Taylor ,Returning,Ceramic Coating,Referral,Sarasota,North Port,350,350,5,355,99,Cash,,3
3968,2025-10-12 00:00:00,CUST0160, Emma Brown,Returning,Full Detail,Youtube,Sarasota,Sarasota,150,165,5,170,37,Card,,5
3969,2025-02-28 00:00:00,CUST1105,Sofia  Brown,Returning,Basic Wash,Youtube,Sarasota,Venice,40,42,5,47,140,cash ,,4
3970,2025-05-05 00:00:00,CUST1188, Ava Johnson,New,Interior Detail,Referred,Charlotte,Punta Gorda,90,95,0,95,71,Venmo,,4
3971,2025-12-20 00:00:00,CUST0640,Ava  Davis,Returning,Premium Wash,Tik tok,Charlotte,Punta Gorda,70,82,20,102,31,Card,,5
3972,2025-09-30 00:00:00,CUST0109,Mary  Brown,Returning,Full Detail,Tik tok,Sarasota,Venice,150,163,0,163,169,Venmo,NEWCUSTOMER,4
3973,2025-04-17 00:00:00,CUST0704,Olivia  Wilson,Returning,Full Detail,FB,Charlotte,Port Charlotte,150,148,5,153,125,CARD,NEWCUSTOMER,5
3974,2025-10-26 00:00:00,CUST1096,Mary Brown ,Returning,Basic Wash,Youtube,Charlotte,Port Charlotte,40,44,0,44,85,cash ,,3
3975,2025-09-02 00:00:00,CUST0023,OLIVIA BROWN,Returning,Premium Wash,tiktok,Charlotte,Punta Gorda,70,77,20,97,169,Card,SUMMER10,3
3976,2025-12-02 00:00:00,CUST0961,Noah Garcia ,Returning,Ceramic Coating,YouTube,Sarasota,Venice,350,390,0,390,124,Cash,,5
3977,2025-09-04 00:00:00,CUST0930,Lewis Martinez ,Returning,Full Detail,Instagram,Charlotte,Port Charlotte,150,170,0,170,85,Venmo,NEWCUSTOMER,3
3978,2025-01-08 00:00:00,CUST1050,Ava Garcia,Returning,Ceramic Coating,TikTok,Charlotte,Punta Gorda,350,348,15,363,66,Card,,5
3979,21-05-2025,CUST0961,LIAM GARCIA,Returning,Full Detail,YOUTUBE ,Sarasota,Venice,150,152,5,157,89,CARD,NEWCUSTOMER,3
3980,2025-12-28 00:00:00,CUST1176,Olivia  Davis,Returning,Basic Wash,FACEBOOK,Sarasota,Venice,40,49,15,64,55,CARD,SUMMER10,4
3981,2025-01-08 00:00:00,CUST0679,Noah Taylor ,Returning,Ceramic Coating,referral,Sarasota,North Port,350,$348.00,10,358,76,cash ,SUMMER10,5
3982,2025-12-18 00:00:00,CUST0863,Liam  Johnson,Returning,Full Detail,Instagram ,Sarasota,Sarasota,150,160,0,160,65,Cash,VIP ,4
3983,2025-04-04 00:00:00,CUST0723,Lewis Taylor,Returning,Interior Detail,facebook,Charlotte,Port Charlotte,90,90,0,90,48,Cash App,,5
3984,2025-11-17 00:00:00,CUST0604,Noah  Martinez,Returning,Ceramic Coating,Facebook,Charlotte,Punta Gorda,350,385,0,385,176,Cash,,
3985,2025-02-08 00:00:00,CUST0593,noah johnson,Returning,Premium Wash,youtube,Sarasota,Sarasota,70,65,0,65,169,CARD,NEWCUSTOMER,3
3986,2025-03-22 00:00:00,CUST0344,emma wilson,Returning,Premium Wash,Tik tok,Sarasota,North Port,70,65,0,65,163,cash ,,4
3987,2025-07-06 00:00:00,CUST0073,Sofia Davis,Returning,Interior Detail,youtube,Charlotte,Punta Gorda,90,99,20,119,31,cash ,,4
3988,2025-03-25 00:00:00,CUST0623,ava davis,Returning,Basic Wash,Youtube,Sarasota,Venice,40,40,0,40,150,Card,NEWCUSTOMER,
3989,2025-03-29 00:00:00,CUST1155,Sofia  Smith,Returning,Full Detail,Referral,Sarasota,Venice,150,148,10,158,65,cash ,SUMMER10,4
3990,2025-08-30 00:00:00,CUST0534, Noah Davis,Returning,Ceramic Coating,TikTok,Sarasota,Venice,350,390,10,400,106,Zelle,VIP ,
3991,2025-12-08 00:00:00,CUST0126,Alex  Smith,Returning,Ceramic Coating,Referral,Sarasota,Sarasota,350,385,10,395,151,CARD,SUMMER10,4
3992,2025-04-03 00:00:00,CUST0970,Olivia Johnson,Returning,Ceramic Coating,FB,Charlotte,Punta Gorda,350,345,20,365,104,CARD,VIP ,5
3993,2025-03-27 00:00:00,CUST1185,olivia martinez,Returning,Interior Detail,Word of Mouth,Sarasota,North Port,90,$85.00,20,105,147,Card,,3
3994,2025-02-13 00:00:00,CUST0347,NOAH ANDERSON,Returning,Basic Wash,TIKTOK,Charlotte,Port Charlotte,40,45,10,55,47,Card,SUMMER10,5
3995,2025-05-17 00:00:00,CUST1174,alex wilson,Returning,Interior Detail,Insta,Sarasota,North Port,90,92,5,97,141,Zelle,SUMMER10,4
3996,2025-03-15 00:00:00,CUST0106,Alex Davis ,Returning,Full Detail,Tik tok,Sarasota,Venice,150,$148.00,15,163,90,Cash,NEWCUSTOMER,5
3997,2025-02-05 00:00:00,CUST0598,John  Garcia,Returning,Basic Wash,Insta,Charlotte,Port Charlotte,40,42,5,47,61,Cash App,NEWCUSTOMER,4
3998,2025-04-11 00:00:00,CUST0056,john johnson,Returning,Premium Wash,Facebook,Charlotte,Punta Gorda,70,72,15,87.0,144,Venmo,,3
3999,2025-06-05 00:00:00,CUST0588,noah martinez,Returning,Full Detail,Tik tok,Sarasota,Sarasota,150,150,0,150,118,cash ,SUMMER10,3
4000,12-09-2025,CUST0993,Olivia Martinez,Returning,Interior Detail,Referral,Sarasota,Sarasota,90,97,0,97,169,CARD,,3
4001,2025-06-20 00:00:00,CUST0169, Liam Anderson,Returning,Full Detail,FaceBook ,Charlotte,Port Charlotte,150,145,0,145,119,Zelle,VIP ,5
4002,2025-08-04 00:00:00,CUST0260,LEWIS MARTINEZ,Returning,Full Detail,TIKTOK,Charlotte,Port Charlotte,150,160,0,160,108,cash ,VIP ,4
4003,2025-06-19 00:00:00,CUST1036,Liam Brown ,Returning,Full Detail,referral,Sarasota,North Port,150,150,5,155,159,cash ,,
4004,2025-09-09 00:00:00,CUST0158, Olivia Martinez,Returning,Ceramic Coating,TikTok,Sarasota,Venice,350,383,20,403,95,CARD,SUMMER10,4
4005,2025-12-26 00:00:00,CUST0570,Olivia Johnson ,Returning,Interior Detail,Youtube,Sarasota,Venice,90,94,0,94,148,CARD,,3
4006,2025-11-18 00:00:00,CUST0517,NOAH TAYLOR,Returning,Premium Wash,Referred,Sarasota,North Port,70,77,15,92,69,CARD,,5
4007,2025-02-24 00:00:00,CUST0272,Ava Anderson ,Returning,Interior Detail,referral,Charlotte,Punta Gorda,90,90,5,95,142,Cash App,VIP ,5
4008,2025-04-01 00:00:00,CUST0576,Ava Taylor ,Returning,Premium Wash,,Charlotte,Port Charlotte,70,70,5,75,76,Zelle,SUMMER10,
4009,2025-10-05 00:00:00,CUST0564,Mary Martinez,Returning,Interior Detail,Insta,Charlotte,Punta Gorda,90,101,5,106,132,Card,,5
4010,2025-04-11 00:00:00,CUST0527,Olivia  Wilson,New,Full Detail,TikTok,Sarasota,North Port,150,150,5,155,37,Venmo,,4
4011,2025-06-04 00:00:00,CUST0030,ava taylor,New,Basic Wash,YouTube,Sarasota,Sarasota,40,45,0,45,138,cash ,NEWCUSTOMER,
4012,2025-12-15 00:00:00,CUST0229,mary davis,New,Ceramic Coating,Tik tok,Sarasota,Sarasota,350,385,0,385,73,Cash App,,3
4013,2025-12-30 00:00:00,CUST0358,Olivia Smith,Returning,Premium Wash,Tik tok,Sarasota,Venice,70,72,-5,72,113,Zelle,,4
4014,2025-05-21,CUST0310,Mary Anderson ,Returning,Interior Detail,Referred,Sarasota,Sarasota,90,95,0,95,123,Zelle,NEWCUSTOMER,
4015,2025-06-22 00:00:00,CUST0915,alex miller,Returning,Interior Detail,,Charlotte,Punta Gorda,90,88,5,93,80,Cash App,,3
4016,2025-01-10 00:00:00,CUST0758,mary miller,New,Premium Wash,FACEBOOK,Sarasota,Sarasota,70,75,0,75.0,34,Card,SUMMER10,4
4017,2025-08-16 00:00:00,CUST0360,Liam Johnson,Returning,Interior Detail,Referred,Charlotte,Port Charlotte,90,99,0,99,88,Venmo,,3
4018,2025-09-22 00:00:00,CUST0536,Sofia  Garcia,Returning,Full Detail,Instagram ,Sarasota,North Port,150,167,5,172,108,Cash App,,5
4019,2025-09-05 00:00:00,CUST0484,noah johnson,Returning,Ceramic Coating,,Charlotte,Punta Gorda,350,390,0,390.0,41,cash ,,5
4020,2025-09-04 00:00:00,CUST0994,OLIVIA ANDERSON,Returning,Basic Wash,Referred,Sarasota,Venice,40,39,0,39,131,Venmo,,
4021,2025-06-04 00:00:00,CUST0371,alex wilson,Returning,Premium Wash,TikTok,Charlotte,Punta Gorda,70,70,10,80,62,Card,,5
4022,2025-02-03,CUST1081,Olivia Martinez,Returning,Ceramic Coating,FACEBOOK,Sarasota,Sarasota,350,350,0,350,33,Venmo,,3
4023,2025-05-09 00:00:00,CUST0068,EMMA DAVIS,Returning,Interior Detail,YOUTUBE ,Charlotte,Port Charlotte,90,90,15,105,149,Cash App,,3
4024,2025-06-09 00:00:00,CUST0703,Lewis  Brown,Returning,Premium Wash,Instagram,Charlotte,Punta Gorda,70,68,15,83,67,Card,,4
4025,2025-03-30 00:00:00,CUST0173,ALEX TAYLOR,Returning,Basic Wash,YouTube,Sarasota,Sarasota,40,45,5,50,42,cash ,,
4026,2025-04-03 00:00:00,CUST0298,Alex Smith,Returning,Basic Wash,Youtube,Charlotte,Port Charlotte,40,38,-5,48,36,Venmo,VIP ,4
4027,2025-11-23,CUST0316,lewis garcia,Returning,Basic Wash,TIKTOK,Sarasota,North Port,40,44,15,59,91,cash ,,4
4028,2025-08-29 00:00:00,CUST1016, Olivia Miller,Returning,Full Detail,Tik tok,Sarasota,Venice,150,163,5,168,77,cash ,SUMMER10,5
4029,2025-11-19 00:00:00,CUST0846,LEWIS JOHNSON,Returning,Premium Wash,YouTube,Charlotte,Port Charlotte,70,$77.00,10,87,122,Card,,3
4030,2025-04-27 00:00:00,CUST0785, Mary Anderson,Returning,Premium Wash,Referred,Sarasota,Venice,70,75,20,95,81,CARD,,4
4031,2025-04-04 00:00:00,CUST0488,ALEX ANDERSON,Returning,Full Detail,tiktok,Sarasota,Sarasota,150,$155.00,15,170,86,Card,,5
4032,2025-06-12 00:00:00,CUST0902,Lewis Anderson ,Returning,Basic Wash,social,Sarasota,Sarasota,40,40,15,55,120,Venmo,,4
4033,2025-04-09 00:00:00,CUST0343,John  Brown,Returning,Premium Wash,youtube,Charlotte,Punta Gorda,70,68,15,83.0,122,Venmo,,4
4034,2025-04-23 00:00:00,CUST0432,Noah Brown ,Returning,Premium Wash,YOUTUBE ,Sarasota,North Port,70,68,20,88,99,CARD,,4
4035,2025-12-25 00:00:00,CUST1184,Liam Garcia ,Returning,Basic Wash,Referred,Charlotte,Port Charlotte,40,$44.00,10,54,63,Zelle,VIP ,4
4036,2025-04-01 00:00:00,CUST0707,NOAH ANDERSON,Returning,Premium Wash,social,Sarasota,North Port,70,$70.00,10,80,87,CARD,SUMMER10,5
4037,2025-12-12 00:00:00,CUST0112,John  Smith,Returning,Basic Wash,Instagram ,Charlotte,Port Charlotte,40,42,10,52,159,cash ,,
4038,2025-07-25 00:00:00,CUST0542,Liam Smith,Returning,Ceramic Coating,facebook,Sarasota,Venice,350,385,15,400,174,Venmo,NEWCUSTOMER,
4039,2025-01-17 00:00:00,CUST0238, Alex Brown,Returning,Interior Detail,youtube,Charlotte,Punta Gorda,90,85,0,85,47,cash ,,4
4040,2025-10-01 00:00:00,CUST0108, Noah Wilson,Returning,Premium Wash,Referred,Charlotte,Punta Gorda,70,82,15,97,49,Venmo,,4
4041,2025-06-22 00:00:00,CUST0344,OLIVIA ANDERSON,Returning,Ceramic Coating,tiktok,Sarasota,North Port,350,350,10,360,87,CARD,NEWCUSTOMER,3
4042,2025-04-26 00:00:00,CUST0951,Olivia Smith ,Returning,Interior Detail,Youtube,Charlotte,Port Charlotte,90,95,0,95,162,Card,,3
4043,2025-12-15 00:00:00,CUST0817,NOAH JOHNSON,Returning,Premium Wash,FACEBOOK,Sarasota,Venice,70,77,0,77.0,162,Cash App,VIP ,5
4044,2025-06-30 00:00:00,CUST0976,Ava  Martinez,Returning,Ceramic Coating,FACEBOOK,Sarasota,North Port,350,348,10,358,37,Zelle,SUMMER10,4
4045,2025-04-01 00:00:00,CUST0618,mary garcia,Returning,Premium Wash,TikTok,Sarasota,North Port,70,68,5,73,48,Cash,,
4046,2025-03-23 00:00:00,CUST0976,Emma Smith,Returning,Premium Wash,facebook,Sarasota,North Port,70,70,15,85,85,Zelle,VIP ,5
4047,2025-11-20 00:00:00,CUST1091,alex anderson,Returning,Basic Wash,facebook,Charlotte,Port Charlotte,40,44,15,59,107,CARD,NEWCUSTOMER,
4048,2025-04-24 00:00:00,CUST0479,OLIVIA DAVIS,Returning,Full Detail,Referral,Sarasota,Venice,150,150,5,155,49,Card,,3
4049,2025-09-14 00:00:00,CUST0778,Olivia  Taylor,Returning,Premium Wash,referral,Charlotte,Punta Gorda,70,75,0,75,102,Venmo,,4
4050,2025-02-27 00:00:00,CUST0799,Olivia Johnson ,Returning,Basic Wash,Instagram ,Charlotte,Punta Gorda,40,42,0,42,36,Card,,5
4051,2025-06-03 00:00:00,CUST0972,Ava Taylor ,Returning,Basic Wash,Youtube,Charlotte,Port Charlotte,40,40,0,40,73,Cash,SUMMER10,5
4052,2025-12-31 00:00:00,CUST0538,Noah  Garcia,Returning,Full Detail,youtube,Sarasota,North Port,150,163,-5,178,138,cash ,VIP ,3
4053,2025-04-26 00:00:00,CUST0298, Olivia Garcia,Returning,Ceramic Coating,Youtube,Charlotte,Port Charlotte,350,$350.00,10,360,88,Card,NEWCUSTOMER,
4054,2025-12-09 00:00:00,CUST1087,mary miller,Returning,Full Detail,instagram,Sarasota,Venice,150,163,5,168,119,Cash,,5
4055,2025-09-23,CUST0891, Ava Wilson,Returning,Ceramic Coating,instagram,Sarasota,North Port,350,390,0,390,175,Cash App,,4
4056,2025-11-11 00:00:00,CUST0025,JOHN DAVIS,Returning,Basic Wash,Insta,Charlotte,Punta Gorda,40,42,10,52,148,CARD,,4
4057,2025-07-22 00:00:00,CUST0592,Noah Smith,Returning,Basic Wash,Referred,Charlotte,Port Charlotte,40,44,20,64,179,CARD,,5
4058,2025-02-10 00:00:00,CUST0920,lewis johnson,Returning,Basic Wash,youtube,Sarasota,North Port,40,40,5,45,108,Venmo,NEWCUSTOMER,4
4059,2025-04-15 00:00:00,CUST0783,Liam Smith ,Returning,Full Detail,FACEBOOK,Sarasota,North Port,150,148,0,148,147,Venmo,,5
4060,07/12/2025,CUST0647,Emma  Taylor,Returning,Basic Wash,Instagram,Charlotte,Punta Gorda,40,44,0,44.0,85,Cash App,,5
4061,2025-10-05 00:00:00,CUST1086,Liam Brown,Returning,Ceramic Coating,Instagram ,Charlotte,Punta Gorda,350,$380.00,0,380,153,Cash,NEWCUSTOMER,5
4062,2025-12-20 00:00:00,CUST0085,Ava Garcia ,Returning,Ceramic Coating,Instagram ,Charlotte,Punta Gorda,350,385,15,400,35,Zelle,,3
4063,2025-08-25 00:00:00,CUST0200,Sofia  Anderson,Returning,Basic Wash,Tik tok,Charlotte,Punta Gorda,40,39,0,39,139,Card,,5
4064,2025-08-09 00:00:00,CUST1089,Alex Martinez,Returning,Premium Wash,YOUTUBE ,Charlotte,Port Charlotte,70,77,5,82,39,Cash App,,3
4065,2025-03-09 00:00:00,CUST0725,Liam Anderson ,Returning,Full Detail,Instagram ,Sarasota,Venice,150,150,20,170,154,Cash,,4
4065,2025-03-09 00:00:00,CUST0725,Liam Anderson ,Returning,Full Detail,Instagram ,Sarasota,Venice,150,150,20,170,154,Cash,,4
4066,2025-07-16 00:00:00,CUST0885,Ava Martinez ,Returning,Full Detail,Referral,Charlotte,Punta Gorda,150,170,0,170,138,Zelle,NEWCUSTOMER,5
4067,2025-09-13 00:00:00,CUST0559,Mary  Taylor,Returning,Full Detail,FaceBook ,Charlotte,Port Charlotte,150,170,10,180.0,34,Venmo,VIP ,
4068,05/19/2025,CUST0687,Emma Miller,Returning,Premium Wash,tiktok,Sarasota,Venice,70,72,0,72,168,CARD,,5
4069,2025-11-08 00:00:00,CUST0554,Lewis  Johnson,Returning,Premium Wash,Referred,Sarasota,North Port,70,77,10,87,114,cash ,NEWCUSTOMER,5
4070,2025-05-29 00:00:00,CUST0547,Liam  Johnson,Returning,Premium Wash,FACEBOOK,Sarasota,Venice,70,70,20,90,152,cash ,NEWCUSTOMER,3
4071,2025-04-09 00:00:00,CUST0202, Alex Martinez,Returning,Premium Wash,,Sarasota,Venice,70,75,0,75,139,Zelle,,4
4072,2025-03-17 00:00:00,CUST0523,liam garcia,Returning,Ceramic Coating,tiktok,Sarasota,North Port,350,352,0,352,160,Cash App,,
4073,2025-10-09 00:00:00,CUST1197, Alex Brown,Returning,Interior Detail,TIKTOK,Sarasota,Venice,90,101,20,121,120,cash ,NEWCUSTOMER,5
4074,19-04-2025,CUST0802,liam martinez,Returning,Basic Wash,Facebook,Sarasota,North Port,40,40,15,55,69,Cash,VIP ,4
4075,2025-07-07 00:00:00,CUST0945,lewis anderson,Returning,Basic Wash,YOUTUBE ,Sarasota,North Port,40,49,5,54.0,107,Card,,5
4076,2025-07-18 00:00:00,CUST0496,Lewis  Brown,Returning,Full Detail,Referred,Charlotte,Punta Gorda,150,163,15,178,86,cash ,,4
4077,2025-10-30 00:00:00,CUST0400, Ava Martinez,Returning,Interior Detail,social,Sarasota,Sarasota,90,104,5,109,90,Venmo,,5
4078,2025-11-23 00:00:00,CUST1065,Olivia Miller ,Returning,Ceramic Coating,Word of Mouth,Charlotte,Punta Gorda,350,387,15,402,158,Card,,5
4079,2025-06-03 00:00:00,CUST0692, Olivia Anderson,Returning,Basic Wash,TikTok,Charlotte,Punta Gorda,40,42,5,47,107,Venmo,,3
4080,2025-02-09 00:00:00,CUST0369,Alex Martinez ,Returning,Interior Detail,FACEBOOK,Sarasota,Sarasota,90,$90.00,10,100,162,Card,,3
4081,2025-05-13 00:00:00,CUST0642,Sofia Garcia,Returning,Interior Detail,tiktok,Charlotte,Port Charlotte,90,85,20,105,123,Venmo,,5
4082,2025-05-12 00:00:00,CUST1122, Mary Taylor,Returning,Basic Wash,Instagram ,Charlotte,Punta Gorda,40,42,0,42.0,88,cash ,,4
4083,2025-10-06 00:00:00,CUST0022,ava miller,Returning,Full Detail,youtube,Sarasota,Sarasota,150,$165.00,15,180,96,Venmo,,5
4084,2025-12-28 00:00:00,CUST0018,Ava  Anderson,Returning,Basic Wash,YouTube,Sarasota,Sarasota,40,46,10,56,50,cash ,NEWCUSTOMER,4
4085,2025-03-25 00:00:00,CUST0140,Emma Taylor,Returning,Interior Detail,instagram,Sarasota,North Port,90,85,10,95,49,cash ,VIP ,4
4086,08/30/2025,CUST0025,Olivia Smith ,Returning,Full Detail,instagram,Charlotte,Punta Gorda,150,$160.00,20,180,108,Cash App,VIP ,4
4087,2025-04-26 00:00:00,CUST0843, Emma Taylor,Returning,Basic Wash,instagram,Charlotte,Punta Gorda,40,45,-5,45,54,Venmo,,
4088,2025-04-19 00:00:00,CUST0201, Mary Davis,Returning,Interior Detail,FACEBOOK,Sarasota,Venice,90,$95.00,5,100,95,cash ,,4
4089,2025-08-09 00:00:00,CUST1076,olivia garcia,Returning,Basic Wash,instagram,Charlotte,Port Charlotte,40,44,0,44,41,Zelle,,
4090,2025-02-10 00:00:00,CUST0213,John  Taylor,Returning,Interior Detail,FB,Charlotte,Port Charlotte,90,92,10,102,36,CARD,,5
4091,2025-05-27 00:00:00,CUST0914,sofia smith,Returning,Ceramic Coating,TikTok,Charlotte,Port Charlotte,350,348,20,368,78,Cash,SUMMER10,
4092,2025-04-22 00:00:00,CUST0720,OLIVIA ANDERSON,Returning,Ceramic Coating,Youtube,Charlotte,Punta Gorda,350,345,5,350,82,Venmo,SUMMER10,3
4093,2025-04-13 00:00:00,CUST0450,Noah Brown,Returning,Ceramic Coating,Youtube,Charlotte,Punta Gorda,350,$348.00,0,348,58,Venmo,,3
4094,2025-02-15 00:00:00,CUST0581,ALEX DAVIS,Returning,Ceramic Coating,FB,Sarasota,North Port,350,350,15,365,74,Cash App,NEWCUSTOMER,4
4095,2025-11-20 00:00:00,CUST0516,Noah Taylor,Returning,Premium Wash,facebook,Charlotte,Punta Gorda,70,77,0,77,95,Zelle,,5
4095,2025-11-20 00:00:00,CUST0516,Noah Taylor,Returning,Premium Wash,facebook,Charlotte,Punta Gorda,70,77,0,77,95,Zelle,,5
4096,2025-09-28 00:00:00,CUST0396, Lewis Wilson,Returning,Interior Detail,Referred,Sarasota,Venice,90,101,10,111,42,Cash App,,4
4097,2025-07-14,CUST0070, Lewis Taylor,Returning,Ceramic Coating,Instagram,Sarasota,North Port,350,385,0,385,44,Zelle,,4
4098,2025-10-07 00:00:00,CUST0049, Sofia Martinez,Returning,Full Detail,Tik tok,Sarasota,Venice,150,165,0,165,77,Venmo,,4
4099,2025-10-10 00:00:00,CUST0189,MARY MARTINEZ,Returning,Interior Detail,Insta,Sarasota,Sarasota,90,99,15,114,165,Zelle,,3
4100,2025-02-09,CUST0117,lewis brown,Returning,Premium Wash,youtube,Sarasota,Sarasota,70,70,0,70,158,Cash,,4
4101,2025-07-08 00:00:00,CUST0445,AVA JOHNSON,Returning,Premium Wash,tiktok,Sarasota,North Port,70,75,0,75,75,Card,VIP ,5
4102,13-06-2025,CUST0250,Lewis Davis ,Returning,Basic Wash,referral,Charlotte,Port Charlotte,40,40,20,60,48,Cash,NEWCUSTOMER,3
4103,2025-01-24 00:00:00,CUST0246,John  Martinez,Returning,Premium Wash,TikTok,Charlotte,Punta Gorda,70,$72.00,10,82,79,cash ,,
4104,2025-01-24 00:00:00,CUST0177, Noah Martinez,Returning,Full Detail,YOUTUBE ,Sarasota,North Port,150,$155.00,0,155,74,Card,SUMMER10,3
4105,2025-01-04 00:00:00,CUST0267,Noah  Miller,Returning,Ceramic Coating,referral,Charlotte,Port Charlotte,350,350,5,355,178,CARD,,5
4106,2025-11-19,CUST0770,liam johnson,Returning,Premium Wash,Youtube,Sarasota,North Port,70,75,0,75,178,Zelle,VIP ,
4107,2025-10-17 00:00:00,CUST1160,Emma Davis ,Returning,Full Detail,instagram,Sarasota,Venice,150,165,10,175,59,Zelle,,3
4108,2025-06-30 00:00:00,CUST0379,EMMA WILSON,Returning,Interior Detail,Referred,Charlotte,Punta Gorda,90,90,5,95,57,Card,SUMMER10,4
4109,2025-09-05 00:00:00,CUST0228,Alex  Taylor,Returning,Ceramic Coating,Youtube,Sarasota,Sarasota,350,380,0,380,159,CARD,,5
4110,2025-04-26 00:00:00,CUST0378,Mary Miller,Returning,Basic Wash,YOUTUBE ,Charlotte,Port Charlotte,40,45,20,65,107,Cash,,3
4111,2025-10-06 00:00:00,CUST0519,ava smith,Returning,Interior Detail,Insta,Charlotte,Punta Gorda,90,97,20,117,47,Zelle,,5
4112,2025-12-31 00:00:00,CUST0604,Ava Martinez,Returning,Premium Wash,FACEBOOK,Charlotte,Punta Gorda,70,77,20,97,38,Cash,,5
4113,2025-03-10 00:00:00,CUST0957,Alex  Martinez,Returning,Full Detail,Tik tok,Sarasota,Sarasota,150,145,15,160,119,Cash,,4
4114,12/17/2025,CUST0156,Alex Taylor ,Returning,Ceramic Coating,facebook,Sarasota,North Port,350,383,20,403.0,52,CARD,SUMMER10,5
4115,2025-09-11 00:00:00,CUST0929,Alex  Wilson,Returning,Ceramic Coating,youtube,Sarasota,Sarasota,350,385,0,385,108,CARD,NEWCUSTOMER,4
4116,2025-06-30 00:00:00,CUST0567,Liam  Garcia,Returning,Ceramic Coating,FACEBOOK,Charlotte,Punta Gorda,350,350,5,355,140,Venmo,SUMMER10,5
4117,2025-11-14 00:00:00,CUST0875,Lewis  Brown,Returning,Ceramic Coating,Instagram ,Charlotte,Punta Gorda,350,$383.00,20,403,145,Zelle,,
4118,2025-06-18 00:00:00,CUST0663, Lewis Wilson,Returning,Basic Wash,Instagram,Sarasota,Sarasota,40,40,5,45,38,Cash App,VIP ,5
4119,2025-11-09 00:00:00,CUST0528,Olivia  Smith,Returning,Premium Wash,TikTok,Charlotte,Punta Gorda,70,72,0,72,157,Cash,SUMMER10,3
4120,2025-09-06 00:00:00,CUST0332,Olivia Davis ,Returning,Full Detail,Word of Mouth,Charlotte,Punta Gorda,150,$160.00,10,170,178,Venmo,VIP ,
4121,2025-07-07 00:00:00,CUST0152,John  Garcia,Returning,Interior Detail,Referred,Sarasota,Sarasota,90,99,5,104,64,Zelle,VIP ,4
4122,2025-02-23 00:00:00,CUST0568,Olivia Davis ,Returning,Basic Wash,youtube,Sarasota,Venice,40,38,5,43,136,cash ,,5
4123,2025-11-22 00:00:00,CUST0128, Liam Johnson,Returning,Premium Wash,FACEBOOK,Charlotte,Port Charlotte,70,72,0,72,50,cash ,NEWCUSTOMER,4
4124,2025-12-23 00:00:00,CUST0784,Noah  Anderson,Returning,Full Detail,Word of Mouth,Charlotte,Port Charlotte,150,160,5,165,30,Zelle,,4
4125,2025-11-09 00:00:00,CUST0796,Mary Miller ,Returning,Basic Wash,YOUTUBE ,Charlotte,Punta Gorda,40,39,0,39,114,Card,SUMMER10,4
4126,2025-05-18 00:00:00,CUST0682,LIAM WILSON,Returning,Basic Wash,Insta,Sarasota,North Port,40,45,5,50,170,Card,SUMMER10,
4127,2025-06-17 00:00:00,CUST0124,Sofia Brown,Returning,Full Detail,TIKTOK,Charlotte,Punta Gorda,150,150,20,170,146,Cash,SUMMER10,5
4128,2025-04-13 00:00:00,CUST0529,Sofia  Miller,Returning,Interior Detail,Instagram ,Charlotte,Punta Gorda,90,92,0,92,32,Venmo,,
4129,2025-03-26 00:00:00,CUST0543,Lewis Taylor,Returning,Ceramic Coating,FACEBOOK,Sarasota,Sarasota,350,350,0,350,130,cash ,VIP ,4
4130,2025-11-13 00:00:00,CUST0365,john garcia,Returning,Interior Detail,YouTube,Sarasota,North Port,90,99,0,99,112,CARD,,
4131,2025-07-31 00:00:00,CUST0903, Emma Miller,Returning,Full Detail,youtube,Sarasota,North Port,150,160,10,170.0,144,Venmo,,3
4132,2025-01-03 00:00:00,CUST0143,Ava Brown ,Returning,Ceramic Coating,Word of Mouth,Charlotte,Punta Gorda,350,350,15,365,69,cash ,VIP ,5
4133,2025-06-28 00:00:00,CUST1008,Sofia Davis,Returning,Ceramic Coating,YouTube,Charlotte,Port Charlotte,350,350,0,350,168,Zelle,NEWCUSTOMER,4
4134,2025-12-08 00:00:00,CUST0411, Liam Smith,Returning,Basic Wash,referral,Sarasota,North Port,40,49,0,49,53,Card,VIP ,
4135,2025-10-30 00:00:00,CUST0805,noah miller,Returning,Premium Wash,YouTube,Charlotte,Port Charlotte,70,72,15,87,123,Card,NEWCUSTOMER,4
4136,2025-11-28 00:00:00,CUST0366,Ava  Smith,Returning,Basic Wash,YouTube,Charlotte,Punta Gorda,40,44,0,44,149,Venmo,,4
4137,2025-02-07 00:00:00,CUST1008,Noah Garcia ,Returning,Interior Detail,YOUTUBE ,Charlotte,Port Charlotte,90,85,20,105,96,Card,NEWCUSTOMER,5
4138,2025-08-27 00:00:00,CUST0223,Liam Garcia,Returning,Full Detail,TIKTOK,Sarasota,North Port,150,$165.00,0,165,61,CARD,SUMMER10,4
4139,2025-06-18 00:00:00,CUST0295,Ava  Wilson,Returning,Full Detail,Insta,Charlotte,Punta Gorda,150,145,20,165,33,CARD,,4
4140,2025-12-09 00:00:00,CUST1108, Lewis Anderson,Returning,Interior Detail,Youtube,Charlotte,Port Charlotte,90,99,0,99,177,cash ,NEWCUSTOMER,5
4141,2025-11-10 00:00:00,CUST0884,Olivia  Martinez,Returning,Full Detail,Referred,Charlotte,Punta Gorda,150,165,0,165,81,Zelle,,
4142,2025-11-02 00:00:00,CUST0448,olivia smith,Returning,Premium Wash,Instagram,Charlotte,Punta Gorda,70,79,5,84,91,cash ,,5
4143,2025-01-30 00:00:00,CUST0218, Noah Anderson,Returning,Ceramic Coating,YOUTUBE ,Sarasota,Sarasota,350,345,15,360,78,Card,,4
4144,2025-07-09 00:00:00,CUST0905,MARY BROWN,Returning,Basic Wash,Referral,Charlotte,Port Charlotte,40,44,0,44,68,cash ,,4
4145,2025-12-23 00:00:00,CUST0531,JOHN ANDERSON,Returning,Ceramic Coating,Youtube,Sarasota,Venice,350,387,20,407.0,57,CARD,,3
4146,2025-01-25 00:00:00,CUST0212,lewis taylor,Returning,Basic Wash,FaceBook ,Sarasota,Sarasota,40,35,15,50,154,CARD,,3
4147,2025-04-22 00:00:00,CUST0072, Emma Wilson,Returning,Basic Wash,Referral,Sarasota,Sarasota,40,38,-5,53,106,cash ,VIP ,4
4148,2025-07-25 00:00:00,CUST0150,emma garcia,Returning,Ceramic Coating,FACEBOOK,Charlotte,Punta Gorda,350,380,15,395,111,Cash,,
4149,2025-07-04 00:00:00,CUST0145,MARY TAYLOR,Returning,Full Detail,referral,Sarasota,Sarasota,150,167,5,172,55,Zelle,SUMMER10,5
4150,2025-02-16 00:00:00,CUST1171,John Martinez ,Returning,Basic Wash,tiktok,Sarasota,North Port,40,40,0,40,50,Card,,5
4151,2025-08-16 00:00:00,CUST0514,Ava  Davis,Returning,Full Detail,Tik tok,Sarasota,Venice,150,160,0,160,137,Cash App,NEWCUSTOMER,3
4152,2025-02-08 00:00:00,CUST0914,Emma Davis,Returning,Premium Wash,TIKTOK,Charlotte,Port Charlotte,70,70,20,90,69,Card,,5
4153,2025-01-16 00:00:00,CUST0039,MARY ANDERSON,Returning,Ceramic Coating,FaceBook ,Charlotte,Port Charlotte,350,350,0,350,175,CARD,VIP ,4
4154,2025-01-22 00:00:00,CUST1020,Liam Garcia,Returning,Ceramic Coating,Tik tok,Sarasota,Sarasota,350,355,15,370,34,cash ,NEWCUSTOMER,4
4155,2025-08-01 00:00:00,CUST0305,Olivia Brown,Returning,Ceramic Coating,Youtube,Charlotte,Port Charlotte,350,385,20,405,180,Card,,4
4156,2025-11-06 00:00:00,CUST0002,ava miller,Returning,Full Detail,youtube,Sarasota,Venice,150,167,0,167,52,Cash,,3
4157,2025-05-29 00:00:00,CUST0078,MARY SMITH,Returning,Interior Detail,referral,Sarasota,North Port,90,92,10,102,80,Cash,SUMMER10,
4158,2025-08-29 00:00:00,CUST0800,Lewis  Smith,New,Premium Wash,TikTok,Sarasota,North Port,70,82,0,82,31,CARD,,4
4159,2025-09-29 00:00:00,CUST0546,Liam Taylor,Returning,Full Detail,TikTok,Charlotte,Punta Gorda,150,167,-5,172,39,Cash,,5
4160,2025-02-28 00:00:00,CUST0311,Mary Davis ,Returning,Interior Detail,,Charlotte,Port Charlotte,90,85,5,90,165,Cash App,,5
4161,2025-10-14 00:00:00,CUST0676,sofia garcia,Returning,Full Detail,youtube,Sarasota,Venice,150,167,0,167,52,Cash,,
4162,2025-07-21 00:00:00,CUST0802,ava davis,Returning,Premium Wash,FB,Sarasota,North Port,70,75,5,80,83,CARD,VIP ,
4163,2025-02-01 00:00:00,CUST1177,Alex  Wilson,Returning,Premium Wash,FB,Charlotte,Port Charlotte,70,$72.00,10,82,54,cash ,VIP ,4
4164,2025-06-11 00:00:00,CUST0008,Lewis Smith ,Returning,Basic Wash,FB,Sarasota,Venice,40,35,20,55,72,Cash App,,4
4165,2025-09-12 00:00:00,CUST1056,emma miller,Returning,Full Detail,YouTube,Charlotte,Punta Gorda,150,163,20,183,153,Zelle,,4
4166,2025-09-11 00:00:00,CUST1005,ava smith,Returning,Basic Wash,referral,Sarasota,North Port,40,$39.00,20,59.0,48,Zelle,,4
4167,01/09/2025,CUST0980,Noah Miller,Returning,Full Detail,referral,Charlotte,Punta Gorda,150,150,5,155,106,Zelle,VIP ,4
4167,01/09/2025,CUST0980,Noah Miller,Returning,Full Detail,referral,Charlotte,Punta Gorda,150,150,5,155,106,Zelle,VIP ,4
4168,2025-05-19 00:00:00,CUST0894,Mary Martinez ,Returning,Full Detail,FaceBook ,Sarasota,Sarasota,150,150,10,160,109,Cash,SUMMER10,4
4169,2025-01-10 00:00:00,CUST0828,LEWIS MARTINEZ,Returning,Ceramic Coating,youtube,Sarasota,Venice,350,355,15,370,62,Venmo,,4
4170,2025-08-02 00:00:00,CUST0144,John Smith,New,Full Detail,FACEBOOK,Sarasota,Sarasota,150,167,5,172,100,Cash,,5
4171,2025-09-30 00:00:00,CUST1107,Alex Brown,Returning,Interior Detail,FaceBook ,Charlotte,Port Charlotte,90,101,5,106,126,Venmo,SUMMER10,4
4172,2025-11-20 00:00:00,CUST0463,ava davis,Returning,Ceramic Coating,YOUTUBE ,Sarasota,Sarasota,350,383,15,398,105,Venmo,,4
4173,2025-02-17 00:00:00,CUST0007,LIAM JOHNSON,Returning,Basic Wash,Instagram ,Sarasota,Sarasota,40,40,15,55.0,147,cash ,,4
4174,2025-04-21 00:00:00,CUST0788,AVA ANDERSON,Returning,Interior Detail,Insta,Charlotte,Punta Gorda,90,90,10,100.0,90,Zelle,,
4175,2025-06-02 00:00:00,CUST0988, Mary Wilson,Returning,Full Detail,Referral,Sarasota,North Port,150,152,10,162,177,Cash App,,
4176,2025-05-03 00:00:00,CUST0249,Alex  Miller,Returning,Full Detail,tiktok,Sarasota,Venice,150,148,0,148,70,Card,SUMMER10,5
4177,2025-12-23 00:00:00,CUST1162,alex garcia,Returning,Premium Wash,Youtube,Sarasota,Venice,70,72,20,92,177,Card,,5
4178,2025-04-12 00:00:00,CUST1097,Liam Martinez ,Returning,Full Detail,Referred,Charlotte,Port Charlotte,150,155,0,155,153,Card,,4
4179,2025-08-29 00:00:00,CUST0736,Sofia  Taylor,Returning,Basic Wash,Instagram ,Charlotte,Port Charlotte,40,44,10,54,130,Cash App,,5
4180,2025-11-17 00:00:00,CUST0683,olivia garcia,Returning,Premium Wash,Referral,Sarasota,North Port,70,72,15,87,141,CARD,,4
4181,2025-07-10 00:00:00,CUST0621,LIAM DAVIS,Returning,Basic Wash,facebook,Charlotte,Punta Gorda,40,44,0,44,45,CARD,NEWCUSTOMER,5
4182,2025-08-05 00:00:00,CUST0821,Lewis  Smith,Returning,Basic Wash,Instagram ,Sarasota,North Port,40,46,15,61,36,Venmo,,4
4183,2025-02-20 00:00:00,CUST0114,Emma Davis,Returning,Ceramic Coating,TIKTOK,Charlotte,Port Charlotte,350,350,0,350,76,Cash,VIP ,
4184,2025-10-19 00:00:00,CUST0186,Olivia Johnson,Returning,Premium Wash,YOUTUBE ,Sarasota,Venice,70,79,10,89,136,cash ,VIP ,5
4185,2025-03-22 00:00:00,CUST0749,lewis miller,Returning,Premium Wash,TIKTOK,Charlotte,Punta Gorda,70,75,0,75,70,Cash App,SUMMER10,4
4186,2025-03-29 00:00:00,CUST1095,mary davis,Returning,Full Detail,FaceBook ,Charlotte,Punta Gorda,150,155,0,155,109,Zelle,,5
4187,2025-07-13 00:00:00,CUST0697,Ava  Davis,Returning,Premium Wash,YOUTUBE ,Sarasota,North Port,70,77,5,82,167,Cash App,VIP ,5
4188,2025-04-14 00:00:00,CUST0165,John Wilson,Returning,Basic Wash,Referral,Sarasota,North Port,40,40,5,45,54,Cash App,,
4189,2025-09-28 00:00:00,CUST0942,john taylor,Returning,Basic Wash,Insta,Charlotte,Punta Gorda,40,44,-5,64,81,Zelle,,5
4190,2025-04-06 00:00:00,CUST0594,Lewis Anderson ,Returning,Ceramic Coating,FACEBOOK,Charlotte,Port Charlotte,350,345,20,365,43,Cash,VIP ,4
4191,2025-07-17 00:00:00,CUST0416,Liam Taylor ,Returning,Full Detail,,Charlotte,Punta Gorda,150,170,15,185,98,Card,NEWCUSTOMER,5
4192,2025-01-01 00:00:00,CUST0362,noah garcia,Returning,Basic Wash,TIKTOK,Sarasota,North Port,40,35,5,40,111,Cash App,,4
4193,2025-06-16 00:00:00,CUST1136,Noah Taylor,Returning,Interior Detail,referral,Sarasota,Venice,90,90,0,90,51,cash ,VIP ,4
4194,2025-05-06 00:00:00,CUST0081,Alex Taylor ,Returning,Ceramic Coating,YouTube,Sarasota,Venice,350,350,0,350,139,Card,,5
4195,2025-11-09 00:00:00,CUST0787,Ava Wilson,Returning,Interior Detail,instagram,Sarasota,North Port,90,94,10,104,152,Card,SUMMER10,5
4196,2025-03-22 00:00:00,CUST0392,Lewis  Wilson,New,Basic Wash,instagram,Sarasota,Venice,40,45,10,55,169,Zelle,SUMMER10,4
4197,2025-09-08 00:00:00,CUST0613,emma garcia,Returning,Ceramic Coating,FaceBook ,Charlotte,Port Charlotte,350,385,5,390,60,Cash,NEWCUSTOMER,5
4198,2025-06-18 00:00:00,CUST0799,ava miller,Returning,Basic Wash,instagram,Charlotte,Punta Gorda,40,40,20,60,65,Venmo,,4
4198,2025-06-18 00:00:00,CUST0799,ava miller,Returning,Basic Wash,instagram,Charlotte,Punta Gorda,40,40,20,60,65,Venmo,,4
4199,2025-03-14 00:00:00,CUST0219,Lewis Johnson ,Returning,Interior Detail,Instagram ,Sarasota,North Port,90,92,15,107,80,Card,,5
4200,2025-05-21 00:00:00,CUST0736,Alex Wilson ,Returning,Ceramic Coating,instagram,Charlotte,Port Charlotte,350,345,0,345,80,Venmo,,5
4201,2025-03-11 00:00:00,CUST0997,LIAM MARTINEZ,Returning,Ceramic Coating,Referred,Charlotte,Punta Gorda,350,345,5,350,129,Cash App,,5
4202,09/19/2025,CUST0174,John Garcia ,Returning,Premium Wash,FB,Sarasota,North Port,70,72,10,82,145,Card,,3
4203,2025-12-06 00:00:00,CUST0897,Ava  Garcia,Returning,Full Detail,Tik tok,Charlotte,Port Charlotte,150,165,0,165,91,Cash,NEWCUSTOMER,4
4204,2025-11-04 00:00:00,CUST0389,Emma Smith ,Returning,Interior Detail,TIKTOK,Sarasota,North Port,90,104,0,104,93,Zelle,NEWCUSTOMER,
4205,2025-09-02 00:00:00,CUST0287,John Davis ,Returning,Basic Wash,FaceBook ,Charlotte,Port Charlotte,40,49,10,59,75,CARD,,3
4206,2025-01-03 00:00:00,CUST0074,emma johnson,Returning,Full Detail,referral,Sarasota,Venice,150,155,5,160,158,cash ,,
4207,2025-12-03 00:00:00,CUST0396,Emma  Davis,Returning,Basic Wash,Word of Mouth,Sarasota,Venice,40,49,5,54,112,CARD,,4
4208,2025-03-04 00:00:00,CUST0052,liam brown,Returning,Interior Detail,social,Sarasota,North Port,90,$85.00,0,85,108,Venmo,,5
4209,2025-02-18 00:00:00,CUST0489,Alex Anderson,Returning,Interior Detail,Facebook,Charlotte,Port Charlotte,90,85,20,105,107,cash ,,4
4210,2025-03-17 00:00:00,CUST1002,Olivia Brown ,Returning,Premium Wash,FaceBook ,Charlotte,Punta Gorda,70,70,0,70,121,Card,,3
4211,2025-06-24 00:00:00,CUST0797,Alex Brown,Returning,Ceramic Coating,Insta,Sarasota,North Port,350,350,15,365.0,121,CARD,,4
4212,2025-04-19 00:00:00,CUST0130,Ava Brown,Returning,Full Detail,FaceBook ,Charlotte,Port Charlotte,150,150,20,170,140,Card,NEWCUSTOMER,5
4213,2025-07-02 00:00:00,CUST1108,Olivia Johnson,Returning,Premium Wash,youtube,Charlotte,Port Charlotte,70,72,10,82,78,cash ,,4
4214,2025-07-11 00:00:00,CUST0631,Ava  Miller,Returning,Ceramic Coating,FACEBOOK,Sarasota,Venice,350,390,15,405,50,Cash App,VIP ,4
4215,2025-03-06 00:00:00,CUST1024,Noah Brown,Returning,Premium Wash,YouTube,Charlotte,Port Charlotte,70,65,15,80,113,cash ,,
4216,2025-12-03 00:00:00,CUST1094,sofia taylor,Returning,Basic Wash,facebook,Charlotte,Punta Gorda,40,44,5,49,179,CARD,,4
4217,2025-09-28 00:00:00,CUST0921,Alex Smith ,Returning,Basic Wash,Insta,Sarasota,Sarasota,40,$44.00,10,54,176,Venmo,,4
4218,2025-04-10 00:00:00,CUST0034,John Garcia ,Returning,Basic Wash,FaceBook ,Sarasota,North Port,40,40,10,50,123,Zelle,SUMMER10,
4219,2025-02-01 00:00:00,CUST0076, Lewis Brown,Returning,Full Detail,facebook,Charlotte,Punta Gorda,150,150,5,155,162,cash ,,4
4220,2025-12-18 00:00:00,CUST0695,NOAH WILSON,Returning,Full Detail,Word of Mouth,Sarasota,North Port,150,165,10,175,54,Cash App,,3
4221,2025-05-08 00:00:00,CUST0115,Sofia  Martinez,Returning,Basic Wash,,Sarasota,Sarasota,40,42,5,47,33,Zelle,,4
4222,2025-12-05 00:00:00,CUST0692,lewis martinez,Returning,Full Detail,TikTok,Charlotte,Punta Gorda,150,170,0,170,140,Cash,,5
4223,2025-02-12 00:00:00,CUST0088, Sofia Smith,Returning,Basic Wash,FACEBOOK,Sarasota,North Port,40,38,0,38,167,CARD,,5
4224,2025-03-19 00:00:00,CUST0831,Noah Smith,Returning,Premium Wash,facebook,Charlotte,Punta Gorda,70,70,0,70,106,Card,SUMMER10,5
4225,2025-11-10 00:00:00,CUST0243,Liam Anderson ,Returning,Premium Wash,tiktok,Charlotte,Punta Gorda,70,72,0,72,128,Zelle,,4
4226,2025-10-16 00:00:00,CUST0434, Emma Miller,Returning,Interior Detail,FaceBook ,Sarasota,North Port,90,$99.00,0,99,68,CARD,NEWCUSTOMER,5
4227,2025-09-27 00:00:00,CUST1072, Alex Miller,Returning,Ceramic Coating,Referral,Charlotte,Port Charlotte,350,385,10,395,106,Cash,VIP ,4
4228,2025-06-11 00:00:00,CUST0939,NOAH MILLER,Returning,Ceramic Coating,referral,Sarasota,Venice,350,348,0,348,118,CARD,SUMMER10,4
4229,2025-07-08 00:00:00,CUST1099, Sofia Garcia,Returning,Full Detail,Tik tok,Charlotte,Punta Gorda,150,$163.00,10,173,30,cash ,SUMMER10,3
4230,2025-09-04 00:00:00,CUST0306,mary wilson,Returning,Premium Wash,facebook,Charlotte,Port Charlotte,70,75,5,80,137,Venmo,VIP ,
4231,2025-08-04 00:00:00,CUST1187,Mary Smith,Returning,Ceramic Coating,instagram,Sarasota,Sarasota,350,387,0,387,175,Cash,,3
4232,2025-11-11 00:00:00,CUST0478,liam anderson,Returning,Full Detail,,Sarasota,North Port,150,170,15,185,89,CARD,,4
4233,2025-12-05 00:00:00,CUST0148,JOHN MILLER,Returning,Ceramic Coating,Facebook,Charlotte,Port Charlotte,350,385,15,400,75,CARD,,4
4234,2025-06-17 00:00:00,CUST0076,Sofia  Taylor,Returning,Full Detail,facebook,Charlotte,Punta Gorda,150,155,5,160,180,Venmo,SUMMER10,
4235,2025-12-05 00:00:00,CUST0290,alex miller,Returning,Basic Wash,TIKTOK,Sarasota,North Port,40,44,0,44,112,Card,,3
4236,2025-07-12 00:00:00,CUST1002,Sofia Martinez ,Returning,Premium Wash,FB,Charlotte,Punta Gorda,70,75,10,85,131,Cash,,5
4237,2025-10-10 00:00:00,CUST0040,LIAM GARCIA,Returning,Premium Wash,TIKTOK,Sarasota,North Port,70,77,0,77.0,116,Venmo,,5
4238,2025-12-02 00:00:00,CUST0966,John Johnson ,Returning,Basic Wash,Tik tok,Sarasota,Sarasota,40,44,20,64,171,cash ,,3
4239,2025-01-13 00:00:00,CUST0094,LEWIS JOHNSON,Returning,Basic Wash,Referral,Charlotte,Port Charlotte,40,38,5,43,80,Venmo,,4
4240,2025-08-28 00:00:00,CUST0498, Sofia Garcia,Returning,Basic Wash,youtube,Charlotte,Port Charlotte,40,42,0,42,143,Cash App,SUMMER10,3
4241,2025-11-16 00:00:00,CUST0268,Emma  Taylor,Returning,Full Detail,Instagram ,Charlotte,Punta Gorda,150,167,20,187,125,Zelle,,3
4242,2025-05-27 00:00:00,CUST0030,Olivia Anderson ,Returning,Basic Wash,YOUTUBE ,Sarasota,Sarasota,40,38,0,38,166,Card,SUMMER10,4
4243,2025-07-23 00:00:00,CUST0353,Ava  Smith,Returning,Interior Detail,Referral,Charlotte,Port Charlotte,90,$94.00,5,99,90,cash ,NEWCUSTOMER,5
4244,2025-03-21 00:00:00,CUST0103, John Smith,Returning,Basic Wash,Instagram ,Sarasota,North Port,40,38,20,58,107,Card,SUMMER10,4
4245,2025-02-12 00:00:00,CUST0630,Noah Brown,Returning,Basic Wash,Insta,Sarasota,North Port,40,45,5,50,144,Zelle,NEWCUSTOMER,4
4246,2025-03-30 00:00:00,CUST0200,Olivia Smith ,Returning,Basic Wash,TikTok,Charlotte,Punta Gorda,40,40,5,45,159,Cash,NEWCUSTOMER,3
4247,2025-05-28 00:00:00,CUST0935,noah wilson,Returning,Interior Detail,social,Sarasota,Sarasota,90,88,10,98,167,Cash App,,4
4248,2025-04-05 00:00:00,CUST0350, John Taylor,Returning,Premium Wash,Facebook,Charlotte,Port Charlotte,70,70,5,75.0,49,Cash App,,4
4249,2025-05-31 00:00:00,CUST0131,Sofia  Johnson,Returning,Premium Wash,instagram,Sarasota,Venice,70,70,0,70,117,cash ,,3
4250,2025-01-02 00:00:00,CUST0218,Olivia  Anderson,Returning,Ceramic Coating,YOUTUBE ,Sarasota,Sarasota,350,345,10,355,80,Zelle,,
4251,2025-01-22 00:00:00,CUST0234, Olivia Brown,Returning,Ceramic Coating,YOUTUBE ,Sarasota,Sarasota,350,348,15,363,96,cash ,,5
4252,2025-11-09 00:00:00,CUST1019,Mary Brown,Returning,Interior Detail,Youtube,Sarasota,Venice,90,104,0,104,77,Cash App,NEWCUSTOMER,
4253,2025-11-24 00:00:00,CUST0452,Sofia Brown,Returning,Basic Wash,Instagram ,Sarasota,Venice,40,49,5,54,111,Card,,5
4254,2025-01-07 00:00:00,CUST0130,Liam Johnson,Returning,Ceramic Coating,FACEBOOK,Charlotte,Port Charlotte,350,348,0,348,74,CARD,VIP ,4
4255,2025-07-25 00:00:00,CUST0416, Sofia Davis,Returning,Basic Wash,FB,Charlotte,Punta Gorda,40,44,0,44,148,Card,,5
4256,2025-04-24 00:00:00,CUST0873,MARY MARTINEZ,Returning,Interior Detail,instagram,Charlotte,Port Charlotte,90,90,15,105,152,Cash App,,4
4257,2025-09-29,CUST0691,emma johnson,Returning,Basic Wash,Referral,Sarasota,Venice,40,46,0,46,154,Venmo,,
4258,2025-03-24 00:00:00,CUST0824, Noah Johnson,Returning,Premium Wash,FB,Sarasota,Venice,70,70,20,90,68,Venmo,,5
4259,2025-06-28 00:00:00,CUST0665,LEWIS WILSON,Returning,Basic Wash,tiktok,Charlotte,Port Charlotte,40,40,20,60,174,CARD,,5
4260,2025-07-29 00:00:00,CUST0248,John Johnson,Returning,Premium Wash,TikTok,Charlotte,Port Charlotte,70,75,15,90,72,Cash App,,5
4261,2025-11-24 00:00:00,CUST1180,Mary Johnson,Returning,Premium Wash,TIKTOK,Charlotte,Punta Gorda,70,$72.00,0,72,72,Zelle,NEWCUSTOMER,4
4262,2025-05-04 00:00:00,CUST1118, John Smith,Returning,Interior Detail,TIKTOK,Sarasota,Venice,90,90,20,110,54,Cash App,,4
4263,2025-04-23 00:00:00,CUST0282,JOHN WILSON,Returning,Basic Wash,instagram,Sarasota,North Port,40,40,5,45,108,Zelle,VIP ,4
4264,2025-01-12 00:00:00,CUST0659,John Smith ,Returning,Full Detail,Tik tok,Charlotte,Punta Gorda,150,148,0,148,175,cash ,NEWCUSTOMER,4
4265,2025-05-06 00:00:00,CUST0437,Mary Davis ,Returning,Basic Wash,Referred,Sarasota,Venice,40,$40.00,5,45,92,Zelle,VIP ,4
4266,2025-02-22 00:00:00,CUST0094,lewis miller,Returning,Ceramic Coating,Referral,Charlotte,Port Charlotte,350,355,0,355,133,CARD,,5
4267,2025-11-27 00:00:00,CUST0356,liam martinez,Returning,Full Detail,YouTube,Sarasota,Venice,150,163,20,183,137,Cash,,3
4268,2025-10-10 00:00:00,CUST0688,Noah  Miller,Returning,Ceramic Coating,Instagram,Sarasota,North Port,350,385,10,395,99,Zelle,,4
4269,05/20/2025,CUST0130,Ava Johnson,Returning,Full Detail,FaceBook ,Charlotte,Port Charlotte,150,152,0,152.0,53,Card,VIP ,3
4270,2025-04-07 00:00:00,CUST0248,JOHN ANDERSON,Returning,Basic Wash,TikTok,Charlotte,Port Charlotte,40,45,0,45,93,cash ,NEWCUSTOMER,3
4271,2025-01-05 00:00:00,CUST0561,Lewis Anderson ,Returning,Interior Detail,Word of Mouth,Sarasota,North Port,90,88,10,98,43,Cash,,4
4272,2025-02-26 00:00:00,CUST0290,Sofia  Brown,Returning,Ceramic Coating,Tik tok,Sarasota,North Port,350,345,0,345,142,Zelle,,4
4273,2025-11-30 00:00:00,CUST0851, Noah Johnson,Returning,Ceramic Coating,,Sarasota,Sarasota,350,385,0,385,72,Zelle,,3
4274,2025-03-10 00:00:00,CUST0345,LIAM BROWN,Returning,Ceramic Coating,instagram,Charlotte,Punta Gorda,350,352,10,362,141,Cash,VIP ,5
4275,2025-04-28 00:00:00,CUST0758, Alex Martinez,Returning,Ceramic Coating,FB,Sarasota,Sarasota,350,350,20,370,160,Zelle,SUMMER10,3
4276,2025-02-28 00:00:00,CUST1134,Noah Taylor ,Returning,Full Detail,youtube,Sarasota,North Port,150,145,10,155,151,cash ,,5
4277,2025-02-02 00:00:00,CUST0338,Liam Miller,Returning,Interior Detail,Facebook,Sarasota,Sarasota,90,90,15,105,122,CARD,,3
4278,2025-11-14 00:00:00,CUST0899,John  Martinez,Returning,Basic Wash,instagram,Charlotte,Port Charlotte,40,49,20,69,122,Zelle,VIP ,5
4279,2025-02-19 00:00:00,CUST0499,Alex Martinez,Returning,Full Detail,YOUTUBE ,Charlotte,Punta Gorda,150,145,10,155,56,Zelle,VIP ,4
4280,2025-01-19 00:00:00,CUST1192,John Taylor ,Returning,Interior Detail,Word of Mouth,Charlotte,Port Charlotte,90,95,5,100,62,Cash App,,
4281,2025-08-02 00:00:00,CUST0084,JOHN GARCIA,Returning,Interior Detail,Instagram ,Charlotte,Port Charlotte,90,104,5,109,178,Venmo,,5
4282,2025-07-16 00:00:00,CUST0274,NOAH JOHNSON,Returning,Premium Wash,Referred,Charlotte,Punta Gorda,70,77,5,82,89,Cash App,SUMMER10,3
4283,2025-02-16 00:00:00,CUST0205,lewis johnson,Returning,Ceramic Coating,tiktok,Sarasota,Venice,350,350,15,365,93,cash ,,
4284,2025-06-16 00:00:00,CUST0771,John  Davis,Returning,Basic Wash,Referral,Sarasota,Sarasota,40,42,10,52,68,Cash,SUMMER10,
4285,2025-10-16 00:00:00,CUST0324,ALEX SMITH,Returning,Full Detail,Instagram ,Sarasota,Venice,150,$160.00,10,170.0,117,Cash,VIP ,4
4286,2025-05-21 00:00:00,CUST0033,Ava Smith ,Returning,Premium Wash,Tik tok,Sarasota,North Port,70,65,0,65,60,Venmo,NEWCUSTOMER,3
4287,25-03-2025,CUST0998,Lewis Martinez ,Returning,Full Detail,Youtube,Charlotte,Punta Gorda,150,155,0,155.0,135,CARD,,
4288,2025-07-01 00:00:00,CUST0166,Sofia  Taylor,Returning,Premium Wash,FB,Sarasota,North Port,70,$75.00,0,75,33,Venmo,,5
4289,03/20/2025,CUST0014,Liam  Miller,Returning,Premium Wash,Youtube,Sarasota,Sarasota,70,70,0,70,137,Venmo,SUMMER10,
4290,2025-08-03 00:00:00,CUST0015,Liam  Garcia,Returning,Basic Wash,FACEBOOK,Charlotte,Port Charlotte,40,44,20,64,113,Cash App,NEWCUSTOMER,3
4291,2025-01-14 00:00:00,CUST0368, Emma Davis,Returning,Full Detail,instagram,Charlotte,Punta Gorda,150,155,10,165,55,Card,VIP ,
4292,2025-08-03 00:00:00,CUST0183,JOHN SMITH,Returning,Basic Wash,tiktok,Sarasota,North Port,40,39,5,44,105,Cash App,,4
4293,2025-05-08 00:00:00,CUST0582, Sofia Johnson,Returning,Ceramic Coating,TIKTOK,Sarasota,North Port,350,355,20,375.0,137,Zelle,,5
4294,2025-11-06 00:00:00,CUST0853,sofia martinez,Returning,Ceramic Coating,,Sarasota,Venice,350,$385.00,5,390,73,Venmo,,
4295,2025-09-05 00:00:00,CUST0975,AVA TAYLOR,Returning,Interior Detail,Referred,Sarasota,Sarasota,90,99,15,114,30,Zelle,NEWCUSTOMER,5
4296,2025-01-29 00:00:00,CUST0260,olivia wilson,Returning,Premium Wash,Tik tok,Charlotte,Port Charlotte,70,65,0,65,159,Cash App,,3
4297,2025-10-07 00:00:00,CUST0423,Ava  Anderson,Returning,Basic Wash,FB,Sarasota,Venice,40,39,10,49,75,cash ,,5
4298,2025-12-04,CUST0294,Alex  Miller,Returning,Interior Detail,tiktok,Charlotte,Punta Gorda,90,97,15,112,166,Cash App,,5
4299,2025-11-15 00:00:00,CUST0555, Liam Brown,New,Premium Wash,tiktok,Sarasota,North Port,70,79,10,89,66,Card,SUMMER10,4
4300,2025-07-21 00:00:00,CUST1072,Mary Garcia ,Returning,Basic Wash,Referral,Charlotte,Port Charlotte,40,44,20,64,61,Zelle,,5
4301,2025-12-27 00:00:00,CUST0923, Noah Brown,Returning,Premium Wash,YOUTUBE ,Charlotte,Port Charlotte,70,75,0,75,128,CARD,VIP ,
4302,2025-02-26,CUST0844,Sofia Anderson ,Returning,Full Detail,Insta,Sarasota,North Port,150,150,20,170,165,Zelle,NEWCUSTOMER,4
4303,2025-08-06 00:00:00,CUST0490,john smith,Returning,Basic Wash,YOUTUBE ,Charlotte,Punta Gorda,40,39,0,39,39,CARD,VIP ,5
4304,2025-03-03 00:00:00,CUST0358,Liam Miller ,Returning,Ceramic Coating,tiktok,Sarasota,Venice,350,$350.00,10,360,170,Venmo,,
4305,06-06-2025,CUST0078,Mary  Wilson,Returning,Ceramic Coating,referral,Sarasota,North Port,350,345,10,355,105,Card,SUMMER10,
4306,2025-07-21 00:00:00,CUST0369,Ava Davis ,Returning,Ceramic Coating,FACEBOOK,Sarasota,Sarasota,350,383,0,383,133,Venmo,NEWCUSTOMER,4
4307,2025-01-17,CUST1024,NOAH BROWN,Returning,Premium Wash,YOUTUBE ,Charlotte,Port Charlotte,70,68,0,68,64,Cash App,NEWCUSTOMER,5
4308,11/18/2025,CUST0181,Lewis Brown,Returning,Ceramic Coating,,Sarasota,North Port,350,$385.00,20,405,97,Venmo,,5
4309,2025-01-06 00:00:00,CUST0617, Emma Smith,Returning,Interior Detail,youtube,Sarasota,Sarasota,90,85,10,95,80,Card,VIP ,5
4310,2025-02-27 00:00:00,CUST0713, Mary Anderson,Returning,Full Detail,YouTube,Charlotte,Port Charlotte,150,150,5,155,51,Cash App,,4
4311,2025-11-21 00:00:00,CUST0858,sofia brown,Returning,Premium Wash,Facebook,Sarasota,Venice,70,79,15,94,178,Zelle,VIP ,5
4312,11/14/2025,CUST0010, John Wilson,Returning,Premium Wash,instagram,Charlotte,Punta Gorda,70,77,20,97,137,cash ,SUMMER10,
4313,2025-06-18 00:00:00,CUST1143, Emma Taylor,Returning,Full Detail,YouTube,Charlotte,Punta Gorda,150,150,0,150,56,Card,VIP ,
4314,2025-03-23 00:00:00,CUST0483,Mary  Johnson,Returning,Basic Wash,FaceBook ,Sarasota,Venice,40,40,0,40,98,Card,SUMMER10,5
4315,2025-08-07 00:00:00,CUST0394,EMMA SMITH,Returning,Full Detail,YOUTUBE ,Sarasota,Venice,150,165,20,185,128,cash ,,4
4316,2025-06-26 00:00:00,CUST0241,LEWIS TAYLOR,Returning,Ceramic Coating,,Charlotte,Punta Gorda,350,350,0,350,46,cash ,VIP ,4
4317,2025-07-23 00:00:00,CUST1086, Alex Brown,Returning,Premium Wash,Insta,Charlotte,Punta Gorda,70,77,5,82,73,Zelle,,4
4318,2025-03-12 00:00:00,CUST0196,Noah Anderson ,Returning,Ceramic Coating,youtube,Sarasota,Sarasota,350,345,10,355,112,Cash App,,3
4319,2025-09-23 00:00:00,CUST0742, John Brown,Returning,Basic Wash,Instagram,Charlotte,Port Charlotte,40,49,10,59,144,cash ,SUMMER10,5
4320,2025-04-08 00:00:00,CUST1106,Ava  Johnson,Returning,Ceramic Coating,YouTube,Sarasota,North Port,350,352,5,357,170,cash ,,4
4321,2025-12-11 00:00:00,CUST1040,Sofia Garcia ,New,Interior Detail,,Charlotte,Punta Gorda,90,94,20,114,37,cash ,SUMMER10,3
4321,2025-12-11 00:00:00,CUST1040,Sofia Garcia ,New,Interior Detail,,Charlotte,Punta Gorda,90,94,20,114,37,cash ,SUMMER10,3
4322,2025-10-18 00:00:00,CUST0450,Lewis Davis,Returning,Premium Wash,YouTube,Charlotte,Punta Gorda,70,82,0,82,154,Cash,,4
4323,2025-07-27 00:00:00,CUST0951,Emma Martinez ,Returning,Basic Wash,YouTube,Charlotte,Port Charlotte,40,49,5,54,160,Cash App,NEWCUSTOMER,3
4324,2025-01-02 00:00:00,CUST0427, Noah Davis,Returning,Interior Detail,instagram,Sarasota,Venice,90,85,5,90,56,cash ,,4
4325,2025-05-04 00:00:00,CUST0567,SOFIA SMITH,Returning,Full Detail,FB,Charlotte,Punta Gorda,150,155,10,165,56,Card,VIP ,
4325,2025-05-04 00:00:00,CUST0567,SOFIA SMITH,Returning,Full Detail,FB,Charlotte,Punta Gorda,150,155,10,165,56,Card,VIP ,
4326,2025-10-07 00:00:00,CUST0109,mary wilson,Returning,Basic Wash,TIKTOK,Sarasota,Venice,40,49,20,69,30,CARD,VIP ,4
4327,2025-03-15 00:00:00,CUST0397, Alex Martinez,Returning,Full Detail,YOUTUBE ,Sarasota,Sarasota,150,150,0,150,45,CARD,,4
4328,2025-06-15 00:00:00,CUST0231,Ava Martinez ,Returning,Ceramic Coating,FB,Sarasota,North Port,350,348,0,348,156,Cash,SUMMER10,4
4329,2025-01-22 00:00:00,CUST0306,John Miller ,Returning,Basic Wash,FB,Charlotte,Port Charlotte,40,45,0,45,41,Venmo,,4
4330,2025-06-03 00:00:00,CUST0972,emma garcia,Returning,Full Detail,Youtube,Charlotte,Port Charlotte,150,148,20,168,78,CARD,,4
4330,2025-06-03 00:00:00,CUST0972,emma garcia,Returning,Full Detail,Youtube,Charlotte,Port Charlotte,150,148,20,168,78,CARD,,4
4331,2025-10-22 00:00:00,CUST1019, Sofia Martinez,Returning,Ceramic Coating,youtube,Sarasota,Venice,350,385,20,405,174,Zelle,,3
4332,2025-08-07 00:00:00,CUST0362,Lewis Martinez,Returning,Interior Detail,Tik tok,Sarasota,North Port,90,101,5,106,50,Venmo,,4
4333,2025-06-06 00:00:00,CUST0328, Emma Anderson,Returning,Interior Detail,TikTok,Sarasota,Sarasota,90,88,5,93,155,Cash,,5
4334,2025-08-18 00:00:00,CUST0089,liam taylor,Returning,Premium Wash,social,Charlotte,Punta Gorda,70,72,0,72,96,Zelle,VIP ,4
4335,2025-01-20,CUST0111,Liam Wilson ,Returning,Full Detail,Facebook,Sarasota,Sarasota,150,145,10,155,131,Card,,5
4336,2025-02-10 00:00:00,CUST0746,liam taylor,Returning,Premium Wash,Instagram ,Charlotte,Port Charlotte,70,68,5,73,163,Venmo,,5
4337,2025-05-28 00:00:00,CUST0584,MARY WILSON,Returning,Basic Wash,Tik tok,Sarasota,Sarasota,40,40,10,50,145,Card,SUMMER10,5
4338,2025-04-18 00:00:00,CUST0430, Alex Taylor,Returning,Premium Wash,tiktok,Sarasota,North Port,70,72,15,87,134,Cash App,,5
4339,2025-03-25 00:00:00,CUST0891,EMMA DAVIS,Returning,Basic Wash,Instagram,Sarasota,North Port,40,45,0,45,79,CARD,,
4340,2025-11-18 00:00:00,CUST0515, Sofia Johnson,Returning,Interior Detail,Tik tok,Sarasota,Sarasota,90,104,20,124,167,Venmo,VIP ,5
4341,2025-11-05 00:00:00,CUST0685,Mary  Davis,Returning,Basic Wash,referral,Charlotte,Punta Gorda,40,46,20,66,83,Card,,4
4342,2025-10-17 00:00:00,CUST0929,mary johnson,Returning,Basic Wash,Youtube,Sarasota,Sarasota,40,44,0,44,163,Card,SUMMER10,4
4343,2025-11-19 00:00:00,CUST0089,AVA DAVIS,Returning,Ceramic Coating,Referred,Charlotte,Punta Gorda,350,390,10,400,134,Card,VIP ,5
4344,2025-05-14 00:00:00,CUST0214,Ava Taylor ,Returning,Premium Wash,YouTube,Sarasota,North Port,70,$68.00,20,88,143,cash ,SUMMER10,5
4345,26-07-2025,CUST0108,Emma Davis ,Returning,Ceramic Coating,,Charlotte,Punta Gorda,350,390,20,410,48,Card,,4
4346,2025-10-10 00:00:00,CUST1101,JOHN WILSON,Returning,Basic Wash,Youtube,Sarasota,North Port,40,39,5,44,63,Zelle,NEWCUSTOMER,3
4347,2025-09-23 00:00:00,CUST0361,JOHN JOHNSON,Returning,Full Detail,YouTube,Sarasota,Sarasota,150,170,20,190,46,Cash App,SUMMER10,3
4348,2025-03-14 00:00:00,CUST0324,Mary Martinez,Returning,Ceramic Coating,Insta,Sarasota,Venice,350,355,15,370,32,cash ,,5
4349,2025-12-18 00:00:00,CUST0060,LIAM TAYLOR,Returning,Full Detail,Tik tok,Charlotte,Punta Gorda,150,163,5,168,134,Cash,,5
4350,2025-02-17 00:00:00,CUST0994,Noah Martinez,Returning,Ceramic Coating,referral,Sarasota,Venice,350,355,0,355,40,CARD,,4
4351,2025-11-22 00:00:00,CUST1055,Ava  Anderson,New,Full Detail,Tik tok,Sarasota,North Port,150,170,5,175,137,Venmo,VIP ,4
4352,2025-08-21,CUST0238, Emma Smith,Returning,Basic Wash,YouTube,Charlotte,Punta Gorda,40,44,10,54,64,Venmo,SUMMER10,4
4353,2025-04-10 00:00:00,CUST0146, Alex Taylor,Returning,Ceramic Coating,FACEBOOK,Sarasota,Sarasota,350,355,0,355,136,Cash,NEWCUSTOMER,5
4354,2025-02-28 00:00:00,CUST0482,sofia davis,Returning,Ceramic Coating,instagram,Charlotte,Punta Gorda,350,352,0,352,157,Cash,SUMMER10,5
4355,2025-09-15 00:00:00,CUST0911, John Johnson,Returning,Basic Wash,Tik tok,Charlotte,Port Charlotte,40,46,10,56,159,cash ,VIP ,3
4356,2025-03-06 00:00:00,CUST1188,Lewis Brown ,Returning,Interior Detail,Referred,Charlotte,Punta Gorda,90,90,20,110,154,Venmo,,5
4357,2025-03-24 00:00:00,CUST0668,EMMA DAVIS,Returning,Basic Wash,Tik tok,Charlotte,Port Charlotte,40,40,0,40,46,Zelle,SUMMER10,4
4358,2025-06-03 00:00:00,CUST0859, John Anderson,Returning,Full Detail,instagram,Sarasota,North Port,150,145,5,150,148,Cash App,SUMMER10,3
4359,2025-09-23 00:00:00,CUST0408,SOFIA GARCIA,Returning,Full Detail,TikTok,Sarasota,Sarasota,150,160,5,165.0,72,Cash,,5
4360,2025-11-05 00:00:00,CUST0668,Ava Taylor ,Returning,Premium Wash,TIKTOK,Charlotte,Port Charlotte,70,79,10,89,78,Card,SUMMER10,5
4361,2025-03-20,CUST0472,alex johnson,Returning,Premium Wash,instagram,Charlotte,Punta Gorda,70,68,20,88,168,CARD,,4
4362,2025-11-11 00:00:00,CUST0226,Alex Garcia ,New,Ceramic Coating,Insta,Charlotte,Port Charlotte,350,390,15,405,161,Cash App,SUMMER10,
4363,2025-05-30 00:00:00,CUST0668,Alex  Smith,Returning,Interior Detail,TikTok,Charlotte,Port Charlotte,90,90,20,110,41,Card,SUMMER10,3
4364,2025-02-17 00:00:00,CUST0467,OLIVIA GARCIA,Returning,Premium Wash,Referred,Sarasota,Sarasota,70,72,0,72,164,Card,SUMMER10,
4365,2025-09-05 00:00:00,CUST0201,JOHN DAVIS,Returning,Interior Detail,FB,Sarasota,Venice,90,99,0,99,104,Zelle,,5
4366,2025-10-05 00:00:00,CUST0486,OLIVIA MILLER,Returning,Full Detail,TikTok,Sarasota,Sarasota,150,170,5,175,110,Cash App,NEWCUSTOMER,4
4367,2025-12-22 00:00:00,CUST0845, Liam Johnson,Returning,Premium Wash,Instagram ,Sarasota,Venice,70,77,0,77,76,Cash App,SUMMER10,5
4368,2025-04-08 00:00:00,CUST0410,john martinez,Returning,Interior Detail,social,Sarasota,Venice,90,88,0,88,101,cash ,VIP ,
4369,2025-01-25 00:00:00,CUST0770,Noah  Miller,Returning,Premium Wash,,Sarasota,North Port,70,65,10,75,170,Venmo,VIP ,
4370,2025-10-11 00:00:00,CUST0452, Olivia Anderson,Returning,Basic Wash,social,Sarasota,Venice,40,49,20,69,70,Venmo,SUMMER10,4
4371,2025-10-28 00:00:00,CUST0151,Liam Brown,Returning,Full Detail,referral,Sarasota,Sarasota,150,163,20,183.0,35,Cash,,5
4372,2025-03-09 00:00:00,CUST0965,Liam Anderson ,Returning,Ceramic Coating,FACEBOOK,Sarasota,Venice,350,348,0,348,58,Zelle,,5
4373,2025-01-07 00:00:00,CUST1199,ALEX TAYLOR,Returning,Basic Wash,TikTok,Charlotte,Punta Gorda,40,40,20,60,75,Cash App,,4
4374,2025-11-01 00:00:00,CUST0993,Sofia  Brown,Returning,Premium Wash,referral,Sarasota,Sarasota,70,82,5,87,43,Zelle,,3
4375,2025-05-17 00:00:00,CUST0112,NOAH SMITH,Returning,Premium Wash,instagram,Charlotte,Port Charlotte,70,70,5,75,68,cash ,,4
4376,2025-06-13 00:00:00,CUST0893,John Taylor ,New,Premium Wash,social,Sarasota,North Port,70,65,0,65.0,40,Cash App,,4
4377,2025-03-24 00:00:00,CUST0297,emma garcia,Returning,Interior Detail,instagram,Sarasota,North Port,90,85,20,105,158,Card,,5
4378,2025-05-18 00:00:00,CUST0443,Mary Martinez,Returning,Interior Detail,social,Sarasota,Sarasota,90,88,20,108,168,Cash App,,3
4379,2025-03-14 00:00:00,CUST0932, Olivia Brown,Returning,Ceramic Coating,FB,Sarasota,Sarasota,350,345,20,365,118,Cash App,SUMMER10,4
4380,2025-08-25 00:00:00,CUST0365,Lewis  Miller,Returning,Basic Wash,YOUTUBE ,Sarasota,North Port,40,49,10,59,80,CARD,VIP ,5
4381,2025-02-15 00:00:00,CUST0794,John  Martinez,Returning,Premium Wash,Youtube,Sarasota,North Port,70,72,5,77,122,CARD,,4
4382,2025-04-16 00:00:00,CUST0765,JOHN ANDERSON,Returning,Premium Wash,Tik tok,Charlotte,Punta Gorda,70,$70.00,10,80,171,CARD,SUMMER10,5
4383,2025-10-15 00:00:00,CUST0280,sofia miller,Returning,Premium Wash,Tik tok,Sarasota,Venice,70,79,10,89,135,Venmo,VIP ,4
4384,2025-09-19 00:00:00,CUST0938,Ava  Davis,Returning,Interior Detail,referral,Sarasota,Sarasota,90,101,0,101,161,Card,,4
4385,2025-06-25 00:00:00,CUST0398,sofia johnson,Returning,Ceramic Coating,instagram,Charlotte,Punta Gorda,350,355,0,355,115,CARD,,5
4386,2025-06-15 00:00:00,CUST0735,Ava  Wilson,Returning,Ceramic Coating,Instagram,Charlotte,Port Charlotte,350,348,0,348,135,Card,,5
4387,2025-05-25 00:00:00,CUST0553,Lewis  Davis,Returning,Basic Wash,Tik tok,Sarasota,North Port,40,35,20,55,175,Cash,,
4388,2025-11-26 00:00:00,CUST0415,Emma Martinez,Returning,Basic Wash,,Charlotte,Punta Gorda,40,49,0,49,114,Cash,,3
4388,2025-11-26 00:00:00,CUST0415,Emma Martinez,Returning,Basic Wash,,Charlotte,Punta Gorda,40,49,0,49,114,Cash,,3
4389,2025-10-10 00:00:00,CUST0688, Emma Wilson,Returning,Interior Detail,Instagram,Sarasota,North Port,90,99,0,99,152,cash ,,5
4390,2025-02-23 00:00:00,CUST0261,Noah Davis,Returning,Basic Wash,Word of Mouth,Sarasota,Venice,40,35,0,35,45,cash ,,4
4391,2025-06-27 00:00:00,CUST0066,Emma  Martinez,Returning,Full Detail,Referred,Sarasota,North Port,150,155,10,165,45,Cash App,NEWCUSTOMER,3
4392,2025-09-01 00:00:00,CUST1165,NOAH GARCIA,Returning,Basic Wash,TikTok,Sarasota,North Port,40,44,-5,49,56,Venmo,,5
4393,2025-12-07 00:00:00,CUST0123, Emma Smith,Returning,Premium Wash,facebook,Sarasota,Sarasota,70,72,0,72,164,cash ,NEWCUSTOMER,5
4394,2025-05-07 00:00:00,CUST0575,NOAH ANDERSON,Returning,Premium Wash,Instagram ,Sarasota,North Port,70,75,10,85,160,Venmo,,4
4395,2025-09-28 00:00:00,CUST0280,ava garcia,Returning,Premium Wash,Tik tok,Sarasota,Venice,70,75,10,85.0,58,Venmo,SUMMER10,3
4396,2025-05-12 00:00:00,CUST0228, Lewis Brown,Returning,Interior Detail,YouTube,Sarasota,Sarasota,90,90,5,95,64,Card,NEWCUSTOMER,3
4397,2025-04-03 00:00:00,CUST0954,Alex Miller ,Returning,Premium Wash,Facebook,Sarasota,Sarasota,70,75,20,95,96,Cash,VIP ,4
4398,2025-03-14 00:00:00,CUST0940,EMMA MARTINEZ,Returning,Premium Wash,TIKTOK,Sarasota,North Port,70,75,0,75,77,Cash,NEWCUSTOMER,3
4399,2025-09-05 00:00:00,CUST0857,Noah Martinez ,Returning,Ceramic Coating,Insta,Sarasota,North Port,350,380,0,380,85,Cash App,NEWCUSTOMER,4
4400,2025-12-14 00:00:00,CUST0351, Lewis Brown,Returning,Full Detail,facebook,Charlotte,Punta Gorda,150,165,0,165,128,Card,,5
4401,2025-09-30 00:00:00,CUST0704,SOFIA TAYLOR,Returning,Full Detail,FACEBOOK,Charlotte,Port Charlotte,150,163,5,168,32,CARD,,5
4402,2025-02-12 00:00:00,CUST0451,ava davis,Returning,Premium Wash,youtube,Sarasota,Sarasota,70,70,20,90,135,Card,,5
4403,2025-02-10 00:00:00,CUST0605, Ava Smith,Returning,Ceramic Coating,FaceBook ,Charlotte,Port Charlotte,350,345,5,350,120,CARD,VIP ,4
4404,2025-06-19 00:00:00,CUST0322, Alex Smith,Returning,Interior Detail,YOUTUBE ,Sarasota,Venice,90,92,20,112,158,Venmo,SUMMER10,
4405,2025-07-31 00:00:00,CUST0349,AVA TAYLOR,Returning,Basic Wash,YouTube,Charlotte,Port Charlotte,40,49,0,49,75,Cash,NEWCUSTOMER,4
4406,2025-06-17 00:00:00,CUST1184,olivia johnson,Returning,Premium Wash,Referral,Charlotte,Port Charlotte,70,65,20,85,138,Zelle,SUMMER10,4
4407,2025-02-08 00:00:00,CUST1133,Ava Garcia ,Returning,Basic Wash,Facebook,Sarasota,North Port,40,38,0,38,141,CARD,VIP ,4
4408,2025-09-02 00:00:00,CUST0471,JOHN GARCIA,Returning,Full Detail,TIKTOK,Charlotte,Punta Gorda,150,160,15,175,173,cash ,SUMMER10,3
4409,2025-05-31 00:00:00,CUST0178,Noah  Taylor,Returning,Full Detail,Referral,Sarasota,Venice,150,155,0,155,69,Cash App,NEWCUSTOMER,4
4410,2025-04-21 00:00:00,CUST0844,SOFIA TAYLOR,Returning,Ceramic Coating,Instagram,Sarasota,North Port,350,$350.00,0,350.0,106,Zelle,,4
4411,2025-02-16 00:00:00,CUST1069,john taylor,New,Premium Wash,Word of Mouth,Sarasota,North Port,70,70,0,70,59,Cash App,,3
4412,2025-03-04 00:00:00,CUST1002,Noah  Davis,Returning,Interior Detail,Facebook,Charlotte,Punta Gorda,90,$95.00,15,110,128,Cash App,SUMMER10,5
4412,2025-03-04 00:00:00,CUST1002,Noah  Davis,Returning,Interior Detail,Facebook,Charlotte,Punta Gorda,90,$95.00,15,110,128,Cash App,SUMMER10,5
4413,2025-08-13 00:00:00,CUST0444,Ava Martinez,Returning,Premium Wash,Tik tok,Sarasota,North Port,70,82,0,82,71,CARD,VIP ,3
4414,2025-03-10 00:00:00,CUST0970,Emma Smith ,Returning,Full Detail,Facebook,Charlotte,Punta Gorda,150,155,5,160,154,Cash App,VIP ,4
4415,2025-10-26 00:00:00,CUST0948, Liam Martinez,Returning,Basic Wash,TikTok,Charlotte,Punta Gorda,40,39,15,54,78,cash ,VIP ,
4416,2025-10-17 00:00:00,CUST0572, Noah Davis,Returning,Basic Wash,YOUTUBE ,Charlotte,Port Charlotte,40,49,15,64,113,cash ,,4
4417,2025-10-23 00:00:00,CUST0030,Sofia  Miller,Returning,Full Detail,Youtube,Sarasota,Sarasota,150,167,15,182,98,CARD,,5
4418,2025-07-22 00:00:00,CUST0877,Mary  Garcia,Returning,Interior Detail,facebook,Sarasota,North Port,90,97,5,102,37,Cash App,,5
4419,2025-03-02 00:00:00,CUST0506,lewis smith,Returning,Basic Wash,youtube,Charlotte,Punta Gorda,40,38,20,58,131,Zelle,NEWCUSTOMER,
4420,2025-11-14 00:00:00,CUST0508, Liam Martinez,Returning,Basic Wash,TIKTOK,Sarasota,North Port,40,39,0,39,35,Zelle,,
4421,2025-11-10 00:00:00,CUST0671,John Anderson,Returning,Full Detail,Youtube,Sarasota,North Port,150,170,0,170.0,66,Venmo,VIP ,
4422,2025-06-10 00:00:00,CUST0890,Liam  Brown,Returning,Interior Detail,Instagram,Sarasota,North Port,90,90,5,95,49,Cash App,,4
4423,2025-11-27 00:00:00,CUST1187,Ava Brown ,Returning,Basic Wash,Insta,Sarasota,Sarasota,40,39,15,54,162,cash ,,3
4424,2025-01-16,CUST0456,Noah Martinez ,Returning,Full Detail,FaceBook ,Charlotte,Port Charlotte,150,150,15,165,44,Cash App,,
4425,2025-12-04 00:00:00,CUST0306,Sofia Garcia,Returning,Ceramic Coating,facebook,Charlotte,Port Charlotte,350,383,20,403,118,cash ,SUMMER10,4
4426,2025-04-04 00:00:00,CUST1175,Liam Garcia ,Returning,Ceramic Coating,YouTube,Charlotte,Punta Gorda,350,350,0,350,77,Cash App,,3
4427,2025-10-31,CUST0011,Ava Smith,Returning,Premium Wash,FACEBOOK,Charlotte,Punta Gorda,70,77,20,97,106,Card,NEWCUSTOMER,5
4428,2025-05-18 00:00:00,CUST0856,Emma Taylor ,Returning,Interior Detail,Instagram ,Sarasota,North Port,90,92,0,92,44,Card,,4
4429,2025-12-04 00:00:00,CUST0091,Ava Davis ,Returning,Full Detail,Referral,Sarasota,Venice,150,165,-5,185,39,Cash,NEWCUSTOMER,5
4430,2025-02-07 00:00:00,CUST0083,Olivia  Anderson,Returning,Premium Wash,Word of Mouth,Sarasota,Sarasota,70,68,0,68,165,Zelle,VIP ,3
4431,2025-05-07 00:00:00,CUST0964,Mary Miller ,Returning,Ceramic Coating,,Sarasota,Venice,350,355,0,355,167,Zelle,NEWCUSTOMER,4
4432,2025-10-02 00:00:00,CUST1033,SOFIA GARCIA,Returning,Full Detail,Instagram ,Charlotte,Port Charlotte,150,160,0,160,98,Venmo,VIP ,5
4433,2025-06-13 00:00:00,CUST0069,OLIVIA MARTINEZ,Returning,Full Detail,FB,Charlotte,Port Charlotte,150,155,0,155,59,Cash App,NEWCUSTOMER,4
4434,2025-11-15 00:00:00,CUST0872,mary johnson,Returning,Ceramic Coating,TikTok,Sarasota,Sarasota,350,387,20,407,170,Zelle,,3
4435,2025-03-18 00:00:00,CUST1088,SOFIA MILLER,Returning,Interior Detail,Instagram,Charlotte,Port Charlotte,90,$95.00,0,95,102,Zelle,SUMMER10,
4436,2025-06-23 00:00:00,CUST0808,Ava Anderson ,Returning,Full Detail,referral,Charlotte,Port Charlotte,150,150,15,165,51,Zelle,,4
4437,2025-12-24 00:00:00,CUST0982, Emma Davis,Returning,Interior Detail,Tik tok,Charlotte,Punta Gorda,90,99,10,109,92,Venmo,SUMMER10,3
4438,2025-11-17 00:00:00,CUST0201, Emma Anderson,Returning,Interior Detail,Facebook,Sarasota,Venice,90,$94.00,15,109,145,Cash App,VIP ,
4439,2025-04-01 00:00:00,CUST0927,SOFIA ANDERSON,Returning,Premium Wash,Instagram,Sarasota,North Port,70,72,5,77,110,Cash App,SUMMER10,5
4440,2025-08-26 00:00:00,CUST1015,Sofia Johnson,Returning,Full Detail,YouTube,Sarasota,North Port,150,163,10,173,140,Cash App,,5
4441,2025-09-21 00:00:00,CUST0493,John Anderson,Returning,Basic Wash,Facebook,Charlotte,Port Charlotte,40,42,10,52,32,cash ,,5
4442,2025-06-28 00:00:00,CUST0171, Ava Martinez,Returning,Full Detail,Referred,Charlotte,Punta Gorda,150,150,10,160,74,Cash App,,5
4443,2025-07-28 00:00:00,CUST1144,Alex Anderson,Returning,Interior Detail,referral,Sarasota,Sarasota,90,97,15,112,106,Venmo,NEWCUSTOMER,5
4444,2025-03-14 00:00:00,CUST0026,Lewis  Anderson,Returning,Basic Wash,YOUTUBE ,Charlotte,Punta Gorda,40,38,0,38,116,Cash App,,5
4445,2025-04-17 00:00:00,CUST0833,Sofia Martinez ,Returning,Ceramic Coating,TikTok,Sarasota,Venice,350,352,10,362,40,Venmo,,
4446,2025-12-11 00:00:00,CUST0447,Alex Wilson,Returning,Premium Wash,Tik tok,Charlotte,Port Charlotte,70,79,15,94,75,cash ,,5
4447,2025-10-22 00:00:00,CUST0272,noah smith,Returning,Ceramic Coating,Word of Mouth,Charlotte,Punta Gorda,350,385,20,405,49,Cash App,,5
4448,2025-10-11 00:00:00,CUST0735,LEWIS ANDERSON,Returning,Full Detail,Insta,Charlotte,Port Charlotte,150,163,15,178,90,Zelle,NEWCUSTOMER,4
4449,2025-12-19 00:00:00,CUST0606,Olivia Anderson,Returning,Basic Wash,tiktok,Sarasota,North Port,40,46,0,46,56,Card,SUMMER10,4
4450,2025-07-01 00:00:00,CUST0490, John Martinez,Returning,Premium Wash,youtube,Charlotte,Punta Gorda,70,72,5,77,45,Zelle,NEWCUSTOMER,4
4451,2025-02-06 00:00:00,CUST0186,Sofia Garcia,Returning,Basic Wash,YOUTUBE ,Sarasota,Venice,40,45,15,60,103,CARD,,4
4452,2025-05-17 00:00:00,CUST0033,emma brown,Returning,Full Detail,tiktok,Sarasota,North Port,150,150,20,170,95,CARD,,
4453,2025-12-04 00:00:00,CUST0983,OLIVIA JOHNSON,Returning,Interior Detail,instagram,Sarasota,Sarasota,90,94,0,94,55,CARD,,3
4454,2025-02-25 00:00:00,CUST0625,lewis anderson,Returning,Ceramic Coating,FACEBOOK,Sarasota,Sarasota,350,350,5,355,70,CARD,,
4455,2025-07-06 00:00:00,CUST0332,John  Taylor,Returning,Basic Wash,Referred,Charlotte,Punta Gorda,40,39,0,39,69,Cash App,SUMMER10,
4456,2025-12-07 00:00:00,CUST0941,AVA SMITH,Returning,Ceramic Coating,YouTube,Charlotte,Port Charlotte,350,387,15,402,65,Cash,SUMMER10,4
4457,2025-09-15 00:00:00,CUST1169,mary johnson,Returning,Basic Wash,Youtube,Sarasota,Venice,40,39,0,39,80,Card,SUMMER10,
4458,2025-02-27 00:00:00,CUST1196,Mary  Martinez,Returning,Full Detail,Tik tok,Sarasota,Sarasota,150,148,20,168,100,Card,NEWCUSTOMER,3
4459,2025-12-29 00:00:00,CUST0050,Lewis Miller ,Returning,Basic Wash,YOUTUBE ,Sarasota,Venice,40,44,15,59,137,Venmo,VIP ,5
4460,2025-05-03 00:00:00,CUST0932,John Davis ,Returning,Premium Wash,facebook,Sarasota,Sarasota,70,$75.00,20,95,46,Cash,NEWCUSTOMER,5
4461,2025-07-07 00:00:00,CUST0950,John Garcia,Returning,Interior Detail,Instagram,Sarasota,North Port,90,94,10,104,172,Cash App,,5
4462,2025-08-18 00:00:00,CUST0284,Lewis  Garcia,Returning,Premium Wash,Youtube,Sarasota,North Port,70,79,0,79.0,109,Cash App,NEWCUSTOMER,5
4463,2025-06-17 00:00:00,CUST0831,mary davis,Returning,Interior Detail,FACEBOOK,Charlotte,Punta Gorda,90,92,-5,97,45,Cash,NEWCUSTOMER,4
4464,2025-04-24 00:00:00,CUST0379,JOHN SMITH,Returning,Basic Wash,referral,Charlotte,Punta Gorda,40,40,15,55,78,Cash,VIP ,
4465,2025-09-09 00:00:00,CUST0759,John  Miller,Returning,Full Detail,Facebook,Sarasota,North Port,150,167,20,187,167,Cash App,,3
4466,2025-04-17 00:00:00,CUST0951,Alex Johnson ,Returning,Premium Wash,YouTube,Charlotte,Port Charlotte,70,75,20,95,30,Cash,NEWCUSTOMER,5
4467,2025-02-06 00:00:00,CUST0003,Noah Taylor,Returning,Premium Wash,Facebook,Sarasota,Venice,70,72,10,82,36,Venmo,VIP ,5
4468,2025-12-01 00:00:00,CUST0145,Alex  Martinez,Returning,Full Detail,Word of Mouth,Sarasota,Sarasota,150,167,10,177,126,Zelle,NEWCUSTOMER,5
4469,2025-04-02 00:00:00,CUST0789, Alex Anderson,Returning,Full Detail,facebook,Sarasota,Sarasota,150,152,0,152,48,CARD,,4
4470,2025-01-18 00:00:00,CUST0682, Noah Wilson,Returning,Interior Detail,Insta,Sarasota,North Port,90,$88.00,10,98,111,cash ,NEWCUSTOMER,4
4471,2025-12-20 00:00:00,CUST1088,Lewis  Smith,Returning,Ceramic Coating,Instagram ,Charlotte,Port Charlotte,350,380,5,385,52,CARD,,5
4472,2025-03-04 00:00:00,CUST0067,Ava Taylor,Returning,Ceramic Coating,YOUTUBE ,Sarasota,Sarasota,350,350,15,365,135,Cash,SUMMER10,4
4473,30-05-2025,CUST0608, John Garcia,Returning,Ceramic Coating,Word of Mouth,Sarasota,Venice,350,355,5,360,138,Venmo,SUMMER10,
4474,2025-05-19 00:00:00,CUST0873,OLIVIA ANDERSON,Returning,Basic Wash,Instagram ,Charlotte,Port Charlotte,40,35,0,35,167,Zelle,,5
4475,2025-07-05 00:00:00,CUST0553,alex brown,Returning,Premium Wash,TIKTOK,Sarasota,North Port,70,72,0,72,60,Zelle,VIP ,5
4476,2025-07-04 00:00:00,CUST1111,liam johnson,Returning,Interior Detail,Insta,Charlotte,Punta Gorda,90,99,20,119,71,Venmo,,4
4477,2025-07-24 00:00:00,CUST1179,John Davis ,Returning,Basic Wash,Referred,Sarasota,North Port,40,44,15,59,103,Cash,SUMMER10,4
4478,2025-09-17 00:00:00,CUST0425,AVA WILSON,Returning,Premium Wash,FB,Sarasota,Venice,70,77,5,82,164,Cash,VIP ,4
4479,2025-08-02 00:00:00,CUST0166,Noah  Miller,Returning,Full Detail,FB,Sarasota,North Port,150,170,10,180,90,Cash,,5
4480,2025-09-13 00:00:00,CUST0688, Sofia Brown,Returning,Full Detail,instagram,Sarasota,North Port,150,167,20,187,92,CARD,NEWCUSTOMER,
4481,2025-05-15 00:00:00,CUST0113, Mary Miller,Returning,Basic Wash,YouTube,Charlotte,Port Charlotte,40,40,0,40,118,Card,,4
4482,2025-03-02 00:00:00,CUST1055, Lewis Anderson,Returning,Basic Wash,Tik tok,Sarasota,North Port,40,40,0,40,68,Card,,
4483,2025-12-29 00:00:00,CUST0746,JOHN TAYLOR,Returning,Interior Detail,Instagram,Charlotte,Port Charlotte,90,101,15,116,132,Venmo,NEWCUSTOMER,4
4484,06-11-2025,CUST0106,Lewis  Martinez,Returning,Full Detail,TikTok,Sarasota,Venice,150,165,0,165,137,Zelle,VIP ,4
4485,2025-03-29 00:00:00,CUST0228,John Johnson ,Returning,Full Detail,Youtube,Sarasota,Sarasota,150,150,0,150,47,Card,,5
4486,2025-11-20 00:00:00,CUST0785, Alex Brown,Returning,Full Detail,Referred,Sarasota,Venice,150,167,0,167,99,Zelle,NEWCUSTOMER,5
4487,2025-07-26 00:00:00,CUST0749,SOFIA BROWN,Returning,Premium Wash,tiktok,Charlotte,Punta Gorda,70,77,0,77,148,Venmo,,4
4488,2025-05-09 00:00:00,CUST0954,AVA SMITH,Returning,Basic Wash,FACEBOOK,Sarasota,Sarasota,40,35,0,35,39,cash ,,4
4489,2025-11-07 00:00:00,CUST0084,mary wilson,Returning,Ceramic Coating,Instagram,Charlotte,Port Charlotte,350,385,15,400,135,Zelle,,
4490,2025-01-03 00:00:00,CUST0749,sofia miller,Returning,Ceramic Coating,TikTok,Charlotte,Punta Gorda,350,352,15,367,154,Cash,SUMMER10,5
4491,2025-08-30 00:00:00,CUST0751,Alex Brown ,Returning,Premium Wash,,Sarasota,North Port,70,82,0,82,65,Zelle,SUMMER10,
4492,2025-05-01 00:00:00,CUST0359,Olivia  Brown,Returning,Ceramic Coating,TikTok,Charlotte,Punta Gorda,350,350,20,370,117,Zelle,,5
4493,2025-04-12 00:00:00,CUST1145,Emma  Brown,Returning,Ceramic Coating,YOUTUBE ,Sarasota,North Port,350,348,5,353,122,CARD,VIP ,5
4494,2025-02-07 00:00:00,CUST0138,Ava Martinez,Returning,Ceramic Coating,social,Sarasota,Sarasota,350,345,15,360,42,Venmo,NEWCUSTOMER,3
4495,2025-12-07 00:00:00,CUST1149,EMMA SMITH,Returning,Premium Wash,Tik tok,Sarasota,North Port,70,75,0,75,167,Card,NEWCUSTOMER,5
4496,2025-05-13 00:00:00,CUST0420,Lewis Garcia ,New,Ceramic Coating,YouTube,Charlotte,Punta Gorda,350,$350.00,15,365,53,Cash App,,4
4497,2025-07-21 00:00:00,CUST0284,Ava  Brown,Returning,Premium Wash,YOUTUBE ,Sarasota,North Port,70,$77.00,0,77,79,Cash,,5
4498,2025-12-14 00:00:00,CUST0686,SOFIA ANDERSON,Returning,Premium Wash,FB,Sarasota,Venice,70,79,10,89.0,39,Venmo,VIP ,4
4499,2025-01-21,CUST0489,Sofia Miller ,Returning,Interior Detail,Facebook,Charlotte,Port Charlotte,90,90,20,110,139,cash ,,4
4500,2025-08-30 00:00:00,CUST1106,NOAH SMITH,Returning,Ceramic Coating,youtube,Sarasota,North Port,350,385,0,385,90,Cash App,SUMMER10,4
4501,2025-04-19 00:00:00,CUST0233,LIAM BROWN,Returning,Interior Detail,YouTube,Charlotte,Punta Gorda,90,$92.00,10,102,85,Venmo,,
4502,2025-10-30 00:00:00,CUST0980,AVA MILLER,Returning,Premium Wash,Referred,Charlotte,Punta Gorda,70,77,5,82,146,CARD,,4
4503,2025-03-25 00:00:00,CUST1189,ALEX SMITH,Returning,Premium Wash,Facebook,Charlotte,Punta Gorda,70,75,0,75.0,156,CARD,NEWCUSTOMER,5
4504,2025-03-24 00:00:00,CUST0430,Olivia Brown ,Returning,Premium Wash,TIKTOK,Sarasota,North Port,70,70,15,85,64,Card,,5
4505,2025-10-18 00:00:00,CUST0462,LIAM BROWN,Returning,Interior Detail,tiktok,Sarasota,North Port,90,97,10,107,155,Cash App,,5
4506,10-03-2025,CUST0657,Ava Garcia,Returning,Interior Detail,Word of Mouth,Charlotte,Punta Gorda,90,90,10,100,171,Card,,4
4507,2025-05-09 00:00:00,CUST0723,Alex  Garcia,Returning,Full Detail,Facebook,Charlotte,Port Charlotte,150,152,0,152,84,Venmo,,3
4508,2025-07-15 00:00:00,CUST0548,John Wilson ,Returning,Full Detail,tiktok,Sarasota,North Port,150,170,0,170,136,Cash App,,5
4509,2025-05-20 00:00:00,CUST1032,Liam Martinez ,Returning,Full Detail,TIKTOK,Sarasota,Sarasota,150,155,5,160,87,Venmo,NEWCUSTOMER,
4510,2025-10-10 00:00:00,CUST0867,John Martinez ,Returning,Interior Detail,tiktok,Sarasota,Sarasota,90,101,0,101,111,Venmo,,4
4511,2025-11-08 00:00:00,CUST0568,Liam  Martinez,Returning,Premium Wash,Youtube,Sarasota,Venice,70,75,-5,75,114,Zelle,NEWCUSTOMER,
4512,2025-08-22 00:00:00,CUST0112, Noah Taylor,Returning,Interior Detail,Instagram,Charlotte,Port Charlotte,90,101,15,116,45,Cash,,4
4513,2025-01-23 00:00:00,CUST0130,Noah  Wilson,Returning,Basic Wash,FB,Charlotte,Port Charlotte,40,42,20,62,33,Zelle,,5
4514,2025-06-02 00:00:00,CUST0764,olivia martinez,Returning,Interior Detail,Word of Mouth,Charlotte,Punta Gorda,90,92,15,107,145,Card,NEWCUSTOMER,4
4515,2025-10-04 00:00:00,CUST0708,ALEX SMITH,Returning,Premium Wash,YOUTUBE ,Charlotte,Punta Gorda,70,$79.00,20,99,110,Card,,
4516,2025-03-02 00:00:00,CUST0927, Liam Martinez,Returning,Premium Wash,Instagram ,Sarasota,North Port,70,72,5,77,159,Venmo,,4
4517,2025-11-15 00:00:00,CUST0996,Alex  Taylor,Returning,Full Detail,FB,Sarasota,Venice,150,165,20,185,80,Cash,NEWCUSTOMER,3
4518,2025-02-21 00:00:00,CUST1027, Mary Anderson,Returning,Full Detail,youtube,Charlotte,Punta Gorda,150,155,0,155,121,Card,,3
4519,2025-12-10 00:00:00,CUST1079,ALEX GARCIA,Returning,Interior Detail,TikTok,Sarasota,North Port,90,99,10,109,64,Card,VIP ,5
4520,2025-06-02,CUST0252,LEWIS ANDERSON,New,Premium Wash,youtube,Charlotte,Punta Gorda,70,75,15,90,135,Cash,SUMMER10,
4521,25-08-2025,CUST0963,Mary  Smith,Returning,Interior Detail,Referred,Sarasota,Venice,90,$104.00,5,109.0,36,cash ,,4
4522,2025-11-07 00:00:00,CUST1090,Lewis  Taylor,Returning,Ceramic Coating,facebook,Charlotte,Port Charlotte,350,387,20,407.0,135,cash ,,5
4523,29-10-2025,CUST1092,Alex  Anderson,Returning,Interior Detail,Referred,Charlotte,Punta Gorda,90,97,0,97,131,Card,SUMMER10,4
4524,2025-02-01 00:00:00,CUST0599,Mary  Anderson,Returning,Basic Wash,YOUTUBE ,Charlotte,Port Charlotte,40,$40.00,0,40,41,Card,,4
4525,2025-02-24 00:00:00,CUST0926, Mary Anderson,Returning,Basic Wash,youtube,Charlotte,Port Charlotte,40,35,5,40,84,Cash App,NEWCUSTOMER,
4526,2025-12-18 00:00:00,CUST0754,Ava Johnson,Returning,Ceramic Coating,Word of Mouth,Sarasota,Sarasota,350,383,20,403,128,cash ,VIP ,
4527,2025-02-05 00:00:00,CUST0135, Mary Anderson,Returning,Full Detail,TIKTOK,Charlotte,Punta Gorda,150,150,20,170,87,Card,NEWCUSTOMER,
4528,2025-04-20 00:00:00,CUST0386,Mary Davis ,Returning,Ceramic Coating,youtube,Sarasota,Sarasota,350,355,15,370,107,Card,SUMMER10,4
4529,2025-06-26 00:00:00,CUST0938,SOFIA JOHNSON,Returning,Interior Detail,Referred,Sarasota,Sarasota,90,85,15,100,135,Card,,5
4530,2025-12-28 00:00:00,CUST0179,John Brown ,Returning,Basic Wash,social,Sarasota,Venice,40,44,5,49,115,CARD,,4
4531,2025-11-10 00:00:00,CUST0165,Lewis Brown ,Returning,Basic Wash,referral,Sarasota,North Port,40,49,15,64,151,Venmo,VIP ,5
4532,2025-10-22 00:00:00,CUST0801, Ava Martinez,Returning,Premium Wash,youtube,Charlotte,Punta Gorda,70,79,20,99,113,Cash,,5
4533,2025-12-02 00:00:00,CUST0367,Emma Brown,Returning,Ceramic Coating,social,Charlotte,Punta Gorda,350,385,15,400,124,Cash App,,4
4534,2025-04-07 00:00:00,CUST0591,Noah  Garcia,Returning,Ceramic Coating,youtube,Sarasota,North Port,350,348,0,348,35,Cash,SUMMER10,5
4535,2025-08-01 00:00:00,CUST0158,Mary Smith ,Returning,Full Detail,TikTok,Sarasota,Venice,150,167,5,172,78,cash ,VIP ,5
4536,2025-11-13 00:00:00,CUST0224,Sofia  Anderson,Returning,Full Detail,YouTube,Charlotte,Port Charlotte,150,170,15,185,30,Card,NEWCUSTOMER,4
4537,2025-05-17 00:00:00,CUST0338,alex taylor,Returning,Ceramic Coating,Facebook,Sarasota,Sarasota,350,350,10,360,66,Card,,4
4538,2025-01-06 00:00:00,CUST0566, Mary Wilson,Returning,Ceramic Coating,Tik tok,Sarasota,North Port,350,350,5,355,122,Cash,NEWCUSTOMER,3
4539,2025-04-19 00:00:00,CUST0230,Alex Miller ,Returning,Basic Wash,referral,Charlotte,Punta Gorda,40,40,0,40,98,Card,NEWCUSTOMER,
4540,2025-02-04 00:00:00,CUST0304,Sofia Wilson ,Returning,Premium Wash,Instagram,Charlotte,Port Charlotte,70,72,10,82,172,Zelle,,5
4541,2025-02-08 00:00:00,CUST1017, Olivia Anderson,Returning,Full Detail,YOUTUBE ,Charlotte,Punta Gorda,150,150,0,150,74,Cash App,SUMMER10,
4542,2025-05-30 00:00:00,CUST0309,Lewis  Anderson,Returning,Basic Wash,TIKTOK,Charlotte,Punta Gorda,40,45,0,45,73,Card,SUMMER10,4
4543,2025-04-28 00:00:00,CUST0419,MARY MARTINEZ,Returning,Ceramic Coating,referral,Charlotte,Port Charlotte,350,350,0,350,80,Zelle,,5
4544,2025-09-18 00:00:00,CUST1067,Emma  Smith,Returning,Basic Wash,Referral,Sarasota,North Port,40,44,15,59,53,cash ,NEWCUSTOMER,
4545,2025-03-28 00:00:00,CUST0047,john smith,Returning,Basic Wash,YOUTUBE ,Sarasota,Venice,40,42,5,47,173,Zelle,NEWCUSTOMER,5
4546,2025-03-17 00:00:00,CUST0601,Ava Davis,New,Basic Wash,Instagram ,Sarasota,Sarasota,40,$38.00,10,48,88,Card,SUMMER10,4
4547,2025-11-09 00:00:00,CUST0854,Ava Johnson,Returning,Interior Detail,tiktok,Sarasota,Sarasota,90,99,15,114,126,Card,,5
4548,2025-08-02 00:00:00,CUST1109,Olivia Taylor,Returning,Interior Detail,YouTube,Charlotte,Punta Gorda,90,99,0,99,133,Zelle,,5
4549,2025-10-12 00:00:00,CUST0271,JOHN MARTINEZ,Returning,Interior Detail,,Charlotte,Punta Gorda,90,101,10,111,175,Venmo,,3
4550,2025-08-27 00:00:00,CUST0971,Mary Smith ,Returning,Full Detail,Instagram ,Sarasota,Sarasota,150,160,0,160,118,CARD,,5
4551,2025-06-14 00:00:00,CUST0711,Lewis Taylor,Returning,Premium Wash,facebook,Charlotte,Punta Gorda,70,70,5,75,119,Card,VIP ,3
4552,2025-03-28 00:00:00,CUST0861,LIAM MARTINEZ,Returning,Basic Wash,Tik tok,Charlotte,Port Charlotte,40,42,10,52,105,Cash App,SUMMER10,4
4553,2025-05-21 00:00:00,CUST0910, Noah Brown,Returning,Premium Wash,Instagram,Sarasota,North Port,70,70,5,75,66,Venmo,,5
4554,2025-06-09 00:00:00,CUST0044,Lewis Davis ,Returning,Premium Wash,Youtube,Charlotte,Port Charlotte,70,65,0,65,154,CARD,,5
4555,2025-02-15 00:00:00,CUST0598,Noah  Wilson,Returning,Interior Detail,Instagram,Charlotte,Port Charlotte,90,88,-5,88,35,Zelle,VIP ,4
4556,2025-04-22 00:00:00,CUST0388, John Smith,Returning,Ceramic Coating,FACEBOOK,Sarasota,Venice,350,348,5,353,62,CARD,,5
4557,2025-02-14 00:00:00,CUST0129,Sofia  Miller,Returning,Full Detail,Tik tok,Charlotte,Port Charlotte,150,150,0,150,105,Card,,4
4558,2025-09-04 00:00:00,CUST0046,Noah  Brown,Returning,Basic Wash,facebook,Charlotte,Punta Gorda,40,49,5,54,115,Zelle,SUMMER10,5
4559,2025-04-14 00:00:00,CUST0476,LEWIS DAVIS,Returning,Interior Detail,referral,Charlotte,Port Charlotte,90,92,0,92,136,Zelle,SUMMER10,4
4560,2025-03-26 00:00:00,CUST1065,LEWIS DAVIS,Returning,Basic Wash,referral,Charlotte,Punta Gorda,40,40,10,50,116,Zelle,VIP ,5
4561,2025-05-14 00:00:00,CUST0688,Liam  Johnson,Returning,Full Detail,Instagram ,Sarasota,North Port,150,148,10,158,58,cash ,SUMMER10,4
4562,2025-04-18 00:00:00,CUST0844,Emma  Miller,Returning,Full Detail,Instagram ,Sarasota,North Port,150,148,20,168,105,Cash,SUMMER10,4
4563,2025-01-18 00:00:00,CUST1186,Emma Garcia,Returning,Full Detail,Insta,Charlotte,Punta Gorda,150,145,5,150,57,CARD,SUMMER10,4
4564,2025-04-04 00:00:00,CUST0703,noah brown,Returning,Basic Wash,instagram,Charlotte,Punta Gorda,40,42,15,57,142,Card,VIP ,3
4565,2025-05-30 00:00:00,CUST0669,SOFIA BROWN,Returning,Ceramic Coating,Instagram ,Sarasota,North Port,350,350,20,370,179,Zelle,NEWCUSTOMER,4
4566,2025-09-03 00:00:00,CUST0996,liam taylor,Returning,Full Detail,facebook,Sarasota,Venice,150,165,5,170.0,169,CARD,,3
4566,2025-09-03 00:00:00,CUST0996,liam taylor,Returning,Full Detail,facebook,Sarasota,Venice,150,165,5,170.0,169,CARD,,3
4567,2025-10-16 00:00:00,CUST1086,John Johnson ,Returning,Interior Detail,Insta,Charlotte,Punta Gorda,90,94,10,104,142,Cash,,3
4568,2025-07-28 00:00:00,CUST1124, Olivia Davis,Returning,Premium Wash,FaceBook ,Sarasota,Sarasota,70,75,20,95,140,Card,SUMMER10,5
4569,2025-05-06 00:00:00,CUST0912,OLIVIA BROWN,Returning,Full Detail,tiktok,Charlotte,Port Charlotte,150,150,0,150,65,Zelle,NEWCUSTOMER,4
4570,2025-08-23 00:00:00,CUST0938,JOHN SMITH,Returning,Ceramic Coating,Word of Mouth,Sarasota,Sarasota,350,383,20,403,31,cash ,SUMMER10,4
4571,2025-05-02 00:00:00,CUST0623,SOFIA SMITH,Returning,Basic Wash,YOUTUBE ,Sarasota,Venice,40,38,10,48,106,Card,,5
4572,2025-05-18 00:00:00,CUST1162, Emma Garcia,Returning,Basic Wash,YOUTUBE ,Sarasota,Venice,40,$40.00,15,55,140,Zelle,,5
4573,2025-04-25 00:00:00,CUST0271, Olivia Miller,Returning,Interior Detail,TikTok,Charlotte,Punta Gorda,90,90,0,90,166,Card,,4
4574,2025-06-11 00:00:00,CUST0628,Sofia Davis,New,Premium Wash,FaceBook ,Sarasota,North Port,70,68,10,78,151,Venmo,NEWCUSTOMER,5
4575,2025-07-20 00:00:00,CUST0352,noah garcia,New,Ceramic Coating,YOUTUBE ,Charlotte,Punta Gorda,350,385,20,405,119,cash ,NEWCUSTOMER,5
4576,2025-08-22 00:00:00,CUST0533,Lewis  Taylor,Returning,Full Detail,Instagram,Sarasota,Sarasota,150,160,10,170,60,CARD,NEWCUSTOMER,3
4577,2025-01-28 00:00:00,CUST0465,Olivia  Martinez,Returning,Ceramic Coating,tiktok,Charlotte,Port Charlotte,350,345,20,365,113,Cash App,VIP ,5
4578,2025-01-11 00:00:00,CUST0992,Liam  Wilson,Returning,Basic Wash,YouTube,Charlotte,Punta Gorda,40,$35.00,15,50,31,Card,SUMMER10,3
4579,2025-07-25 00:00:00,CUST0762, Emma Taylor,Returning,Full Detail,instagram,Sarasota,Venice,150,170,10,180,127,Cash,VIP ,3
4580,2025-06-16 00:00:00,CUST0591,EMMA JOHNSON,Returning,Interior Detail,Youtube,Sarasota,North Port,90,90,0,90,156,Zelle,VIP ,4
4581,2025-09-04 00:00:00,CUST0097,AVA ANDERSON,Returning,Full Detail,YouTube,Sarasota,Sarasota,150,160,0,160,146,Cash,,5
4582,2025-02-16 00:00:00,CUST0304,Olivia Brown ,Returning,Interior Detail,instagram,Charlotte,Port Charlotte,90,$85.00,0,85,163,Cash App,,3
4583,2025-09-03 00:00:00,CUST0724,Olivia Miller,Returning,Ceramic Coating,Referred,Sarasota,Sarasota,350,380,20,400,134,Venmo,,5
4584,2025-05-07 00:00:00,CUST0583,Lewis Miller ,Returning,Interior Detail,YouTube,Sarasota,Sarasota,90,$85.00,0,85,37,CARD,NEWCUSTOMER,3
4585,2025-05-27 00:00:00,CUST0934,NOAH TAYLOR,Returning,Premium Wash,TIKTOK,Sarasota,Sarasota,70,68,10,78,84,Card,,5
4586,2025-04-28 00:00:00,CUST0341,Noah  Johnson,Returning,Ceramic Coating,referral,Sarasota,Sarasota,350,355,5,360,178,Venmo,SUMMER10,3
4587,2025-06-01 00:00:00,CUST0330,Lewis  Johnson,Returning,Full Detail,TIKTOK,Sarasota,North Port,150,150,20,170,33,Card,,3
4588,2025-03-13 00:00:00,CUST1097,LIAM TAYLOR,Returning,Basic Wash,Referred,Charlotte,Port Charlotte,40,42,0,42,100,Card,VIP ,5
4589,2025-12-29 00:00:00,CUST0585,Sofia Smith ,New,Basic Wash,,Sarasota,Venice,40,$46.00,10,56,176,Zelle,,5
4590,2025-05-17 00:00:00,CUST0374,ALEX GARCIA,Returning,Ceramic Coating,Instagram ,Sarasota,Sarasota,350,350,10,360,70,Cash,SUMMER10,
4591,2025-06-24 00:00:00,CUST0360,Alex Miller ,Returning,Premium Wash,referral,Charlotte,Port Charlotte,70,65,0,65,93,Cash App,,4
4592,2025-10-16 00:00:00,CUST0315, Olivia Garcia,Returning,Ceramic Coating,YouTube,Sarasota,Venice,350,385,0,385,106,CARD,,3
4593,2025-01-19 00:00:00,CUST0331,Ava Martinez ,Returning,Interior Detail,YouTube,Sarasota,Venice,90,85,0,85,74,Venmo,,4
4594,2025-07-14 00:00:00,CUST0488, Ava Anderson,Returning,Premium Wash,TikTok,Sarasota,Sarasota,70,79,0,79,160,Venmo,,5
4595,2025-11-26 00:00:00,CUST0240, Sofia Smith,Returning,Basic Wash,tiktok,Charlotte,Port Charlotte,40,49,5,54.0,153,Cash App,SUMMER10,
4596,2025-06-24 00:00:00,CUST0085,Alex  Taylor,Returning,Ceramic Coating,Instagram,Charlotte,Punta Gorda,350,348,5,353,43,Venmo,,5
4597,2025-12-20 00:00:00,CUST0649,Noah Miller,Returning,Interior Detail,,Sarasota,Sarasota,90,99,20,119,137,CARD,SUMMER10,3
4598,2025-05-21 00:00:00,CUST1177,AVA MARTINEZ,Returning,Interior Detail,Facebook,Charlotte,Port Charlotte,90,85,20,105,137,Card,NEWCUSTOMER,4
4599,2025-09-03 00:00:00,CUST0260, Liam Anderson,Returning,Ceramic Coating,,Charlotte,Port Charlotte,350,390,0,390,172,Zelle,,4
4600,2025-04-03 00:00:00,CUST0903,John Brown,Returning,Premium Wash,Youtube,Sarasota,North Port,70,68,0,68,164,Venmo,,5
4601,2025-08-27 00:00:00,CUST0534,Olivia Johnson ,Returning,Ceramic Coating,TikTok,Sarasota,Venice,350,383,0,383,62,cash ,NEWCUSTOMER,4
4602,2025-07-24,CUST0758,Lewis  Taylor,Returning,Premium Wash,Facebook,Sarasota,Sarasota,70,77,10,87,33,Zelle,SUMMER10,5
4603,2025-02-17 00:00:00,CUST0378,Lewis  Johnson,Returning,Full Detail,YOUTUBE ,Charlotte,Port Charlotte,150,150,0,150,84,Card,VIP ,
4604,2025-09-02 00:00:00,CUST0421,John Martinez,Returning,Full Detail,Referred,Sarasota,Sarasota,150,170,0,170,166,Venmo,SUMMER10,5
4605,2025-11-16 00:00:00,CUST1152,ava wilson,Returning,Basic Wash,TikTok,Sarasota,North Port,40,39,20,59,178,CARD,NEWCUSTOMER,3
4606,2025-11-13 00:00:00,CUST0072,Alex  Martinez,Returning,Full Detail,,Sarasota,Sarasota,150,163,5,168,45,Zelle,SUMMER10,4
4607,2025-10-22 00:00:00,CUST0650,emma anderson,Returning,Premium Wash,tiktok,Charlotte,Port Charlotte,70,$82.00,15,97,167,Cash,VIP ,4
4608,2025-05-08 00:00:00,CUST0705, Noah Brown,Returning,Premium Wash,TIKTOK,Charlotte,Port Charlotte,70,$65.00,10,75,156,Card,NEWCUSTOMER,5
4609,2025-12-10 00:00:00,CUST0303,liam smith,Returning,Interior Detail,TIKTOK,Charlotte,Port Charlotte,90,101,20,121,124,Cash App,,
4610,2025-10-09 00:00:00,CUST0764,Noah Garcia,Returning,Basic Wash,Referred,Charlotte,Punta Gorda,40,39,15,54,167,cash ,,4
4611,2025-01-17 00:00:00,CUST0919,lewis martinez,Returning,Premium Wash,facebook,Charlotte,Punta Gorda,70,72,5,77,101,Card,NEWCUSTOMER,5
4612,2025-03-12 00:00:00,CUST1106,lewis brown,Returning,Interior Detail,youtube,Sarasota,North Port,90,92,20,112,148,Cash App,,3
4613,2025-09-26 00:00:00,CUST0333,Noah  Martinez,Returning,Full Detail,instagram,Sarasota,Venice,150,165,15,180.0,59,CARD,,4
4614,2025-11-21 00:00:00,CUST1093,Emma Wilson,Returning,Interior Detail,Tik tok,Sarasota,Sarasota,90,94,10,104,152,cash ,SUMMER10,
4615,2025-10-09 00:00:00,CUST0618, Mary Davis,Returning,Full Detail,Tik tok,Sarasota,North Port,150,163,0,163,153,Cash App,NEWCUSTOMER,5
4616,2025-11-01 00:00:00,CUST0249, Sofia Wilson,Returning,Full Detail,TikTok,Sarasota,Venice,150,163,0,163,171,cash ,,5
4617,2025-01-07 00:00:00,CUST0052, John Johnson,Returning,Premium Wash,Referral,Sarasota,North Port,70,68,10,78,67,cash ,VIP ,3
4618,2025-11-10 00:00:00,CUST0829,Mary  Brown,Returning,Basic Wash,Tik tok,Charlotte,Punta Gorda,40,39,0,39,75,CARD,,3
4619,2025-11-01 00:00:00,CUST1023,Mary  Wilson,Returning,Interior Detail,instagram,Sarasota,Sarasota,90,101,0,101,91,CARD,NEWCUSTOMER,5
4620,2025-04-13 00:00:00,CUST0298,Liam Anderson,Returning,Interior Detail,YouTube,Charlotte,Port Charlotte,90,90,5,95,125,Venmo,SUMMER10,
4621,2025-11-05 00:00:00,CUST0939, Lewis Taylor,Returning,Full Detail,Referred,Sarasota,Venice,150,160,0,160,161,Zelle,,4
4622,2025-07-12 00:00:00,CUST0656,alex miller,Returning,Interior Detail,facebook,Sarasota,North Port,90,99,5,104,31,Zelle,NEWCUSTOMER,3
4623,08/29/2025,CUST0320,alex taylor,Returning,Full Detail,TikTok,Sarasota,Sarasota,150,167,0,167,87,Zelle,,
4624,2025-03-03 00:00:00,CUST0009,Emma  Anderson,Returning,Basic Wash,Word of Mouth,Charlotte,Punta Gorda,40,40,5,45,52,cash ,,5
4625,2025-01-17 00:00:00,CUST1119, Mary Johnson,Returning,Premium Wash,FACEBOOK,Charlotte,Punta Gorda,70,72,0,72,179,Cash App,,5
4626,2025-06-20 00:00:00,CUST1040,LIAM DAVIS,Returning,Premium Wash,YOUTUBE ,Charlotte,Punta Gorda,70,70,15,85,123,Cash App,NEWCUSTOMER,3
4627,2025-01-25 00:00:00,CUST0679,John  Miller,Returning,Ceramic Coating,Referred,Sarasota,North Port,350,348,5,353,98,Cash,SUMMER10,4
4628,2025-09-08 00:00:00,CUST0606,alex martinez,Returning,Full Detail,tiktok,Sarasota,North Port,150,170,0,170,118,cash ,SUMMER10,5
4629,2025-09-10 00:00:00,CUST0971,Olivia  Johnson,Returning,Basic Wash,Instagram,Sarasota,Sarasota,40,49,0,49,99,Cash,,5
4630,2025-07-26 00:00:00,CUST0594, Lewis Garcia,Returning,Interior Detail,FaceBook ,Charlotte,Port Charlotte,90,104,10,114,157,Card,VIP ,
4631,2025-01-29 00:00:00,CUST1175, John Garcia,Returning,Premium Wash,Youtube,Charlotte,Punta Gorda,70,72,0,72,92,Venmo,NEWCUSTOMER,
4632,2025-04-27 00:00:00,CUST0302,Ava  Brown,Returning,Full Detail,FACEBOOK,Sarasota,North Port,150,150,20,170,60,Zelle,,4
4633,2025-10-09 00:00:00,CUST1158,mary miller,Returning,Full Detail,Referral,Sarasota,North Port,150,165,20,185,124,Cash,NEWCUSTOMER,4
4634,2025-05-24 00:00:00,CUST0906, Alex Garcia,Returning,Basic Wash,YouTube,Sarasota,Sarasota,40,40,0,40,95,Cash App,,4
4635,2025-01-25 00:00:00,CUST0694,Olivia Martinez ,Returning,Ceramic Coating,referral,Sarasota,Sarasota,350,345,0,345,142,CARD,VIP ,3
4636,2025-11-06 00:00:00,CUST0231,OLIVIA BROWN,Returning,Basic Wash,FB,Sarasota,North Port,40,44,0,44,40,Cash App,,5
4637,2025-06-05 00:00:00,CUST0981,LEWIS MARTINEZ,Returning,Premium Wash,FaceBook ,Sarasota,Venice,70,68,0,68,171,Zelle,NEWCUSTOMER,4
4638,2025-03-14 00:00:00,CUST0083,olivia miller,Returning,Premium Wash,referral,Sarasota,Sarasota,70,65,20,85,164,Cash App,SUMMER10,4
4639,2025-04-30 00:00:00,CUST0286,Mary Martinez,Returning,Basic Wash,facebook,Sarasota,Venice,40,40,5,45,124,cash ,VIP ,3
4640,2025-11-08 00:00:00,CUST1129, Alex Johnson,New,Basic Wash,instagram,Sarasota,Venice,40,44,0,44,71,Zelle,NEWCUSTOMER,4
4641,2025-11-17 00:00:00,CUST0240,Ava Smith ,Returning,Premium Wash,TIKTOK,Charlotte,Port Charlotte,70,77,20,97,95,Cash,,5
4642,2025-04-03 00:00:00,CUST0631,LEWIS GARCIA,Returning,Premium Wash,FaceBook ,Sarasota,Venice,70,68,5,73,67,CARD,,3
4643,2025-03-27 00:00:00,CUST0051,Emma  Wilson,Returning,Interior Detail,facebook,Charlotte,Punta Gorda,90,90,0,90,165,Card,,5
4644,2025-12-02 00:00:00,CUST0823, Sofia Brown,Returning,Premium Wash,referral,Charlotte,Port Charlotte,70,75,0,75,65,Venmo,,4
4645,2025-12-30 00:00:00,CUST0452, John Taylor,Returning,Premium Wash,Instagram ,Sarasota,Venice,70,77,5,82,103,Cash,SUMMER10,4
4646,2025-04-28 00:00:00,CUST0914, Olivia Garcia,Returning,Basic Wash,Tik tok,Charlotte,Port Charlotte,40,40,0,40,43,Card,,5
4647,2025-08-21 00:00:00,CUST0732,Mary  Martinez,Returning,Interior Detail,tiktok,Charlotte,Punta Gorda,90,97,20,117,127,Venmo,SUMMER10,5
4648,2025-07-18 00:00:00,CUST0190,Noah Smith ,Returning,Full Detail,instagram,Sarasota,Venice,150,160,0,160,82,Card,,5
4649,2025-07-25 00:00:00,CUST0669,john martinez,Returning,Full Detail,Instagram,Sarasota,North Port,150,165,15,180,41,CARD,,5
4650,2025-12-05 00:00:00,CUST0113,Noah  Garcia,Returning,Basic Wash,Youtube,Charlotte,Port Charlotte,40,39,15,54,176,CARD,SUMMER10,
4651,2025-05-27 00:00:00,CUST0400,Emma Miller ,Returning,Ceramic Coating,Tik tok,Sarasota,Sarasota,350,350,10,360,43,Venmo,VIP ,5
4652,2025-09-28 00:00:00,CUST1195,John Taylor,Returning,Full Detail,Instagram ,Charlotte,Punta Gorda,150,165,0,165,148,Cash App,NEWCUSTOMER,5
4653,2025-05-19 00:00:00,CUST1079,Ava Martinez ,Returning,Interior Detail,TIKTOK,Sarasota,North Port,90,90,0,90,84,Card,NEWCUSTOMER,4
4654,2025-06-30 00:00:00,CUST0455,Noah Davis ,Returning,Ceramic Coating,Referral,Sarasota,Sarasota,350,$345.00,0,345,34,Venmo,,5
4655,2025-01-30 00:00:00,CUST0570, Emma Anderson,Returning,Ceramic Coating,YOUTUBE ,Sarasota,Venice,350,355,0,355,82,Cash App,,
4656,2025-02-26 00:00:00,CUST0401, Sofia Miller,Returning,Premium Wash,instagram,Charlotte,Punta Gorda,70,70,5,75,151,Venmo,SUMMER10,4
4657,2025-08-20 00:00:00,CUST0047,Noah Brown,Returning,Basic Wash,YouTube,Sarasota,Venice,40,46,20,66,137,Cash,,3
4658,2025-05-26 00:00:00,CUST0172, Liam Johnson,Returning,Premium Wash,Instagram ,Charlotte,Punta Gorda,70,68,5,73,173,Card,SUMMER10,5
4659,2025-02-17 00:00:00,CUST1103,mary taylor,Returning,Premium Wash,Facebook,Sarasota,Venice,70,72,0,72,33,CARD,VIP ,5
4660,2025-07-13 00:00:00,CUST0913,lewis smith,Returning,Ceramic Coating,youtube,Sarasota,Venice,350,387,10,397,69,Card,NEWCUSTOMER,
4661,2025-08-12 00:00:00,CUST0179,John Martinez,Returning,Full Detail,social,Sarasota,Venice,150,170,5,175,166,CARD,SUMMER10,5
4662,2025-05-16 00:00:00,CUST1049,JOHN MILLER,New,Basic Wash,Youtube,Sarasota,Sarasota,40,45,0,45,47,Card,,5
4663,2025-01-22 00:00:00,CUST0808,Ava  Garcia,Returning,Interior Detail,referral,Charlotte,Port Charlotte,90,90,0,90,116,Zelle,,
4664,2025-01-06 00:00:00,CUST0399,Emma Miller,Returning,Premium Wash,YouTube,Sarasota,Venice,70,68,5,73,132,Cash App,,4
4665,2025-07-23 00:00:00,CUST1005,NOAH SMITH,Returning,Premium Wash,referral,Sarasota,North Port,70,75,15,90,179,Venmo,,3
4666,2025-08-27 00:00:00,CUST0651,JOHN ANDERSON,Returning,Premium Wash,tiktok,Sarasota,Sarasota,70,77,10,87,176,Card,,4
4667,2025-07-04 00:00:00,CUST1048,Liam Johnson ,Returning,Ceramic Coating,YOUTUBE ,Charlotte,Punta Gorda,350,383,10,393,153,Cash App,,3
4668,2025-12-26 00:00:00,CUST0115, Olivia Wilson,Returning,Interior Detail,Instagram ,Sarasota,Sarasota,90,$104.00,20,124,48,CARD,,4
4669,2025-10-19 00:00:00,CUST0740,OLIVIA WILSON,Returning,Basic Wash,Referral,Charlotte,Port Charlotte,40,46,10,56,130,Venmo,,4
4670,2025-12-01 00:00:00,CUST0815, Sofia Brown,Returning,Interior Detail,youtube,Charlotte,Port Charlotte,90,94,5,99,116,Zelle,,5
4671,2025-08-08 00:00:00,CUST0303,LEWIS MARTINEZ,Returning,Premium Wash,TikTok,Charlotte,Port Charlotte,70,79,10,89,108,CARD,,5
4672,2025-04-26 00:00:00,CUST0876,Emma Wilson,Returning,Ceramic Coating,referral,Sarasota,Venice,350,355,0,355,165,Zelle,,5
4673,2025-11-09 00:00:00,CUST0758,Lewis  Miller,Returning,Ceramic Coating,Facebook,Sarasota,Sarasota,350,385,5,390,112,cash ,,
4673,2025-11-09 00:00:00,CUST0758,Lewis  Miller,Returning,Ceramic Coating,Facebook,Sarasota,Sarasota,350,385,5,390,112,cash ,,
4674,2025-02-18 00:00:00,CUST0791,Lewis Taylor,Returning,Full Detail,Tik tok,Charlotte,Punta Gorda,150,152,0,152,170,cash ,NEWCUSTOMER,3
4675,2025-06-22 00:00:00,CUST0764,Sofia  Martinez,Returning,Ceramic Coating,Referred,Charlotte,Punta Gorda,350,345,0,345,131,Cash App,,
4676,2025-03-23 00:00:00,CUST0025,Noah Johnson ,Returning,Ceramic Coating,Instagram,Charlotte,Punta Gorda,350,348,10,358,141,cash ,,4
4677,2025-11-18 00:00:00,CUST0583,John Johnson ,Returning,Basic Wash,Youtube,Sarasota,Sarasota,40,39,5,44,53,Card,,4
4678,2025-11-29 00:00:00,CUST0707,Lewis Miller,Returning,Interior Detail,Youtube,Sarasota,North Port,90,99,5,104,71,CARD,SUMMER10,5
4679,2025-02-14 00:00:00,CUST0720,Ava  Brown,Returning,Basic Wash,Youtube,Charlotte,Punta Gorda,40,35,10,45,132,Zelle,,3
4680,2025-12-01 00:00:00,CUST0631,Olivia Smith,Returning,Ceramic Coating,Facebook,Sarasota,Venice,350,380,5,385.0,144,Venmo,VIP ,3
4681,2025-01-20 00:00:00,CUST0913,EMMA ANDERSON,Returning,Ceramic Coating,youtube,Sarasota,Venice,350,355,5,360,41,Zelle,NEWCUSTOMER,5
4682,2025-08-09 00:00:00,CUST1149,Mary Garcia,Returning,Full Detail,TIKTOK,Sarasota,North Port,150,$163.00,15,178,113,cash ,NEWCUSTOMER,5
4683,2025-05-03 00:00:00,CUST0180,Alex Taylor ,Returning,Ceramic Coating,Youtube,Charlotte,Punta Gorda,350,350,5,355,52,CARD,VIP ,4
4684,2025-08-22 00:00:00,CUST0442,Olivia  Anderson,Returning,Full Detail,referral,Sarasota,North Port,150,167,15,182,68,Venmo,,
4685,2025-08-09 00:00:00,CUST0910,Olivia  Martinez,Returning,Interior Detail,Instagram,Sarasota,North Port,90,97,20,117,52,Cash,NEWCUSTOMER,4
4686,2025-11-19 00:00:00,CUST0852,John  Taylor,Returning,Premium Wash,tiktok,Charlotte,Punta Gorda,70,72,0,72,57,Cash App,NEWCUSTOMER,4
4687,2025-12-05 00:00:00,CUST0907, Mary Johnson,Returning,Ceramic Coating,FB,Sarasota,North Port,350,385,0,385,156,CARD,,4
4688,2025-01-03 00:00:00,CUST0592,Mary  Smith,Returning,Ceramic Coating,Referral,Charlotte,Port Charlotte,350,350,5,355,92,Cash App,NEWCUSTOMER,4
4689,2025-07-01 00:00:00,CUST0336,Emma  Wilson,Returning,Ceramic Coating,Youtube,Charlotte,Punta Gorda,350,380,5,385,72,Venmo,VIP ,5
4690,2025-07-25 00:00:00,CUST0869,Noah Smith ,Returning,Ceramic Coating,youtube,Sarasota,Sarasota,350,383,5,388.0,150,Cash App,,5
4691,2025-11-16 00:00:00,CUST0849,Olivia Garcia ,Returning,Full Detail,facebook,Charlotte,Port Charlotte,150,163,0,163,39,Venmo,,3
4692,2025-02-09 00:00:00,CUST0286,Lewis  Taylor,Returning,Full Detail,Facebook,Sarasota,Venice,150,150,0,150,110,CARD,SUMMER10,5
4693,2025-02-28 00:00:00,CUST0177,John  Anderson,Returning,Interior Detail,YOUTUBE ,Sarasota,North Port,90,90,5,95,165,Cash App,,3
4694,2025-03-03 00:00:00,CUST0295,Ava  Anderson,Returning,Premium Wash,instagram,Charlotte,Punta Gorda,70,68,0,68,135,Card,,
4695,2025-05-12 00:00:00,CUST0426,John Davis ,Returning,Ceramic Coating,FaceBook ,Charlotte,Punta Gorda,350,355,0,355,99,Zelle,,5
4696,03/01/2025,CUST0622,alex anderson,Returning,Basic Wash,Instagram,Sarasota,Sarasota,40,35,20,55,141,Venmo,VIP ,
4696,03/01/2025,CUST0622,alex anderson,Returning,Basic Wash,Instagram,Sarasota,Sarasota,40,35,20,55,141,Venmo,VIP ,
4697,2025-11-27 00:00:00,CUST0973,Ava  Wilson,Returning,Ceramic Coating,,Charlotte,Punta Gorda,350,390,0,390,146,Venmo,,
4698,2025-05-02 00:00:00,CUST1076,Ava Taylor ,Returning,Basic Wash,Instagram ,Charlotte,Port Charlotte,40,45,0,45,71,Cash App,,3
4699,04/17/2025,CUST0687,Mary  Brown,Returning,Interior Detail,social,Sarasota,Venice,90,90,20,110,62,Cash,,4
4700,2025-04-06 00:00:00,CUST0136,Liam Garcia ,Returning,Ceramic Coating,TikTok,Sarasota,Venice,350,350,0,350,84,Cash,SUMMER10,4
4701,2025-12-13 00:00:00,CUST0770,Mary Brown ,Returning,Interior Detail,Youtube,Sarasota,North Port,90,$94.00,10,104,81,Cash App,NEWCUSTOMER,5
4702,2025-08-23 00:00:00,CUST0182, Emma Davis,Returning,Basic Wash,Insta,Sarasota,Sarasota,40,42,0,42,133,Zelle,SUMMER10,
4703,2025-03-03 00:00:00,CUST0014,liam miller,Returning,Full Detail,,Sarasota,Sarasota,150,152,10,162,140,Card,NEWCUSTOMER,5
4704,2025-09-13 00:00:00,CUST0839,Noah Garcia,Returning,Basic Wash,Facebook,Charlotte,Punta Gorda,40,44,5,49,41,Cash,,4
4705,2025-02-18 00:00:00,CUST0560,Ava Martinez ,Returning,Interior Detail,Referred,Sarasota,North Port,90,88,10,98,87,Zelle,NEWCUSTOMER,4
4706,2025-12-14 00:00:00,CUST0849, Ava Taylor,Returning,Premium Wash,FaceBook ,Charlotte,Port Charlotte,70,77,0,77,140,cash ,NEWCUSTOMER,4
4707,2025-06-08 00:00:00,CUST0359, Noah Smith,Returning,Full Detail,Tik tok,Charlotte,Punta Gorda,150,148,0,148,160,Card,,5
4708,2025-05-04 00:00:00,CUST1139, John Brown,Returning,Premium Wash,FaceBook ,Sarasota,Sarasota,70,75,20,95,152,cash ,,4
4709,2025-11-13 00:00:00,CUST0947, Olivia Taylor,Returning,Basic Wash,instagram,Sarasota,Venice,40,$42.00,20,62,50,Cash App,,3
4710,2025-07-26 00:00:00,CUST1164,Lewis Davis ,Returning,Ceramic Coating,tiktok,Sarasota,Venice,350,385,10,395,105,Cash,VIP ,3
4711,2025-02-17 00:00:00,CUST0281,OLIVIA BROWN,Returning,Basic Wash,youtube,Charlotte,Port Charlotte,40,45,0,45,136,Venmo,,
4712,2025-05-16 00:00:00,CUST0409,EMMA DAVIS,Returning,Full Detail,referral,Sarasota,Sarasota,150,145,0,145,102,Zelle,VIP ,4
4713,2025-07-20 00:00:00,CUST0381,NOAH SMITH,Returning,Basic Wash,referral,Sarasota,North Port,40,$42.00,5,47,83,Venmo,SUMMER10,5
4714,2025-09-07 00:00:00,CUST0782,Emma Garcia,Returning,Interior Detail,Tik tok,Charlotte,Punta Gorda,90,$99.00,10,109,73,Venmo,,5
4715,2025-11-10 00:00:00,CUST0593,Lewis Martinez ,Returning,Ceramic Coating,youtube,Sarasota,Sarasota,350,383,20,403,168,Cash,,
4716,2025-12-23 00:00:00,CUST1135,olivia johnson,Returning,Interior Detail,Instagram,Sarasota,Sarasota,90,99,10,109,50,Card,SUMMER10,5
4717,2025-11-14 00:00:00,CUST1005,noah johnson,Returning,Full Detail,Referral,Sarasota,North Port,150,167,10,177,42,Cash,,
4718,2025-10-22 00:00:00,CUST0087,Sofia Garcia ,Returning,Interior Detail,TIKTOK,Charlotte,Punta Gorda,90,94,0,94,127,Cash App,,5
4719,2025-11-10 00:00:00,CUST0619,Sofia Smith,Returning,Ceramic Coating,facebook,Sarasota,Sarasota,350,390,0,390,66,Zelle,,3
4720,28-07-2025,CUST1199,Mary  Garcia,Returning,Basic Wash,Tik tok,Charlotte,Punta Gorda,40,44,20,64,171,Venmo,NEWCUSTOMER,3
4721,2025-12-21 00:00:00,CUST0623,sofia davis,Returning,Ceramic Coating,YouTube,Sarasota,Venice,350,390,20,410,74,Cash App,SUMMER10,4
4722,2025-07-30 00:00:00,CUST1012,Emma  Smith,Returning,Ceramic Coating,tiktok,Sarasota,Venice,350,383,10,393,71,CARD,,
4723,2025-07-11 00:00:00,CUST1146, Liam Garcia,Returning,Ceramic Coating,tiktok,Charlotte,Punta Gorda,350,385,10,395,48,Cash,,4
4724,2025-02-13 00:00:00,CUST0950, Sofia Smith,Returning,Ceramic Coating,Insta,Sarasota,North Port,350,352,5,357,160,Card,NEWCUSTOMER,5
4724,2025-02-13 00:00:00,CUST0950, Sofia Smith,Returning,Ceramic Coating,Insta,Sarasota,North Port,350,352,5,357,160,Card,NEWCUSTOMER,5
4725,2025-01-29 00:00:00,CUST0460,MARY ANDERSON,Returning,Interior Detail,social,Sarasota,Sarasota,90,95,0,95,95,Card,VIP ,5
4726,2025-02-28 00:00:00,CUST0055,John Johnson,Returning,Interior Detail,YOUTUBE ,Sarasota,Venice,90,95,0,95,119,Venmo,VIP ,4
4727,2025-03-12 00:00:00,CUST0006,LIAM SMITH,Returning,Interior Detail,TIKTOK,Sarasota,Sarasota,90,92,20,112,147,cash ,SUMMER10,5
4728,2025-04-02 00:00:00,CUST0316, Mary Anderson,Returning,Interior Detail,Tik tok,Sarasota,North Port,90,88,20,108,156,cash ,VIP ,5
4729,2025-09-22 00:00:00,CUST0538, Alex Garcia,Returning,Full Detail,YouTube,Sarasota,North Port,150,$165.00,5,170,134,Zelle,,4
4730,2025-08-08 00:00:00,CUST0615,Emma Miller ,Returning,Basic Wash,youtube,Sarasota,Sarasota,40,49,0,49,31,CARD,VIP ,3
4731,2025-08-03 00:00:00,CUST0968,mary garcia,Returning,Premium Wash,Referral,Sarasota,North Port,70,79,5,84,168,CARD,,4
4732,2025-10-04 00:00:00,CUST0255, Sofia Martinez,Returning,Full Detail,YOUTUBE ,Sarasota,Venice,150,165,15,180,156,Venmo,,4
4733,2025-03-05 00:00:00,CUST0590,NOAH DAVIS,Returning,Full Detail,Insta,Charlotte,Port Charlotte,150,150,0,150,139,Card,SUMMER10,5
4734,2025-12-12 00:00:00,CUST0855,Noah  Davis,Returning,Basic Wash,social,Sarasota,Venice,40,44,15,59,132,cash ,VIP ,4
4735,2025-10-19 00:00:00,CUST0368,Olivia  Wilson,Returning,Ceramic Coating,Insta,Charlotte,Punta Gorda,350,$383.00,10,393.0,117,cash ,SUMMER10,3
4736,2025-09-02 00:00:00,CUST1008,emma johnson,Returning,Basic Wash,Youtube,Charlotte,Port Charlotte,40,42,0,42,149,CARD,,4
4737,2025-03-03 00:00:00,CUST0502,Ava Smith ,Returning,Premium Wash,Referral,Charlotte,Punta Gorda,70,75,0,75,51,CARD,,3
4738,2025-11-28 00:00:00,CUST0059,emma smith,Returning,Interior Detail,FaceBook ,Sarasota,Venice,90,101,20,121,71,Cash,NEWCUSTOMER,5
4739,2025-06-19 00:00:00,CUST0245,Olivia Johnson,Returning,Full Detail,YouTube,Sarasota,Venice,150,155,20,175,152,Zelle,SUMMER10,
4740,2025-09-26 00:00:00,CUST0568,Liam  Johnson,Returning,Ceramic Coating,Youtube,Sarasota,Venice,350,383,0,383,180,cash ,NEWCUSTOMER,4
4740,2025-09-26 00:00:00,CUST0568,Liam  Johnson,Returning,Ceramic Coating,Youtube,Sarasota,Venice,350,383,0,383,180,cash ,NEWCUSTOMER,4
4741,2025-09-24 00:00:00,CUST1010, Mary Brown,Returning,Basic Wash,FACEBOOK,Charlotte,Port Charlotte,40,49,5,54,36,Venmo,SUMMER10,4
4742,2025-02-23 00:00:00,CUST0137,Mary Johnson,Returning,Premium Wash,Facebook,Sarasota,North Port,70,70,0,70,39,Cash App,SUMMER10,3
4743,2025-01-16 00:00:00,CUST0741,Sofia  Anderson,Returning,Basic Wash,Tik tok,Sarasota,North Port,40,35,20,55,124,Zelle,,
4744,2025-01-08 00:00:00,CUST1191,Olivia Anderson,Returning,Basic Wash,facebook,Sarasota,North Port,40,40,10,50,129,Zelle,SUMMER10,3
4745,2025-04-14 00:00:00,CUST0985, Olivia Anderson,Returning,Premium Wash,Youtube,Sarasota,Venice,70,$70.00,20,90,128,Cash,SUMMER10,5
4746,2025-02-28 00:00:00,CUST1159,Olivia Johnson ,Returning,Ceramic Coating,Instagram,Charlotte,Port Charlotte,350,352,10,362,105,Zelle,NEWCUSTOMER,4
4747,2025-11-09 00:00:00,CUST0894,NOAH ANDERSON,Returning,Interior Detail,FACEBOOK,Sarasota,Sarasota,90,99,10,109,169,Venmo,,5
4748,2025-02-09 00:00:00,CUST0529,Lewis Miller ,Returning,Ceramic Coating,instagram,Charlotte,Punta Gorda,350,345,15,360,121,Cash App,,5
4749,2025-08-25 00:00:00,CUST0975,Liam Taylor,Returning,Interior Detail,Referred,Sarasota,Sarasota,90,94,15,109,71,Card,,4
4750,2025-04-04 00:00:00,CUST0245,liam wilson,Returning,Basic Wash,YouTube,Sarasota,Venice,40,45,15,60,113,Venmo,,
4751,2025-08-10 00:00:00,CUST0765, Sofia Taylor,Returning,Basic Wash,tiktok,Charlotte,Punta Gorda,40,44,0,44,155,Zelle,NEWCUSTOMER,5
4752,2025-07-23 00:00:00,CUST1050,sofia wilson,Returning,Ceramic Coating,Tik tok,Charlotte,Punta Gorda,350,387,0,387,156,CARD,VIP ,4
4753,2025-05-18 00:00:00,CUST1179,Liam Taylor ,Returning,Full Detail,Referred,Sarasota,North Port,150,148,0,148,149,Card,,5
4754,2025-10-27 00:00:00,CUST0036,sofia martinez,Returning,Interior Detail,Youtube,Sarasota,Sarasota,90,99,15,114,49,Cash,VIP ,4
4755,2025-07-26 00:00:00,CUST0532, Liam Miller,Returning,Interior Detail,instagram,Charlotte,Port Charlotte,90,99,15,114,154,Zelle,VIP ,4
4756,2025-12-02 00:00:00,CUST0334,olivia anderson,Returning,Full Detail,youtube,Sarasota,Sarasota,150,170,20,190,72,cash ,,3
4757,2025-03-22 00:00:00,CUST1192,Sofia Johnson,Returning,Premium Wash,Referral,Charlotte,Port Charlotte,70,72,20,92,91,Card,NEWCUSTOMER,5
4758,2025-08-06 00:00:00,CUST0120, Lewis Brown,Returning,Ceramic Coating,Tik tok,Sarasota,Venice,350,385,20,405,127,Card,,5
4759,2025-01-02 00:00:00,CUST0300, Sofia Wilson,Returning,Full Detail,Word of Mouth,Charlotte,Punta Gorda,150,150,0,150,56,cash ,NEWCUSTOMER,
4760,2025-06-27 00:00:00,CUST0655,alex wilson,Returning,Interior Detail,facebook,Sarasota,Sarasota,90,95,20,115,109,Cash App,NEWCUSTOMER,3
4761,2025-12-12 00:00:00,CUST0945, Ava Davis,Returning,Basic Wash,YOUTUBE ,Sarasota,North Port,40,39,20,59,161,Cash App,,5
4762,2025-10-06 00:00:00,CUST0278,EMMA BROWN,Returning,Interior Detail,youtube,Sarasota,Venice,90,99,0,99,90,Venmo,NEWCUSTOMER,
4763,2025-05-26 00:00:00,CUST0732,Lewis  Smith,Returning,Basic Wash,tiktok,Charlotte,Punta Gorda,40,38,15,53,84,Venmo,,5
4764,2025-11-14 00:00:00,CUST0335,Noah  Miller,Returning,Interior Detail,referral,Sarasota,Sarasota,90,99,0,99,171,Venmo,,3
4765,2025-08-12 00:00:00,CUST0109,liam martinez,Returning,Basic Wash,Tik tok,Sarasota,Venice,40,39,0,39,148,Venmo,NEWCUSTOMER,4
4766,03-03-2025,CUST0559,Alex Anderson ,Returning,Full Detail,FACEBOOK,Charlotte,Port Charlotte,150,150,5,155,60,CARD,VIP ,3
4767,2025-10-21 00:00:00,CUST0740,Sofia Davis ,Returning,Basic Wash,Referral,Charlotte,Port Charlotte,40,$44.00,10,54,175,Zelle,,
4768,2025-08-27 00:00:00,CUST0860,emma martinez,Returning,Basic Wash,TIKTOK,Sarasota,Venice,40,42,0,42,120,Cash App,,3
4769,2025-07-14 00:00:00,CUST0730,Emma  Martinez,Returning,Premium Wash,TIKTOK,Charlotte,Port Charlotte,70,79,0,79,165,Cash App,VIP ,3
4770,15-06-2025,CUST0100,Noah Smith,Returning,Interior Detail,FACEBOOK,Sarasota,Sarasota,90,92,15,107,162,Cash,,
4771,2025-08-10 00:00:00,CUST0594,SOFIA MILLER,Returning,Basic Wash,facebook,Charlotte,Port Charlotte,40,44,5,49,137,cash ,,5
4772,2025-03-02 00:00:00,CUST0598,John  Johnson,Returning,Interior Detail,Instagram ,Charlotte,Port Charlotte,90,$85.00,0,85,119,Card,VIP ,4
4773,2025-05-09 00:00:00,CUST1085,Emma Garcia ,Returning,Interior Detail,FaceBook ,Sarasota,Venice,90,88,15,103,98,cash ,SUMMER10,
4774,2025-06-22 00:00:00,CUST0158,Liam Smith ,Returning,Premium Wash,TikTok,Sarasota,Venice,70,75,5,80,65,cash ,,3
4775,2025-06-05 00:00:00,CUST1053,mary johnson,Returning,Full Detail,referral,Sarasota,Sarasota,150,150,0,150,56,Card,SUMMER10,
4776,2025-04-20 00:00:00,CUST0397,Emma Anderson ,Returning,Premium Wash,social,Sarasota,Sarasota,70,72,0,72,161,CARD,SUMMER10,
4777,2025-09-26 00:00:00,CUST0376,Liam Brown ,Returning,Premium Wash,TIKTOK,Sarasota,Venice,70,77,0,77,49,Cash App,,4
4778,2025-12-22 00:00:00,CUST0194,Sofia Brown,Returning,Interior Detail,TIKTOK,Sarasota,Venice,90,99,0,99.0,137,Cash,,
4779,2025-10-05 00:00:00,CUST0343,Ava  Smith,Returning,Ceramic Coating,Youtube,Charlotte,Punta Gorda,350,385,20,405.0,87,Cash App,,5
4780,2025-03-15 00:00:00,CUST1114,John Johnson ,Returning,Full Detail,facebook,Sarasota,North Port,150,150,0,150,58,cash ,,5
4781,2025-07-26 00:00:00,CUST0661, Olivia Miller,Returning,Full Detail,Tik tok,Charlotte,Punta Gorda,150,163,20,183,73,CARD,NEWCUSTOMER,4
4782,2025-10-06 00:00:00,CUST0648,Emma Taylor ,Returning,Premium Wash,YouTube,Charlotte,Port Charlotte,70,77,0,77,137,Zelle,VIP ,5
4783,2025-11-22 00:00:00,CUST0617,SOFIA MILLER,Returning,Full Detail,Youtube,Sarasota,Sarasota,150,170,15,185,105,Cash App,,
4784,2025-12-06 00:00:00,CUST0556,Noah  Anderson,Returning,Ceramic Coating,tiktok,Sarasota,North Port,350,385,0,385,170,cash ,SUMMER10,4
4785,2025-12-23 00:00:00,CUST0743,alex miller,New,Full Detail,Insta,Sarasota,North Port,150,165,15,180,83,Zelle,NEWCUSTOMER,4
4786,2025-12-06 00:00:00,CUST0197,noah smith,Returning,Interior Detail,,Sarasota,Venice,90,101,10,111,124,CARD,SUMMER10,
4787,2025-07-23 00:00:00,CUST1095,noah miller,Returning,Ceramic Coating,FaceBook ,Charlotte,Punta Gorda,350,380,15,395,153,Cash App,NEWCUSTOMER,4
4788,2025-06-10 00:00:00,CUST1188,AVA SMITH,Returning,Full Detail,referral,Charlotte,Punta Gorda,150,150,20,170,132,Card,,5
4789,2025-01-28 00:00:00,CUST0721,AVA TAYLOR,Returning,Interior Detail,Tik tok,Charlotte,Punta Gorda,90,92,5,97,148,Venmo,NEWCUSTOMER,3
4790,2025-09-14 00:00:00,CUST0295,Liam Martinez,Returning,Basic Wash,instagram,Charlotte,Punta Gorda,40,39,0,39,169,cash ,,4
4791,2025-06-14 00:00:00,CUST0027,Lewis  Wilson,Returning,Basic Wash,YOUTUBE ,Charlotte,Punta Gorda,40,45,15,60,164,Zelle,,5
4792,2025-03-04 00:00:00,CUST0281,Ava  Miller,Returning,Full Detail,YouTube,Charlotte,Port Charlotte,150,152,20,172,74,Venmo,VIP ,5
4793,2025-01-22 00:00:00,CUST1062,Olivia Wilson,Returning,Premium Wash,facebook,Sarasota,North Port,70,$68.00,10,78,152,CARD,,
4794,2025-03-11 00:00:00,CUST0577,Noah  Davis,Returning,Full Detail,FB,Sarasota,Venice,150,148,20,168,108,CARD,VIP ,4
4795,2025-04-06 00:00:00,CUST0764, Mary Martinez,Returning,Interior Detail,Word of Mouth,Charlotte,Punta Gorda,90,90,0,90,113,Zelle,,5
4796,2025-06-12 00:00:00,CUST0994,noah garcia,Returning,Interior Detail,,Sarasota,Venice,90,95,0,95,33,Cash App,,3
4797,2025-03-20 00:00:00,CUST0844,LEWIS MARTINEZ,Returning,Full Detail,instagram,Sarasota,North Port,150,148,0,148,44,Cash App,,3
4798,2025-01-05 00:00:00,CUST0697,Alex Miller,Returning,Basic Wash,youtube,Sarasota,North Port,40,45,5,50,145,Zelle,NEWCUSTOMER,4
4799,2025-11-12 00:00:00,CUST0334,sofia garcia,Returning,Basic Wash,youtube,Sarasota,Sarasota,40,44,10,54,85,Cash App,,5
4800,2025-04-30 00:00:00,CUST0210,Alex Anderson ,Returning,Full Detail,TIKTOK,Sarasota,North Port,150,155,20,175,134,CARD,VIP ,3
4801,2025-10-29 00:00:00,CUST0447, Liam Garcia,Returning,Ceramic Coating,TikTok,Charlotte,Port Charlotte,350,380,15,395,119,Cash App,VIP ,5
4802,2025-06-27 00:00:00,CUST0317,Sofia  Martinez,Returning,Premium Wash,YOUTUBE ,Charlotte,Port Charlotte,70,70,15,85,170,Venmo,NEWCUSTOMER,4
4803,2025-06-25 00:00:00,CUST1031, Alex Davis,Returning,Premium Wash,tiktok,Sarasota,North Port,70,70,5,75,51,Cash App,NEWCUSTOMER,5
4804,08/05/2025,CUST0453,Ava  Martinez,Returning,Ceramic Coating,Referral,Charlotte,Punta Gorda,350,385,0,385,59,CARD,SUMMER10,5
4805,2025-02-25 00:00:00,CUST0386, Alex Anderson,Returning,Full Detail,Youtube,Sarasota,Sarasota,150,155,15,170,109,Venmo,NEWCUSTOMER,3
4806,2025-07-06 00:00:00,CUST1145,mary johnson,Returning,Full Detail,YOUTUBE ,Sarasota,North Port,150,163,0,163,176,Cash,NEWCUSTOMER,
4806,2025-07-06 00:00:00,CUST1145,mary johnson,Returning,Full Detail,YOUTUBE ,Sarasota,North Port,150,163,0,163,176,Cash,NEWCUSTOMER,
4807,2025-08-20 00:00:00,CUST1077, Ava Smith,Returning,Full Detail,referral,Sarasota,North Port,150,160,0,160,167,Venmo,,5
4808,2025-09-12 00:00:00,CUST1090,Lewis Wilson,Returning,Full Detail,facebook,Charlotte,Port Charlotte,150,160,20,180,64,CARD,,5
4809,2025-04-14 00:00:00,CUST1129,Noah Johnson,Returning,Full Detail,Instagram,Sarasota,Venice,150,150,0,150,140,cash ,SUMMER10,4
4810,2025-03-18 00:00:00,CUST0234,alex wilson,Returning,Ceramic Coating,Youtube,Sarasota,Sarasota,350,350,15,365.0,78,Cash App,SUMMER10,4
4811,2025-08-18 00:00:00,CUST0855, Olivia Miller,Returning,Premium Wash,youtube,Sarasota,Venice,70,77,15,92,78,Cash,VIP ,5
4812,2025-09-15 00:00:00,CUST0944,EMMA MARTINEZ,Returning,Basic Wash,social,Charlotte,Port Charlotte,40,44,15,59,56,Zelle,SUMMER10,5
4813,2025-09-21 00:00:00,CUST0157,john wilson,Returning,Premium Wash,,Sarasota,North Port,70,77,5,82,115,CARD,VIP ,5
4814,2025-11-27 00:00:00,CUST0239,noah brown,Returning,Ceramic Coating,FACEBOOK,Sarasota,Venice,350,383,5,388,58,Zelle,NEWCUSTOMER,4
4815,2025-07-01 00:00:00,CUST0269,emma taylor,Returning,Ceramic Coating,Facebook,Sarasota,Sarasota,350,385,0,385,139,cash ,,4
4816,2025-09-13 00:00:00,CUST0036, Liam Anderson,Returning,Ceramic Coating,youtube,Sarasota,Sarasota,350,387,15,402,65,cash ,SUMMER10,5
4817,2025-02-07 00:00:00,CUST0983,John Anderson,Returning,Interior Detail,Instagram,Sarasota,Sarasota,90,90,5,95,93,CARD,VIP ,3
4818,2025-06-25 00:00:00,CUST0714,NOAH BROWN,Returning,Ceramic Coating,TIKTOK,Charlotte,Port Charlotte,350,352,0,352,53,Cash App,,3
4819,2025-01-27 00:00:00,CUST0639,Noah  Davis,Returning,Interior Detail,Instagram ,Sarasota,Venice,90,85,0,85,82,CARD,VIP ,4
4820,2025-10-03 00:00:00,CUST0743,noah davis,Returning,Interior Detail,Instagram,Sarasota,North Port,90,101,0,101,35,Venmo,VIP ,4
4821,2025-05-20 00:00:00,CUST0285,JOHN MARTINEZ,Returning,Full Detail,Word of Mouth,Sarasota,Sarasota,150,152,5,157,178,Cash App,NEWCUSTOMER,4
4822,2025-10-26 00:00:00,CUST0906,John  Martinez,Returning,Full Detail,YOUTUBE ,Sarasota,Sarasota,150,167,0,167,109,Zelle,,5
4823,2025-10-14 00:00:00,CUST1072, Sofia Brown,Returning,Basic Wash,referral,Charlotte,Port Charlotte,40,49,20,69,91,cash ,,4
4824,2025-04-01 00:00:00,CUST0701,SOFIA MARTINEZ,Returning,Ceramic Coating,TikTok,Sarasota,Sarasota,350,345,10,355,103,Venmo,,
4825,2025-03-02 00:00:00,CUST0353,OLIVIA SMITH,Returning,Full Detail,Referral,Charlotte,Port Charlotte,150,152,0,152,59,cash ,VIP ,
4826,2025-12-31 00:00:00,CUST0624, Emma Wilson,Returning,Interior Detail,FACEBOOK,Charlotte,Punta Gorda,90,99,0,99,135,Card,,
4827,2025-12-13 00:00:00,CUST0059,ALEX SMITH,Returning,Premium Wash,facebook,Sarasota,Venice,70,72,0,72,55,cash ,VIP ,5
4828,2025-06-12 00:00:00,CUST0243,Mary Taylor,Returning,Basic Wash,Tik tok,Charlotte,Punta Gorda,40,38,10,48.0,153,Cash,,4
4829,2025-12-17 00:00:00,CUST0456,EMMA WILSON,Returning,Ceramic Coating,Facebook,Charlotte,Port Charlotte,350,383,0,383,143,Venmo,,4
4830,2025-05-23 00:00:00,CUST0264, Liam Garcia,Returning,Premium Wash,Facebook,Sarasota,Sarasota,70,68,0,68,175,Venmo,,5
4831,2025-09-10 00:00:00,CUST0292,alex smith,Returning,Basic Wash,TIKTOK,Sarasota,Sarasota,40,44,15,59,104,cash ,NEWCUSTOMER,4
4832,2025-09-26 00:00:00,CUST0465,ALEX JOHNSON,Returning,Basic Wash,TIKTOK,Charlotte,Port Charlotte,40,44,10,54,75,Cash App,VIP ,3
4833,2025-10-18 00:00:00,CUST0630,Mary Wilson,Returning,Premium Wash,Instagram,Sarasota,North Port,70,77,5,82,158,Cash App,,4
4834,2025-07-06 00:00:00,CUST0257, Sofia Garcia,Returning,Ceramic Coating,Instagram ,Sarasota,Sarasota,350,383,5,388,47,Zelle,,5
4835,2025-10-31 00:00:00,CUST0430,Emma Miller ,Returning,Premium Wash,TikTok,Sarasota,North Port,70,$75.00,5,80,33,CARD,NEWCUSTOMER,3
4836,2025-10-18 00:00:00,CUST0267,John Taylor,Returning,Premium Wash,referral,Charlotte,Port Charlotte,70,$77.00,0,77,178,CARD,VIP ,3
4837,2025-03-27 00:00:00,CUST0161, Sofia Miller,Returning,Basic Wash,instagram,Charlotte,Port Charlotte,40,35,10,45,114,Cash,SUMMER10,4
4838,2025-06-15 00:00:00,CUST0871,emma smith,Returning,Premium Wash,tiktok,Charlotte,Punta Gorda,70,70,5,75,92,Venmo,SUMMER10,4
4839,2025-04-24 00:00:00,CUST0229,Alex Wilson,Returning,Basic Wash,tiktok,Sarasota,Sarasota,40,40,15,55,95,Cash,,3
4840,2025-12-22 00:00:00,CUST0160,noah wilson,Returning,Interior Detail,YouTube,Sarasota,Sarasota,90,94,10,104,162,Zelle,,4
4841,2025-07-02 00:00:00,CUST0039,emma miller,Returning,Premium Wash,Facebook,Charlotte,Port Charlotte,70,77,15,92,91,Venmo,,5
4842,2025-07-26 00:00:00,CUST0992, Ava Garcia,Returning,Interior Detail,Youtube,Charlotte,Punta Gorda,90,99,10,109,51,CARD,,5
4843,2025-09-13 00:00:00,CUST0884,liam brown,Returning,Basic Wash,Referral,Charlotte,Punta Gorda,40,49,5,54,38,cash ,VIP ,5
4844,2025-08-23 00:00:00,CUST0088,noah miller,Returning,Interior Detail,FaceBook ,Sarasota,North Port,90,104,20,124,108,Card,,5
4845,2025-12-21 00:00:00,CUST0403,ALEX DAVIS,Returning,Full Detail,TikTok,Charlotte,Port Charlotte,150,170,20,190,87,cash ,,5
4846,2025-01-03 00:00:00,CUST0221,Emma Taylor ,Returning,Full Detail,YOUTUBE ,Sarasota,Sarasota,150,152,0,152,108,Zelle,NEWCUSTOMER,4
4847,2025-07-27 00:00:00,CUST0068, Liam Johnson,Returning,Basic Wash,YouTube,Charlotte,Port Charlotte,40,44,0,44,77,Card,VIP ,5
4848,2025-07-16 00:00:00,CUST1052,Liam Taylor,Returning,Interior Detail,Youtube,Charlotte,Punta Gorda,90,99,0,99,80,Card,,4
4849,2025-12-07 00:00:00,CUST0122,John Smith,Returning,Ceramic Coating,YOUTUBE ,Charlotte,Port Charlotte,350,380,15,395,142,cash ,VIP ,4
4850,2025-05-05 00:00:00,CUST0961,MARY DAVIS,Returning,Basic Wash,youtube,Sarasota,Venice,40,38,0,38,160,Card,,5
4850,2025-05-05 00:00:00,CUST0961,MARY DAVIS,Returning,Basic Wash,youtube,Sarasota,Venice,40,38,0,38,160,Card,,5
4851,2025-05-18 00:00:00,CUST0244,Sofia Anderson,Returning,Basic Wash,Instagram,Sarasota,North Port,40,40,0,40,45,Card,VIP ,4
4852,2025-12-05 00:00:00,CUST0519,NOAH MARTINEZ,Returning,Ceramic Coating,Insta,Charlotte,Punta Gorda,350,383,-5,403,131,CARD,,
4853,2025-01-25 00:00:00,CUST0089,NOAH MILLER,Returning,Ceramic Coating,Referred,Charlotte,Punta Gorda,350,350,5,355,105,Zelle,SUMMER10,3
4854,2025-03-09 00:00:00,CUST0136,Emma  Brown,Returning,Basic Wash,TikTok,Sarasota,Venice,40,42,15,57,179,cash ,SUMMER10,4
4855,2025-03-02 00:00:00,CUST0618,liam garcia,Returning,Full Detail,TIKTOK,Sarasota,North Port,150,150,5,155,84,CARD,,5
4856,2025-01-29 00:00:00,CUST0022,noah anderson,Returning,Ceramic Coating,youtube,Sarasota,Sarasota,350,350,15,365,89,Cash,NEWCUSTOMER,
4857,2025-01-19 00:00:00,CUST0198, Noah Miller,Returning,Interior Detail,FACEBOOK,Sarasota,Sarasota,90,90,0,90,143,CARD,,5
4858,2025-06-20 00:00:00,CUST0254,Olivia Brown ,Returning,Interior Detail,instagram,Sarasota,Venice,90,92,15,107,151,Card,,4
4859,2025-03-15,CUST0421,sofia wilson,Returning,Ceramic Coating,Referral,Sarasota,Sarasota,350,348,5,353,106,CARD,,4
4860,2025-03-02 00:00:00,CUST0410,John  Wilson,Returning,Interior Detail,FB,Sarasota,Venice,90,88,0,88,167,Cash App,SUMMER10,4
4861,2025-06-02 00:00:00,CUST0379,ALEX MARTINEZ,Returning,Ceramic Coating,Word of Mouth,Charlotte,Punta Gorda,350,355,5,360,82,Zelle,,4
4862,2025-10-03 00:00:00,CUST0720,mary johnson,Returning,Premium Wash,YOUTUBE ,Charlotte,Punta Gorda,70,$79.00,20,99,82,Venmo,NEWCUSTOMER,3
4863,2025-02-17 00:00:00,CUST0060,Sofia Martinez ,Returning,Interior Detail,TikTok,Charlotte,Punta Gorda,90,95,0,95,66,Card,VIP ,4
4864,2025-07-30 00:00:00,CUST0186,Lewis Garcia ,Returning,Full Detail,YouTube,Sarasota,Venice,150,165,0,165,75,Card,VIP ,4
4865,2025-12-09 00:00:00,CUST0299,Alex Anderson ,Returning,Full Detail,TIKTOK,Charlotte,Punta Gorda,150,165,15,180,60,Cash,,3
4866,2025-05-19 00:00:00,CUST0569, Mary Davis,Returning,Basic Wash,FaceBook ,Charlotte,Punta Gorda,40,42,15,57,140,cash ,VIP ,4
4867,2025-04-20 00:00:00,CUST1188, Ava Garcia,Returning,Full Detail,Word of Mouth,Charlotte,Punta Gorda,150,148,-5,168,143,cash ,VIP ,4
4868,2025-07-02 00:00:00,CUST0713,John  Johnson,Returning,Full Detail,YOUTUBE ,Charlotte,Port Charlotte,150,170,0,170,92,Venmo,,3
4869,2025-01-28 00:00:00,CUST0722,Olivia Davis ,Returning,Full Detail,Youtube,Sarasota,Sarasota,150,150,5,155,153,CARD,,4
4870,2025-07-16 00:00:00,CUST0329,MARY GARCIA,Returning,Basic Wash,Word of Mouth,Sarasota,Venice,40,44,0,44.0,80,Cash App,,3
4871,2025-07-10 00:00:00,CUST1026,AVA MILLER,Returning,Interior Detail,facebook,Sarasota,Venice,90,97,20,117,127,Card,NEWCUSTOMER,5
4872,2025-11-11 00:00:00,CUST0496,EMMA BROWN,Returning,Ceramic Coating,referral,Charlotte,Punta Gorda,350,390,20,410,52,cash ,,5
4873,2025-02-20 00:00:00,CUST1035,Noah Taylor ,Returning,Interior Detail,FACEBOOK,Sarasota,Venice,90,88,20,108.0,169,Venmo,SUMMER10,5
4874,2025-05-29 00:00:00,CUST1168,Liam  Brown,Returning,Ceramic Coating,Instagram,Sarasota,North Port,350,352,15,367,130,CARD,,4
4875,2025-09-25 00:00:00,CUST0140, Mary Johnson,Returning,Interior Detail,instagram,Sarasota,North Port,90,99,5,104,32,CARD,,3
4876,2025-02-19 00:00:00,CUST0203, Liam Martinez,Returning,Premium Wash,TikTok,Sarasota,Sarasota,70,70,20,90,93,cash ,VIP ,4
4877,2025-09-03 00:00:00,CUST1185,John Wilson ,Returning,Ceramic Coating,referral,Sarasota,North Port,350,390,20,410,66,Cash,NEWCUSTOMER,
4878,2025-04-23 00:00:00,CUST0029,lewis anderson,Returning,Basic Wash,Insta,Sarasota,Venice,40,45,5,50,94,Cash,VIP ,
4879,19-06-2025,CUST1084,noah wilson,Returning,Ceramic Coating,Referral,Charlotte,Port Charlotte,350,350,10,360,44,Cash App,NEWCUSTOMER,4
4880,2025-06-15 00:00:00,CUST0445,JOHN BROWN,Returning,Full Detail,TikTok,Sarasota,North Port,150,145,20,165,138,Zelle,,5
4881,2025-01-14 00:00:00,CUST0393,Lewis Davis ,Returning,Full Detail,YouTube,Sarasota,Venice,150,148,20,168,162,Cash,,5
4882,2025-07-22 00:00:00,CUST0578,Sofia Miller,Returning,Full Detail,,Charlotte,Punta Gorda,150,170,5,175,135,Cash App,,4
4883,2025-10-15 00:00:00,CUST0352,Mary  Garcia,Returning,Full Detail,Youtube,Charlotte,Punta Gorda,150,165,0,165,73,Cash,NEWCUSTOMER,4
4884,2025-07-08 00:00:00,CUST1101,Sofia Martinez,Returning,Premium Wash,youtube,Sarasota,North Port,70,77,20,97,84,Venmo,,
4885,2025-06-04 00:00:00,CUST0009,Noah Wilson ,Returning,Ceramic Coating,Word of Mouth,Charlotte,Punta Gorda,350,345,10,355,95,cash ,,3
4886,2025-02-24 00:00:00,CUST0203,LEWIS DAVIS,Returning,Premium Wash,Tik tok,Sarasota,Sarasota,70,$72.00,0,72,46,cash ,SUMMER10,3
4887,2025-07-01 00:00:00,CUST0439,Noah Anderson,Returning,Basic Wash,FB,Sarasota,Sarasota,40,$42.00,15,57,123,cash ,SUMMER10,
4888,2025-07-29 00:00:00,CUST1033,liam miller,Returning,Basic Wash,instagram,Charlotte,Port Charlotte,40,49,15,64,77,Card,VIP ,4
4889,2025-03-16 00:00:00,CUST0973,Noah Taylor,Returning,Basic Wash,Tik tok,Charlotte,Punta Gorda,40,38,0,38,53,Cash App,,3
4890,2025-10-04 00:00:00,CUST0751,alex brown,Returning,Premium Wash,youtube,Sarasota,North Port,70,82,10,92,167,Cash,SUMMER10,5
4891,2025-05-13 00:00:00,CUST0380,noah garcia,Returning,Full Detail,youtube,Charlotte,Port Charlotte,150,152,0,152,99,Zelle,NEWCUSTOMER,5
4892,2025-12-09 00:00:00,CUST0901,Liam  Davis,Returning,Full Detail,FaceBook ,Sarasota,Sarasota,150,165,0,165,45,Cash,NEWCUSTOMER,4
4893,02/28/2025,CUST0220,NOAH DAVIS,Returning,Basic Wash,FaceBook ,Charlotte,Punta Gorda,40,35,5,40,177,Card,,5
4894,2025-12-11 00:00:00,CUST0371,emma garcia,Returning,Interior Detail,tiktok,Charlotte,Punta Gorda,90,99,20,119,162,cash ,VIP ,5
4895,2025-07-01 00:00:00,CUST0727, Liam Garcia,Returning,Full Detail,FB,Sarasota,North Port,150,165,0,165,40,CARD,,5
4896,2025-12-05 00:00:00,CUST0778,Emma Anderson ,Returning,Basic Wash,Referral,Charlotte,Punta Gorda,40,44,5,49,136,Card,,5
4897,2025-11-17 00:00:00,CUST0869,John Taylor,Returning,Full Detail,YouTube,Sarasota,Sarasota,150,163,5,168,61,Cash App,,5
4898,2025-03-05 00:00:00,CUST0439,Liam  Anderson,Returning,Basic Wash,FaceBook ,Sarasota,Sarasota,40,45,10,55,92,cash ,VIP ,5
4899,23-11-2025,CUST1054,Ava Johnson,Returning,Basic Wash,facebook,Sarasota,Sarasota,40,44,20,64,39,Card,NEWCUSTOMER,4
4900,2025-09-17 00:00:00,CUST0467,Alex  Brown,Returning,Interior Detail,referral,Sarasota,Sarasota,90,104,10,114,47,Venmo,SUMMER10,4
4900,2025-09-17 00:00:00,CUST0467,Alex  Brown,Returning,Interior Detail,referral,Sarasota,Sarasota,90,104,10,114,47,Venmo,SUMMER10,4
4901,2025-07-12 00:00:00,CUST0835,Sofia Garcia,Returning,Basic Wash,TIKTOK,Charlotte,Port Charlotte,40,49,0,49,59,cash ,NEWCUSTOMER,
4902,2025-05-23 00:00:00,CUST0232,Sofia  Martinez,Returning,Interior Detail,TIKTOK,Sarasota,Sarasota,90,92,5,97,151,CARD,NEWCUSTOMER,4
4903,2025-04-14 00:00:00,CUST0644,Ava  Wilson,Returning,Ceramic Coating,referral,Sarasota,Sarasota,350,350,5,355,139,CARD,VIP ,5
4904,2025-08-02 00:00:00,CUST0254,Alex Johnson,Returning,Full Detail,Instagram ,Sarasota,Venice,150,165,0,165,122,Card,SUMMER10,4
4905,2025-08-30 00:00:00,CUST0955,Olivia Wilson,Returning,Interior Detail,FaceBook ,Sarasota,Sarasota,90,99,20,119,152,Card,,5
4906,2025-07-28 00:00:00,CUST0226, Olivia Taylor,Returning,Ceramic Coating,Insta,Charlotte,Port Charlotte,350,390,0,390,65,Card,,4
4907,2025-04-03 00:00:00,CUST1065,Noah  Smith,Returning,Full Detail,Word of Mouth,Charlotte,Punta Gorda,150,152,10,162,80,cash ,NEWCUSTOMER,4
4908,05/22/2025,CUST0279,Emma  Miller,Returning,Premium Wash,YOUTUBE ,Charlotte,Punta Gorda,70,75,15,90,43,Zelle,,5
4909,04/22/2025,CUST1016,John Davis ,Returning,Ceramic Coating,tiktok,Sarasota,Venice,350,348,0,348,72,Cash App,SUMMER10,4
4910,2025-02-28 00:00:00,CUST0740,Sofia Miller,Returning,Full Detail,Word of Mouth,Charlotte,Port Charlotte,150,148,0,148,162,Card,SUMMER10,5
4911,2025-02-12 00:00:00,CUST0591,OLIVIA ANDERSON,Returning,Basic Wash,Youtube,Sarasota,North Port,40,38,0,38,53,CARD,,3
4912,2025-07-26 00:00:00,CUST1142,EMMA MARTINEZ,Returning,Basic Wash,Instagram ,Sarasota,Sarasota,40,49,0,49,59,Card,,3
4913,2025-09-25 00:00:00,CUST0084, Liam Davis,Returning,Ceramic Coating,Insta,Charlotte,Port Charlotte,350,380,0,380,161,cash ,SUMMER10,4
4914,2025-10-23 00:00:00,CUST0169,emma anderson,Returning,Basic Wash,,Charlotte,Port Charlotte,40,39,5,44,81,Zelle,NEWCUSTOMER,5
4915,2025-04-28 00:00:00,CUST0672,liam davis,Returning,Basic Wash,FACEBOOK,Charlotte,Port Charlotte,40,42,0,42,40,Card,VIP ,3
4916,2025-01-20 00:00:00,CUST1012,John Smith ,Returning,Basic Wash,tiktok,Sarasota,Venice,40,35,0,35,38,Cash,VIP ,3
4917,2025-08-10 00:00:00,CUST0237,liam brown,Returning,Basic Wash,youtube,Charlotte,Port Charlotte,40,46,0,46,70,Card,,4
4918,2025-06-15 00:00:00,CUST0789,Ava Anderson ,Returning,Interior Detail,FB,Sarasota,Sarasota,90,90,15,105,172,Cash App,,4
4919,2025-05-11 00:00:00,CUST0581,mary anderson,Returning,Ceramic Coating,FACEBOOK,Sarasota,North Port,350,350,10,360,168,Zelle,,5
4920,2025-06-05 00:00:00,CUST0936,ALEX WILSON,Returning,Interior Detail,Facebook,Sarasota,North Port,90,88,0,88,103,cash ,,3
4921,2025-07-03 00:00:00,CUST0639,Ava  Taylor,Returning,Basic Wash,Instagram,Sarasota,Venice,40,46,10,56.0,38,Venmo,,5
4922,31-03-2025,CUST0910,Olivia Davis ,Returning,Full Detail,Instagram,Sarasota,North Port,150,148,0,148,85,Card,,4
4923,2025-04-04 00:00:00,CUST0463,Liam Taylor ,Returning,Ceramic Coating,youtube,Sarasota,Sarasota,350,355,0,355,121,Venmo,SUMMER10,5
4924,2025-01-13 00:00:00,CUST1135,Sofia Davis,Returning,Full Detail,instagram,Sarasota,Sarasota,150,148,15,163,56,Cash App,SUMMER10,5
4925,2025-11-18 00:00:00,CUST0835,NOAH MILLER,Returning,Premium Wash,Tik tok,Charlotte,Port Charlotte,70,75,20,95,152,CARD,NEWCUSTOMER,
4926,2025-10-20 00:00:00,CUST0596, Olivia Garcia,Returning,Interior Detail,referral,Sarasota,North Port,90,97,10,107,72,Venmo,,
4927,2025-08-18 00:00:00,CUST0877,Ava  Brown,Returning,Interior Detail,FaceBook ,Sarasota,North Port,90,99,20,119,120,Cash App,,
4928,2025-11-18,CUST0387,Liam Anderson ,Returning,Premium Wash,referral,Sarasota,Venice,70,77,15,92,91,cash ,,4
4929,2025-10-19 00:00:00,CUST0143,Mary Miller,Returning,Basic Wash,Word of Mouth,Charlotte,Punta Gorda,40,44,15,59,39,Cash App,NEWCUSTOMER,4
4929,2025-10-19 00:00:00,CUST0143,Mary Miller,Returning,Basic Wash,Word of Mouth,Charlotte,Punta Gorda,40,44,15,59,39,Cash App,NEWCUSTOMER,4
4930,2025-01-26 00:00:00,CUST0975, John Brown,Returning,Basic Wash,referral,Sarasota,Sarasota,40,45,5,50,133,Zelle,VIP ,4
4931,2025-03-16 00:00:00,CUST0753, Ava Anderson,Returning,Basic Wash,FB,Sarasota,Sarasota,40,40,-5,55,92,Cash App,,5
4932,2025-12-30,CUST0368,Alex Smith ,Returning,Premium Wash,Insta,Charlotte,Punta Gorda,70,82,10,92,43,Cash App,NEWCUSTOMER,4
4933,2025-10-26 00:00:00,CUST0027,noah taylor,Returning,Premium Wash,youtube,Charlotte,Punta Gorda,70,77,5,82,147,Cash,,4
4934,2025-05-30 00:00:00,CUST1007,JOHN MARTINEZ,Returning,Ceramic Coating,FaceBook ,Charlotte,Port Charlotte,350,350,10,360,161,Card,,5
4934,2025-05-30 00:00:00,CUST1007,JOHN MARTINEZ,Returning,Ceramic Coating,FaceBook ,Charlotte,Port Charlotte,350,350,10,360,161,Card,,5
4935,28-05-2025,CUST0216,Ava  Martinez,New,Ceramic Coating,YOUTUBE ,Charlotte,Punta Gorda,350,352,0,352,97,Venmo,VIP ,3
4936,2025-01-08 00:00:00,CUST0812,Alex Anderson ,Returning,Interior Detail,,Sarasota,Sarasota,90,85,10,95,73,Zelle,,4
4937,2025-01-29 00:00:00,CUST0898,liam johnson,Returning,Full Detail,,Sarasota,Venice,150,152,0,152,58,Cash,,3
4938,2025-10-23 00:00:00,CUST1071,Sofia Anderson,Returning,Premium Wash,Word of Mouth,Charlotte,Punta Gorda,70,72,15,87,82,cash ,,5
4939,2025-07-28 00:00:00,CUST0175,lewis martinez,Returning,Ceramic Coating,instagram,Sarasota,Sarasota,350,390,0,390,108,Card,NEWCUSTOMER,4
4940,2025-05-08 00:00:00,CUST0245, Olivia Johnson,Returning,Basic Wash,youtube,Sarasota,Venice,40,42,0,42,148,Zelle,,4
4941,2025-12-06 00:00:00,CUST0294,Lewis Anderson ,Returning,Basic Wash,tiktok,Charlotte,Punta Gorda,40,$42.00,20,62,55,Zelle,VIP ,4
4942,2025-04-26 00:00:00,CUST0809,Noah Miller,Returning,Full Detail,YouTube,Sarasota,Venice,150,145,0,145,98,Cash,NEWCUSTOMER,4
4943,2025-05-24 00:00:00,CUST0821,Lewis Johnson ,Returning,Ceramic Coating,Insta,Sarasota,North Port,350,350,20,370,52,Card,,5
4944,2025-11-14 00:00:00,CUST0209,SOFIA MARTINEZ,Returning,Interior Detail,Facebook,Sarasota,Venice,90,99,5,104,146,Zelle,SUMMER10,4
4945,2025-08-23 00:00:00,CUST0346,liam wilson,Returning,Interior Detail,Youtube,Sarasota,Sarasota,90,99,10,109,157,Card,,3
4946,2025-01-07 00:00:00,CUST0133,Lewis Wilson,Returning,Interior Detail,tiktok,Sarasota,North Port,90,88,0,88,149,Card,,4
4947,02/14/2025,CUST0745,Sofia Smith ,Returning,Ceramic Coating,TIKTOK,Sarasota,North Port,350,348,20,368,149,Cash App,,3
4948,2025-08-27 00:00:00,CUST0408,John  Johnson,Returning,Interior Detail,TikTok,Sarasota,Sarasota,90,94,5,99,156,Venmo,VIP ,4
4949,2025-06-04 00:00:00,CUST0694,Olivia Martinez,Returning,Full Detail,Referred,Sarasota,Sarasota,150,155,15,170,48,cash ,,
4950,2025-06-30 00:00:00,CUST0411, John Anderson,Returning,Ceramic Coating,referral,Sarasota,North Port,350,350,0,350,126,Venmo,VIP ,5
4951,2025-08-03 00:00:00,CUST0828,liam johnson,Returning,Premium Wash,youtube,Sarasota,Venice,70,72,20,92,158,Venmo,NEWCUSTOMER,4
4952,2025-03-29 00:00:00,CUST0252,Noah Brown ,Returning,Full Detail,YOUTUBE ,Charlotte,Punta Gorda,150,148,15,163,31,Card,,4
4953,2025-09-13 00:00:00,CUST0477,Noah Garcia,Returning,Interior Detail,Tik tok,Sarasota,Sarasota,90,101,0,101,148,Card,,5
4954,2025-03-14 00:00:00,CUST0870,olivia wilson,Returning,Ceramic Coating,Instagram,Sarasota,Venice,350,345,5,350,132,Zelle,SUMMER10,3
4955,2025-06-28 00:00:00,CUST1023,OLIVIA SMITH,Returning,Interior Detail,instagram,Sarasota,Sarasota,90,88,5,93,147,Venmo,SUMMER10,
4956,2025-07-31 00:00:00,CUST0571,Alex  Taylor,Returning,Interior Detail,Instagram,Sarasota,Sarasota,90,99,20,119,166,Card,,4
4957,2025-10-20 00:00:00,CUST1192,NOAH MILLER,Returning,Ceramic Coating,Referral,Charlotte,Port Charlotte,350,383,0,383,159,CARD,VIP ,3
4958,2025-08-22 00:00:00,CUST0560,ALEX GARCIA,Returning,Basic Wash,Word of Mouth,Sarasota,North Port,40,49,0,49,65,Venmo,SUMMER10,5
4959,2025-08-27 00:00:00,CUST0820,JOHN WILSON,Returning,Interior Detail,Referred,Charlotte,Punta Gorda,90,101,15,116,109,Cash,,5
4960,2025-08-11 00:00:00,CUST0730,Alex Taylor ,Returning,Interior Detail,Tik tok,Charlotte,Port Charlotte,90,97,10,107,95,Cash,,4
4961,2025-04-29 00:00:00,CUST0975,Noah  Brown,Returning,Ceramic Coating,referral,Sarasota,Sarasota,350,352,0,352,62,Venmo,VIP ,4
4962,2025-11-09 00:00:00,CUST0829,Noah  Anderson,Returning,Full Detail,tiktok,Charlotte,Punta Gorda,150,$165.00,15,180,80,Cash,,
4963,2025-09-21 00:00:00,CUST0993,sofia johnson,Returning,Premium Wash,referral,Sarasota,Sarasota,70,75,0,75,173,CARD,SUMMER10,
4964,2025-07-26 00:00:00,CUST1048,SOFIA ANDERSON,Returning,Basic Wash,YouTube,Charlotte,Punta Gorda,40,49,5,54,158,Zelle,,
4965,2025-04-05 00:00:00,CUST0572,Lewis  Miller,Returning,Basic Wash,Youtube,Charlotte,Port Charlotte,40,38,15,53,102,Card,NEWCUSTOMER,4
4966,2025-08-10 00:00:00,CUST0302,Emma Brown ,Returning,Interior Detail,Facebook,Sarasota,North Port,90,94,15,109,112,cash ,NEWCUSTOMER,3
4967,2025-10-03 00:00:00,CUST0932,sofia anderson,Returning,Basic Wash,facebook,Sarasota,Sarasota,40,44,20,64,141,Cash App,NEWCUSTOMER,
4968,2025-08-19 00:00:00,CUST0222,Olivia Garcia ,Returning,Full Detail,instagram,Charlotte,Punta Gorda,150,160,10,170.0,143,cash ,,4
4969,2025-11-05 00:00:00,CUST0251,Emma Martinez,Returning,Full Detail,facebook,Sarasota,Sarasota,150,167,15,182,155,Cash,,3
4970,2025-04-29 00:00:00,CUST0514,Alex Taylor ,Returning,Full Detail,Tik tok,Sarasota,Venice,150,145,20,165,126,Zelle,NEWCUSTOMER,3
4971,2025-09-25 00:00:00,CUST1003,noah anderson,Returning,Ceramic Coating,TikTok,Charlotte,Punta Gorda,350,385,10,395,57,Cash,,
4972,2025-09-30 00:00:00,CUST1019,Mary Miller ,Returning,Full Detail,social,Sarasota,Venice,150,160,20,180,100,Card,,5
4973,2025-03-05 00:00:00,CUST0473,Liam Wilson,Returning,Ceramic Coating,Tik tok,Charlotte,Port Charlotte,350,350,10,360,61,Cash,,5
4974,2025-10-25 00:00:00,CUST0276,Noah Davis ,Returning,Full Detail,social,Sarasota,Venice,150,165,5,170,124,cash ,,5
4975,2025-12-16 00:00:00,CUST0061,MARY WILSON,Returning,Full Detail,Instagram,Charlotte,Port Charlotte,150,167,5,172,173,Cash App,,4
4976,2025-01-11 00:00:00,CUST0204,AVA GARCIA,Returning,Interior Detail,FB,Sarasota,North Port,90,90,20,110,82,Cash App,,
4977,2025-04-08 00:00:00,CUST0109, Olivia Martinez,Returning,Basic Wash,tiktok,Sarasota,Venice,40,45,10,55,133,cash ,,5
4978,2025-03-12 00:00:00,CUST0140, John Miller,Returning,Basic Wash,instagram,Sarasota,North Port,40,45,10,55,156,Venmo,,4
4979,2025-12-30 00:00:00,CUST1021, Mary Davis,Returning,Interior Detail,YouTube,Charlotte,Port Charlotte,90,99,10,109,103,Zelle,VIP ,3
4980,2025-02-27 00:00:00,CUST0055, John Johnson,Returning,Premium Wash,youtube,Sarasota,Venice,70,65,0,65,144,Venmo,NEWCUSTOMER,5
4981,17-10-2025,CUST0367,Noah Miller ,Returning,Ceramic Coating,YouTube,Charlotte,Punta Gorda,350,390,15,405,36,Cash,,5
4982,2025-09-08 00:00:00,CUST0784,Olivia Smith ,Returning,Basic Wash,Referred,Charlotte,Port Charlotte,40,49,10,59,180,Cash,NEWCUSTOMER,4
4983,2025-10-03 00:00:00,CUST0670,LIAM JOHNSON,Returning,Ceramic Coating,Tik tok,Sarasota,North Port,350,387,20,407,53,Cash,,4
4984,2025-02-19 00:00:00,CUST0313, Alex Miller,Returning,Ceramic Coating,FaceBook ,Sarasota,Sarasota,350,345,15,360,143,Cash App,,
4985,2025-12-24 00:00:00,CUST0621,AVA ANDERSON,Returning,Basic Wash,facebook,Charlotte,Punta Gorda,40,44,0,44,146,cash ,,4
4986,2025-08-04 00:00:00,CUST0198, Alex Taylor,Returning,Premium Wash,FB,Sarasota,Sarasota,70,77,0,77,160,Card,,
4987,2025-02-21 00:00:00,CUST0157,Mary Smith,Returning,Full Detail,FACEBOOK,Sarasota,North Port,150,152,10,162,126,Cash,,4
4988,2025-09-28 00:00:00,CUST1065, John Anderson,Returning,Basic Wash,Referral,Charlotte,Punta Gorda,40,46,20,66,85,Venmo,,4
4989,2025-03-25 00:00:00,CUST1009,Emma Garcia,Returning,Interior Detail,Instagram ,Sarasota,Sarasota,90,88,5,93,168,cash ,,4
4990,2025-10-20 00:00:00,CUST0955, Liam Garcia,Returning,Basic Wash,FB,Sarasota,Sarasota,40,$42.00,20,62.0,67,Cash,NEWCUSTOMER,5
4991,2025-05-06 00:00:00,CUST0414,ava miller,Returning,Interior Detail,TIKTOK,Charlotte,Punta Gorda,90,90,15,105,51,Cash,NEWCUSTOMER,3
4992,2025-10-23 00:00:00,CUST0602,OLIVIA JOHNSON,Returning,Premium Wash,YOUTUBE ,Charlotte,Port Charlotte,70,77,0,77,96,cash ,VIP ,4
4993,2025-03-13 00:00:00,CUST1020, Liam Brown,Returning,Premium Wash,Tik tok,Sarasota,Sarasota,70,75,10,85,61,Card,VIP ,3
4994,2025-10-23 00:00:00,CUST1005,Olivia Brown ,Returning,Full Detail,Referred,Sarasota,North Port,150,165,0,165,91,Cash,,4
4995,2025-08-24 00:00:00,CUST1034,liam smith,Returning,Premium Wash,Referral,Charlotte,Port Charlotte,70,79,15,94,38,CARD,VIP ,3
4996,2025-02-25 00:00:00,CUST0536,Olivia Anderson ,Returning,Premium Wash,Instagram,Sarasota,North Port,70,70,15,85,107,Cash App,,4
4997,2025-12-26 00:00:00,CUST1111,Lewis  Miller,Returning,Ceramic Coating,instagram,Charlotte,Punta Gorda,350,385,0,385,90,Venmo,,4
4998,2025-04-20 00:00:00,CUST0704,LIAM MARTINEZ,Returning,Premium Wash,facebook,Charlotte,Port Charlotte,70,75,0,75,93,Card,SUMMER10,
4999,2025-07-11 00:00:00,CUST1108,Emma Brown,Returning,Ceramic Coating,youtube,Charlotte,Port Charlotte,350,390,15,405,78,CARD,NEWCUSTOMER,
5000,2025-04-03 00:00:00,CUST1120,lewis miller,Returning,Interior Detail,,Charlotte,Punta Gorda,90,90,0,90,42,Venmo,,5
